{"interest_": {"pih": [0, -0.5494195011, -0.2687585857, -0.1314681718, -0.06431005789, -0.03145843962, -0.01538847042, -0.007527551421, -0.00368223929, -0.001801234615, -0.0008811068167, -0.0004310094954, -0.0002108361683, -0.0001031343632, -5.045005782e-05, -2.46785674e-05, -1.207197207e-05, -5.905225666e-06, -2.88864901e-06, -1.413035433e-06, -6.912120949e-07], "x": [0, -0.8253670296, -0.4037433602, -0.1974984402, -0.09660996989, -0.04725853163, -0.02311737406, -0.01130828583, -0.00553165459, -0.002705909894, -0.001323645256, -0.0006474852571, -0.0003167292417, -0.0001549338945, -7.578874482e-05, -3.707344903e-05, -1.813515484e-05, -8.871142282e-06, -4.339481304e-06, -2.122736553e-06, -1.038375362e-06], "y": [0, -0.8253670296, -0.4037433602, -0.1974984402, -0.09660996989, -0.04725853163, -0.02311737406, -0.01130828583, -0.00553165459, -0.002705909894, -0.001323645256, -0.0006474852571, -0.0003167292417, -0.0001549338945, -7.578874482e-05, -3.707344903e-05, -1.813515484e-05, -8.871142282e-06, -4.339481304e-06, -2.122736553e-06, -1.038375362e-06], "ynat": [0, -1.103349568e-16, -2.5561802e-16, -1.193917888e-16, -5.329647961e-17, -1.132261811e-17, 9.569957175e-18, 2.002773619e-17, 2.530029397e-17, 2.798304506e-17, 2.936372663e-17, 3.008423306e-17, 3.046646167e-17, 3.067309041e-17, 3.078713868e-17, 3.085148904e-17, 3.088861781e-17, 3.091050944e-17, 3.092367955e-17, 3.093174648e-17, 3.093676476e-17], "rnat": [0, 1.976825082e-17, 3.022050472e-16, 2.857162514e-16, 2.208969304e-16, 2.041050328e-16, 1.957684693e-16, 1.916096369e-16, 1.895219071e-16, 1.884654377e-16, 1.879254023e-16, 1.876458931e-16, 1.874990409e-16, 1.874205229e-16, 1.873777039e-16, 1.873538473e-16, 1.873402561e-16, 1.873323398e-16, 1.873276305e-16, 1.873247745e-16, 1.873230129e-16], "r": [0, 0.1528650837, 0.07477674821, 0.0365784124, 0.01789299863, 0.008752687149, 0.004281536812, 0.002094391946, 0.00102451008, 0.0005011578215, 0.0002451505035, 0.0001199198471, 5.866098391e-05, 2.869509189e-05, 1.40367284e-05, 6.866322116e-06, 3.358786897e-06, 1.643011969e-06, 8.03709319e-07, 3.931490957e-07, 1.923160624e-07], "s": [0, -0.8253670296, -0.4037433602, -0.1974984402, -0.09660996989, -0.04725853163, -0.02311737406, -0.01130828583, -0.00553165459, -0.002705909894, -0.001323645256, -0.0006474852571, -0.0003167292417, -0.0001549338945, -7.578874482e-05, -3.707344903e-05, -1.813515484e-05, -8.871142282e-06, -4.339481304e-06, -2.122736552e-06, -1.038375362e-06], "pi": [0, -0.8795663129, -0.1001091179, -0.04897020381, -0.02395466977, -0.01171786432, -0.005732007393, -0.002803916128, -0.001371586795, -0.0006709367369, -0.0003282009615, -0.0001605454958, -7.853376211e-05, -3.841622438e-05, -1.879199794e-05, -9.192449081e-06, -4.496654394e-06, -2.199620641e-06, -1.075984619e-06, -5.263375326e-07, -2.574676193e-07], "p": [0, -0.8795663129, -0.9796754308, -1.028645635, -1.052600304, -1.064318169, -1.070050176, -1.072854092, -1.074225679, -1.074896616, -1.075224817, -1.075385362, -1.075463896, -1.075502312, -1.075521104, -1.075530297, -1.075534793, -1.075536993, -1.075538069, -1.075538595, -1.075538853], "ph": [0, -0.5494195011, -0.8181780867, -0.9496462586, -1.013956316, -1.045414756, -1.060803227, -1.068330778, -1.072013017, -1.073814252, -1.074695359, -1.075126368, -1.075337204, -1.075440339, -1.075490789, -1.075515467, -1.075527539, -1.075533444, -1.075536333, -1.075537746, -1.075538437], "e": [0, -1.374786531, -1.221921447, -1.147144699, -1.110566286, -1.092673288, -1.083920601, -1.079639064, -1.077544672, -1.076520162, -1.076019004, -1.075773853, -1.075653934, -1.075595273, -1.075566577, -1.075552541, -1.075545674, -1.075542316, -1.075540673, -1.075539869, -1.075539476], "ystar": [0, 0, 0, 0, 0, 0, 0, 0, 0, 0, 0, 0, 0, 0, 0, 0, 0, 0, 0, 0, 0], "a": [0, -2.157634913e-17, -1.424039043e-17, -9.398657683e-18, -6.203114071e-18, -4.094055287e-18, -2.702076489e-18, -1.783370483e-18, -1.177024519e-18, -7.768361823e-19, -5.127118804e-19, -3.38389841e-19, -2.233372951e-19, -1.474026148e-19, -9.728572574e-20, -6.420857899e-20, -4.237766213e-20, -2.796925701e-20, -1.845970962e-20, -1.218340835e-20, -8.041049512e-21], "pistar": [0, 0, 0, 0, 0, 0, 0, 0, 0, 0, 0, 0, 0, 0, 0, 0, 0, 0, 0, 0, 0], "tar": [0, 0, 0, 0, 0, 0, 0, 0, 0, 0, 0, 0, 0, 0, 0, 0, 0, 0, 0, 0, 0], "pf": [0, -1.374786531, -1.221921447, -1.147144699, -1.110566286, -1.092673288, -1.083920601, -1.079639064, -1.077544672, -1.076520162, -1.076019004, -1.075773853, -1.075653934, -1.075595273, -1.075566577, -1.075552541, -1.075545674, -1.075542316, -1.075540673, -1.075539869, -1.075539476], "interest": [0, 0.6114603348, 0.2991069929, 0.1463136496, 0.07157199454, 0.0350107486, 0.01712614725, 0.008377567784, 0.004098040322, 0.002004631286, 0.0009806020138, 0.0004796793886, 0.0002346439356, 0.0001147803676, 5.614691359e-05, 2.746528847e-05, 1.343514759e-05, 6.572047874e-06, 3.214837276e-06, 1.572596383e-06, 7.692642498e-07], "inflation": [0, -0.5494195011, -0.8181780867, -0.9496462586, -1.013956316, -0.495995255, -0.2426251398, -0.1186845194, -0.05805670076, -0.02839949575, -0.01389213214, -0.006795590217, -0.003324187096, -0.001626086844, -0.0007954300847, -0.0003890991567, -0.0001903349605, -9.310582295e-05, -4.554441414e-05, -2.227888218e-05, -1.08981222e-05], "inflationq": [0, -2.197678004, -1.075034343, -0.5258726873, -0.2572402316, -0.1258337585, -0.06155388168, -0.03011020568, -0.01472895716, -0.007204938461, -0.003524427267, -0.001724037981, -0.0008433446731, -0.0004125374529, -0.0002018002313, -9.871426959e-05, -4.828788827e-05, -2.362090266e-05, -1.155459604e-05, -5.652141731e-06, -2.76484838e-06], "outputgap": [0, -0.8253670296, -0.4037433602, -0.1974984402, -0.09660996989, -0.04725853163, -0.02311737406, -0.01130828583, -0.00553165459, -0.002705909894, -0.001323645256, -0.0006474852571, -0.0003167292417, -0.0001549338945, -7.578874482e-05, -3.707344903e-05, -1.813515484e-05, -8.871142283e-06, -4.339481304e-06, -2.122736553e-06, -1.038375363e-06], "output": [0, -0.8253670296, -0.4037433602, -0.1974984402, -0.09660996989, -0.04725853163, -0.02311737406, -0.01130828583, -0.00553165459, -0.002705909894, -0.001323645256, -0.0006474852571, -0.0003167292417, -0.0001549338945, -7.578874482e-05, -3.707344903e-05, -1.813515484e-05, -8.871142283e-06, -4.339481304e-06, -2.122736553e-06, -1.038375363e-06], "AUX_ENDO_LEAD_79": [0, -1.075034343, -0.5258726873, -0.2572402316, -0.1258337585, -0.06155388168, -0.03011020568, -0.01472895716, -0.007204938461, -0.003524427267, -0.001724037981, -0.0008433446731, -0.0004125374529, -0.0002018002313, -9.871426959e-05, -4.828788827e-05, -2.362090266e-05, -1.155459604e-05, -5.652141731e-06, -2.76484838e-06, -1.352476093e-06], "AUX_ENDO_LEAD_83": [0, -0.5258726873, -0.2572402316, -0.1258337585, -0.06155388168, -0.03011020568, -0.01472895716, -0.007204938461, -0.003524427267, -0.001724037981, -0.0008433446731, -0.0004125374529, -0.0002018002313, -9.871426959e-05, -4.828788827e-05, -2.362090266e-05, -1.155459604e-05, -5.652141731e-06, -2.76484838e-06, -1.352476093e-06, -6.615883874e-07], "AUX_ENDO_LEAD_87": [0, -0.2572402316, -0.1258337585, -0.06155388168, -0.03011020568, -0.01472895716, -0.007204938461, -0.003524427267, -0.001724037981, -0.0008433446731, -0.0004125374529, -0.0002018002313, -9.871426959e-05, -4.828788827e-05, -2.362090266e-05, -1.155459604e-05, -5.652141731e-06, -2.76484838e-06, -1.352476093e-06, -6.615883874e-07, -3.236280453e-07], "AUX_ENDO_LEAD_114": [0, -0.4037433602, -0.1974984402, -0.09660996989, -0.04725853163, -0.02311737406, -0.01130828583, -0.00553165459, -0.002705909894, -0.001323645256, -0.0006474852571, -0.0003167292417, -0.0001549338945, -7.578874482e-05, -3.707344903e-05, -1.813515484e-05, -8.871142283e-06, -4.339481304e-06, -2.122736553e-06, -1.038375363e-06, -5.079402774e-07],