{"interest_": {"pih": [0, -0.1082519594, -0.03434604154, -0.0108972676, -0.003457470957, -0.00109698191, -0.0003480490003, -0.0001104285363, -3.503662304e-05, -1.11163744e-05, -3.526988881e-06, -1.119038466e-06, -3.55047076e-07, -1.126488767e-07, -3.574108977e-08, -1.13398867e-08, -3.597904572e-09, -1.141538505e-09, -3.621858591e-10, -1.149138605e-10, -3.645972087e-11], "x": [0, -0.2162813232, -0.06862145825, -0.02177212744, -0.006907832411, -0.002191708125, -0.0006953823169, -0.0002206300013, -7.000120122e-05, -2.220989051e-05, -7.04672531e-06, -2.235775884e-06, -7.093640784e-07, -2.250661165e-07, -7.140868611e-08, -2.265645549e-08, -7.18841087e-09, -2.280729696e-09, -7.236269655e-10, -2.295914269e-10, -7.284447075e-11], "y": [0, -0.2162813232, -0.06862145825, -0.02177212744, -0.006907832411, -0.002191708125, -0.0006953823169, -0.0002206300013, -7.000120122e-05, -2.220989051e-05, -7.04672531e-06, -2.235775884e-06, -7.093640784e-07, -2.250661165e-07, -7.140868611e-08, -2.265645549e-08, -7.188410871e-09, -2.280729696e-09, -7.23626966e-10, -2.295914275e-10, -7.284447131e-11], "ynat": [0, -3.847107519e-17, 2.920775896e-17, 7.632650238e-18, 1.681238965e-18, 3.418196962e-19, -8.314951562e-20, -2.17983197e-19, -2.607630529e-19, -2.743361902e-19, -2.786426577e-19, -2.800090081e-19, -2.80442522e-19, -2.805800667e-19, -2.806237067e-19, -2.806375527e-19, -2.806419458e-19, -2.806433396e-19, -2.806437819e-19, -2.806439222e-19, -2.806439667e-19], "rnat": [0, 8.910513225e-19, -5.557979093e-17, -3.573720989e-17, -1.306509451e-17, -4.185083142e-18, -1.367644628e-18, -4.737313837e-19, -1.901117467e-19, -1.001252754e-19, -7.157448425e-20, -6.25159262e-20, -5.964183863e-20, -5.872995185e-20, -5.844062959e-20, -5.83488338e-20, -5.831970895e-20, -5.831046825e-20, -5.830753638e-20, -5.830660615e-20, -5.830631101e-20], "r": [0, 0.1133138234, 0.0359520632, 0.01140682407, 0.003619142376, 0.001148276808, 0.0003643237793, 0.0001155921771, 3.667493631e-05, 1.163617632e-05, 3.691910959e-06, 1.17136473e-06, 3.716490852e-07, 1.179163407e-07, 3.741234392e-08, 1.187014005e-08, 3.766142669e-09, 1.194916871e-09, 3.79121678e-10, 1.202872352e-10, 3.816457829e-11], "s": [0, -0.2162813232, -0.06862145825, -0.02177212744, -0.006907832411, -0.002191708125, -0.0006953823169, -0.0002206300013, -7.000120122e-05, -2.220989051e-05, -7.04672531e-06, -2.235775884e-06, -7.093640784e-07, -2.250661165e-07, -7.140868611e-08, -2.265645549e-08, -7.18841087e-09, -2.280729696e-09, -7.236269655e-10, -2.29591427e-10, -7.284447082e-11], "pi": [0, -0.1947644886, 0.02471790444, 0.007842464722, 0.002488247055, 0.0007894678047, 0.0002504813231, 7.947238995e-05, 2.521489701e-05, 8.000149882e-06, 2.538277199e-06, 8.053413038e-07, 2.555176464e-07, 8.107030809e-08, 2.572188241e-08, 8.161005564e-09, 2.58931329e-09, 8.215339772e-10, 2.606552454e-10, 8.270036736e-11, 2.623907403e-11], "p": [0, -0.1947644886, -0.1700465842, -0.1622041195, -0.1597158724, -0.1589264046, -0.1586759233, -0.1585964509, -0.158571236, -0.1585632359, -0.1585606976, -0.1585598922, -0.1585596367, -0.1585595557, -0.1585595299, -0.1585595218, -0.1585595192, -0.1585595184, -0.1585595181, -0.158559518, -0.158559518], "ph": [0, -0.1082519594, -0.1425980009, -0.1534952685, -0.1569527395, -0.1580497214, -0.1583977704, -0.1585081989, -0.1585432355, -0.1585543519, -0.1585578789, -0.1585589979, -0.158559353, -0.1585594656, -0.1585595014, -0.1585595127, -0.1585595163, -0.1585595175, -0.1585595178, -0.1585595179, -0.158559518], "e": [0, -0.3245332826, -0.2112194592, -0.175267396, -0.1638605719, -0.1602414295, -0.1590931527, -0.1587288289, -0.1586132367, -0.1585765618, -0.1585649256, -0.1585612337, -0.1585600623, -0.1585596907, -0.1585595728, -0.1585595354, -0.1585595235, -0.1585595197, -0.1585595185, -0.1585595182, -0.158559518], "ystar": [0, 0, 0, 0, 0, 0, 0, 0, 0, 0, 0, 0, 0, 0, 0, 0, 0, 0, 0, 0, 0], "a": [0, 0, 0, 0, 0, 0, 0, 0, 0, 0, 0, 0, 0, 0, 0, 0, 0, 0, 0, 0, 0], "pistar": [0, 0, 0, 0, 0, 0, 0, 0, 0, 0, 0, 0, 0, 0, 0, 0, 0, 0, 0, 0, 0], "tar": [0, 0, 0, 0, 0, 0, 0, 0, 0, 0, 0, 0, 0, 0, 0, 0, 0, 0, 0, 0, 0], "pf": [0, -0.3245332826, -0.2112194592, -0.175267396, -0.1638605719, -0.1602414295, -0.1590931527, -0.1587288289, -0.1586132367, -0.1585765618, -0.1585649256, -0.1585612337, -0.1585600623, -0.1585596907, -0.1585595728, -0.1585595354, -0.1585595235, -0.1585595197, -0.1585595185, -0.1585595182, -0.158559518], "interest": [0, 0.4532552936, 0.1438082528, 0.0456272963, 0.0144765695, 0.004593107233, 0.001457295117, 0.0004623687083, 0.0001466997452, 4.654470527e-05, 1.476764384e-05, 4.68545892e-06, 1.486596341e-06, 4.716653626e-07, 1.496493757e-07, 4.74805602e-08, 1.506457068e-08, 4.779667484e-09, 1.516486712e-09, 4.811489409e-10, 1.526583131e-10], "inflation": [0, -0.1082519594, -0.1425980009, -0.1534952685, -0.1569527395, -0.04979776201, -0.01579976947, -0.005012930404, -0.001590496069, -0.000504630534, -0.0001601085226, -5.079902479e-05, -1.611744883e-05, -5.1137233e-06, -1.622475509e-06, -5.147769292e-07, -1.633277577e-07, -5.182041952e-08, -1.644151561e-08, -5.21654277e-09, -1.65509792e-09], "inflationq": [0, -0.4330078375, -0.1373841662, -0.0435890704, -0.01382988383, -0.004387927639, -0.001392196001, -0.0004417141451, -0.0001401464922, -4.446549761e-05, -1.410795552e-05, -4.476153866e-06, -1.420188304e-06, -4.505955067e-07, -1.429643591e-07, -4.535954679e-08, -1.439161829e-08, -4.56615402e-09, -1.448743437e-09, -4.596554422e-10, -1.458388837e-10], "outputgap": [0, -0.2162813232, -0.06862145825, -0.02177212744, -0.006907832411, -0.002191708125, -0.0006953823169, -0.0002206300013, -7.000120122e-05, -2.220989051e-05, -7.04672531e-06, -2.235775884e-06, -7.093640784e-07, -2.250661165e-07, -7.140868611e-08, -2.265645549e-08, -7.188410871e-09, -2.280729697e-09, -7.236269668e-10, -2.295914282e-10, -7.284447209e-11], "output": [0, -0.2162813232, -0.06862145825, -0.02177212744, -0.006907832411, -0.002191708125, -0.0006953823169, -0.0002206300013, -7.000120122e-05, -2.220989051e-05, -7.04672531e-06, -2.235775884e-06, -7.093640784e-07, -2.250661165e-07, -7.140868611e-08, -2.265645549e-08, -7.188410871e-09, -2.280729697e-09, -7.236269668e-10, -2.295914282e-10, -7.284447209e-11], "AUX_ENDO_LEAD_79": [0, -0.1373841662, -0.0435890704, -0.01382988383, -0.004387927639, -0.001392196001, -0.0004417141451, -0.0001401464922, -4.446549761e-05, -1.410795552e-05, -4.476153866e-06, -1.420188304e-06, -4.505955067e-07, -1.429643591e-07, -4.535954679e-08, -1.439161829e-08, -4.566154021e-09, -1.448743437e-09, -4.596554426e-10, -1.458388841e-10, -4.627157262e-11], "AUX_ENDO_LEAD_83": [0, -0.0435890704, -0.01382988383, -0.004387927639, -0.001392196001, -0.0004417141451, -0.0001401464922, -4.446549761e-05, -1.410795552e-05, -4.476153866e-06, -1.420188304e-06, -4.505955067e-07, -1.429643591e-07, -4.535954679e-08, -1.439161829e-08, -4.56615402e-09, -1.448743436e-09, -4.596554415e-10, -1.45838883e-10, -4.627157154e-11, -1.468098385e-11], "AUX_ENDO_LEAD_87": [0, -0.01382988383, -0.004387927639, -0.001392196001, -0.0004417141451, -0.0001401464922, -4.446549761e-05, -1.410795552e-05, -4.476153866e-06, -1.420188304e-06, -4.505955067e-07, -1.429643591e-07, -4.535954679e-08, -1.439161829e-08, -4.56615402e-09, -1.448743437e-09, -4.59655442e-10, -1.458388835e-10, -4.627157201e-11, -1.468098432e-11, -4.657963548e-12], "AUX_ENDO_LEAD_114": [0, -0.06862145825, -0.02177212744, -0.006907832411, -0.002191708125, -0.0006953823169, -0.0002206300013, -7.000120122e-05, -2.220989051e-05, -7.04672531e-06, -2.235775884e-06, -7.093640784e-07, -2.250661165e-07, -7.140868611e-08, -2.265645549e-08, -7.188410871e-09, -2.280729697e-09, -7.236269668e-10, -2.295914282e-10, -7.284447206e-11, -2.311200072e-11],