{"interest_": {"pih": [0, -0.1851830084, -0.06767849347, -0.0143711344, 0.002903021553, 0.003461488098, 0.001441567788, 0.0002646638196, -6.559064824e-05, -7.278373715e-05, -2.917201602e-05, -5.041279086e-06, 1.50679932e-06, 1.520868727e-06, 5.904111313e-07, 9.512579025e-08, -3.414686777e-08, -3.172866859e-08, -1.19285647e-08, -1.77851224e-09, 7.659200405e-10], "x": [0, -0.3442508006, -0.1556978456, -0.0502333986, -0.001525929693, 0.005925825772, 0.003435917875, 0.0009600890224, 1.883265816e-05, -0.000127886517, -7.043737177e-05, -1.903003324e-05, 3.318613961e-09, 2.727531917e-06, 1.445489656e-06, 3.755641983e-07, -7.968208422e-09, -5.802327301e-08, -2.96179367e-08, -7.389377121e-09, 3.25452973e-10], "y": [0, -0.3442508006, -0.1556978456, -0.0502333986, -0.001525929693, 0.005925825772, 0.003435917875, 0.0009600890224, 1.883265816e-05, -0.000127886517, -7.043737177e-05, -1.903003324e-05, 3.318613821e-09, 2.727531917e-06, 1.445489656e-06, 3.755641981e-07, -7.968208562e-09, -5.802327315e-08, -2.961793684e-08, -7.389377261e-09, 3.254528335e-10], "ynat": [0, -1.847919244e-17, -1.490984416e-16, -1.695303653e-16, -1.090831365e-16, -7.666015021e-17, -6.771141035e-17, -6.768111438e-17, -6.893557137e-17, -6.960679912e-17, -6.978262422e-17, -6.977973141e-17, -6.975300284e-17, -6.973924922e-17, -6.973578672e-17, -6.973592139e-17, -6.973648878e-17, -6.973677027e-17, -6.973683822e-17, -6.973683392e-17, -6.97368219e-17], "rnat": [0, -3.330111805e-17, -2.909491979e-16, -7.175537073e-17, 1.291407056e-17, 4.272792036e-17, 4.371568166e-17, 4.041119184e-17, 3.844502866e-17, 3.788808657e-17, 3.787251318e-17, 3.79443638e-17, 3.798463067e-17, 3.799569335e-17, 3.79957883e-17, 3.799425416e-17, 3.799342724e-17, 3.799320864e-17, 3.799321121e-17, 3.799324389e-17, 3.799326084e-17], "r": [0, 0.1208744615, 0.09109331265, 0.05161049046, 0.01091324356, -0.00104834011, -0.002211165033, -0.001006847012, -0.0002195029123, 2.827712922e-05, 4.636605944e-05, 2.054015118e-05, 4.245082031e-06, -6.9163113e-07, -9.747996674e-07, -4.176792744e-07, -8.178373314e-08, 1.647677166e-08, 2.045004738e-08, 8.480750181e-09, 1.566392862e-09], "s": [0, -0.3442508006, -0.1556978456, -0.0502333986, -0.001525929693, 0.005925825772, 0.003435917875, 0.0009600890224, 1.883265816e-05, -0.000127886517, -7.043737177e-05, -1.903003325e-05, 3.318613686e-09, 2.727531917e-06, 1.445489656e-06, 3.75564198e-07, -7.968208697e-09, -5.802327329e-08, -2.961793697e-08, -7.389377395e-09, 3.254526988e-10], "pi": [0, -0.3228833286, 0.007742688509, 0.02781464442, 0.02238600911, 0.006442190283, 0.0004456046289, -0.0007256677213, -0.0004420931939, -0.0001314714072, -6.192357928e-06, 1.552165632e-05, 9.120140064e-06, 2.610554049e-06, 7.759422677e-08, -3.328443928e-07, -1.875598304e-07, -5.175069444e-08, -5.664301804e-10, 7.112911583e-09, 3.851852071e-09], "p": [0, -0.3228833286, -0.3151406401, -0.2873259957, -0.2649399866, -0.2584977963, -0.2580521917, -0.2587778594, -0.2592199526, -0.259351424, -0.2593576163, -0.2593420947, -0.2593329745, -0.259330364, -0.2593302864, -0.2593306192, -0.2593308068, -0.2593308585, -0.2593308591, -0.259330852, -0.2593308481], "ph": [0, -0.1851830084, -0.2528615018, -0.2672326362, -0.2643296147, -0.2608681266, -0.2594265588, -0.259161895, -0.2592274856, -0.2593002694, -0.2593294414, -0.2593344827, -0.2593329759, -0.259331455, -0.2593308646, -0.2593307695, -0.2593308036, -0.2593308353, -0.2593308473, -0.259330849, -0.2593308483], "e": [0, -0.529433809, -0.4085593475, -0.3174660348, -0.2658555444, -0.2549423008, -0.2559906409, -0.258201806, -0.259208653, -0.2594281559, -0.2593998788, -0.2593535127, -0.2593329725, -0.2593287275, -0.2593294191, -0.2593303939, -0.2593308116, -0.2593308934, -0.2593308769, -0.2593308564, -0.2593308479], "ystar": [0, 0, 0, 0, 0, 0, 0, 0, 0, 0, 0, 0, 0, 0, 0, 0, 0, 0, 0, 0, 0], "a": [0, 0, 0, 0, 0, 0, 0, 0, 0, 0, 0, 0, 0, 0, 0, 0, 0, 0, 0, 0, 0], "pistar": [0, 0, 0, 0, 0, 0, 0, 0, 0, 0, 0, 0, 0, 0, 0, 0, 0, 0, 0, 0, 0], "tar": [0, 0, 0, 0, 0, 0, 0, 0, 0, 0, 0, 0, 0, 0, 0, 0, 0, 0, 0, 0, 0], "pf": [0, -0.529433809, -0.4085593475, -0.3174660348, -0.2658555444, -0.2549423008, -0.2559906409, -0.258201806, -0.259208653, -0.2594281559, -0.2593998788, -0.2593535127, -0.2593329725, -0.2593287275, -0.2593294191, -0.2593303939, -0.2593308116, -0.2593308934, -0.2593308769, -0.2593308564, -0.2593308479], "interest": [0, 0.4834978459, 0.3643732506, 0.2064419618, 0.04365297425, -0.004193360438, -0.008844660131, -0.00402738805, -0.0008780116493, 0.0001131085169, 0.0001854642378, 8.216060472e-05, 1.698032812e-05, -2.76652452e-06, -3.89919867e-06, -1.670717098e-06, -3.271349325e-07, 6.590708666e-08, 8.180018954e-08, 3.392300073e-08, 6.265571456e-09], "inflation": [0, -0.1851830084, -0.2528615018, -0.2672326362, -0.2643296147, -0.07568511822, -0.006565056962, 0.008070741258, 0.005102129057, 0.001567857222, 9.711741823e-05, -0.0001725876805, -0.0001054902329, -3.118562706e-05, -1.423199907e-06, 3.713204969e-06, 2.172258781e-06, 6.196613852e-07, 1.73216892e-08, -7.95826133e-08, -4.466982548e-08], "inflationq": [0, -0.7407320335, -0.2707139739, -0.0574845376, 0.01161208621, 0.01384595239, 0.005766271151, 0.001058655279, -0.0002623625929, -0.0002911349486, -0.0001166880641, -2.016511634e-05, 6.027197281e-06, 6.083474909e-06, 2.361644525e-06, 3.805031609e-07, -1.365874711e-07, -1.269146744e-07, -4.771425886e-08, -7.114049019e-09, 3.063680101e-09], "outputgap": [0, -0.3442508006, -0.1556978456, -0.0502333986, -0.001525929693, 0.005925825772, 0.003435917875, 0.0009600890224, 1.883265816e-05, -0.000127886517, -7.043737177e-05, -1.903003324e-05, 3.318613984e-09, 2.727531917e-06, 1.445489656e-06, 3.755641983e-07, -7.968208399e-09, -5.802327299e-08, -2.961793667e-08, -7.389377098e-09, 3.254529961e-10], "output": [0, -0.3442508006, -0.1556978456, -0.0502333986, -0.001525929693, 0.005925825772, 0.003435917875, 0.0009600890224, 1.883265816e-05, -0.000127886517, -7.043737177e-05, -1.903003324e-05, 3.318613886e-09, 2.727531917e-06, 1.445489656e-06, 3.755641982e-07, -7.968208497e-09, -5.802327309e-08, -2.961793677e-08, -7.389377196e-09, 3.254528985e-10], "AUX_ENDO_LEAD_79": [0, -0.2707139739, -0.0574845376, 0.01161208621, 0.01384595239, 0.005766271151, 0.001058655279, -0.0002623625929, -0.0002911349486, -0.0001166880641, -2.016511634e-05, 6.027197281e-06, 6.083474909e-06, 2.361644525e-06, 3.80503161e-07, -1.365874711e-07, -1.269146744e-07, -4.771425885e-08, -7.114049009e-09, 3.063680112e-09, 2.643199743e-09], "AUX_ENDO_LEAD_83": [0, -0.0574845376, 0.01161208621, 0.01384595239, 0.005766271151, 0.001058655279, -0.0002623625929, -0.0002911349486, -0.0001166880641, -2.016511634e-05, 6.027197281e-06, 6.083474909e-06, 2.361644525e-06, 3.80503161e-07, -1.365874711e-07, -1.269146744e-07, -4.771425884e-08, -7.114049002e-09, 3.063680118e-09, 2.64319975e-09, 9.62350767e-10], "AUX_ENDO_LEAD_87": [0, 0.01161208621, 0.01384595239, 0.005766271151, 0.001058655279, -0.0002623625929, -0.0002911349486, -0.0001166880641, -2.016511634e-05, 6.027197281e-06, 6.083474909e-06, 2.361644525e-06, 3.80503161e-07, -1.365874711e-07, -1.269146744e-07, -4.771425884e-08, -7.114049e-09, 3.063680121e-09, 2.643199752e-09, 9.623507695e-10, 1.315292518e-10], "AUX_ENDO_LEAD_114": [0, -0.1556978456, -0.0502333986, -0.001525929693, 0.005925825772, 0.003435917875, 0.0009600890224, 1.883265816e-05, -0.000127886517, -7.043737177e-05, -1.903003324e-05, 3.318613979e-09, 2.727531917e-06, 1.445489656e-06, 3.755641983e-07, -7.968208404e-09, -5.8023273e-08, -2.961793668e-08, -7.389377102e-09, 3.254529917e-10, 1.231045858e-09], "AUX_ENDO_LEAD_118": [0, -0.0502333986, -0.001525929693, 0.005925825772, 0.003435917875, 0.0009600890224, 1.883265816e-05, -0.000127886517, -7.043737177e-05, -1.903003324e-05, 3.318613982e-09, 2.727531917e-06, 1.445489656e-06, 3.755641983e-07, -7.968208401e-09, -5.802327299e-08, -2.961793668e-08, -7.389377099e-09, 3.254529947e-10, 1.231045861e-09, 6.059834668e-10],