{"interest_": {"pih": [0, -0.270810561, -0.1123905481, -0.0461526836, -0.02502708996, -0.02083404869, -0.01203927907, -0.005705235934, -0.002764735965, -0.00179954566, -0.001134446249, -0.0006150800166, -0.0003091071816, -0.0001746465379, -0.0001065092001, -6.160550987e-05, -3.295797397e-05, -1.790538773e-05, -1.035409375e-05, -6.040664309e-06, -3.373358471e-06], "x": [0, -0.4647361446, -0.1942889348, -0.06226584485, -0.01282080327, -0.02596901371, -0.01861664869, -0.008645928717, -0.002863925902, -0.001970416178, -0.001530780752, -0.0009002735416, -0.0003967582556, -0.000201580046, -0.0001325946558, -8.440756086e-05, -4.436830793e-05, -2.229780051e-05, -1.274056535e-05, -7.867868985e-06, -4.502281944e-06], "y": [0, -0.4647361446, -0.1942889348, -0.06226584485, -0.01282080327, -0.02596901371, -0.01861664869, -0.008645928717, -0.002863925902, -0.001970416178, -0.001530780752, -0.0009002735416, -0.0003967582556, -0.000201580046, -0.0001325946558, -8.440756086e-05, -4.436830793e-05, -2.229780051e-05, -1.274056535e-05, -7.867868985e-06, -4.502281944e-06], "ynat": [0, 1.15171765e-16, 6.034412634e-17, 5.724094332e-17, 5.156005579e-17, 3.970796633e-18, -4.875893883e-17, -6.743616836e-17, -8.216366744e-17, -8.892802571e-17, -9.340761475e-17, -9.564248166e-17, -9.699623612e-17, -9.772242843e-17, -9.815045318e-17, -9.838438466e-17, -9.851790445e-17, -9.859208451e-17, -9.86344449e-17, -9.865817026e-17, -9.867155656e-17], "rnat": [0, 3.478167855e-17, 2.498360202e-16, -4.982512865e-17, -1.154853587e-16, -1.420101921e-16, -6.302155094e-17, -4.331598564e-17, -2.983653202e-17, -2.748412407e-17, -2.311073363e-17, -2.067197773e-17, -1.930150422e-17, -1.880965175e-17, -1.84698293e-17, -1.824610633e-17, -1.81112036e-17, -1.804828852e-17, -1.80145269e-17, -1.799386229e-17, -1.798109138e-17], "r": [0, 0.1580566618, 0.08587040631, 0.02441795162, -0.03398225913, -0.004686914053, 0.004265484041, 0.00301726685, -0.0009060359357, -0.0006948108229, 1.542719365e-05, 0.0001944081043, 2.053167174e-05, -3.752380991e-05, -1.341841494e-05, 7.08127896e-06, 4.16511969e-06, -7.968585856e-07, -1.167967945e-06, -7.771430056e-09, 2.662937862e-07], "s": [0, -0.4647361446, -0.1942889348, -0.06226584485, -0.01282080327, -0.02596901371, -0.01861664869, -0.008645928717, -0.002863925902, -0.001970416178, -0.001530780752, -0.0009002735416, -0.0003967582556, -0.000201580046, -0.0001325946558, -8.440756086e-05, -4.436830793e-05, -2.229780051e-05, -1.274056535e-05, -7.867868985e-06, -4.502281944e-06], "pi": [0, -0.4567050189, -0.004211664124, 0.006656552364, -0.005249073332, -0.02609333286, -0.009098333064, -0.001716947944, -0.0004519348391, -0.00144214177, -0.0009585920783, -0.0003628771325, -0.0001077010673, -9.657525403e-05, -7.891504403e-05, -4.23306719e-05, -1.69422728e-05, -9.077184761e-06, -6.531199684e-06, -4.091585763e-06, -2.027123655e-06], "p": [0, -0.4567050189, -0.460916683, -0.4542601306, -0.459509204, -0.4856025368, -0.4947008699, -0.4964178178, -0.4968697527, -0.4983118945, -0.4992704865, -0.4996333637, -0.4997410647, -0.49983764, -0.499916555, -0.4999588857, -0.499975828, -0.4999849052, -0.4999914364, -0.4999955279, -0.4999975551], "ph": [0, -0.270810561, -0.3832011091, -0.4293537927, -0.4543808827, -0.4752149314, -0.4872542104, -0.4929594464, -0.4957241823, -0.497523728, -0.4986581742, -0.4992732542, -0.4995823614, -0.499757008, -0.4998635172, -0.4999251227, -0.4999580807, -0.499975986, -0.4999863401, -0.4999923808, -0.4999957542], "e": [0, -0.7355467057, -0.5774900439, -0.4916196376, -0.4672016859, -0.5011839451, -0.5058708591, -0.5016053751, -0.4985881082, -0.4994941442, -0.500188955, -0.5001735278, -0.4999791197, -0.499958588, -0.4999961118, -0.5000095302, -0.500002449, -0.4999982838, -0.4999990807, -0.5000002487, -0.5000002564], "ystar": [0, 0, 0, 0, 0, 0, 0, 0, 0, 0, 0, 0, 0, 0, 0, 0, 0, 0, 0, 0, 0], "a": [0, 0, 0, 0, 0, 0, 0, 0, 0, 0, 0, 0, 0, 0, 0, 0, 0, 0, 0, 0, 0], "pistar": [0, 0, 0, 0, 0, 0, 0, 0, 0, 0, 0, 0, 0, 0, 0, 0, 0, 0, 0, 0, 0], "tar": [0, 0, 0, 0, 0, 0, 0, 0, 0, 0, 0, 0, 0, 0, 0, 0, 0, 0, 0, 0, 0], "pf": [0, -0.7355467057, -0.5774900439, -0.4916196376, -0.4672016859, -0.5011839451, -0.5058708591, -0.5016053751, -0.4985881082, -0.4994941442, -0.500188955, -0.5001735278, -0.4999791197, -0.499958588, -0.4999961118, -0.5000095302, -0.500002449, -0.4999982838, -0.4999990807, -0.5000002487, -0.5000002564], "interest": [0, 0.6322266472, 0.3434816252, 0.09767180646, -0.1359290365, -0.01874765621, 0.01706193616, 0.0120690674, -0.003624143743, -0.002779243292, 6.17087746e-05, 0.0007776324173, 8.212668694e-05, -0.0001500952397, -5.367365976e-05, 2.832511584e-05, 1.666047876e-05, -3.187434342e-06, -4.67187178e-06, -3.108572023e-08, 1.065175145e-06], "inflation": [0, -0.270810561, -0.3832011091, -0.4293537927, -0.4543808827, -0.2044043703, -0.1040531013, -0.06360565366, -0.04134329966, -0.02230879663, -0.01140396381, -0.00631380789, -0.003858179107, -0.002233279985, -0.001205342936, -0.0006518684295, -0.0003757192218, -0.0002189780717, -0.0001228229653, -6.725811975e-05, -3.767350426e-05], "inflationq": [0, -1.083242244, -0.4495621923, -0.1846107344, -0.1001083599, -0.08333619475, -0.04815711628, -0.02282094374, -0.01105894386, -0.007198182639, -0.004537784994, -0.002460320067, -0.001236428727, -0.0006985861515, -0.0004260368004, -0.0002464220395, -0.0001318318959, -7.162155092e-05, -4.1416375e-05, -2.416265724e-05, -1.349343388e-05], "outputgap": [0, -0.4647361446, -0.1942889348, -0.06226584485, -0.01282080327, -0.02596901371, -0.01861664869, -0.008645928717, -0.002863925902, -0.001970416178, -0.001530780752, -0.0009002735416, -0.0003967582556, -0.000201580046, -0.0001325946558, -8.440756086e-05, -4.436830793e-05, -2.229780051e-05, -1.274056535e-05, -7.867868985e-06, -4.502281944e-06], "output": [0, -0.4647361446, -0.1942889348, -0.06226584485, -0.01282080327, -0.02596901371, -0.01861664869, -0.008645928717, -0.002863925902, -0.001970416178, -0.001530780752, -0.0009002735416, -0.0003967582556, -0.000201580046, -0.0001325946558, -8.440756086e-05, -4.436830793e-05, -2.229780051e-05, -1.274056535e-05, -7.867868985e-06, -4.502281944e-06], "AUX_ENDO_LEAD_79": [0, -0.4495621923, -0.1846107344, -0.1001083599, -0.08333619475, -0.04815711628, -0.02282094374, -0.01105894386, -0.007198182639, -0.004537784994, -0.002460320067, -0.001236428727, -0.0006985861515, -0.0004260368004, -0.0002464220395, -0.0001318318959, -7.162155092e-05, -4.1416375e-05, -2.416265724e-05, -1.349343388e-05, -7.384747796e-06], "AUX_ENDO_LEAD_83": [0, -0.1846107344, -0.1001083599, -0.08333619475, -0.04815711628, -0.02282094374, -0.01105894386, -0.007198182639, -0.004537784994, -0.002460320067, -0.001236428727, -0.0006985861515, -0.0004260368004, -0.0002464220395, -0.0001318318959, -7.162155092e-05, -4.1416375e-05, -2.416265724e-05, -1.349343388e-05, -7.384747796e-06, -4.144517955e-06], "AUX_ENDO_LEAD_87": [0, -0.1001083599, -0.08333619475, -0.04815711628, -0.02282094374, -0.01105894386, -0.007198182639, -0.004537784994, -0.002460320067, -0.001236428727, -0.0006985861515, -0.0004260368004, -0.0002464220395, -0.0001318318959, -7.162155092e-05, -4.1416375e-05, -2.416265724e-05, -1.349343388e-05, -7.384747796e-06, -4.144517955e-06, -2.382266125e-06], "AUX_ENDO_LEAD_114": [0, -0.1942889348, -0.06226584485, -0.01282080327, -0.02596901371, -0.01861664869, -0.008645928717, -0.002863925902, -0.001970416178, -0.001530780752, -0.0009002735416, -0.0003967582556, -0.000201580046, -0.0001325946558, -8.440756086e-05, -4.436830793e-05, -2.229780051e-05, -1.274056535e-05, -7.867868985e-06, -4.502281944e-06, -2.389801209e-06], "AUX_ENDO_LEAD_118": [0, -0.06226584485, -0.01282080327, -0.02596901371, -0.01861664869, -0.008645928717, -0.002863925902, -0.001970416178, -0.001530780752, -0.0009002735416, -0.0003967582556, -0.000201580046, -0.0001325946558, -8.440756086e-05, -4.436830793e-05, -2.229780051e-05, -1.274056535e-05, -7.867868985e-06, -4.502281944e-06, -2.389801209e-06, -1.300665956e-06],