{"interest_": {"pih": [0, -0.2724034255, -0.139819506, -0.07176669757, -0.03683648318, -0.01890746737, -0.009704843993, -0.004981312148, -0.002556812942, -0.001312363535, -0.0006736112837, -0.0003457518816, -0.0001774678758, -9.109089092e-05, -4.67552247e-05, -2.399856906e-05, -1.231800982e-05, -6.32260055e-06, -3.24527081e-06, -1.665735887e-06, -8.549906021e-07], "x": [0, -0.3902770597, -0.2003218043, -0.1028213785, -0.05277626122, -0.02708905278, -0.01390429643, -0.007136811348, -0.003663189753, -0.001880245745, -0.0009650944391, -0.0004953646506, -0.0002542612693, -0.0001305074817, -6.698701231e-05, -3.438316149e-05, -1.764822393e-05, -9.058498245e-06, -4.649555149e-06, -2.386528373e-06, -1.224959699e-06], "y": [0, -0.3902770597, -0.2003218043, -0.1028213785, -0.05277626122, -0.02708905278, -0.01390429643, -0.007136811348, -0.003663189753, -0.001880245745, -0.0009650944391, -0.0004953646506, -0.0002542612693, -0.0001305074817, -6.698701231e-05, -3.438316149e-05, -1.764822393e-05, -9.058498245e-06, -4.649555149e-06, -2.386528373e-06, -1.224959699e-06], "ynat": [0, -7.710693106e-18, -1.898235778e-17, -1.196241452e-17, -2.223770514e-17, -2.447494384e-17, -2.562327599e-17, -2.621269307e-17, -2.651522967e-17, -2.667051596e-17, -2.675022147e-17, -2.679113279e-17, -2.681213179e-17, -2.682291018e-17, -2.682844253e-17, -2.683128217e-17, -2.683273971e-17, -2.683348784e-17, -2.683387184e-17, -2.683406894e-17, -2.68341701e-17], "rnat": [0, 9.747150698e-17, 1.047810471e-16, 3.972758324e-17, 3.663688332e-17, 3.971151688e-17, 4.128966791e-17, 4.209970287e-17, 4.251547843e-17, 4.272888813e-17, 4.283842728e-17, 4.289465164e-17, 4.292351054e-17, 4.293832327e-17, 4.294592636e-17, 4.294982888e-17, 4.295183197e-17, 4.295286012e-17, 4.295338785e-17, 4.295365872e-17, 4.295379775e-17], "r": [0, 0.05013574942, 0.02573372821, 0.01320863407, 0.006779741065, 0.003479912357, 0.001786172937, 0.0009168086532, 0.0004705804736, 0.0002415400218, 0.0001239779069, 6.363550555e-05, 3.266289671e-05, 1.676524468e-05, 8.605281763e-06, 4.416927734e-06, 2.267125138e-06, 1.163672286e-06, 5.972908889e-07, 3.065780721e-07, 1.573607032e-07], "s": [0, -0.3902770597, -0.2003218043, -0.1028213785, -0.05277626122, -0.02708905278, -0.01390429643, -0.007136811348, -0.003663189753, -0.001880245745, -0.0009650944391, -0.0004953646506, -0.0002542612693, -0.0001305074817, -6.698701231e-05, -3.438316149e-05, -1.764822393e-05, -9.058498245e-06, -4.649555149e-06, -2.386528373e-06, -1.224959699e-06], "pi": [0, -0.4285142494, -0.06383740383, -0.03276652726, -0.01681843628, -0.008632583998, -0.004430941453, -0.002274318114, -0.001167364304, -0.0005991859316, -0.0003075507615, -0.0001578599662, -8.102652324e-05, -4.158937587e-05, -2.134703695e-05, -1.095702873e-05, -5.624034799e-06, -2.886710275e-06, -1.481693572e-06, -7.605251766e-07, -3.903631326e-07], "p": [0, -0.4285142494, -0.4923516532, -0.5251181805, -0.5419366168, -0.5505692007, -0.5550001422, -0.5572744603, -0.5584418246, -0.5590410106, -0.5593485613, -0.5595064213, -0.5595874478, -0.5596290372, -0.5596503842, -0.5596613412, -0.5596669653, -0.559669852, -0.5596713337, -0.5596720942, -0.5596724846], "ph": [0, -0.2724034255, -0.4122229315, -0.4839896291, -0.5208261123, -0.5397335796, -0.5494384236, -0.5544197358, -0.5569765487, -0.5582889123, -0.5589625235, -0.5593082754, -0.5594857433, -0.5595768342, -0.5596235894, -0.559647588, -0.559659906, -0.5596662286, -0.5596694739, -0.5596711396, -0.5596719946], "e": [0, -0.6626804852, -0.6125447358, -0.5868110076, -0.5736023735, -0.5668226324, -0.5633427201, -0.5615565471, -0.5606397385, -0.560169158, -0.559927618, -0.5598036401, -0.5597400046, -0.5597073417, -0.5596905764, -0.5596819711, -0.5596775542, -0.5596752871, -0.5596741234, -0.5596735261, -0.5596732195], "ystar": [0, 0, 0, 0, 0, 0, 0, 0, 0, 0, 0, 0, 0, 0, 0, 0, 0, 0, 0, 0, 0], "a": [0, 0, 0, 0, 0, 0, 0, 0, 0, 0, 0, 0, 0, 0, 0, 0, 0, 0, 0, 0, 0], "pistar": [0, 0, 0, 0, 0, 0, 0, 0, 0, 0, 0, 0, 0, 0, 0, 0, 0, 0, 0, 0, 0], "tar": [0, 0, 0, 0, 0, 0, 0, 0, 0, 0, 0, 0, 0, 0, 0, 0, 0, 0, 0, 0, 0], "pf": [0, -0.6626804852, -0.6125447358, -0.5868110076, -0.5736023735, -0.5668226324, -0.5633427201, -0.5615565471, -0.5606397385, -0.560169158, -0.559927618, -0.5598036401, -0.5597400046, -0.5597073417, -0.5596905764, -0.5596819711, -0.5596775542, -0.5596752871, -0.5596741234, -0.5596735261, -0.5596732195], "interest": [0, 0.2005429977, 0.1029349129, 0.05283453627, 0.02711896426, 0.01391964943, 0.007144691748, 0.003667234613, 0.001882321894, 0.0009661600873, 0.0004959116276, 0.0002545420222, 0.0001306515868, 6.706097874e-05, 3.442112705e-05, 1.766771094e-05, 9.068500554e-06, 4.654689144e-06, 2.389163556e-06, 1.226312288e-06, 6.294428127e-07], "inflation": [0, -0.2724034255, -0.4122229315, -0.4839896291, -0.5208261123, -0.2673301541, -0.1372154921, -0.07043010669, -0.03615043646, -0.01855533262, -0.009524099909, -0.004888539642, -0.002509194576, -0.001287921932, -0.000661065873, -0.0003393125604, -0.0001741626945, -8.939440413e-05, -4.588445024e-05, -2.355161707e-05, -1.208859785e-05], "inflationq": [0, -1.089613702, -0.559278024, -0.2870667903, -0.1473459327, -0.07562986949, -0.03881937597, -0.01992524859, -0.01022725177, -0.00524945414, -0.002694445135, -0.001383007526, -0.0007098715031, -0.0003643635637, -0.0001870208988, -9.599427625e-05, -4.927203928e-05, -2.52904022e-05, -1.298108324e-05, -6.662943547e-06, -3.419962408e-06], "outputgap": [0, -0.3902770597, -0.2003218043, -0.1028213785, -0.05277626122, -0.02708905278, -0.01390429643, -0.007136811348, -0.003663189753, -0.001880245745, -0.0009650944391, -0.0004953646506, -0.0002542612693, -0.0001305074817, -6.698701231e-05, -3.438316149e-05, -1.764822393e-05, -9.058498245e-06, -4.649555149e-06, -2.386528373e-06, -1.224959699e-06], "output": [0, -0.3902770597, -0.2003218043, -0.1028213785, -0.05277626122, -0.02708905278, -0.01390429643, -0.007136811348, -0.003663189753, -0.001880245745, -0.0009650944391, -0.0004953646506, -0.0002542612693, -0.0001305074817, -6.698701231e-05, -3.438316149e-05, -1.764822393e-05, -9.058498245e-06, -4.649555149e-06, -2.386528374e-06, -1.224959699e-06], "AUX_ENDO_LEAD_79": [0, -0.559278024, -0.2870667903, -0.1473459327, -0.07562986949, -0.03881937597, -0.01992524859, -0.01022725177, -0.00524945414, -0.002694445135, -0.001383007526, -0.0007098715031, -0.0003643635637, -0.0001870208988, -9.599427625e-05, -4.927203928e-05, -2.52904022e-05, -1.298108324e-05, -6.662943547e-06, -3.419962408e-06, -1.755401767e-06], "AUX_ENDO_LEAD_83": [0, -0.2870667903, -0.1473459327, -0.07562986949, -0.03881937597, -0.01992524859, -0.01022725177, -0.00524945414, -0.002694445135, -0.001383007526, -0.0007098715031, -0.0003643635637, -0.0001870208988, -9.599427625e-05, -4.927203928e-05, -2.52904022e-05, -1.298108324e-05, -6.662943547e-06, -3.419962408e-06, -1.755401767e-06, -9.01014396e-07], "AUX_ENDO_LEAD_87": [0, -0.1473459327, -0.07562986949, -0.03881937597, -0.01992524859, -0.01022725177, -0.00524945414, -0.002694445135, -0.001383007526, -0.0007098715031, -0.0003643635637, -0.0001870208988, -9.599427625e-05, -4.927203928e-05, -2.52904022e-05, -1.298108324e-05, -6.662943547e-06, -3.419962408e-06, -1.755401767e-06, -9.01014396e-07, -4.624735814e-07], "AUX_ENDO_LEAD_114": [0, -0.2003218043, -0.1028213785, -0.05277626122, -0.02708905278, -0.01390429643, -0.007136811348, -0.003663189753, -0.001880245745, -0.0009650944391, -0.0004953646506, -0.0002542612693, -0.0001305074817, -6.698701231e-05, -3.438316149e-05, -1.764822393e-05, -9.058498245e-06, -4.649555149e-06, -2.386528373e-06, -1.224959699e-06, -6.287485545e-07], "AUX_ENDO_LEAD_118": [0, -0.1028213785, -0.05277626122, -0.02708905278, -0.01390429643, -0.007136811348, -0.003663189753, -0.001880245745, -0.0009650944391, -0.0004953646506, -0.0002542612693, -0.0001305074817, -6.698701231e-05, -3.438316149e-05, -1.764822393e-05, -9.058498245e-06, -4.649555149e-06, -2.386528373e-06, -1.224959699e-06, -6.287485545e-07, -3.227246945e-07],