{"interest_": {"lambda": [0, 0.7104002374, 0.3432979225, 0.1546753133, 0.06065020329, 0.01660260035, -0.001194928987, -0.005352618782, -0.002565417861, 0.003618848229, 0.01132643257, 0.01957381624, 0.02785061027, 0.03589762354, 0.04358878672, 0.05086834225, 0.05771744283, 0.06413639889, 0.07013525241, 0.07572878101, 0.08093385853], "c": [0, -0.7228285698, -0.3501583113, -0.1586470512, -0.06315439026, -0.01839101718, -0.000273536814, 0.003997503085, 0.001217546417, -0.005012291265, -0.01279008472, -0.02111749178, -0.02947639939, -0.03760366274, -0.04537125819, -0.05272253103, -0.05963829293, -0.06611880303, -0.0721742003, -0.07781943258, -0.08307157749], "b": [0, 0, 0, 0, 0, 0, 0, 0, 0, 0, 0, 0, 0, 0, 0, 0, 0, 0, 0, 0, 0], "m": [0, -1.385593252, -0.7160017183, -0.3704475952, -0.1966949681, -0.1137617783, -0.07858229492, -0.06826664311, -0.07066028606, -0.07932031642, -0.09084214583, -0.1034369539, -0.1161747256, -0.1285814787, -0.1404249715, -0.1516007075, -0.1620713123, -0.17183431, -0.1809050114, -0.1893074416, -0.1970695451], "e": [0, 0, 0, 0, 0, 0, 0, 0, 0, 0, 0, 0, 0, 0, 0, 0, 0, 0, 0, 0, 0], "r": [0, 0.1685673085, 0.09304846811, 0.053869267, 0.03396465801, 0.02425656184, 0.01991701871, 0.0183796345, 0.01828137962, 0.01889947387, 0.0198517305, 0.02093709959, 0.02205081815, 0.0231392619, 0.02417592403, 0.02514863648, 0.02605277382, 0.02688764044, 0.0276545517, 0.02835581633, 0.0289941982], "h": [0, -1.652976841, -0.9565148931, -0.5823816335, -0.3799286378, -0.2689819265, -0.2068707004, -0.1708817053, -0.1489223305, -0.1345519754, -0.1243379861, -0.11644861, -0.1099042289, -0.1041788936, -0.09898827277, -0.09417680138, -0.08965761908, -0.08538060055, -0.08131533556, -0.07744206476, -0.07374684937], "w": [0, -1.551588531, -0.830061627, -0.4510452323, -0.2539932161, -0.1534856117, -0.1040801161, -0.0816078797, -0.07322010918, -0.07209140258, -0.07460115955, -0.07883369521, -0.08378009971, -0.0889135301, -0.09396322282, -0.09879425438, -0.1033435749, -0.1075859863, -0.111516055, -0.1151385033, -0.1184631117], "y": [0, -1.093609478, -0.6566568191, -0.4261377287, -0.3052936055, -0.2426437159, -0.2108014718, -0.1952015549, -0.1881010847, -0.1853873644, -0.1848791423, -0.1854226449, -0.1864105471, -0.1875260072, -0.188606468, -0.1895711931, -0.1903827163, -0.1910263403, -0.1914992371, -0.1918046594, -0.1919488708], "k": [0, -0.07040947349, -0.1206679669, -0.1593759419, -0.1911503348, -0.2184864553, -0.2427488731, -0.2646987907, -0.2847747563, -0.3032421122, -0.3202725902, -0.3359867296, -0.3504765105, -0.363817455, -0.376075122, -0.3873086157, -0.3975725029, -0.4069178813, -0.4153929947, -0.4230436031, -0.4299132234], "a": [0, 0, 0, 0, 0, 0, 0, 0, 0, 0, 0, 0, 0, 0, 0, 0, 0, 0, 0, 0, 0], "i": [0, -2.81637894, -2.080749208, -1.66898697, -1.430351656, -1.284595155, -1.188983167, -1.120745579, -1.067737412, -1.023468994, -0.9844612315, -0.948838166, -0.9155779646, -0.8841142912, -0.854124136, -0.8254148697, -0.7978641021, -0.7713876426, -0.7459224147, -0.7214173326, -0.697828413], "cost": [0, -2.110955894, -1.129919701, -0.6072891371, -0.3286282483, -0.1798238224, -0.1001493446, -0.05728803012, -0.03404135505, -0.02125601354, -0.01406000326, -0.009859660319, -0.007273781489, -0.005566416563, -0.004345027561, -0.00339986268, -0.002618477611, -0.001940246513, -0.001332153504, -0.0007759086381, -0.0002610902369], "z": [0, -3.204565372, -1.716167047, -0.9127588989, -0.4745459119, -0.2313172035, -0.09246436116, -0.009740711905, 0.04255635103, 0.07813137827, 0.1043029666, 0.124990285, 0.1423024009, 0.1573840867, 0.1708659594, 0.1831040662, 0.1943074217, 0.2046059161, 0.2140864908, 0.2228124266, 0.2308336421], "mu": [0, -1.776339528, 0.4710565277, 0.2499799821, 0.133596784, 0.0728502449, 0.04163851589, 0.02607498073, 0.01877319248, 0.01580561534, 0.01508522881, 0.01550430611, 0.01647612194, 0.01769107826, 0.0189869323, 0.02027974356, 0.02152713228, 0.02270873212, 0.02381579257, 0.02484565014, 0.02579879036], "pi": [0, -0.3907462758, -0.1985350065, -0.095574141, -0.04015584307, -0.01008294493, 0.006459032508, 0.01575932892, 0.02116683542, 0.02446564571, 0.02660705821, 0.02809911416, 0.02921389362, 0.03009783142, 0.03083042509, 0.03145547955, 0.03199773707, 0.03247172987, 0.03288649396, 0.0332480803, 0.03356089384], "q": [0, -1.656594092, -1.182481832, -0.9107212379, -0.7475879147, -0.6431642435, -0.5708461659, -0.5164376625, -0.4723473168, -0.4344999507, -0.400693086, -0.3697222717, -0.3409155644, -0.3138857427, -0.2883983898, -0.2643016396, -0.2414887371, -0.2198780652, -0.1994024665, -0.1800035155, -0.1616284252], "x": [0, 0, 0, 0, 0, 0, 0, 0, 0, 0, 0, 0, 0, 0, 0, 0, 0, 0, 0, 0, 0], "f": [0, -1.717314514, 0.4531780277, 0.271680665, 0.1738436159, 0.1205787035, 0.09108298974, 0.07428409988, 0.0642878573, 0.05795574343, 0.05361574211, 0.05037631329, 0.04776132163, 0.04551576088, 0.04350236733, 0.04164659984, 0.03990735824, 0.03826139844, 0.03669503645, 0.03519973117, 0.03376973148], "n": [0, -3.776425296, -3.280722557, -2.970537795, -2.76090731, -2.606542613, -2.48327147, -2.378161649, -2.284265157, -2.197821264, -2.116767985, -2.03994985, -1.966696221, -1.896596781, -1.829381973, -1.764859275, -1.702879204, -1.643317136, -1.586063551, -1.531018761, -1.478090034], "rp": [0, 0.08607571267, 0.08305805587, 0.07981850582, 0.07653110056, 0.0732854604, 0.07012641009, 0.06707505822, 0.06414000952, 0.06132332645, 0.05862369696, 0.05603811567, 0.05356277414, 0.05119353051, 0.04892615537, 0.04675645883, 0.04468035449, 0.04269388997, 0.04079325977, 0.038974809, 0.03723503217], "lambda_f": [0, 4.472410597e-15, 1.242919745e-14, 1.024472944e-14, 8.702414904e-15, 7.543262706e-15, 6.588372555e-15, 5.767232163e-15, 5.040771715e-15, 4.386740149e-15, 3.791918575e-15, 3.247972317e-15, 2.74923945e-15, 2.291550061e-15, 1.871594206e-15, 1.486582041e-15, 1.134059618e-15, 8.118076865e-16, 5.17784835e-16, 2.500943717e-16, 6.963996288e-18], "c_f": [0, -3.978857325e-15, 7.492384975e-15, 6.455764309e-15, 6.246001215e-15, 6.380386279e-15, 6.569830213e-15, 6.772234454e-15, 6.966385897e-15, 7.142113821e-15, 7.295055853e-15, 7.423876438e-15, 7.528790197e-15, 7.610779502e-15, 7.671181294e-15, 7.711470241e-15, 7.733146196e-15, 7.737677024e-15, 7.726470749e-15, 7.700863159e-15, 7.662113509e-15], "m_f": [0, 2.730524104e-14, -2.130841879e-15, 2.41951439e-16, 1.758752523e-15, 2.88827026e-15, 3.677197757e-15, 4.26401489e-15, 4.723871833e-15, 5.098131299e-15, 5.410094147e-15, 5.673372231e-15, 5.896348258e-15, 6.084553126e-15, 6.241934844e-15, 6.37153741e-15, 6.475865503e-15, 6.557081806e-15, 6.617115092e-15, 6.65772066e-15, 6.680515259e-15], "r_f": [0, -7.956786851e-15, 2.447910585e-15, 1.580705546e-15, 1.141541457e-15, 8.884220082e-16, 7.35936348e-16, 6.381542483e-16, 5.705656522e-16, 5.200629964e-16, 4.796101173e-16, 4.454051267e-16, 4.153704615e-16, 3.883491951e-16, 3.636771956e-16, 3.409552967e-16, 3.19927915e-16, 3.004183181e-16, 2.822940476e-16, 2.654483953e-16, 2.497904282e-16], "h_f": [0, 5.715743871e-15, 1.56510781e-14, 1.342481733e-14, 1.205395748e-14, 1.111329374e-14, 1.032043749e-14, 9.622348548e-15, 8.989965043e-15, 8.407027063e-15, 7.864127079e-15, 7.355541948e-15, 6.877545214e-15, 6.427507229e-15, 6.003414609e-15, 5.60361291e-15, 5.226668166e-15, 4.871291766e-15, 4.536299092e-15, 4.220586192e-15, 3.923116127e-15], "w_f": [0, -1.715494078e-15, -4.659866889e-15, -3.600492788e-15, -2.794925877e-15, -2.139825317e-15, -1.596857032e-15, -1.130617207e-15, -7.211361852e-16, -3.567232982e-16, -3.015568774e-17, 2.633531712e-16, 5.272377155e-16, 7.641603024e-16, 9.763227329e-16, 1.165634751e-15, 1.333806294e-15, 1.482399025e-15, 1.612856079e-15, 1.726520092e-15, 1.824644868e-15],