{"interest_": {"lambda": [0, 0.3588309903, 0.1057822233, -0.00472481741, -0.03927941457, -0.03263377271, -0.02182759728, -0.01407591618, -0.008597484405, -0.003927666186, 0.0004828623621, 0.004703337329, 0.008700379661, 0.01245787559, 0.01598068259, 0.01928060395, 0.02236949448, 0.02525799572, 0.02795588606, 0.03047242113, 0.03281645513], "c": [0, -0.3747025129, -0.1137394427, 0.001774857009, 0.03947906254, 0.03324512362, 0.02223385755, 0.01429609423, 0.008734424486, 0.004025445956, -0.0004160033223, -0.004668131949, -0.008696907236, -0.01248480201, -0.01603617504, -0.01936284777, -0.02247680464, -0.02538879667, -0.02810868549, -0.0306457984, -0.0330090573], "b": [0, 0, 0, 0, 0, 0, 0, 0, 0, 0, 0, 0, 0, 0, 0, 0, 0, 0, 0, 0, 0], "m": [0, -1.221081924, -0.5380734446, -0.1555374449, 0.05012567392, 0.06584658463, 0.04389846631, 0.02603751172, 0.01603701724, 0.009239739908, 0.003149383336, -0.002790737478, -0.008511733507, -0.01392070478, -0.01899541611, -0.02374865742, -0.02819932464, -0.03236400856, -0.03625700881, -0.03989147415, -0.04327993803], "e": [0, 0, 0, 0, 0, 0, 0, 0, 0, 0, 0, 0, 0, 0, 0, 0, 0, 0, 0, 0, 0], "r": [0, 0.2152678062, 0.107924943, 0.04001074893, -0.002707854948, -0.008291842761, -0.005510168064, -0.002986307502, -0.001857338566, -0.001326201471, -0.0009068190393, -0.0004774957709, -4.709701325e-05, 0.0003652069461, 0.00075265221, 0.001115485099, 0.001455463485, 0.001774072645, 0.002072441344, 0.002351541531, 0.002612291761], "h": [0, -0.8080520666, -0.3410223074, -0.1289822033, -0.05230807406, -0.05018880554, -0.05636694159, -0.05784489301, -0.05593815418, -0.05322371516, -0.0506550551, -0.04832947867, -0.04616082536, -0.04409433417, -0.04211374373, -0.04021633269, -0.0384005514, -0.03666369591, -0.03500248111, -0.03341360607, -0.03189393166], "w": [0, -0.7700430062, -0.279326078, -0.06091331909, 0.01266020342, 0.007093042408, -0.006857143018, -0.01536094321, -0.019869049, -0.02315750828, -0.02626086378, -0.02929786926, -0.03219129917, -0.03489717225, -0.03741207071, -0.03974641293, -0.04191126512, -0.04391589281, -0.04576840262, -0.04747637035, -0.04904705272], "y": [0, -0.5346072473, -0.2364286599, -0.102695565, -0.05650925798, -0.05881076445, -0.06637413838, -0.07066942882, -0.07253563135, -0.07365979381, -0.07467600147, -0.0756591004, -0.07656279538, -0.07736042374, -0.07804997032, -0.07863789186, -0.07913105759, -0.07953523279, -0.07985546213, -0.08009645272, -0.08026270466], "k": [0, -0.03193942456, -0.05130301197, -0.06472292018, -0.07566740752, -0.08593903612, -0.09574245747, -0.1049850725, -0.1136140185, -0.1216389392, -0.1290907722, -0.1360011623, -0.1423983814, -0.1483082667, -0.1537552191, -0.1587625673, -0.1633526347, -0.1675467513, -0.1713652806, -0.174827658, -0.177952432], "a": [0, 0, 0, 0, 0, 0, 0, 0, 0, 0, 0, 0, 0, 0, 0, 0, 0, 0, 0, 0, 0], "i": [0, -1.277576983, -0.8064829209, -0.5880993403, -0.5025024136, -0.4865325517, -0.4780758903, -0.4654470595, -0.4501429117, -0.4346108454, -0.4197122593, -0.4055063763, -0.3918899252, -0.3787937971, -0.3661863613, -0.3540491483, -0.3423652606, -0.3311172979, -0.3202879239, -0.3098603786, -0.2998186171], "cost": [0, -1.043487826, -0.3839197256, -0.08719995745, 0.01686138735, 0.01571500132, 0.003150053771, -0.00253640739, -0.003271571832, -0.002721429633, -0.002239917408, -0.001968247535, -0.001789329153, -0.001631082686, -0.001475844117, -0.001324853763, -0.001180758926, -0.001044355935, -0.000915421598, -0.0007935237012, -0.0006782797215], "z": [0, -1.578095073, -0.5884089609, -0.1385925105, 0.02507504955, 0.03257164438, 0.02271495151, 0.02253662126, 0.02917786934, 0.03723279506, 0.0447230203, 0.05146342425, 0.05764903775, 0.06340687493, 0.06878245231, 0.07379247349, 0.07845075082, 0.08277304595, 0.08677586753, 0.09047530415, 0.09388667364], "mu": [0, -1.354311353, 0.6452275184, 0.379953902, 0.2111192706, 0.01965869762, -0.01943378565, -0.01561944155, -0.007508370211, -0.003984797679, -0.003006029495, -0.002626464887, -0.002201449469, -0.001698572355, -0.001186697384, -0.0007006677408, -0.0002462915876, 0.0001792808055, 0.0005789627297, 0.0009545110748, 0.00130711165], "pi": [0, -0.1332294292, -0.03778096083, -0.002582097685, 0.005456151775, 0.003937786915, 0.002514332662, 0.002241513039, 0.002492124273, 0.002812479653, 0.003084327077, 0.003313655927, 0.003519546561, 0.003710398917, 0.003888013947, 0.004052573571, 0.004204375629, 0.004343964723, 0.00447196298, 0.004588976421, 0.004695575523], "q": [0, -0.7514707811, -0.4555864845, -0.3157436003, -0.257501898, -0.2416708778, -0.2306548976, -0.2174602469, -0.203021841, -0.1888103336, -0.1753267269, -0.1625876583, -0.1505137704, -0.1390477835, -0.1281558952, -0.1178128892, -0.1079951042, -0.09867917493, -0.08984235774, -0.08146281668, -0.07351968215], "x": [0, 0, 0, 0, 0, 0, 0, 0, 0, 0, 0, 0, 0, 0, 0, 0, 0, 0, 0, 0, 0], "f": [0, -0.7838957856, 0.2906742279, 0.1467917785, 0.06932601096, 0.02658840431, 0.02095461688, 0.0226087214, 0.02354662678, 0.02307823146, 0.02211523546, 0.02113539492, 0.02023924196, 0.01940743408, 0.01861695383, 0.01785888093, 0.01713127398, 0.01643353896, 0.01576480951, 0.01512395251, 0.01450978384], "n": [0, -1.679254511, -1.370811826, -1.208357325, -1.124456119, -1.083819255, -1.049264081, -1.013518142, -0.9773037091, -0.9420150823, -0.9081286869, -0.8756432086, -0.8444581044, -0.8144932129, -0.7856921213, -0.7580079448, -0.731396315, -0.7058140179, -0.6812192475, -0.6575718516, -0.6348333605], "rp": [0, 0.03762546082, 0.03628473785, 0.03477141381, 0.03323404617, 0.03176079231, 0.0303604025, 0.02902505856, 0.02774804968, 0.026525764, 0.02535586989, 0.0242362843, 0.02316493001, 0.02213976083, 0.02115880229, 0.02022016451, 0.0193220402, 0.01846269985, 0.01764048759, 0.01685381783, 0.01610117235], "lambda_f": [0, 5.763449099e-17, 4.943190108e-16, 5.732368799e-16, 4.417646922e-16, 3.910738764e-16, 3.525742311e-16, 3.194538598e-16, 2.870097173e-16, 2.557119388e-16, 2.260288596e-16, 1.980964052e-16, 1.718437561e-16, 1.47163056e-16, 1.239583721e-16, 1.021473092e-16, 8.165478132e-17, 6.240987409e-17, 4.434509667e-17, 2.739633094e-17, 1.150278637e-17], "c_f": [0, -1.278855558e-16, 1.38347617e-15, 1.085402039e-15, 1.003662915e-15, 9.802898871e-16, 9.515454343e-16, 9.144253906e-16, 8.751077452e-16, 8.36918617e-16, 8.004985479e-16, 7.656713953e-16, 7.322406629e-16, 7.001103778e-16, 6.69233705e-16, 6.395736632e-16, 6.110919946e-16, 5.837492937e-16, 5.575065299e-16, 5.323257148e-16, 5.08169993e-16], "m_f": [0, 1.589042369e-15, 3.276499607e-16, 1.036902113e-16, -6.098752336e-17, 1.687624997e-16, 2.535434728e-16, 2.726414854e-16, 2.715888912e-16, 2.711108105e-16, 2.728979061e-16, 2.753019733e-16, 2.773285351e-16, 2.78779487e-16, 2.797214389e-16, 2.802360066e-16, 2.803746479e-16, 2.801715879e-16, 2.796557324e-16, 2.788544797e-16, 2.777939602e-16], "r_f": [0, -4.366845198e-16, 2.685707872e-16, 2.49716803e-16, 2.708077667e-16, 2.064272054e-16, 1.775520101e-16, 1.632523158e-16, 1.535187615e-16, 1.439261513e-16, 1.342074165e-16, 1.247369604e-16, 1.157177368e-16, 1.071757185e-16, 9.908204946e-17, 9.140656364e-17, 8.412644086e-17, 7.722295199e-17, 7.067881636e-17, 6.447740171e-17, 5.860268657e-17], "h_f": [0, 2.20792438e-16, 1.352912462e-15, 1.082026884e-15, 9.474460173e-16, 9.23632036e-16, 8.880128138e-16, 8.418487531e-16, 7.928250327e-16, 7.457197305e-16, 7.013611617e-16, 6.594649957e-16, 6.197162641e-16, 5.819450536e-16, 5.460531909e-16, 5.119590718e-16, 4.795818235e-16, 4.488413207e-16, 4.196601664e-16, 3.919644799e-16, 3.656838861e-16], "w_f": [0, 1.695916617e-18, -6.438712051e-17, -1.546761283e-16, -9.742539603e-17, -6.841887037e-17, -4.804560651e-17, -3.273151375e-17, -1.857772612e-17, -5.051513525e-18, 7.748113653e-18, 1.971880578e-17, 3.086514983e-17, 4.123447698e-17, 5.087835906e-17, 5.984278143e-17, 6.816900882e-17, 7.589534601e-17, 8.305791374e-17, 8.969084807e-17, 9.582636413e-17],