{"interest_": {"lambda": [0, 0.3414978328, 0.1815184864, 0.09232664195, 0.04379350314, 0.01854779426, 0.006576898727, 0.002112608056, 0.001834719496, 0.003834817704, 0.007018558579, 0.01076089706, 0.01470722194, 0.01865865488, 0.02250589789, 0.026191085, 0.02968578725, 0.03297833519, 0.03606651551, 0.03895336738, 0.04164476632], "c": [0, -0.3443462291, -0.1831037561, -0.09320159969, -0.04427597586, -0.01882010887, -0.006743268231, -0.002232231927, -0.001940875188, -0.003945871436, -0.007144314925, -0.01090625986, -0.01487430439, -0.01884799506, -0.02271715841, -0.02642345508, -0.02993821328, -0.03324965232, -0.0363555223, -0.03925886761, -0.04196559193], "b": [0, 0, 0, 0, 0, 0, 0, 0, 0, 0, 0, 0, 0, 0, 0, 0, 0, 0, 0, 0, 0], "m": [0, -0.4962424313, -0.2676413045, -0.1398604007, -0.07000475976, -0.03334180805, -0.0156152414, -0.008611404496, -0.007601831268, -0.009868024904, -0.01385051349, -0.01865801057, -0.02378429707, -0.02894492397, -0.03398303141, -0.03881503617, -0.04339931604, -0.0477181591, -0.05176736412, -0.05555025388, -0.05907423349], "e": [0, 0, 0, 0, 0, 0, 0, 0, 0, 0, 0, 0, 0, 0, 0, 0, 0, 0, 0, 0, 0], "r": [0, 0.03863322027, 0.0215012468, 0.01186718108, 0.006543848769, 0.003693443253, 0.002256494164, 0.00162247624, 0.001439805341, 0.001506238182, 0.001705651902, 0.001971577223, 0.00226616403, 0.002568048922, 0.002865357703, 0.003151669856, 0.003423691578, 0.00367991432, 0.003919841781, 0.004143544771, 0.004351405162], "h": [0, -0.8031641303, -0.4963599107, -0.3179176593, -0.2135826786, -0.1520561177, -0.1152810367, -0.09283903807, -0.07871802796, -0.06944773505, -0.06302420336, -0.05828939509, -0.05457331836, -0.05148758922, -0.04880634686, -0.04639755762, -0.04418338521, -0.04211732767, -0.04017102602, -0.03832665215, -0.03657251507], "w": [0, -0.7502224123, -0.4341125554, -0.2541127037, -0.1524842267, -0.09592808356, -0.06524260785, -0.04935774185, -0.04189377051, -0.03917628184, -0.03909113259, -0.04042396043, -0.04247919999, -0.04486032706, -0.04734310469, -0.04980247588, -0.05217040136, -0.05441154715, -0.05650926824, -0.05845753121, -0.06025626212], "y": [0, -0.5313733886, -0.3402387861, -0.2309402886, -0.1687650937, -0.1336938133, -0.1141825796, -0.1035763387, -0.09803991037, -0.09536455471, -0.09427956106, -0.09405515437, -0.0942734432, -0.09469630046, -0.09518915824, -0.0956770558, -0.09611929207, -0.09649480965, -0.09679376908, -0.09701269348, -0.09715167256], "k": [0, -0.03500906971, -0.06089233217, -0.0811430069, -0.09779398879, -0.1120350052, -0.1245686497, -0.1358157892, -0.1460340816, -0.1553863715, -0.1639801731, -0.1718904721, -0.1791729061, -0.1858713923, -0.1920225523, -0.1976582873, -0.2028072862, -0.2074959169, -0.2117487601, -0.2155889379, -0.2190383211], "a": [0, 0, 0, 0, 0, 0, 0, 0, 0, 0, 0, 0, 0, 0, 0, 0, 0, 0, 0, 0, 0], "i": [0, -1.400362788, -1.070339568, -0.8709193215, -0.7471822825, -0.6674346439, -0.613380787, -0.57445423, -0.5445474825, -0.52012568, -0.4991384353, -0.4803921342, -0.4631878307, -0.4471123536, -0.4319177906, -0.4174519525, -0.4036182462, -0.3903525117, -0.377609646, -0.3653558722, -0.3535642664], "cost": [0, -1.022013154, -0.59023368, -0.3410900745, -0.1973018117, -0.114290388, -0.06634106492, -0.03862044127, -0.0225718881, -0.01325946218, -0.007835774886, -0.004658201145, -0.002779075151, -0.001651615829, -0.000960293314, -0.0005229776981, -0.000234494512, -3.406517108e-05, 0.000113474819, 0.0002285101185, 0.0003228953612], "z": [0, -1.553386543, -0.8954633963, -0.5111380309, -0.2849238985, -0.1501902125, -0.06848863939, -0.01762813021, 0.01520399075, 0.03741006467, 0.05327103557, 0.06526681759, 0.07483795379, 0.08282498982, 0.08972194074, 0.09582251875, 0.1013045007, 0.1062784114, 0.1108156226, 0.1149645767, 0.1187601607], "mu": [0, -0.7104654572, 0.1072550006, 0.06009030619, 0.03318968319, 0.0179610916, 0.009449114363, 0.004796040398, 0.002354160908, 0.001173709914, 0.0007074904752, 0.0006404932986, 0.0007916156028, 0.001056970074, 0.001377184493, 0.001718540044, 0.002062092236, 0.00239739646, 0.002718889627, 0.003023803889, 0.003310964091], "pi": [0, -0.2142230259, -0.1213461262, -0.06769059765, -0.03666595774, -0.01870186011, -0.00827745228, -0.002207796507, 0.00134458768, 0.003439903549, 0.004689979057, 0.005447990379, 0.005917902105, 0.006217596971, 0.006415291934, 0.006550544808, 0.006646372109, 0.006716239519, 0.006768094643, 0.006806693645, 0.00683494371], "q": [0, -0.8236933921, -0.6089813992, -0.4764578751, -0.3917643019, -0.3350626333, -0.2948915889, -0.2646226983, -0.240415982, -0.2200406782, -0.2021949639, -0.1861135155, -0.1713411063, -0.157601983, -0.1447244915, -0.1325975732, -0.1211456478, -0.1103141016, -0.1000608955, -0.09035170335, -0.08115708825], "x": [0, 0, 0, 0, 0, 0, 0, 0, 0, 0, 0, 0, 0, 0, 0, 0, 0, 0, 0, 0, 0], "f": [0, -0.8523161944, 0.2034745055, 0.1311631671, 0.0888844742, 0.06395343836, 0.04905188275, 0.03995745166, 0.03423361589, 0.03047401684, 0.02786657409, 0.02594204472, 0.02442898138, 0.02317006516, 0.02207384191, 0.02108688058, 0.02017771186, 0.01932756221, 0.01852500763, 0.0177628888, 0.01703653042], "n": [0, -1.894301487, -1.669190936, -1.518346963, -1.411170897, -1.329978286, -1.2645355, -1.208908186, -1.159643279, -1.114720263, -1.072946166, -1.033606518, -0.9962639673, -0.9606420639, -0.926558179, -0.893884768, -0.8625269852, -0.8324097318, -0.8034701477, -0.7756532449, -0.7489093548], "rp": [0, 0.04349515907, 0.0419713226, 0.04035133538, 0.03870772948, 0.03708098721, 0.03549316099, 0.03395572733, 0.03247411505, 0.03105031496, 0.0296843832, 0.02837530626, 0.0271214981, 0.02592108492, 0.02477206768, 0.02367241412, 0.02262011015, 0.02161318796, 0.02064974067, 0.01972792935, 0.01884598571], "lambda_f": [0, 1.258121753e-15, 1.963709668e-15, 1.852183658e-15, 1.749790479e-15, 1.6714657e-15, 1.61497474e-15, 1.572139535e-15, 1.538159991e-15, 1.510189709e-15, 1.486514129e-15, 1.466076181e-15, 1.448202396e-15, 1.432444686e-15, 1.418488834e-15, 1.406101495e-15, 1.395099414e-15, 1.385331477e-15, 1.376668163e-15, 1.368995294e-15, 1.362210253e-15], "c_f": [0, -1.569368611e-15, -1.516287711e-15, -1.636848163e-15, -1.687161325e-15, -1.605744479e-15, -1.530501327e-15, -1.460925346e-15, -1.396591556e-15, -1.337129397e-15, -1.282206711e-15, -1.231520128e-15, -1.184789185e-15, -1.141752594e-15, -1.102165786e-15, -1.065799193e-15, -1.032436977e-15, -1.001876028e-15, -9.73925133e-16, -9.484042554e-16, -9.251438887e-16], "m_f": [0, 1.204803014e-15, -2.622129461e-15, -2.790499146e-15, -2.667300547e-15, -2.471827819e-15, -2.31754444e-15, -2.189804472e-15, -2.079992121e-15, -1.982979126e-15, -1.895657609e-15, -1.816093333e-15, -1.743036839e-15, -1.675641057e-15, -1.613298027e-15, -1.555544354e-15, -1.502006329e-15, -1.452367937e-15, -1.406352105e-15, -1.363709577e-15, -1.324212225e-15], "r_f": [0, -7.055879149e-16, 2.812673401e-16, 2.934231786e-16, 2.492896056e-16, 2.202806936e-16, 2.001779282e-16, 1.8538496e-16, 1.73818464e-16, 1.642683241e-16, 1.560285409e-16, 1.486843063e-16, 1.4198916e-16, 1.357941104e-16, 1.300067317e-16, 1.245675524e-16, 1.194364198e-16, 1.145846191e-16, 1.099903133e-16, 1.056358984e-16, 1.015064657e-16], "h_f": [0, 2.096319937e-15, 2.004198662e-15, 1.854211384e-15, 1.7660375e-15, 1.783079196e-15, 1.799675532e-15, 1.815180775e-15, 1.82926138e-15, 1.841762426e-15, 1.852630625e-15, 1.861869945e-15, 1.86951607e-15, 1.875621698e-15, 1.880248117e-15, 1.883460372e-15, 1.885324528e-15, 1.885906127e-15, 1.885269332e-15, 1.883476476e-15, 1.880587831e-15], "w_f": [0, -4.035634544e-16, -7.781802059e-16, -7.305171188e-16, -6.799338186e-16, -6.121129562e-16, -5.594865661e-16, -5.170756306e-16, -4.81906733e-16, -4.521692182e-16, -4.267287032e-16, -4.048461573e-16, -3.860155786e-16, -3.698700954e-16, -3.561275499e-16, -3.445588711e-16, -3.349696038e-16, -3.271890395e-16, -3.210637419e-16, -3.16453619e-16, -3.132294734e-16],