{"interest_": {"lambda": [0, 0.1587929374, -0.03951168442, -0.0262508218, -0.01599632543, -0.006514318623, -0.007613917748, -0.006263577706, -0.004197407658, -0.002221189057, -0.0005953898958, 0.0009409224671, 0.002412132928, 0.003798533643, 0.005093992542, 0.006307114658, 0.007443451704, 0.008506348901, 0.009499040428, 0.01042500253, 0.01128756576], "c": [0, -0.1742153781, 0.0400444033, 0.02673718079, 0.01647015282, 0.006128420974, 0.007385387281, 0.006076927795, 0.003991312424, 0.001974048299, 0.0003282172591, -0.001224765681, -0.002713090351, -0.004116187942, -0.005426796816, -0.006653778318, -0.007802903779, -0.00887757453, -0.009881046747, -0.01081684617, -0.01168835631], "b": [0, 0, 0, 0, 0, 0, 0, 0, 0, 0, 0, 0, 0, 0, 0, 0, 0, 0, 0, 0, 0], "m": [0, -0.9966466366, 0.06845266029, 0.05267320784, 0.04173790788, -0.01445031202, -0.004801438596, -0.003876537051, -0.006999111625, -0.01120520707, -0.01391927653, -0.01636125, -0.01876222269, -0.02105571327, -0.02317422365, -0.02514028354, -0.02697137576, -0.0286738939, -0.03025226707, -0.03171266036, -0.03306128183], "e": [0, 0, 0, 0, 0, 0, 0, 0, 0, 0, 0, 0, 0, 0, 0, 0, 0, 0, 0, 0, 0], "r": [0, 0.2091768426, -0.007225344901, -0.006596558911, -0.006426590876, 0.005233986849, 0.003099592496, 0.002531560331, 0.002795300126, 0.003352006622, 0.003623701962, 0.003849807463, 0.004081930002, 0.004308392205, 0.004513873554, 0.004701850462, 0.004875301619, 0.005034988076, 0.005181208159, 0.005314633156, 0.005435981463], "h": [0, -0.3523456185, 0.01109613389, -0.006671800623, -0.01910309831, -0.0311112186, -0.02422806724, -0.02197269414, -0.02125228701, -0.02062701263, -0.01960248741, -0.01863574431, -0.01776150089, -0.01693516449, -0.0161360666, -0.01537058996, -0.0146401399, -0.01394253883, -0.01327575042, -0.01263852067, -0.01202966999], "w": [0, -0.3380991456, 0.04515842895, 0.02285558936, 0.006274893001, -0.009317961802, -0.004715575339, -0.004918171866, -0.006617731792, -0.008275752655, -0.009380178138, -0.01042452173, -0.01145083586, -0.0124167198, -0.0133055234, -0.01412909983, -0.01489371598, -0.01560160889, -0.01625497649, -0.01685665685, -0.01740938024], "y": [0, -0.2331118612, 0.003053977056, -0.0100222882, -0.01963635628, -0.02899138068, -0.02585303653, -0.0256405383, -0.02634999871, -0.02704465513, -0.02740134658, -0.02772274794, -0.02803563026, -0.02831436861, -0.02854865378, -0.02874578255, -0.02890968204, -0.02904179469, -0.02914351952, -0.02921664333, -0.02926288349], "k": [0, -0.01266910498, -0.01657276863, -0.02067891974, -0.02484692214, -0.02902998594, -0.03281147712, -0.03631644688, -0.03959167724, -0.04264876155, -0.04548859192, -0.04812240329, -0.05056165419, -0.05281628874, -0.05489539076, -0.05680781762, -0.05856208924, -0.06016632105, -0.06162824485, -0.06295524181, -0.064154358], "a": [0, 0, 0, 0, 0, 0, 0, 0, 0, 0, 0, 0, 0, 0, 0, 0, 0, 0, 0, 0, 0], "i": [0, -0.5067641992, -0.1688156508, -0.180818813, -0.1873990158, -0.1921694744, -0.180289633, -0.1730102674, -0.1673256614, -0.1618750495, -0.1562419765, -0.1508410467, -0.1456924391, -0.1407470364, -0.1359803694, -0.1313924653, -0.1269786824, -0.1227313616, -0.118643273, -0.1147081235, -0.1109198892], "cost": [0, -0.4573329029, 0.05320058578, 0.02620607694, 0.006808150972, -0.01143779972, -0.003090606049, -0.001250327704, -0.001520020092, -0.001858110149, -0.001581318971, -0.001337518099, -0.001176706487, -0.001037515683, -0.0008929362229, -0.0007539072361, -0.0006241738384, -0.0005023530297, -0.0003872073856, -0.0002785341901, -0.0001761667366], "z": [0, -0.690444764, 0.06892366782, 0.03275655737, 0.007850714428, -0.01558225826, 8.634336853e-05, 0.005920611118, 0.008446428076, 0.01068891196, 0.013666096, 0.01642832588, 0.01891006655, 0.0212097699, 0.02337469875, 0.02539570097, 0.02727396174, 0.02901794152, 0.03063559414, 0.03213306733, 0.03351619159], "mu": [0, -1.027804436, 1.075971518, -0.009743934726, -0.007277362507, -0.05313280397, 0.01378326115, 0.005374834083, 0.001475155805, 0.0005654232873, 0.002263736316, 0.002718040861, 0.002920045228, 0.003174840135, 0.003485340731, 0.003760935774, 0.004007095288, 0.004235680681, 0.00444930643, 0.004646776977, 0.004828574914], "pi": [0, -0.03115779947, 0.01087222071, 0.006035517723, 0.003657937454, 0.003055415932, 0.004134387724, 0.004449932538, 0.004597730379, 0.004771518728, 0.004977805783, 0.005160014325, 0.005321017924, 0.005468330717, 0.005603851104, 0.00572699567, 0.005838187509, 0.005938198816, 0.006027679604, 0.006107170265, 0.006177196381], "q": [0, -0.298078702, -0.09184539826, -0.09660952333, -0.09806476049, -0.09841912524, -0.08897092439, -0.08246492843, -0.07705961999, -0.07192707959, -0.06681552903, -0.06196831392, -0.05739069509, -0.05304704183, -0.04891711222, -0.04499557922, -0.04127450269, -0.037744366, -0.03439614311, -0.03122158461, -0.02821280559], "x": [0, 0, 0, 0, 0, 0, 0, 0, 0, 0, 0, 0, 0, 0, 0, 0, 0, 0, 0, 0, 0], "f": [0, -0.3134695772, 0.2125396, 0.0003103637748, 0.002699382756, 0.002894978162, 0.01294154399, 0.009972990028, 0.008759352137, 0.008373219294, 0.0082685072, 0.007922386538, 0.007570577738, 0.007256436584, 0.006965634196, 0.006682687727, 0.006409945333, 0.006148942036, 0.005899145235, 0.005659695807, 0.00543014872], "n": [0, -0.6496758583, -0.4315426049, -0.4257141364, -0.417601801, -0.4094001795, -0.3913854984, -0.3765319035, -0.3630664852, -0.350154564, -0.3375112377, -0.3253713886, -0.3137341897, -0.3025560233, -0.2918079754, -0.2814767868, -0.2715470498, -0.2620020385, -0.2528257668, -0.2440033013, -0.235520339], "rp": [0, 0.01423497815, 0.0135712264, 0.01295387912, 0.01237698497, 0.01184194487, 0.01132333007, 0.01082552218, 0.0103494379, 0.009894306361, 0.009458698901, 0.009041788199, 0.008642837298, 0.008261093095, 0.007895809843, 0.00754628238, 0.007211839232, 0.006891836763, 0.006585657913, 0.006292711946, 0.006012433368], "lambda_f": [0, 2.17221987e-16, 1.612315796e-16, 2.513546596e-16, 2.110007089e-16, 2.063266083e-16, 1.863801536e-16, 1.730040204e-16, 1.593381538e-16, 1.466455892e-16, 1.343674984e-16, 1.227764607e-16, 1.117789593e-16, 1.013504497e-16, 9.145758664e-17, 8.208053617e-17, 7.319556779e-17, 6.477998427e-17, 5.681208308e-17, 4.927135972e-17, 4.213815343e-17], "c_f": [0, 3.266858908e-16, -9.838400119e-17, 5.431852246e-16, 4.768995902e-16, 4.130552784e-16, 3.660379504e-16, 3.534145328e-16, 3.324696784e-16, 3.096262519e-16, 2.880689736e-16, 2.683877615e-16, 2.496332263e-16, 2.317113023e-16, 2.146759438e-16, 1.985182455e-16, 1.831821357e-16, 1.686250928e-16, 1.548133395e-16, 1.417140384e-16, 1.292944246e-16], "m_f": [0, 1.065823017e-16, -4.344007653e-16, 3.021266296e-16, 1.256846972e-16, 2.144019317e-16, 1.44860621e-16, 1.251478452e-16, 1.03132977e-16, 8.503427518e-17, 6.543273517e-17, 4.734871792e-17, 3.042133113e-17, 1.454491663e-17, -4.339777384e-19, -1.451332089e-17, -2.772992798e-17, -4.012710048e-17, -5.174702128e-17, -6.262674017e-17, -7.280185535e-17], "r_f": [0, 5.599040736e-17, 8.546355089e-17, 6.13243767e-17, 8.933970259e-17, 5.053604152e-17, 5.626364753e-17, 5.806631091e-17, 5.833786785e-17, 5.713048883e-17, 5.663248942e-17, 5.622572562e-17, 5.576050139e-17, 5.523976312e-17, 5.47162629e-17, 5.418721868e-17, 5.364773143e-17, 5.309799832e-17, 5.254015633e-17, 5.197527594e-17, 5.140407684e-17], "h_f": [0, 2.61367596e-16, -8.528792591e-17, 4.843694136e-16, 4.190078385e-16, 3.723496688e-16, 3.259655415e-16, 3.117532468e-16, 2.910317468e-16, 2.691430453e-16, 2.482414694e-16, 2.290801313e-16, 2.108645428e-16, 1.93498184e-16, 1.770069505e-16, 1.6138068e-16, 1.465675708e-16, 1.325259477e-16, 1.192215321e-16, 1.066214499e-16, 9.46931504e-17], "w_f": [0, -8.594799781e-17, -1.080137361e-16, -7.669079822e-17, -6.330470913e-17, -6.810690559e-17, -6.333190567e-17, -5.77262921e-17, -5.294908398e-17, -4.890652003e-17, -4.493446281e-17, -4.109427278e-17, -3.745139362e-17, -3.400529724e-17, -3.073259325e-17, -2.762395674e-17, -2.467382626e-17, -2.187560631e-17, -1.922215701e-17, -1.670682883e-17, -1.432339721e-17],