{"interest_": {"xi": [0, 0.004521229829, 0.00134974073, -3.759938273e-05, -0.0005160534072, -0.000561032896, -0.000423513545, -0.0002303807538, -4.132283808e-05, 0.0001192862728, 0.0002447977058, 0.0003367921365, 0.0004001125026, 0.0004403892375, 0.0004629067692, 0.0004721682983, 0.0004718057622, 0.0004646456137, 0.0004528323235, 0.0004379615156, 0.0004212013712], "s": [0, -0.0001379718071, -0.0002431018364, -0.000318543919, -0.0003693241489, -0.0004006511604, -0.0004171843534, -0.0004227916264, -0.0004205416491, -0.0004127956714, -0.0004013303075, -0.0003874587915, -0.0003721372147, -0.0003560518509, -0.0003396881714, -0.0003233839698, -0.000307369498, -0.0002917973715, -0.0002767646156, -0.0002623287818, -0.0002485196476], "c": [0, -0.002759436141, -0.002240572393, -0.001751943489, -0.001334148518, -0.0009958643788, -0.0007313150193, -0.0005293298145, -0.0003777920803, -0.0002656220944, -0.0001834883944, -0.0001238999875, -8.102725401e-05, -5.04299391e-05, -2.877826122e-05, -1.36041391e-05, -3.094533997e-06, 4.073031733e-06, 8.857745971e-06, 1.19520617e-05, 1.385390229e-05], "x": [0, -0.001408086982, -0.001196124091, -0.0009870205645, -0.0008027003363, -0.0006495146001, -0.0005265093469, -0.0004297676238, -0.0003545868064, -0.0002964875385, -0.0002516118302, -0.0002168171013, -0.0001896311982, -0.0001681542505, -0.0001509497795, -0.0001369441657, -0.0001253415277, -0.0001155551505, -0.0001071539866, -9.982182323e-05, -9.332660523e-05], "pt": [0, 0, 0.0004973135592, 0.0008762503157, 0.001148178121, 0.001331213318, 0.001444130209, 0.001503723406, 0.001523934585, 0.001515824637, 0.001487904587, 0.001446578166, 0.001396578872, 0.001341352894, 0.001283373879, 0.001224391687, 0.00116562388, 0.001107900391, 0.001051771318, 0.0009975863838, 0.0009455530295], "y": [0, -0.002759436141, -0.002240572393, -0.001751943489, -0.001334148518, -0.0009958643788, -0.0007313150193, -0.0005293298145, -0.0003777920803, -0.0002656220944, -0.0001834883944, -0.0001238999875, -8.102725401e-05, -5.04299391e-05, -2.877826122e-05, -1.36041391e-05, -3.094533997e-06, 4.073031733e-06, 8.857745971e-06, 1.19520617e-05, 1.385390229e-05], "h": [0, -0.002961449109, -0.002404600352, -0.001880199874, -0.001431818943, -0.001068769678, -0.0007848531733, -0.0005680810235, -0.0004054495057, -0.0002850677727, -0.0001969212239, -0.0001329704652, -8.695910211e-05, -5.412181713e-05, -3.08850619e-05, -1.460007174e-05, -3.321078829e-06, 4.371210486e-06, 9.506204373e-06, 1.282704895e-05, 1.486811961e-05], "pii": [0, -0.0001829618119, -0.0004782355297, -0.0005464075243, -0.0005109579526, -0.0004360904205, -0.0003534767994, -0.0002773569282, -0.0002129530138, -0.0001610761703, -0.0001205860888, -8.96565785e-05, -6.638905141e-05, -4.90791319e-05, -3.630581038e-05, -2.693540475e-05, -2.008922015e-05, -1.50997678e-05, -1.146735367e-05, -8.821960868e-06, -6.891870298e-06], "A": [0, 0, 0, 0, 0, 0, 0, 0, 0, 0, 0, 0, 0, 0, 0, 0, 0, 0, 0, 0, 0], "D": [0, 8.94764285e-19, 8.052878565e-19, 7.247590709e-19, 6.522831638e-19, 5.870548474e-19, 5.283493627e-19, 4.755144264e-19, 4.279629838e-19, 3.851666854e-19, 3.466500168e-19, 3.119850152e-19, 2.807865136e-19, 2.527078623e-19, 2.27437076e-19, 2.046933684e-19, 1.842240316e-19, 1.658016284e-19, 1.492214656e-19, 1.34299319e-19, 1.208693871e-19], "w": [0, -0.0005215319675, -0.0006654653125, -0.0006342817698, -0.0005338344004, -0.0004168063573, -0.0003072833199, -0.0002144736817, -0.0001402402135, -8.313730621e-05, -4.050056915e-05, -9.469904614e-06, 1.25570981e-05, 2.776504181e-05, 3.790290216e-05, 4.432816664e-05, 4.807180538e-05, 4.990431018e-05, 5.03943626e-05, 4.995745435e-05, 4.889452353e-05], "pS": [0, -0.00279645359, -0.002165121516, -0.001712732443, -0.001385399921, -0.001145859702, -0.0009682387535, -0.0008345073477, -0.0007320589658, -0.0006520510047, -0.000588261852, -0.0005363004053, -0.0004930573717, -0.0004563231847, -0.0004245212035, -0.0003965209595, -0.0003715071549, -0.000348887599, -0.0003282283988, -0.0003092082684, -0.0002915862705], "m": [0, 0.006672344723, -0.00125436787, -0.001181319208, -0.001010095822, -0.0008178824992, -0.0006396262935, -0.0004883723314, -0.0003664096277, -0.0002712322457, -0.0001986141573, -0.0001441061474, -0.0001036918376, -7.401237743e-05, -5.238311967e-05, -3.672082799e-05, -2.544187056e-05, -1.736026037e-05, -1.159769977e-05, -7.509321761e-06, -4.62482329e-06], "dt": [0, -0.0003284292476, -0.0001334669636, -4.164100844e-05, -3.740836196e-06, 7.297341331e-06, 6.019753344e-06, -1.322438447e-08, -7.073558849e-06, -1.34855991e-05, -1.863452394e-05, -2.2423763e-05, -2.498547981e-05, -2.653176119e-05, -2.728260079e-05, -2.743470537e-05, -2.71511617e-05, -2.656109921e-05, -2.576359511e-05, -2.483290034e-05, -2.382360097e-05], "z": [0, -0.01305135892, -0.003896274109, 0.0001085375125, 0.001489682784, 0.001619524326, 0.001222549504, 0.000665036289, 0.0001192859491, -0.000344341699, -0.0007066534643, -0.0009722122569, -0.001154998104, -0.001271264285, -0.001336265269, -0.001363000371, -0.001361953844, -0.001341284762, -0.001307183534, -0.00126425622, -0.00121587499], "abar": [0, -0.0006693004576, -0.0001998089287, 5.566026284e-06, 7.639398894e-05, 8.305252955e-05, 6.269484635e-05, 3.410442508e-05, 6.117228161e-06, -1.765854867e-05, -3.623863919e-05, -4.985703882e-05, -5.923067201e-05, -6.519304024e-05, -6.852642404e-05, -6.989745491e-05, -6.984378685e-05, -6.878383396e-05, -6.703505303e-05, -6.483365232e-05, -6.23525636e-05], "mu": [0, 0.001970474015, 0.002031201061, 0.001791277638, 0.001454651175, 0.001118476587, 0.0008234952374, 0.0005819018982, 0.0003924445261, 0.0002483667897, 0.0001414000923, 6.36214774e-05, 8.194004327e-06, -3.045054298e-05, -5.668512456e-05, -7.385995948e-05, -8.449627341e-05, -9.046603698e-05, -9.314453024e-05, -9.353341324e-05, -9.235681789e-05], "v": [0, 0.0003448997063, 0.0002325752373, 0.0002111946479, 0.0002277086026, 0.0002554749418, 0.0002821036225, 0.0003026577107, 0.0003159119099, 0.0003223399504, 0.0003230673502, 0.000319354155, 0.0003123617972, 0.0003030670345, 0.0002922479203, 0.0002805017156, 0.0002682740986, 0.0002558896554, 0.0002435792851, 0.0002315030503, 0.0002197683949], "lambda": [0, -0.04275628095, -0.03308230027, -0.0240642602, -0.01644542128, -0.01036976599, -0.005712336599, -0.002250002202, 0.0002551034406, 0.002018751014, 0.003221747101, 0.004008667162, 0.004491617798, 0.004755668689, 0.004864343526, 0.004864485493, 0.004790283467, 0.004666468376, 0.004510781891, 0.004335846597, 0.004150562818], "R": [0, 0.0008073445569, 0.0006628439762, 0.0005223553699, 0.0004002509057, 0.000300395935, 0.0002217792337, 0.0001614583309, 0.0001160269195, 8.228695386e-05, 5.750667894e-05, 3.947395907e-05, 2.645719551e-05, 1.71320018e-05, 1.050215601e-05, 5.827502603e-06, 2.563311691e-06, 3.116353453e-07, -1.216531932e-06, -2.230069267e-06, -2.87933903e-06], "varrho": [0, 0, 1.110223025e-16, 0, 0, 0, 0, 0, 0, 0, 0, 0, 0, 0, 0, 0, 0, 0, 0, 0, 0], "F": [0, 0, 0, 0, 0, 0, 0, 0, 0, 0, 0, 0, 0, 0, 0, 0, 0, 0, 0, 0, 0], "xi_f": [0, 0, 2.220446049e-16, 2.220446049e-16, 2.220446049e-16, 0, 0, 0, 0, 0, 0, 0, 0, 0, 0, 0, 0, 0, 0, 0, 0], "s_f": [0, 0, 0, 0, 0, 0, 0, 0, 0, 0, 0, 0, 0, 0, 0, 0, 0, 0, 0, 0, 0], "c_f": [0, 5.551115123e-17, 0, 0, 0, 0, 0, 0, 0, 0, 0, 0, 0, 0, 0, 0, 0, 0, 0, 0, 0], "x_f": [0, 2.775557562e-17, -2.775557562e-17, 0, 0, 0, 0, 0, 0, 0, 0, 0, 0, 0, 0, 0, 0, 0, 0, 0, 0], "pt_f": [0, 0, 2.220446049e-16, 0, 0, 0, 0, 0, 0, 0, 0, 0, 0, 0, 0, 0, 0, 0, 0, 0, 0], "y_f": [0, 1.110223025e-16, 0, 0, 0, 0, 0, 0, 0, 0, 0, 0, 0, 0, 0, 0, 0, 0, 0, 0, 0], "h_f": [0, 1.110223025e-16, 4.440892099e-16, 3.330669074e-16, 2.220446049e-16, 2.220446049e-16, 1.110223025e-16, 1.110223025e-16, 1.110223025e-16, 1.110223025e-16, 0, 0, 0, 0, 0, 0, 0, 0, 0, 0, 0], "pii_f": [0, 0, 0, 0, 0, 0, 0, 0, 0, 0, 0, 0, 0, 0, 0, 0, 0, 0, 0, 0, 0],