{"interest_": {"y": [0, -0.4732014748, -0.235553628, -0.1172555763, -0.05836832273, -0.0290550028, -0.01446320792, -0.007199599494, -0.003583868333, -0.001784003713, -0.0008880541781, -0.0004420619854, -0.0002200527893, -0.0001095394576, -5.452733773e-05, -2.714300971e-05, -1.351144227e-05, -6.725822754e-06, -3.348028345e-06, -1.66660559e-06, -8.296148977e-07], "pi": [0, -0.5690348535, -0.2832582553, -0.1410023283, -0.07018915143, -0.03493925979, -0.01739231562, -0.008657671755, -0.004309678013, -0.002145302467, -0.001067904066, -0.0005315889542, -0.0002646181667, -0.0001317235311, -6.557028515e-05, -3.264004737e-05, -1.624779715e-05, -8.087945134e-06, -4.026075404e-06, -2.004128724e-06, -9.976295868e-07], "ir": [0, 0.1555584939, 0.07743502408, 0.03854616231, 0.01918778546, 0.009551433622, 0.004754581212, 0.002366769576, 0.001178147554, 0.0005864667492, 0.0002919356295, 0.0001453218139, 7.233933601e-05, 3.600959411e-05, 1.792511432e-05, 8.92289212e-06, 4.44170131e-06, 2.211021972e-06, 1.100618393e-06, 5.478737268e-07, 2.727245177e-07], "mp": [0, 0.2371436696, 0.1180470787, 0.05876232245, 0.02925113081, 0.01456083793, 0.007248198461, 0.003608060275, 0.001796046152, 0.0008940487498, 0.0004450460064, 0.0002215381967, 0.0001102788743, 5.489540991e-05, 2.732623132e-05, 1.360264764e-05, 6.771223618e-06, 3.370628313e-06, 1.677855565e-06, 8.352149908e-07, 4.157593153e-07], "mn": [0, -0.7103451444, -0.3536007066, -0.1760178988, -0.08761945355, -0.04361584074, -0.02171140639, -0.01080765977, -0.005379914484, -0.002678052462, -0.001333100185, -0.0006636001822, -0.0003303316637, -0.0001644348675, -8.185356906e-05, -4.074565736e-05, -2.028266589e-05, -1.009645107e-05, -5.02588391e-06, -2.501820581e-06, -1.245374213e-06], "yf": [0, 0, 4.440892099e-16, 2.220446049e-16, 2.220446049e-16, 2.220446049e-16, 2.220446049e-16, 2.220446049e-16, 2.220446049e-16, 2.220446049e-16, 2.220446049e-16, 2.220446049e-16, 2.220446049e-16, 2.220446049e-16, 0, 0, 0, 0, 0, 0, 0], "mpf": [0, 2.844946501e-16, -4.857225733e-16, -1.595945598e-16, -1.040834086e-16, -9.020562075e-17, -7.632783294e-17, -6.938893904e-17, -6.938893904e-17, -6.245004514e-17, -5.551115123e-17, -5.551115123e-17, -4.857225733e-17, -4.857225733e-17, -4.163336342e-17, -4.163336342e-17, -4.163336342e-17, -3.469446952e-17, -3.469446952e-17, -3.469446952e-17, -2.775557562e-17], "mnf": [0, -2.220446049e-16, 8.881784197e-16, 4.440892099e-16, 2.220446049e-16, 2.220446049e-16, 2.220446049e-16, 2.220446049e-16, 2.220446049e-16, 2.220446049e-16, 2.220446049e-16, 2.220446049e-16, 2.220446049e-16, 2.220446049e-16, 2.220446049e-16, 2.220446049e-16, 2.220446049e-16, 2.220446049e-16, 2.220446049e-16, 2.220446049e-16, 0], "ea": [0, 2.140191197e-16, 2.011351687e-16, 1.890268316e-16, 1.776474163e-16, 1.669530418e-16, 1.569024687e-16, 1.474569401e-16, 1.385800323e-16, 1.302375144e-16, 1.22397216e-16, 1.150289036e-16, 1.081041636e-16, 1.015962929e-16, 9.548019611e-17, 8.973228831e-17, 8.433040455e-17, 7.92537142e-17, 7.44826406e-17, 6.999878564e-17, 6.578485874e-17], "eu": [0, 0, 1.222273828e-16, 1.964910627e-16, 2.367335557e-16, 2.504169798e-16, 2.511697788e-16, 2.45762758e-16, 2.37553684e-16, 2.282019348e-16, 2.185220045e-16, 2.089083407e-16, 1.995468005e-16, 1.905198866e-16, 1.818591108e-16, 1.735710392e-16, 1.656502369e-16, 1.58085693e-16, 1.508640002e-16, 1.439709209e-16, 1.373921494e-16], "ei": [0, 0, 0, 0, 0, 0, 0, 0, 0, 0, 0, 0, 0, 0, 0, 0, 0, 0, 0, 0, 0], "ep": [0, 0, 0, 0, 0, 0, 0, 0, 0, 0, 0, 0, 0, 0, 0, 0, 0, 0, 0, 0, 0], "en": [0, 0, 0, 0, 0, 0, 0, 0, 0, 0, 0, 0, 0, 0, 0, 0, 0, 0, 0, 0, 0], "vel": [0, 0, 5.551115123e-17, 0, 0, 0, 0, 0, 0, 0, 0, 0, 0, 0, 0, 0, 0, 0, 0, 0, 0], "interest": [0, 0.6222339756, 0.3097400963, 0.1541846492, 0.07675114182, 0.03820573449, 0.01901832485, 0.009467078304, 0.004712590217, 0.002345866997, 0.001167742518, 0.0005812872557, 0.0002893573441, 0.0001440383765, 7.17004573e-05, 3.569156848e-05, 1.776680524e-05, 8.844087887e-06, 4.402473573e-06, 2.191494907e-06, 1.090898071e-06], "inflation": [0, -0.5690348535, -0.8522931088, -0.9932954371, -1.063484589, -0.5293889948, -0.2635230551, -0.1311783986, -0.06529892518, -0.03250496786, -0.0161805563, -0.0080544735, -0.004009413654, -0.001995834718, -0.0009935009372, -0.0004945520303, -0.0002461816608, -0.0001225460748, -6.100186506e-05, -3.036594641e-05, -1.511577885e-05], "inflationq": [0, -2.276139414, -1.133033021, -0.5640093131, -0.2807566057, -0.1397570392, -0.06956926249, -0.03463068702, -0.01723871205, -0.008581209867, -0.004271616265, -0.002126355817, -0.001058472667, -0.0005268941244, -0.0002622811406, -0.0001305601895, -6.499118861e-05, -3.235178054e-05, -1.610430162e-05, -8.016514896e-06, -3.990518347e-06], "outputgap": [0, -0.4732014748, -0.235553628, -0.1172555763, -0.05836832273, -0.0290550028, -0.01446320792, -0.007199599494, -0.003583868333, -0.001784003713, -0.0008880541781, -0.0004420619854, -0.0002200527893, -0.0001095394576, -5.452733773e-05, -2.714300971e-05, -1.351144227e-05, -6.725822754e-06, -3.348028345e-06, -1.66660559e-06, -8.296148978e-07], "output": [0, -0.4732014748, -0.235553628, -0.1172555763, -0.05836832273, -0.0290550028, -0.01446320792, -0.007199599494, -0.003583868333, -0.001784003713, -0.0008880541781, -0.0004420619854, -0.0002200527893, -0.0001095394576, -5.452733773e-05, -2.714300971e-05, -1.351144227e-05, -6.725822754e-06, -3.348028345e-06, -1.66660559e-06, -8.296148977e-07], "AUX_ENDO_LEAD_80": [0, -1.133033021, -0.5640093131, -0.2807566057, -0.1397570392, -0.06956926249, -0.03463068702, -0.01723871205, -0.008581209867, -0.004271616265, -0.002126355817, -0.001058472667, -0.0005268941244, -0.0002622811406, -0.0001305601895, -6.499118861e-05, -3.235178054e-05, -1.610430162e-05, -8.016514896e-06, -3.990518347e-06, -1.986428877e-06], "AUX_ENDO_LEAD_84": [0, -0.5640093131, -0.2807566057, -0.1397570392, -0.06956926249, -0.03463068702, -0.01723871205, -0.008581209867, -0.004271616265, -0.002126355817, -0.001058472667, -0.0005268941244, -0.0002622811406, -0.0001305601895, -6.499118861e-05, -3.235178054e-05, -1.610430162e-05, -8.016514896e-06, -3.990518347e-06, -1.986428877e-06, -9.888188299e-07], "AUX_ENDO_LEAD_88": [0, -0.2807566057, -0.1397570392, -0.06956926249, -0.03463068702, -0.01723871205, -0.008581209867, -0.004271616265, -0.002126355817, -0.001058472667, -0.0005268941244, -0.0002622811406, -0.0001305601895, -6.499118861e-05, -3.235178054e-05, -1.610430162e-05, -8.016514896e-06, -3.990518347e-06, -1.986428877e-06, -9.888188299e-07, -4.922213373e-07], "AUX_ENDO_LEAD_115": [0, -0.235553628, -0.1172555763, -0.05836832273, -0.0290550028, -0.01446320792, -0.007199599494, -0.003583868333, -0.001784003713, -0.0008880541781, -0.0004420619854, -0.0002200527893, -0.0001095394576, -5.452733773e-05, -2.714300971e-05, -1.351144227e-05, -6.725822754e-06, -3.348028345e-06, -1.66660559e-06, -8.296148978e-07, -4.129716609e-07], "AUX_ENDO_LEAD_119": [0, -0.1172555763, -0.05836832273, -0.0290550028, -0.01446320792, -0.007199599494, -0.003583868333, -0.001784003713, -0.0008880541781, -0.0004420619854, -0.0002200527893, -0.0001095394576, -5.452733773e-05, -2.714300971e-05, -1.351144227e-05, -6.725822754e-06, -3.348028345e-06, -1.66660559e-06, -8.296148978e-07, -4.129716609e-07, -2.055719987e-07], "AUX_ENDO_LEAD_123": [0, -0.05836832273, -0.0290550028, -0.01446320792, -0.007199599494, -0.003583868333, -0.001784003713, -0.0008880541781, -0.0004420619854, -0.0002200527893, -0.0001095394576, -5.452733773e-05, -2.714300971e-05, -1.351144227e-05, -6.725822754e-06, -3.348028345e-06, -1.66660559e-06, -8.296148978e-07, -4.129716609e-07, -2.055719987e-07, -1.023311056e-07], "AUX_ENDO_LEAD_150": [0, -0.235553628, -0.1172555763, -0.05836832273, -0.0290550028, -0.01446320792, -0.007199599494, -0.003583868333, -0.001784003713, -0.0008880541781, -0.0004420619854, -0.0002200527893, -0.0001095394576, -5.452733773e-05, -2.714300971e-05, -1.351144227e-05, -6.725822754e-06, -3.348028345e-06, -1.66660559e-06, -8.296148977e-07, -4.129716609e-07],