{"interest_": {"y": [0, -0.4648611036, -0.2340859863, -0.1178766057, -0.05935807768, -0.02989042114, -0.01505165448, -0.00757942826, -0.003816705519, -0.001921944575, -0.000967816597, -0.0004873548269, -0.0002454129512, -0.000123580425, -6.223029943e-05, -3.133676039e-05, -1.577997472e-05, -7.946182028e-06, -4.001388465e-06, -2.014943729e-06, -1.014647357e-06], "pi": [0, -0.567100057, -0.28556955, -0.1438017276, -0.07241296157, -0.03646435333, -0.01836203126, -0.009246405354, -0.004656130402, -0.002344646324, -0.001180672771, -0.000594540924, -0.0002993877042, -0.000150760013, -7.591688372e-05, -3.822879235e-05, -1.925053418e-05, -9.693820898e-06, -4.881431482e-06, -2.458099192e-06, -1.237803226e-06], "ir": [0, 0.1405567041, 0.07077889386, 0.03564150034, 0.01794767447, 0.009037751378, 0.004551060368, 0.002291737138, 0.001154029761, 0.0005811245397, 0.0002926317345, 0.0001473579692, 7.420374666e-05, 3.736612311e-05, 1.881612747e-05, 9.475070562e-06, 4.771277314e-06, 2.402629834e-06, 1.209871013e-06, 6.092440241e-07, 3.067916141e-07], "mp": [0, 0.2277380698, 0.1146800416, 0.05774841224, 0.02907985618, 0.01464348547, 0.007373890207, 0.003713204544, 0.001869825505, 0.0009415714593, 0.0004741387955, 0.0002387578714, 0.0001202291854, 6.054274542e-05, 3.048697378e-05, 1.535205521e-05, 7.73069839e-06, 3.892879278e-06, 1.960302719e-06, 9.87132268e-07, 4.970814482e-07], "mn": [0, -0.6925991735, -0.3487660279, -0.1756250179, -0.08843793386, -0.04453390661, -0.02242554469, -0.0112926328, -0.005686531025, -0.002863516034, -0.001441955392, -0.0007261126983, -0.0003656421366, -0.0001841231704, -9.271727321e-05, -4.66888156e-05, -2.351067311e-05, -1.183906131e-05, -5.961691184e-06, -3.002075996e-06, -1.511728805e-06], "yf": [0, 2.220446049e-16, 2.220446049e-16, 2.220446049e-16, 2.220446049e-16, 0, 0, 0, 0, 0, 0, 0, 0, 0, 0, 0, 0, 0, 0, 0, 0], "mpf": [0, -9.714451465e-17, -2.91433544e-16, -2.289834988e-16, -1.387778781e-16, -8.326672685e-17, -5.551115123e-17, -4.163336342e-17, -2.775557562e-17, -2.775557562e-17, -2.081668171e-17, -2.081668171e-17, -2.081668171e-17, -1.387778781e-17, -1.387778781e-17, -1.387778781e-17, -1.387778781e-17, -1.387778781e-17, -1.387778781e-17, -1.387778781e-17, -1.387778781e-17], "mnf": [0, 2.220446049e-16, 2.220446049e-16, 4.440892099e-16, 2.220446049e-16, 2.220446049e-16, 2.220446049e-16, 0, 0, 0, 0, 0, 0, 0, 0, 0, 0, 0, 0, 0, 0], "ea": [0, 7.462462071e-17, 7.013221854e-17, 6.591025898e-17, 6.194246139e-17, 5.821352522e-17, 5.4709071e-17, 5.141558493e-17, 4.832036671e-17, 4.541148064e-17, 4.26777095e-17, 4.010851139e-17, 3.7693979e-17, 3.542480147e-17, 3.329222842e-17, 3.128803627e-17, 2.940449649e-17, 2.76343458e-17, 2.597075818e-17, 2.440731854e-17, 2.293799796e-17], "eu": [0, 0, 7.796404235e-17, 8.874812928e-17, 1.939156543e-16, 2.400543254e-16, 2.567800158e-16, 2.589918855e-16, 2.541789807e-16, 2.460995234e-16, 2.366336303e-16, 2.267162429e-16, 2.168068888e-16, 2.071262112e-16, 1.977750518e-16, 1.887943939e-16, 1.801955265e-16, 1.719752125e-16, 1.641233081e-16, 1.566265806e-16, 1.494706129e-16], "ei": [0, 0, 0, 0, 0, 0, 0, 0, 0, 0, 0, 0, 0, 0, 0, 0, 0, 0, 0, 0, 0], "ep": [0, 0, 0, 0, 0, 0, 0, 0, 0, 0, 0, 0, 0, 0, 0, 0, 0, 0, 0, 0, 0], "en": [0, 0, 0, 0, 0, 0, 0, 0, 0, 0, 0, 0, 0, 0, 0, 0, 0, 0, 0, 0, 0], "vel": [0, 0, 0, 0, 0, 0, 0, 0, 0, 0, 0, 0, 0, 0, 0, 0, 0, 0, 0, 0, 0], "interest": [0, 0.5622268164, 0.2831155755, 0.1425660013, 0.07179069787, 0.03615100551, 0.01820424147, 0.009166948552, 0.004616119044, 0.002324498159, 0.001170526938, 0.0005894318768, 0.0002968149866, 0.0001494644924, 7.526450989e-05, 3.790028225e-05, 1.908510926e-05, 9.610519335e-06, 4.839484052e-06, 2.436976096e-06, 1.227166456e-06], "inflation": [0, -0.567100057, -0.852669607, -0.9964713345, -1.068884296, -0.5382485925, -0.2710410737, -0.1364857515, -0.06872892034, -0.03460921334, -0.01742785485, -0.008775990421, -0.004419247723, -0.002225361412, -0.001120605525, -0.0005642933933, -0.0002841562233, -0.0001430900312, -7.205457891e-05, -3.628388575e-05, -1.82711548e-05], "inflationq": [0, -2.268400228, -1.1422782, -0.5752069102, -0.2896518463, -0.1458574133, -0.07344812503, -0.03698562142, -0.01862452161, -0.009378585295, -0.004722691083, -0.002378163696, -0.001197550817, -0.0006030400521, -0.0003036675349, -0.0001529151694, -7.700213672e-05, -3.877528359e-05, -1.952572593e-05, -9.832396768e-06, -4.951212905e-06], "outputgap": [0, -0.4648611036, -0.2340859863, -0.1178766057, -0.05935807768, -0.02989042114, -0.01505165448, -0.00757942826, -0.003816705519, -0.001921944575, -0.000967816597, -0.0004873548269, -0.0002454129512, -0.000123580425, -6.223029943e-05, -3.133676039e-05, -1.577997472e-05, -7.946182028e-06, -4.001388465e-06, -2.014943729e-06, -1.014647357e-06], "output": [0, -0.4648611036, -0.2340859863, -0.1178766057, -0.05935807768, -0.02989042114, -0.01505165448, -0.00757942826, -0.003816705519, -0.001921944575, -0.000967816597, -0.0004873548269, -0.0002454129512, -0.000123580425, -6.223029943e-05, -3.133676039e-05, -1.577997472e-05, -7.946182028e-06, -4.001388465e-06, -2.014943729e-06, -1.014647357e-06], "AUX_ENDO_LEAD_80": [0, -1.1422782, -0.5752069102, -0.2896518463, -0.1458574133, -0.07344812503, -0.03698562142, -0.01862452161, -0.009378585295, -0.004722691083, -0.002378163696, -0.001197550817, -0.0006030400521, -0.0003036675349, -0.0001529151694, -7.700213672e-05, -3.877528359e-05, -1.952572593e-05, -9.832396768e-06, -4.951212905e-06, -2.493238405e-06], "AUX_ENDO_LEAD_84": [0, -0.5752069102, -0.2896518463, -0.1458574133, -0.07344812503, -0.03698562142, -0.01862452161, -0.009378585295, -0.004722691083, -0.002378163696, -0.001197550817, -0.0006030400521, -0.0003036675349, -0.0001529151694, -7.700213672e-05, -3.877528359e-05, -1.952572593e-05, -9.832396768e-06, -4.951212905e-06, -2.493238405e-06, -1.255497968e-06], "AUX_ENDO_LEAD_88": [0, -0.2896518463, -0.1458574133, -0.07344812503, -0.03698562142, -0.01862452161, -0.009378585295, -0.004722691083, -0.002378163696, -0.001197550817, -0.0006030400521, -0.0003036675349, -0.0001529151694, -7.700213672e-05, -3.877528359e-05, -1.952572593e-05, -9.832396768e-06, -4.951212905e-06, -2.493238405e-06, -1.255497968e-06, -6.322199855e-07], "AUX_ENDO_LEAD_115": [0, -0.2340859863, -0.1178766057, -0.05935807768, -0.02989042114, -0.01505165448, -0.00757942826, -0.003816705519, -0.001921944575, -0.000967816597, -0.0004873548269, -0.0002454129512, -0.000123580425, -6.223029943e-05, -3.133676039e-05, -1.577997472e-05, -7.946182028e-06, -4.001388465e-06, -2.014943729e-06, -1.014647357e-06, -5.109369776e-07], "AUX_ENDO_LEAD_119": [0, -0.1178766057, -0.05935807768, -0.02989042114, -0.01505165448, -0.00757942826, -0.003816705519, -0.001921944575, -0.000967816597, -0.0004873548269, -0.0002454129512, -0.000123580425, -6.223029943e-05, -3.133676039e-05, -1.577997472e-05, -7.946182028e-06, -4.001388465e-06, -2.014943729e-06, -1.014647357e-06, -5.109369776e-07, -2.572880059e-07], "AUX_ENDO_LEAD_123": [0, -0.05935807768, -0.02989042114, -0.01505165448, -0.00757942826, -0.003816705519, -0.001921944575, -0.000967816597, -0.0004873548269, -0.0002454129512, -0.000123580425, -6.223029943e-05, -3.133676039e-05, -1.577997472e-05, -7.946182028e-06, -4.001388465e-06, -2.014943729e-06, -1.014647357e-06, -5.109369776e-07, -2.572880059e-07, -1.29560241e-07], "AUX_ENDO_LEAD_150": [0, -0.2340859863, -0.1178766057, -0.05935807768, -0.02989042114, -0.01505165448, -0.00757942826, -0.003816705519, -0.001921944575, -0.000967816597, -0.0004873548269, -0.0002454129512, -0.000123580425, -6.223029943e-05, -3.133676039e-05, -1.577997472e-05, -7.946182028e-06, -4.001388465e-06, -2.014943729e-06, -1.014647357e-06, -5.109369776e-07],