{"interest_": {"y": [0, -0.1236726058, -0.04095165466, -0.01356030309, -0.004490217099, -0.00148684358, -0.0004923378497, -0.000163027612, -5.398326026e-05, -1.787545283e-05, -5.919090701e-06, -1.959985857e-06, -6.490092403e-07, -2.149061396e-07, -7.116177381e-08, -2.356376627e-08, -7.802659407e-09, -2.583691039e-09, -8.555365305e-10, -2.832933887e-10, -9.380674015e-11], "pi": [0, -0.1041395473, -0.03448368174, -0.01141856611, -0.00378102469, -0.001252009015, -0.0004145771852, -0.0001372787579, -4.545705372e-05, -1.505217387e-05, -4.984219603e-06, -1.650422408e-06, -5.465036339e-07, -1.809635039e-07, -5.992236412e-08, -1.984206564e-08, -6.570294321e-09, -2.17561862e-09, -7.20411621e-10, -2.38549578e-10, -7.899081519e-11], "ir": [0, 0.1182605546, 0.03915956455, 0.0129668891, 0.004293720188, 0.001421777646, 0.000470792596, 0.0001558933418, 5.162089255e-05, 1.709320307e-05, 5.660064687e-06, 1.874214689e-06, 6.206078717e-07, 2.05501607e-07, 6.804765523e-08, 2.253258964e-08, 7.461206332e-09, 2.470625915e-09, 8.180972531e-10, 2.70896177e-10, 8.970172868e-11], "mp": [0, 0.09505738652, 0.03147630989, 0.01042273642, 0.003451276049, 0.001142819495, 0.0003784213082, 0.0001253064786, 4.149267821e-05, 1.373945198e-05, 4.54953859e-06, 1.506486679e-06, 4.988422602e-07, 1.651814145e-07, 5.469644793e-08, 1.811161034e-08, 5.997289429e-09, 1.985879766e-09, 6.575834738e-10, 2.177453218e-10, 7.210190778e-11], "mn": [0, -0.2187299923, -0.07242796455, -0.02398303951, -0.007941493148, -0.002629663075, -0.0008707591579, -0.0002883340906, -9.547593847e-05, -3.161490481e-05, -1.046862929e-05, -3.466472536e-06, -1.147851501e-06, -3.800875541e-07, -1.258582218e-07, -4.167537671e-08, -1.379994874e-08, -4.569570944e-09, -1.513119852e-09, -5.01038766e-10, -1.659086202e-10], "yf": [0, 0, 0, 0, 0, 0, 0, 0, 0, 0, 0, 0, 0, 0, 0, 0, 0, 0, 0, 0, 0], "mpf": [0, 6.245004514e-17, -2.081668171e-17, -2.081668171e-17, -1.387778781e-17, -6.938893904e-18, -6.938893904e-18, -6.938893904e-18, -6.938893904e-18, -6.938893904e-18, -6.938893904e-18, -6.938893904e-18, -6.938893904e-18, 0, 0, 0, 0, 0, 0, 0, 0], "mnf": [0, 0, 0, 0, 0, 0, 0, 0, 0, 0, 0, 0, 0, 0, 0, 0, 0, 0, 0, 0, 0], "ea": [0, 1.470472515e-17, 1.381950069e-17, 1.298756675e-17, 1.220571523e-17, 1.147093118e-17, 1.078038112e-17, 1.013140218e-17, 9.521491765e-18, 8.948297961e-18, 8.409610424e-18, 7.903351876e-18, 7.427570093e-18, 6.980430374e-18, 6.560208465e-18, 6.165283916e-18, 5.794133824e-18, 5.445326968e-18, 5.117518284e-18, 4.809443684e-18, 4.519915174e-18], "eu": [0, 0, 6.296201205e-18, 1.647782784e-17, -1.50766765e-17, -2.458694858e-17, -2.68406068e-17, -2.673230887e-17, -2.588095042e-17, -2.482081094e-17, -2.372710296e-17, -2.265621924e-17, -2.162528202e-17, -2.063848082e-17, -1.969579039e-17, -1.879585441e-17, -1.793693739e-17, -1.711723707e-17, -1.633498521e-17, -1.558847833e-17, -1.487608551e-17], "ei": [0, 0, 0, 0, 0, 0, 0, 0, 0, 0, 0, 0, 0, 0, 0, 0, 0, 0, 0, 0, 0], "ep": [0, 0, 0, 0, 0, 0, 0, 0, 0, 0, 0, 0, 0, 0, 0, 0, 0, 0, 0, 0, 0], "en": [0, 0, 0, 0, 0, 0, 0, 0, 0, 0, 0, 0, 0, 0, 0, 0, 0, 0, 0, 0, 0], "vel": [0, 0, 0, 0, 0, 0, 0, 0, 0, 0, 0, 0, 0, 0, 0, 0, 0, 0, 0, 0, 0], "interest": [0, 0.4730422183, 0.1566382582, 0.05186755639, 0.01717488075, 0.005687110583, 0.001883170384, 0.0006235733671, 0.0002064835702, 6.837281226e-05, 2.264025875e-05, 7.496858754e-06, 2.482431487e-06, 8.220064281e-07, 2.721906209e-07, 9.013035858e-08, 2.984482533e-08, 9.882503659e-09, 3.272389013e-09, 1.083584708e-09, 3.588069147e-10], "inflation": [0, -0.1041395473, -0.1386232291, -0.1500417952, -0.1538228199, -0.05093528155, -0.016866177, -0.005584889648, -0.001849322012, -0.0006123651707, -0.0002027722051, -6.714386961e-05, -2.223331952e-05, -7.362109149e-06, -2.43781191e-06, -8.072315676e-07, -2.67298228e-07, -8.85103427e-08, -2.93083902e-08, -9.70487414e-09, -3.213570634e-09], "inflationq": [0, -0.4165581893, -0.1379347269, -0.04567426445, -0.01512409876, -0.005008036059, -0.001658308741, -0.0005491150317, -0.0001818282149, -6.020869549e-05, -1.993687841e-05, -6.601689633e-06, -2.186014536e-06, -7.238540157e-07, -2.396894565e-07, -7.936826254e-08, -2.628117728e-08, -8.702474481e-09, -2.881646484e-09, -9.541983119e-10, -3.159632608e-10], "outputgap": [0, -0.1236726058, -0.04095165466, -0.01356030309, -0.004490217099, -0.00148684358, -0.0004923378497, -0.000163027612, -5.398326026e-05, -1.787545283e-05, -5.919090701e-06, -1.959985857e-06, -6.490092403e-07, -2.149061395e-07, -7.116177387e-08, -2.356376636e-08, -7.802659416e-09, -2.583691123e-09, -8.555364861e-10, -2.83293414e-10, -9.380682144e-11], "output": [0, -0.1236726058, -0.04095165466, -0.01356030309, -0.004490217099, -0.00148684358, -0.0004923378497, -0.000163027612, -5.398326026e-05, -1.787545283e-05, -5.919090701e-06, -1.959985857e-06, -6.490092403e-07, -2.149061396e-07, -7.116177381e-08, -2.356376627e-08, -7.802659407e-09, -2.583691039e-09, -8.555365305e-10, -2.832933887e-10, -9.380674015e-11], "AUX_ENDO_LEAD_80": [0, -0.1379347269, -0.04567426445, -0.01512409876, -0.005008036059, -0.001658308741, -0.0005491150317, -0.0001818282149, -6.020869549e-05, -1.993687841e-05, -6.601689633e-06, -2.186014536e-06, -7.238540157e-07, -2.396894565e-07, -7.936826254e-08, -2.628117728e-08, -8.702474481e-09, -2.881646484e-09, -9.541983119e-10, -3.159632608e-10, -1.046247737e-10], "AUX_ENDO_LEAD_84": [0, -0.04567426445, -0.01512409876, -0.005008036059, -0.001658308741, -0.0005491150317, -0.0001818282149, -6.020869549e-05, -1.993687841e-05, -6.601689633e-06, -2.186014536e-06, -7.238540157e-07, -2.396894565e-07, -7.936826254e-08, -2.628117728e-08, -8.702474481e-09, -2.881646484e-09, -9.541983119e-10, -3.159632608e-10, -1.046247737e-10, -3.464435509e-11], "AUX_ENDO_LEAD_88": [0, -0.01512409876, -0.005008036059, -0.001658308741, -0.0005491150317, -0.0001818282149, -6.020869549e-05, -1.993687841e-05, -6.601689633e-06, -2.186014536e-06, -7.238540157e-07, -2.396894565e-07, -7.936826254e-08, -2.628117728e-08, -8.702474481e-09, -2.881646484e-09, -9.541983119e-10, -3.159632608e-10, -1.046247737e-10, -3.464435509e-11, -1.147177015e-11], "AUX_ENDO_LEAD_115": [0, -0.04095165466, -0.01356030309, -0.004490217099, -0.00148684358, -0.0004923378497, -0.000163027612, -5.398326026e-05, -1.787545283e-05, -5.919090701e-06, -1.959985857e-06, -6.490092403e-07, -2.149061395e-07, -7.116177387e-08, -2.356376636e-08, -7.802659416e-09, -2.583691123e-09, -8.555364861e-10, -2.83293414e-10, -9.380682144e-11, -3.106221079e-11], "AUX_ENDO_LEAD_119": [0, -0.01356030309, -0.004490217099, -0.00148684358, -0.0004923378497, -0.000163027612, -5.398326026e-05, -1.787545283e-05, -5.919090701e-06, -1.959985857e-06, -6.490092403e-07, -2.149061395e-07, -7.116177387e-08, -2.356376636e-08, -7.802659416e-09, -2.583691123e-09, -8.555364861e-10, -2.83293414e-10, -9.380682144e-11, -3.106221079e-11, -1.028561593e-11], "AUX_ENDO_LEAD_123": [0, -0.004490217099, -0.00148684358, -0.0004923378497, -0.000163027612, -5.398326026e-05, -1.787545283e-05, -5.919090701e-06, -1.959985857e-06, -6.490092403e-07, -2.149061395e-07, -7.116177387e-08, -2.356376636e-08, -7.802659416e-09, -2.583691123e-09, -8.555364861e-10, -2.83293414e-10, -9.380682144e-11, -3.106221079e-11, -1.028561593e-11, -3.405871356e-12], "AUX_ENDO_LEAD_150": [0, -0.04095165466, -0.01356030309, -0.004490217099, -0.00148684358, -0.0004923378497, -0.000163027612, -5.398326026e-05, -1.787545283e-05, -5.919090701e-06, -1.959985857e-06, -6.490092403e-07, -2.149061396e-07, -7.116177381e-08, -2.356376627e-08, -7.802659407e-09, -2.583691039e-09, -8.555365305e-10, -2.832933887e-10, -9.380674015e-11, -3.106226387e-11], "AUX_ENDO_LEAD_154": [0, -0.01356030309, -0.004490217099, -0.00148684358, -0.0004923378497, -0.000163027612, -5.398326026e-05, -1.787545283e-05, -5.919090701e-06, -1.959985857e-06, -6.490092403e-07, -2.149061396e-07, -7.116177381e-08, -2.356376627e-08, -7.802659407e-09, -2.583691039e-09, -8.555365305e-10, -2.832933887e-10, -9.380674015e-11, -3.106226387e-11, -1.028555019e-11],