{"interest_": {"y": [0, -0.2108552249, -0.07213258506, -0.01249058605, 0.006719614798, 0.004121237773, 0.000842392028, -0.000226293142, -0.0002063631758, -5.446553468e-05, 5.787826511e-06, 9.810355268e-06, 3.253875856e-06, 1.127021143e-09, -4.436971335e-07, -1.829846672e-07, -1.482259893e-08, 1.887303025e-08, 9.80007675e-09, 1.461503363e-09, -7.35693062e-10], "pi": [0, -0.1542595574, -0.03660950679, 0.001265764662, 0.006342161635, 0.002296685607, 0.0001056196998, -0.0002744089306, -0.0001267201749, -1.488590775e-05, 1.118947525e-05, 6.63864023e-06, 1.208534035e-06, -4.084578982e-07, -3.332671779e-07, -8.156143067e-08, 1.189121786e-08, 1.603421782e-08, 4.983403141e-09, -1.35607775e-10, -7.362032624e-10], "ir": [0, 0.2195418477, 0.1113947158, 0.0418137975, -0.00250121757, -0.005948768968, -0.002247736097, -8.99194923e-05, 0.0002655930867, 0.0001224473067, 1.406623958e-05, -1.08980052e-05, -6.414658621e-06, -1.15463498e-06, 3.998441384e-07, 3.224024769e-07, 7.825319717e-08, -1.176980572e-08, -1.553278318e-08, -4.793326652e-09, 1.454649179e-10], "mp": [0, 0.1697036126, 0.07352367685, 0.02233257792, -0.003492083367, -0.004023532798, -0.001262223532, 4.336873883e-05, 0.0001877112827, 7.185664599e-05, 3.906214897e-06, -8.187054157e-06, -3.908981235e-06, -4.925716149e-07, 3.306190107e-07, 2.034861818e-07, 3.870683216e-08, -1.183049508e-08, -1.015892378e-08, -2.570798491e-09, 3.276067889e-10], "mn": [0, -0.3805588375, -0.1456562619, -0.03482316397, 0.01021169817, 0.008144770571, 0.00210461556, -0.0002696618809, -0.0003940744585, -0.0001263221807, 1.881611614e-06, 1.799740942e-05, 7.162857091e-06, 4.936986362e-07, -7.743161443e-07, -3.864708491e-07, -5.352943111e-08, 3.070352528e-08, 1.995900045e-08, 4.032302048e-09, -1.063299893e-09], "yf": [0, 0, 0, 0, 0, 0, 0, 0, 0, 0, 0, 0, 0, 0, 0, 0, 0, 0, 0, 0, 0], "mpf": [0, 9.020562075e-17, 0, -1.387778781e-17, -3.469446952e-17, -6.938893904e-18, 0, 0, 0, 0, 0, 0, 0, 0, 0, 0, 0, 0, 0, 0, 0], "mnf": [0, -2.220446049e-16, 0, 0, 0, 0, 0, 0, 0, 0, 0, 0, 0, 0, 0, 0, 0, 0, 0, 0, 0], "ea": [0, 0, 0, 0, 0, 0, 0, 0, 0, 0, 0, 0, 0, 0, 0, 0, 0, 0, 0, 0, 0], "eu": [0, 0, 1.396879709e-18, -3.977047416e-18, -1.677279747e-18, -7.886401112e-19, -5.699095865e-19, -6.034233785e-19, -6.211379157e-19, -6.04014886e-19, -5.747412354e-19, -5.462721233e-19, -5.206236854e-19, -4.968509212e-19, -4.742461996e-19, -4.526122412e-19, -4.319301278e-19, -4.121865183e-19, -3.933474709e-19, -3.753712176e-19, -3.5821693e-19], "ei": [0, 0, 0, 0, 0, 0, 0, 0, 0, 0, 0, 0, 0, 0, 0, 0, 0, 0, 0, 0, 0], "ep": [0, 0, 0, 0, 0, 0, 0, 0, 0, 0, 0, 0, 0, 0, 0, 0, 0, 0, 0, 0, 0], "en": [0, 0, 0, 0, 0, 0, 0, 0, 0, 0, 0, 0, 0, 0, 0, 0, 0, 0, 0, 0, 0], "vel": [0, 0, 0, 0, 0, 0, 0, 0, 0, 0, 0, 0, 0, 0, 0, 0, 0, 0, 0, 0, 0], "interest": [0, 0.8781673907, 0.4455788634, 0.16725519, -0.01000487028, -0.02379507587, -0.008990944388, -0.0003596779692, 0.001062372347, 0.0004897892268, 5.626495831e-05, -4.35920208e-05, -2.565863448e-05, -4.618539919e-06, 1.599376554e-06, 1.289609908e-06, 3.130127887e-07, -4.707922286e-08, -6.213113272e-08, -1.917330661e-08, 5.818596716e-10], "inflation": [0, -0.1542595574, -0.1908690642, -0.1896032995, -0.1832611379, -0.02670489488, 0.0100102316, 0.008470058011, 0.002001176202, -0.0003103953134, -0.000404825538, -0.0001237779671, 4.150741766e-06, 1.862819162e-05, 7.105449189e-06, 3.852475285e-07, -8.113952889e-07, -3.869031729e-07, -4.865259186e-08, 3.277323104e-08, 2.014580992e-08], "inflationq": [0, -0.6170382296, -0.1464380271, 0.005063058648, 0.02536864654, 0.00918674243, 0.0004224787991, -0.001097635722, -0.0005068806995, -5.954363102e-05, 4.475790102e-05, 2.655456092e-05, 4.834136141e-06, -1.633831593e-06, -1.333068711e-06, -3.262457227e-07, 4.756487143e-08, 6.413687127e-08, 1.993361256e-08, -5.424311e-10, -2.94481305e-09], "outputgap": [0, -0.2108552249, -0.07213258506, -0.01249058605, 0.006719614798, 0.004121237773, 0.000842392028, -0.000226293142, -0.0002063631758, -5.446553468e-05, 5.787826511e-06, 9.810355268e-06, 3.253875856e-06, 1.127021222e-09, -4.436971336e-07, -1.829846672e-07, -1.482259894e-08, 1.887303028e-08, 9.800076658e-09, 1.461503462e-09, -7.356930659e-10], "output": [0, -0.2108552249, -0.07213258506, -0.01249058605, 0.006719614798, 0.004121237773, 0.000842392028, -0.000226293142, -0.0002063631758, -5.446553468e-05, 5.787826511e-06, 9.810355268e-06, 3.253875856e-06, 1.127021143e-09, -4.436971335e-07, -1.829846672e-07, -1.482259893e-08, 1.887303025e-08, 9.80007675e-09, 1.461503363e-09, -7.35693062e-10], "AUX_ENDO_LEAD_80": [0, -0.1464380271, 0.005063058648, 0.02536864654, 0.00918674243, 0.0004224787991, -0.001097635722, -0.0005068806995, -5.954363102e-05, 4.475790102e-05, 2.655456092e-05, 4.834136141e-06, -1.633831593e-06, -1.333068711e-06, -3.262457227e-07, 4.756487143e-08, 6.413687127e-08, 1.993361256e-08, -5.424311e-10, -2.94481305e-09, -1.139332455e-09], "AUX_ENDO_LEAD_84": [0, 0.005063058648, 0.02536864654, 0.00918674243, 0.0004224787991, -0.001097635722, -0.0005068806995, -5.954363102e-05, 4.475790102e-05, 2.655456092e-05, 4.834136141e-06, -1.633831593e-06, -1.333068711e-06, -3.262457227e-07, 4.756487143e-08, 6.413687127e-08, 1.993361256e-08, -5.424311e-10, -2.94481305e-09, -1.139332455e-09, -6.742957234e-11], "AUX_ENDO_LEAD_88": [0, 0.02536864654, 0.00918674243, 0.0004224787991, -0.001097635722, -0.0005068806995, -5.954363102e-05, 4.475790102e-05, 2.655456092e-05, 4.834136141e-06, -1.633831593e-06, -1.333068711e-06, -3.262457227e-07, 4.756487143e-08, 6.413687127e-08, 1.993361256e-08, -5.424311e-10, -2.94481305e-09, -1.139332455e-09, -6.742957234e-11, 1.277564617e-10], "AUX_ENDO_LEAD_115": [0, -0.07213258506, -0.01249058605, 0.006719614798, 0.004121237773, 0.000842392028, -0.000226293142, -0.0002063631758, -5.446553468e-05, 5.787826511e-06, 9.810355268e-06, 3.253875856e-06, 1.127021222e-09, -4.436971336e-07, -1.829846672e-07, -1.482259894e-08, 1.887303028e-08, 9.800076658e-09, 1.461503462e-09, -7.356930659e-10, -5.026586593e-10], "AUX_ENDO_LEAD_119": [0, -0.01249058605, 0.006719614798, 0.004121237773, 0.000842392028, -0.000226293142, -0.0002063631758, -5.446553468e-05, 5.787826511e-06, 9.810355268e-06, 3.253875856e-06, 1.127021222e-09, -4.436971336e-07, -1.829846672e-07, -1.482259894e-08, 1.887303028e-08, 9.800076658e-09, 1.461503462e-09, -7.356930659e-10, -5.026586593e-10, -1.066800957e-10], "AUX_ENDO_LEAD_123": [0, 0.006719614798, 0.004121237773, 0.000842392028, -0.000226293142, -0.0002063631758, -5.446553468e-05, 5.787826511e-06, 9.810355268e-06, 3.253875856e-06, 1.127021222e-09, -4.436971336e-07, -1.829846672e-07, -1.482259894e-08, 1.887303028e-08, 9.800076658e-09, 1.461503462e-09, -7.356930659e-10, -5.026586593e-10, -1.066800957e-10, 2.466573267e-11], "AUX_ENDO_LEAD_150": [0, -0.07213258506, -0.01249058605, 0.006719614798, 0.004121237773, 0.000842392028, -0.000226293142, -0.0002063631758, -5.446553468e-05, 5.787826511e-06, 9.810355268e-06, 3.253875856e-06, 1.127021143e-09, -4.436971335e-07, -1.829846672e-07, -1.482259893e-08, 1.887303025e-08, 9.80007675e-09, 1.461503363e-09, -7.35693062e-10, -5.026585814e-10], "AUX_ENDO_LEAD_154": [0, -0.01249058605, 0.006719614798, 0.004121237773, 0.000842392028, -0.000226293142, -0.0002063631758, -5.446553468e-05, 5.787826511e-06, 9.810355268e-06, 3.253875856e-06, 1.127021143e-09, -4.436971335e-07, -1.829846672e-07, -1.482259893e-08, 1.887303025e-08, 9.80007675e-09, 1.461503363e-09, -7.35693062e-10, -5.026585814e-10, -1.066799982e-10], "AUX_ENDO_LEAD_158": [0, 0.006719614798, 0.004121237773, 0.000842392028, -0.000226293142, -0.0002063631758, -5.446553468e-05, 5.787826511e-06, 9.810355268e-06, 3.253875856e-06, 1.127021143e-09, -4.436971335e-07, -1.829846672e-07, -1.482259893e-08, 1.887303025e-08, 9.80007675e-09, 1.461503363e-09, -7.35693062e-10, -5.026585814e-10, -1.066799982e-10, 2.466582494e-11],