{"interest_": {"y": [0, -0.1019508764, 0.01293507685, 0.006449517991, 0.002053481966, -0.002338804641, -5.017290811e-05, 0.0002660038488, 6.939329049e-05, -5.849625542e-05, -1.016311789e-05, 8.079310978e-06, 2.752605639e-06, -1.45619672e-06, -4.99724885e-07, 2.102513528e-07, 1.051064098e-07, -3.357693723e-08, -1.950753226e-08, 4.654488794e-09, 3.742951504e-09], "pi": [0, -0.03852193461, 0.01067350227, 0.003149306918, -0.0003387017655, -0.00102214273, 0.0001549276857, 0.0001386792955, -3.922190673e-06, -2.984951932e-05, 8.790563617e-07, 4.714956069e-06, 2.79038696e-07, -8.755463096e-07, -7.408552771e-08, 1.43199364e-07, 2.26588899e-08, -2.469799233e-08, -5.023248283e-09, 3.997766623e-09, 1.115745508e-09], "ir": [0, 0.222810415, -0.008826277521, -0.008455982285, -0.00913249995, 0.00438088618, 0.0007224996772, -0.0003669635866, -0.0002659975658, 9.01261948e-05, 3.839960098e-05, -9.556722712e-06, -8.647099866e-06, 1.692039716e-06, 1.454170487e-06, -1.714912474e-07, -2.807767926e-07, 2.095590803e-08, 4.861293844e-08, -5.67407947e-10, -8.760029244e-09], "mp": [0, 0.1317798616, -0.008432073991, -0.005932798766, -0.004634094919, 0.00271172114, 0.0003260800497, -0.0002524522554, -0.0001384344039, 5.953491116e-05, 2.00370023e-05, -6.990383743e-06, -4.679592247e-06, 1.246954847e-06, 8.002543651e-07, -1.49003967e-07, -1.576273294e-07, 2.105453337e-08, 2.776400049e-08, -1.922236217e-09, -5.085266257e-09], "mn": [0, -0.233730738, 0.02136715084, 0.01238231676, 0.006687576885, -0.005050525781, -0.0003762529579, 0.0005184561042, 0.0002078276944, -0.0001180311666, -3.020012019e-05, 1.506969472e-05, 7.432197886e-06, -2.703151568e-06, -1.29997925e-06, 3.592553197e-07, 2.627337392e-07, -5.463147068e-08, -4.727153269e-08, 6.576724942e-09, 8.828217712e-09], "yf": [0, 0, 0, 0, 0, 0, 0, 0, 0, 0, 0, 0, 0, 0, 0, 0, 0, 0, 0, 0, 0], "mpf": [0, 9.714451465e-17, -4.163336342e-17, 1.387778781e-17, -2.081668171e-17, -1.387778781e-17, -1.387778781e-17, -6.938893904e-18, -6.938893904e-18, -6.938893904e-18, -6.938893904e-18, -6.938893904e-18, -6.938893904e-18, -6.938893904e-18, -6.938893904e-18, -6.938893904e-18, -6.938893904e-18, -6.938893904e-18, -6.938893904e-18, -6.938893904e-18, -6.938893904e-18], "mnf": [0, 0, 0, 0, 0, 0, 0, 0, 0, 0, 0, 0, 0, 0, 0, 0, 0, 0, 0, 0, 0], "ea": [0, 3.266880207e-17, 3.070214019e-17, 2.885387135e-17, 2.711686829e-17, 2.548443282e-17, 2.395026997e-17, 2.250846371e-17, 2.11534542e-17, 1.988001626e-17, 1.868323928e-17, 1.755850827e-17, 1.650148607e-17, 1.550809661e-17, 1.45745092e-17, 1.369712374e-17, 1.287255689e-17, 1.209762897e-17, 1.136935171e-17, 1.068491673e-17, 1.004168475e-17], "eu": [0, 0, 4.412397354e-19, -5.101433612e-18, -1.498510613e-18, -1.513757917e-18, -1.63646777e-18, -1.689956424e-18, -1.541926234e-18, -1.459654285e-18, -1.400030525e-18, -1.340049268e-18, -1.277260113e-18, -1.218275125e-18, -1.162784532e-18, -1.109781002e-18, -1.059032634e-18, -1.010611355e-18, -9.644300557e-19, -9.203601302e-19, -8.782991979e-19], "ei": [0, 0, 0, 0, 0, 0, 0, 0, 0, 0, 0, 0, 0, 0, 0, 0, 0, 0, 0, 0, 0], "ep": [0, 0, 0, 0, 0, 0, 0, 0, 0, 0, 0, 0, 0, 0, 0, 0, 0, 0, 0, 0, 0], "en": [0, 0, 0, 0, 0, 0, 0, 0, 0, 0, 0, 0, 0, 0, 0, 0, 0, 0, 0, 0, 0], "vel": [0, 0, 0, 0, 0, 0, 0, 0, 0, 0, 0, 0, 0, 0, 0, 0, 0, 0, 0, 0, 0], "interest": [0, 0.8912416599, -0.03530511008, -0.03382392914, -0.0365299998, 0.01752354472, 0.002889998709, -0.001467854346, -0.001063990263, 0.0003605047792, 0.0001535984039, -3.822689085e-05, -3.458839947e-05, 6.768158865e-06, 5.816681948e-06, -6.859649896e-07, -1.12310717e-06, 8.382363211e-08, 1.944517537e-07, -2.269631788e-09, -3.504011697e-08], "inflation": [0, -0.03852193461, -0.02784843234, -0.02469912542, -0.02503782719, 0.01246196469, 0.001943390109, -0.001067237514, -0.000732457939, 0.0002598352713, 0.0001057866419, -2.817769756e-05, -2.397646819e-05, 4.997504817e-06, 4.044362927e-06, -5.273937773e-07, -7.837735835e-07, 6.707473384e-08, 1.361370133e-07, -3.064584093e-09, -2.460772848e-08], "inflationq": [0, -0.1540877384, 0.04269400908, 0.01259722767, -0.001354807062, -0.004088570919, 0.0006197107429, 0.0005547171822, -1.568876269e-05, -0.0001193980773, 3.516225447e-06, 1.885982427e-05, 1.116154784e-06, -3.502185239e-06, -2.963421108e-07, 5.727974559e-07, 9.063555959e-08, -9.879196932e-08, -2.009299313e-08, 1.599106649e-08, 4.462982033e-09], "outputgap": [0, -0.1019508764, 0.01293507685, 0.006449517991, 0.002053481966, -0.002338804641, -5.017290811e-05, 0.0002660038488, 6.939329049e-05, -5.849625542e-05, -1.016311789e-05, 8.079310978e-06, 2.752605639e-06, -1.45619672e-06, -4.997248851e-07, 2.102513527e-07, 1.051064097e-07, -3.35769373e-08, -1.950753231e-08, 4.654488706e-09, 3.742951499e-09], "output": [0, -0.1019508764, 0.01293507685, 0.006449517991, 0.002053481966, -0.002338804641, -5.017290811e-05, 0.0002660038488, 6.939329049e-05, -5.849625542e-05, -1.016311789e-05, 8.079310978e-06, 2.752605639e-06, -1.45619672e-06, -4.99724885e-07, 2.102513528e-07, 1.051064098e-07, -3.357693723e-08, -1.950753226e-08, 4.654488794e-09, 3.742951504e-09], "AUX_ENDO_LEAD_80": [0, 0.04269400908, 0.01259722767, -0.001354807062, -0.004088570919, 0.0006197107429, 0.0005547171822, -1.568876269e-05, -0.0001193980773, 3.516225447e-06, 1.885982427e-05, 1.116154784e-06, -3.502185239e-06, -2.963421108e-07, 5.727974559e-07, 9.063555959e-08, -9.879196932e-08, -2.009299313e-08, 1.599106649e-08, 4.462982033e-09, -2.610532533e-09], "AUX_ENDO_LEAD_84": [0, 0.01259722767, -0.001354807062, -0.004088570919, 0.0006197107429, 0.0005547171822, -1.568876269e-05, -0.0001193980773, 3.516225447e-06, 1.885982427e-05, 1.116154784e-06, -3.502185239e-06, -2.963421108e-07, 5.727974559e-07, 9.063555959e-08, -9.879196932e-08, -2.009299313e-08, 1.599106649e-08, 4.462982033e-09, -2.610532533e-09, -9.081872684e-10], "AUX_ENDO_LEAD_88": [0, -0.001354807062, -0.004088570919, 0.0006197107429, 0.0005547171822, -1.568876269e-05, -0.0001193980773, 3.516225447e-06, 1.885982427e-05, 1.116154784e-06, -3.502185239e-06, -2.963421108e-07, 5.727974559e-07, 9.063555959e-08, -9.879196932e-08, -2.009299313e-08, 1.599106649e-08, 4.462982033e-09, -2.610532533e-09, -9.081872684e-10, 4.075866727e-10], "AUX_ENDO_LEAD_115": [0, 0.01293507685, 0.006449517991, 0.002053481966, -0.002338804641, -5.017290811e-05, 0.0002660038488, 6.939329049e-05, -5.849625542e-05, -1.016311789e-05, 8.079310978e-06, 2.752605639e-06, -1.45619672e-06, -4.997248851e-07, 2.102513527e-07, 1.051064097e-07, -3.35769373e-08, -1.950753231e-08, 4.654488706e-09, 3.742951499e-09, -6.477314738e-10], "AUX_ENDO_LEAD_119": [0, 0.006449517991, 0.002053481966, -0.002338804641, -5.017290811e-05, 0.0002660038488, 6.939329049e-05, -5.849625542e-05, -1.016311789e-05, 8.079310978e-06, 2.752605639e-06, -1.45619672e-06, -4.997248851e-07, 2.102513527e-07, 1.051064097e-07, -3.35769373e-08, -1.950753231e-08, 4.654488706e-09, 3.742951499e-09, -6.477314738e-10, -6.828292792e-10], "AUX_ENDO_LEAD_123": [0, 0.002053481966, -0.002338804641, -5.017290811e-05, 0.0002660038488, 6.939329049e-05, -5.849625542e-05, -1.016311789e-05, 8.079310978e-06, 2.752605639e-06, -1.45619672e-06, -4.997248851e-07, 2.102513527e-07, 1.051064097e-07, -3.35769373e-08, -1.950753231e-08, 4.654488706e-09, 3.742951499e-09, -6.477314738e-10, -6.828292792e-10, 7.559841663e-11], "AUX_ENDO_LEAD_150": [0, 0.01293507685, 0.006449517991, 0.002053481966, -0.002338804641, -5.017290811e-05, 0.0002660038488, 6.939329049e-05, -5.849625542e-05, -1.016311789e-05, 8.079310978e-06, 2.752605639e-06, -1.45619672e-06, -4.99724885e-07, 2.102513528e-07, 1.051064098e-07, -3.357693723e-08, -1.950753226e-08, 4.654488794e-09, 3.742951504e-09, -6.477314241e-10],