{"interest_": {"y": [0, -0.4446936544, -0.2165255968, -0.07542324024, -0.02212101503, -0.005685093955, -0.001276682323, -0.0002383719094, -3.001033017e-05, 1.451784515e-06, 2.728069174e-06, 1.229881327e-06, 4.147833574e-07, 1.190174127e-07, 2.998222047e-08, 6.57437505e-09, 1.179931788e-09, 1.313832338e-10, -1.554087261e-11, -1.641343461e-11, -6.941128944e-12], "m": [0, -0.1105494766, 0.2106550051, 0.1100265359, 0.03935764217, 0.01174277437, 0.003063709481, 0.0007000165834, 0.0001343039282, 1.820814123e-05, -1.854553087e-07, -1.31677475e-06, -6.283450027e-07, -2.170986665e-07, -6.332989633e-08, -1.619690429e-08, -3.616614779e-09, -6.690656382e-10, -8.199690698e-11, 5.163144606e-12, 8.035967906e-12], "pi": [0, -1.596005362, -0.4943143136, -0.1295837446, -0.0297244737, -0.005736651224, -0.0007895906391, 2.155026001e-06, 5.423641708e-05, 2.625018327e-05, 9.121810372e-06, 2.671091171e-06, 6.854910158e-07, 1.536819075e-07, 2.861731899e-08, 3.5750802e-09, -1.878000019e-10, -3.322180339e-10, -1.490308312e-10, -5.015059578e-11, -1.436802499e-11], "r": [0, 0.06549304923, 0.01204833979, 0.001451664083, -0.0001051070966, -0.0001489382861, -6.540398019e-05, -2.179765496e-05, -6.202630957e-06, -1.550334973e-06, -3.366891875e-07, -5.942508122e-08, -6.240801086e-09, 9.657102366e-10, 8.903708584e-10, 3.682673874e-10, 1.192491604e-10, 3.322836941e-11, 8.138575121e-12, 1.72252122e-12, 2.900810794e-13], "mc": [0, -1.041978194, -0.326560216, -0.08869632438, -0.02116806901, -0.004327226706, -0.00068003762, -3.946892418e-05, 2.659960085e-05, 1.560394884e-05, 5.802229629e-06, 1.772685158e-06, 4.718722457e-07, 1.102371629e-07, 2.186355303e-08, 3.214693108e-09, 9.175019114e-11, -1.718927306e-10, -8.983577246e-11, -3.214169061e-11, -9.591033654e-12], "mu": [0, -1.706554839, -0.1731098319, -0.2302122138, -0.1003933674, -0.03335151903, -0.009468655524, -0.002361537872, -0.0005114762382, -8.984560365e-05, -9.271786171e-06, 1.53977173e-06, 1.373920763e-06, 5.649282437e-07, 1.823860892e-07, 5.070807224e-08, 1.239248951e-08, 2.615331107e-09, 4.380379001e-10, 3.700945581e-11, -1.149520168e-11], "a": [0, 0, 3.687654131e-32, 7.201988517e-32, 1.054932011e-31, 1.373575493e-31, 1.676719486e-31, 1.964934417e-31, 2.238771594e-31, 2.498763815e-31, 2.745425972e-31, 2.979255621e-31, 3.200733544e-31, 3.410324295e-31, 3.608476716e-31, 3.795624453e-31, 3.972186442e-31, 4.138567387e-31, 4.295158224e-31, 4.442336562e-31, 4.580467119e-31], "e": [0, 3.571917765e-17, -3.849165857e-18, -2.840486129e-16, -4.012210352e-16, -4.21530668e-16, -4.143423734e-16, -4.007345183e-16, -3.861793765e-16, -3.71907081e-16, -3.581361474e-16, -3.448789615e-16, -3.321161464e-16, -3.198271469e-16, -3.079933553e-16, -2.965975573e-16, -2.85623439e-16, -2.750553705e-16, -2.648783217e-16, -2.550778239e-16, -2.456399444e-16], "z": [0, -5.791877917e-17, -5.612329702e-17, -5.438347481e-17, -5.269758709e-17, -5.106396189e-17, -4.948097907e-17, -4.794706872e-17, -4.646070959e-17, -4.502042759e-17, -4.362479434e-17, -4.227242571e-17, -4.096198052e-17, -3.969215912e-17, -3.846170219e-17, -3.726938942e-17, -3.611403835e-17, -3.499450316e-17, -3.390967356e-17, -3.285847368e-17, -3.1839861e-17], "y_flex": [0, -9.580220676e-17, -1.683960169e-16, -2.30383329e-16, -3.305235627e-17, -2.9302415e-17, -4.030419954e-17, -4.491041638e-17, -4.554138858e-17, -4.471549163e-17, -4.347740404e-17, -4.216207802e-17, -4.086085846e-17, -3.959480535e-17, -3.836728294e-17, -3.717781376e-17, -3.602526654e-17, -3.490847186e-17, -3.382630603e-17, -3.277768976e-17, -3.176158121e-17], "m_flex": [0, -0.02397045602, -0.004409692364, -0.0005313090544, 3.846919735e-05, 5.451141272e-05, 2.393785675e-05, 7.977941716e-06, 2.27016293e-06, 5.674225997e-07, 1.232282422e-07, 2.174957927e-08, 2.284132757e-09, -3.53450371e-10, -3.258761428e-10, -1.347862572e-10, -4.364557152e-11, -1.216194792e-11, -2.979069651e-12, -6.307808669e-13, -1.064952038e-13], "interest": [0, 0.2619721969, 0.04819335916, 0.005806656332, -0.0004204283864, -0.0005957531445, -0.0002616159208, -8.719061985e-05, -2.481052383e-05, -6.201339893e-06, -1.34675675e-06, -2.377003249e-07, -2.496320435e-08, 3.862840946e-09, 3.561483434e-09, 1.47306955e-09, 4.769966418e-10, 1.329134776e-10, 3.255430048e-11, 6.890084879e-12, 1.160324318e-12], "inflation": [0, -1.596005362, -2.090319676, -2.21990342, -2.249627894, -0.6593591831, -0.1658344602, -0.03624856054, -0.00646985042, -0.0007069490127, 9.176343672e-05, 9.227950189e-05, 3.872857582e-05, 1.263207447e-05, 3.538881414e-06, 8.713653225e-07, 1.856865067e-07, 3.167238116e-08, 2.906031333e-09, -7.191994627e-10, -5.457674858e-10], "inflationq": [0, -6.384021448, -1.977257254, -0.5183349784, -0.1188978948, -0.0229466049, -0.003158362556, 8.620104004e-06, 0.0002169456683, 0.0001050007331, 3.648724149e-05, 1.068436469e-05, 2.741964063e-06, 6.147276299e-07, 1.14469276e-07, 1.43003208e-08, -7.512000076e-10, -1.328872136e-09, -5.961233246e-10, -2.006023831e-10, -5.747209994e-11], "outputgap": [0, -0.4446936544, -0.2165255968, -0.07542324024, -0.02212101503, -0.005685093955, -0.001276682323, -0.0002383719094, -3.001033017e-05, 1.451784515e-06, 2.728069174e-06, 1.229881327e-06, 4.147833574e-07, 1.190174127e-07, 2.99822205e-08, 6.574375087e-09, 1.179931824e-09, 1.313832687e-10, -1.554083879e-11, -1.641340183e-11, -6.941097182e-12], "output": [0, -0.4446936544, -0.2165255968, -0.07542324024, -0.02212101503, -0.005685093955, -0.001276682323, -0.0002383719094, -3.001033017e-05, 1.451784515e-06, 2.728069174e-06, 1.229881327e-06, 4.147833574e-07, 1.190174127e-07, 2.998222047e-08, 6.57437505e-09, 1.179931788e-09, 1.313832338e-10, -1.554087261e-11, -1.641343461e-11, -6.941128944e-12], "AUX_ENDO_LEAD_75": [0, -1.977257254, -0.5183349784, -0.1188978948, -0.0229466049, -0.003158362556, 8.620104004e-06, 0.0002169456683, 0.0001050007331, 3.648724149e-05, 1.068436469e-05, 2.741964063e-06, 6.147276299e-07, 1.14469276e-07, 1.43003208e-08, -7.512000076e-10, -1.328872136e-09, -5.961233246e-10, -2.006023831e-10, -5.747209994e-11, -1.445728365e-11], "AUX_ENDO_LEAD_79": [0, -0.5183349784, -0.1188978948, -0.0229466049, -0.003158362556, 8.620104004e-06, 0.0002169456683, 0.0001050007331, 3.648724149e-05, 1.068436469e-05, 2.741964063e-06, 6.147276299e-07, 1.14469276e-07, 1.43003208e-08, -7.512000076e-10, -1.328872136e-09, -5.961233246e-10, -2.006023831e-10, -5.747209994e-11, -1.445728365e-11, -3.164575939e-12], "AUX_ENDO_LEAD_83": [0, -0.1188978948, -0.0229466049, -0.003158362556, 8.620104004e-06, 0.0002169456683, 0.0001050007331, 3.648724149e-05, 1.068436469e-05, 2.741964063e-06, 6.147276299e-07, 1.14469276e-07, 1.43003208e-08, -7.512000076e-10, -1.328872136e-09, -5.961233246e-10, -2.006023831e-10, -5.747209994e-11, -1.445728365e-11, -3.164575939e-12, -5.66252411e-13], "AUX_ENDO_LEAD_110": [0, -0.2165255968, -0.07542324024, -0.02212101503, -0.005685093955, -0.001276682323, -0.0002383719094, -3.001033017e-05, 1.451784515e-06, 2.728069174e-06, 1.229881327e-06, 4.147833574e-07, 1.190174127e-07, 2.99822205e-08, 6.574375087e-09, 1.179931824e-09, 1.313832687e-10, -1.554083879e-11, -1.641340183e-11, -6.941097182e-12, -2.272414581e-12], "AUX_ENDO_LEAD_114": [0, -0.07542324024, -0.02212101503, -0.005685093955, -0.001276682323, -0.0002383719094, -3.001033017e-05, 1.451784515e-06, 2.728069174e-06, 1.229881327e-06, 4.147833574e-07, 1.190174127e-07, 2.99822205e-08, 6.574375087e-09, 1.179931824e-09, 1.313832687e-10, -1.554083879e-11, -1.641340183e-11, -6.941097182e-12, -2.272414581e-12, -6.383613095e-13], "AUX_ENDO_LEAD_118": [0, -0.02212101503, -0.005685093955, -0.001276682323, -0.0002383719094, -3.001033017e-05, 1.451784515e-06, 2.728069174e-06, 1.229881327e-06, 4.147833574e-07, 1.190174127e-07, 2.99822205e-08, 6.574375087e-09, 1.179931824e-09, 1.313832687e-10, -1.554083879e-11, -1.641340183e-11, -6.941097182e-12, -2.272414581e-12, -6.383613095e-13, -1.576004518e-13],