{"interest_": {"y": [0, -0.1635784214, -0.06294475847, -0.004382405991, 0.01058183327, 0.001316952629, -0.002350741415, -0.001219549144, 0.0001589090861, 0.0002901332678, 3.888004794e-05, -5.826075681e-05, -2.535533932e-05, 5.893249418e-06, 7.29375939e-06, 6.284299802e-07, -1.487531921e-06, -5.545812629e-07, 1.838955813e-07, 1.756263912e-07, 6.424744885e-09], "m": [0, -0.0913227053, 0.05040142472, 0.02601345528, 0.01480440328, -0.002258878558, -0.001988985427, -3.511462889e-05, 0.0006481287796, 0.0001902138872, -7.288466672e-05, -6.214174494e-05, 1.752085829e-06, 1.470563582e-05, 3.880347568e-06, -2.24561821e-06, -1.469273942e-06, 1.083114418e-07, 3.652879897e-07, 7.603277051e-08, -6.158865873e-08], "pi": [0, -0.4789143009, -0.0646147572, 0.03460210995, 0.02324384062, -0.007400718651, -0.007519149251, -0.001011865989, 0.001388514195, 0.0005440282755, -0.0001705924106, -0.0001770596141, -1.06464244e-05, 3.643697818e-05, 1.231768281e-05, -4.954420035e-06, -4.160701776e-06, -2.788789547e-08, 9.334586811e-07, 2.614881273e-07, -1.398665255e-07], "r": [0, 0.1696884097, 0.09387918265, 0.02971551339, -0.02967214588, -0.01083141479, 0.002108597673, 0.00341796812, 0.0002972001348, -0.0006559613816, -0.00026349819, 7.977416407e-05, 7.995733917e-05, 4.194653002e-06, -1.712255526e-05, -5.617179843e-06, 2.32123848e-06, 1.912093783e-06, -2.833071194e-09, -4.336388777e-07, -1.18495246e-07], "mc": [0, -0.390474996, -0.08753967095, 0.01167692615, 0.0283542101, -0.0002358657374, -0.006049498617, -0.002157561827, 0.0008120006117, 0.000654667363, -2.056303997e-06, -0.0001547449087, -4.188282547e-05, 2.294907305e-05, 1.578119104e-05, -9.32698847e-07, -3.83226293e-06, -8.468642061e-07, 6.354121036e-07, 3.654513174e-07, -4.371655762e-08], "mu": [0, -0.5702370062, 0.07710937281, 0.01021414052, 0.01203478861, -0.02446400048, -0.007249256121, 0.0009420048094, 0.002071757603, 8.611338309e-05, -0.0004336909645, -0.0001663166924, 5.324740636e-05, 4.939052817e-05, 1.492394564e-06, -1.108038581e-05, -3.384357508e-06, 1.549697488e-06, 1.190435229e-06, -2.776709182e-08, -2.774879548e-07], "a": [0, 0, -3.128033444e-33, -6.109049316e-33, -8.948405937e-33, -1.165128271e-32, -1.422268586e-32, -1.666745403e-32, -1.899026365e-32, -2.119563415e-32, -2.328793307e-32, -2.527138091e-32, -2.715005588e-32, -2.892789852e-32, -3.060871614e-32, -3.219618708e-32, -3.369386497e-32, -3.510518269e-32, -3.643345632e-32, -3.768188892e-32, -3.885357419e-32], "e": [0, -8.589744404e-18, 1.006785696e-16, -8.240261326e-16, -7.772289073e-16, -6.779229838e-16, -6.212204992e-16, -6.192711098e-16, -6.079200526e-16, -5.852380424e-16, -5.608009807e-16, -5.394747007e-16, -5.199778138e-16, -5.010113373e-16, -4.824431363e-16, -4.645240636e-16, -4.473247783e-16, -4.307862148e-16, -4.148532368e-16, -3.995025398e-16, -3.847192525e-16], "z": [0, 1.101560516e-17, 1.06741214e-17, 1.034322364e-17, 1.002258371e-17, 9.711883612e-18, 9.41081522e-18, 9.119079949e-18, 8.83638847e-18, 8.562460428e-18, 8.297024154e-18, 8.039816406e-18, 7.790582097e-18, 7.549074052e-18, 7.315052756e-18, 7.088286121e-18, 6.868549251e-18, 6.655624224e-18, 6.449299873e-18, 6.249371577e-18, 6.055641058e-18], "y_flex": [0, -4.435993604e-17, 3.32577689e-17, 1.238220507e-17, 5.410934928e-17, 1.562838899e-17, 5.86242113e-18, 6.899512065e-18, 9.629595464e-18, 9.308017213e-18, 8.371479347e-18, 7.879285198e-18, 7.718799999e-18, 7.548860788e-18, 7.314827272e-18, 7.071687968e-18, 6.847953805e-18, 6.638069436e-18, 6.433966481e-18, 6.23442211e-18, 6.040749461e-18], "m_flex": [0, -0.06210595796, -0.03435978085, -0.0108758779, 0.01086000539, 0.003964297814, -0.0007717467483, -0.001250976332, -0.0001087752493, 0.0002400818657, 9.644033753e-05, -2.919734405e-05, -2.926438614e-05, -1.535242999e-06, 6.266855225e-06, 2.055887822e-06, -8.495732842e-07, -6.998263252e-07, 1.036903488e-09, 1.587118287e-07, 4.336925951e-08], "interest": [0, 0.6787536389, 0.3755167306, 0.1188620536, -0.1186885835, -0.04332565917, 0.008434390692, 0.01367187248, 0.001188800539, -0.002623845527, -0.00105399276, 0.0003190966563, 0.0003198293567, 1.677861201e-05, -6.849022104e-05, -2.246871937e-05, 9.284953919e-06, 7.648375132e-06, -1.133228478e-08, -1.734555511e-06, -4.739809841e-07], "inflation": [0, -0.4789143009, -0.5435290581, -0.5089269481, -0.4856831075, -0.01416952529, 0.04292608267, 0.007312106733, -0.0145432197, -0.00659847277, 0.0007500840706, 0.001584890445, 0.0001857298263, -0.000321861471, -0.0001389513776, 3.315381655e-05, 3.963953918e-05, 3.174673108e-06, -8.209551026e-06, -2.993642863e-06, 1.027192388e-06], "inflationq": [0, -1.915657203, -0.2584590288, 0.1384084398, 0.09297536249, -0.02960287461, -0.030076597, -0.004047463955, 0.005554056778, 0.002176113102, -0.0006823696425, -0.0007082384566, -4.258569761e-05, 0.0001457479127, 4.927073126e-05, -1.981768014e-05, -1.66428071e-05, -1.115515819e-07, 3.733834725e-06, 1.045952509e-06, -5.59466102e-07], "outputgap": [0, -0.1635784214, -0.06294475847, -0.004382405991, 0.01058183327, 0.001316952629, -0.002350741415, -0.001219549144, 0.0001589090861, 0.0002901332678, 3.888004794e-05, -5.826075681e-05, -2.535533932e-05, 5.893249418e-06, 7.29375939e-06, 6.284299802e-07, -1.487531921e-06, -5.545812629e-07, 1.838955813e-07, 1.756263912e-07, 6.424744879e-09], "output": [0, -0.1635784214, -0.06294475847, -0.004382405991, 0.01058183327, 0.001316952629, -0.002350741415, -0.001219549144, 0.0001589090861, 0.0002901332678, 3.888004794e-05, -5.826075681e-05, -2.535533932e-05, 5.893249418e-06, 7.29375939e-06, 6.284299802e-07, -1.487531921e-06, -5.545812629e-07, 1.838955813e-07, 1.756263912e-07, 6.424744885e-09], "AUX_ENDO_LEAD_75": [0, -0.2584590288, 0.1384084398, 0.09297536249, -0.02960287461, -0.030076597, -0.004047463955, 0.005554056778, 0.002176113102, -0.0006823696425, -0.0007082384566, -4.258569761e-05, 0.0001457479127, 4.927073126e-05, -1.981768014e-05, -1.66428071e-05, -1.115515819e-07, 3.733834725e-06, 1.045952509e-06, -5.59466102e-07, -3.908246247e-07], "AUX_ENDO_LEAD_79": [0, 0.1384084398, 0.09297536249, -0.02960287461, -0.030076597, -0.004047463955, 0.005554056778, 0.002176113102, -0.0006823696425, -0.0007082384566, -4.258569761e-05, 0.0001457479127, 4.927073126e-05, -1.981768014e-05, -1.66428071e-05, -1.115515819e-07, 3.733834725e-06, 1.045952509e-06, -5.59466102e-07, -3.908246247e-07, 1.942613984e-08], "AUX_ENDO_LEAD_83": [0, 0.09297536249, -0.02960287461, -0.030076597, -0.004047463955, 0.005554056778, 0.002176113102, -0.0006823696425, -0.0007082384566, -4.258569761e-05, 0.0001457479127, 4.927073126e-05, -1.981768014e-05, -1.66428071e-05, -1.115515819e-07, 3.733834725e-06, 1.045952509e-06, -5.59466102e-07, -3.908246247e-07, 1.942613984e-08, 9.381468204e-08], "AUX_ENDO_LEAD_110": [0, -0.06294475847, -0.004382405991, 0.01058183327, 0.001316952629, -0.002350741415, -0.001219549144, 0.0001589090861, 0.0002901332678, 3.888004794e-05, -5.826075681e-05, -2.535533932e-05, 5.893249418e-06, 7.29375939e-06, 6.284299802e-07, -1.487531921e-06, -5.545812629e-07, 1.838955813e-07, 1.756263912e-07, 6.424744879e-09, -3.806908124e-08], "AUX_ENDO_LEAD_114": [0, -0.004382405991, 0.01058183327, 0.001316952629, -0.002350741415, -0.001219549144, 0.0001589090861, 0.0002901332678, 3.888004794e-05, -5.826075681e-05, -2.535533932e-05, 5.893249418e-06, 7.29375939e-06, 6.284299802e-07, -1.487531921e-06, -5.545812629e-07, 1.838955813e-07, 1.756263912e-07, 6.424744879e-09, -3.806908124e-08, -1.191185909e-08], "AUX_ENDO_LEAD_118": [0, 0.01058183327, 0.001316952629, -0.002350741415, -0.001219549144, 0.0001589090861, 0.0002901332678, 3.888004794e-05, -5.826075681e-05, -2.535533932e-05, 5.893249418e-06, 7.29375939e-06, 6.284299802e-07, -1.487531921e-06, -5.545812629e-07, 1.838955813e-07, 1.756263912e-07, 6.424744879e-09, -3.806908124e-08, -1.191185909e-08, 5.349803839e-09],