{"interest_": {"pih": [0, -0.5788086478, -0.2900852752, -0.1453839144, -0.07286299709, -0.03651721972, -0.01830157129, -0.009172316905, -0.004596949413, -0.002303882882, -0.001154651892, -0.0005786843597, -0.000290022985, -0.000145352696, -7.284735116e-05, -3.650937834e-05, -1.829764138e-05, -9.170347326e-06, -4.595962306e-06, -2.303388167e-06, -1.154403952e-06], "x": [0, -0.8494734207, -0.4257360908, -0.2133689114, -0.1069354779, -0.0535935454, -0.02685982393, -0.01346151176, -0.006746592951, -0.003381233643, -0.001694594743, -0.0008492910125, -0.0004256446721, -0.0002133230945, -0.0001069125156, -5.358203722e-05, -2.68540563e-05, -1.345862116e-05, -6.745144249e-06, -3.380507589e-06, -1.694230862e-06], "y": [0, -0.8494734207, -0.4257360908, -0.2133689114, -0.1069354779, -0.0535935454, -0.02685982393, -0.01346151176, -0.006746592951, -0.003381233643, -0.001694594743, -0.0008492910125, -0.0004256446721, -0.0002133230945, -0.0001069125156, -5.358203721e-05, -2.68540563e-05, -1.345862115e-05, -6.745144249e-06, -3.380507588e-06, -1.694230862e-06], "ynat": [0, -5.930519581e-17, 2.687306834e-16, 2.461749169e-16, 3.350021413e-16, 3.181698968e-16, 3.103925995e-16, 3.069294953e-16, 3.054807671e-16, 3.049440514e-16, 3.04800035e-16, 3.048103394e-16, 3.048699419e-16, 3.049357425e-16, 3.049924334e-16, 3.050364963e-16, 3.050689092e-16, 3.050919712e-16, 3.051080288e-16, 3.051190462e-16, 3.051265279e-16], "rnat": [0, -2.747715815e-17, -4.66893853e-16, -1.507743876e-16, -1.377656859e-16, -4.970729267e-17, -5.79843135e-18, 1.605986077e-17, 2.691717709e-17, 3.229422861e-17, 3.494658955e-17, 3.624784653e-17, 3.688149694e-17, 3.718685169e-17, 3.733182579e-17, 3.739916215e-17, 3.742939751e-17, 3.744223283e-17, 3.744713575e-17, 3.744858328e-17, 3.744864235e-17], "r": [0, 0.1336520547, 0.06698326503, 0.03357043636, 0.01682471281, 0.008432150183, 0.004225995268, 0.002117969393, 0.001061476425, 0.0005319870083, 0.0002666193712, 0.0001336233554, 6.696888166e-05, 3.356322775e-05, 1.682110002e-05, 8.43033954e-06, 4.225087816e-06, 2.117514599e-06, 1.061248493e-06, 5.318727741e-07, 2.665621197e-07], "s": [0, -0.8494734207, -0.4257360908, -0.2133689114, -0.1069354779, -0.0535935454, -0.02685982393, -0.01346151176, -0.006746592951, -0.003381233643, -0.001694594743, -0.0008492910125, -0.0004256446721, -0.0002133230945, -0.0001069125156, -5.358203721e-05, -2.68540563e-05, -1.345862115e-05, -6.745144249e-06, -3.380507588e-06, -1.694230862e-06], "pi": [0, -0.9185980161, -0.1205903433, -0.06043704262, -0.03028962371, -0.01518044671, -0.007608082702, -0.003812992036, -0.001910981891, -0.0009577391594, -0.0004799963316, -0.0002405628673, -0.0001205644488, -6.042406492e-05, -3.028311959e-05, -1.5177187e-05, -7.606449011e-06, -3.812173268e-06, -1.910571543e-06, -9.575335026e-07, -4.79893261e-07], "p": [0, -0.9185980161, -1.039188359, -1.099625402, -1.129915026, -1.145095472, -1.152703555, -1.156516547, -1.158427529, -1.159385268, -1.159865265, -1.160105827, -1.160226392, -1.160286816, -1.160317099, -1.160332276, -1.160339883, -1.160343695, -1.160345605, -1.160346563, -1.160347043], "ph": [0, -0.5788086478, -0.868893923, -1.014277837, -1.087140835, -1.123658054, -1.141959626, -1.151131942, -1.155728892, -1.158032775, -1.159187427, -1.159766111, -1.160056134, -1.160201487, -1.160274334, -1.160310843, -1.160329141, -1.160338311, -1.160342907, -1.160345211, -1.160346365], "e": [0, -1.428282068, -1.294630014, -1.227646749, -1.194076312, -1.1772516, -1.168819449, -1.164593454, -1.162475485, -1.161414008, -1.160882021, -1.160615402, -1.160481779, -1.16041481, -1.160381247, -1.160364425, -1.160355995, -1.16035177, -1.160349652, -1.160348591, -1.160348059], "ystar": [0, 0, 0, 0, 0, 0, 0, 0, 0, 0, 0, 0, 0, 0, 0, 0, 0, 0, 0, 0, 0], "a": [0, -4.242426611e-17, -2.800001563e-17, -1.848001032e-17, -1.219680681e-17, -8.049892494e-18, -5.312929046e-18, -3.50653317e-18, -2.314311892e-18, -1.527445849e-18, -1.00811426e-18, -6.653554118e-19, -4.391345718e-19, -2.898288174e-19, -1.912870195e-19, -1.262494328e-19, -8.332462568e-20, -5.499425295e-20, -3.629620695e-20, -2.395549658e-20, -1.581062775e-20], "pistar": [0, 0, 0, 0, 0, 0, 0, 0, 0, 0, 0, 0, 0, 0, 0, 0, 0, 0, 0, 0, 0], "tar": [0, 0, 0, 0, 0, 0, 0, 0, 0, 0, 0, 0, 0, 0, 0, 0, 0, 0, 0, 0, 0], "pf": [0, -1.428282068, -1.294630014, -1.227646749, -1.194076312, -1.1772516, -1.168819449, -1.164593454, -1.162475485, -1.161414008, -1.160882021, -1.160615402, -1.160481779, -1.16041481, -1.160381247, -1.160364425, -1.160355995, -1.16035177, -1.160349652, -1.160348591, -1.160348059], "interest": [0, 0.5346082186, 0.2679330601, 0.1342817454, 0.06729885123, 0.03372860073, 0.01690398107, 0.008471877572, 0.0042459057, 0.002127948033, 0.001066477485, 0.0005344934217, 0.0002678755266, 0.000134252911, 6.728440009e-05, 3.372135816e-05, 1.690035126e-05, 8.470058397e-06, 4.244993973e-06, 2.127491096e-06, 1.066248479e-06], "inflation": [0, -0.5788086478, -0.868893923, -1.014277837, -1.087140835, -0.5448494064, -0.2730657025, -0.136854105, -0.06858805733, -0.03437472049, -0.01722780109, -0.008634168547, -0.004327242118, -0.002168711932, -0.001086907392, -0.0005447324104, -0.0002730070669, -0.0001368247182, -6.857332935e-05, -3.436733918e-05, -1.722410175e-05], "inflationq": [0, -2.315234591, -1.160341101, -0.5815356576, -0.2914519884, -0.1460688789, -0.07320628517, -0.03668926762, -0.01838779765, -0.009215531529, -0.004618607566, -0.002314737439, -0.00116009194, -0.0005814107839, -0.0002913894046, -0.0001460375134, -7.319056552e-05, -3.66813893e-05, -1.838384923e-05, -9.213552671e-06, -4.617615809e-06], "outputgap": [0, -0.8494734207, -0.4257360908, -0.2133689114, -0.1069354779, -0.0535935454, -0.02685982393, -0.01346151176, -0.006746592951, -0.003381233643, -0.001694594743, -0.0008492910125, -0.0004256446721, -0.0002133230945, -0.0001069125156, -5.358203721e-05, -2.68540563e-05, -1.345862115e-05, -6.745144249e-06, -3.380507588e-06, -1.694230862e-06], "output": [0, -0.8494734207, -0.4257360908, -0.2133689114, -0.1069354779, -0.0535935454, -0.02685982393, -0.01346151176, -0.006746592951, -0.003381233643, -0.001694594743, -0.0008492910125, -0.0004256446721, -0.0002133230945, -0.0001069125156, -5.358203721e-05, -2.68540563e-05, -1.345862115e-05, -6.745144249e-06, -3.380507588e-06, -1.694230861e-06], "AUX_ENDO_LEAD_79": [0, -1.160341101, -0.5815356576, -0.2914519884, -0.1460688789, -0.07320628517, -0.03668926762, -0.01838779765, -0.009215531529, -0.004618607566, -0.002314737439, -0.00116009194, -0.0005814107839, -0.0002913894046, -0.0001460375134, -7.319056552e-05, -3.66813893e-05, -1.838384923e-05, -9.213552671e-06, -4.617615809e-06, -2.314240394e-06], "AUX_ENDO_LEAD_83": [0, -0.5815356576, -0.2914519884, -0.1460688789, -0.07320628517, -0.03668926762, -0.01838779765, -0.009215531529, -0.004618607566, -0.002314737439, -0.00116009194, -0.0005814107839, -0.0002913894046, -0.0001460375134, -7.319056552e-05, -3.66813893e-05, -1.838384923e-05, -9.213552671e-06, -4.617615809e-06, -2.314240394e-06, -1.159842833e-06], "AUX_ENDO_LEAD_87": [0, -0.2914519884, -0.1460688789, -0.07320628517, -0.03668926762, -0.01838779765, -0.009215531529, -0.004618607566, -0.002314737439, -0.00116009194, -0.0005814107839, -0.0002913894046, -0.0001460375134, -7.319056552e-05, -3.66813893e-05, -1.838384923e-05, -9.213552671e-06, -4.617615809e-06, -2.314240394e-06, -1.159842833e-06, -5.812859379e-07], "AUX_ENDO_LEAD_114": [0, -0.4257360908, -0.2133689114, -0.1069354779, -0.0535935454, -0.02685982393, -0.01346151176, -0.006746592951, -0.003381233643, -0.001694594743, -0.0008492910125, -0.0004256446721, -0.0002133230945, -0.0001069125156, -5.358203722e-05, -2.68540563e-05, -1.345862115e-05, -6.745144249e-06, -3.380507588e-06, -1.694230862e-06, -8.491086439e-07],