{"interest_": {"pih": [0, -0.0461073237, 0.01308240701, 0.004167281706, -0.0002292355117, -0.001551894192, 0.0001912922397, 0.0002267797449, 1.029462055e-05, -5.490522479e-05, -1.86484648e-06, 9.199871096e-06, 1.505627771e-06, -1.870391249e-06, -3.628668384e-07, 3.184587839e-07, 1.010093443e-07, -5.798525486e-08, -2.283373534e-08, 9.401970209e-09, 5.244666417e-09], "x": [0, -0.1720329352, 0.02609029455, 0.01279995591, 0.003807572788, -0.005072162858, -9.676582502e-05, 0.0006309002929, 0.0001883215645, -0.0001545558601, -3.196247849e-05, 2.245645093e-05, 9.77953716e-06, -4.401844097e-06, -1.975359844e-06, 6.363516838e-07, 4.614469754e-07, -1.030581324e-07, -9.362565056e-08, 1.226259967e-08, 1.964787983e-08], "y": [0, -0.1720329352, 0.02609029455, 0.01279995591, 0.003807572788, -0.005072162858, -9.676582502e-05, 0.0006309002929, 0.0001883215645, -0.0001545558601, -3.196247849e-05, 2.245645093e-05, 9.77953716e-06, -4.401844097e-06, -1.975359844e-06, 6.363516838e-07, 4.614469753e-07, -1.030581324e-07, -9.362565057e-08, 1.226259966e-08, 1.964787982e-08], "ynat": [0, 1.399741465e-17, 1.592744088e-16, -2.598940804e-17, -3.356272273e-17, -4.548155011e-18, 1.326533537e-18, -4.77484824e-18, -6.0542524e-18, -5.054873493e-18, -4.697821044e-18, -4.881429006e-18, -4.959466983e-18, -4.930642049e-18, -4.9127864e-18, -4.917381426e-18, -4.921122546e-18, -4.92051072e-18, -4.919727204e-18, -4.919795332e-18, -4.919952211e-18], "rnat": [0, -4.858771459e-17, -2.466089502e-16, 4.864876646e-17, 5.132023898e-17, -4.515350071e-18, -9.5495044e-18, 1.235834221e-18, 2.897550858e-18, 9.311238666e-19, 4.591795803e-19, 8.142040431e-19, 9.301204316e-19, 8.692006909e-19, 8.421232047e-19, 8.521997761e-19, 8.58181197e-19, 8.566347646e-19, 8.553544785e-19, 8.555683327e-19, 8.558333944e-19], "r": [0, 0.2112056367, -0.00912305694, -0.009221618631, -0.01043162984, 0.005166689272, 0.0009544458629, -0.0004322841079, -0.0003977826494, 0.0001207285351, 6.361880051e-05, -1.117128599e-05, -1.605177251e-05, 2.063617415e-06, 2.930170312e-06, -7.389536413e-08, -6.224903627e-07, -1.340125347e-08, 1.152902204e-07, 1.262994656e-08, -2.235864763e-08], "s": [0, -0.1720329352, 0.02609029455, 0.01279995591, 0.003807572788, -0.005072162858, -9.676582502e-05, 0.0006309002929, 0.0001883215645, -0.0001545558601, -3.196247849e-05, 2.245645093e-05, 9.77953716e-06, -4.401844097e-06, -1.975359844e-06, 6.363516838e-07, 4.614469753e-07, -1.030581324e-07, -9.362565057e-08, 1.226259965e-08, 1.964787981e-08], "pi": [0, -0.1149204978, 0.09233169889, -0.001148853752, -0.003826188759, -0.00510378845, 0.002181451053, 0.0005178461921, -0.0001667368708, -0.0001920561946, 4.717250617e-05, 3.096744286e-05, -3.565137735e-06, -7.542943752e-06, 6.077268628e-07, 1.363143395e-06, 3.104746093e-08, -2.83787298e-07, -1.906074261e-08, 5.175727028e-08, 8.198778464e-09], "p": [0, -0.1149204978, -0.02258879887, -0.02373765262, -0.02756384138, -0.03266762983, -0.03048617878, -0.02996833259, -0.03013506946, -0.03032712565, -0.03027995314, -0.0302489857, -0.03025255084, -0.03026009378, -0.03025948606, -0.03025812291, -0.03025809187, -0.03025837565, -0.03025839471, -0.03025834296, -0.03025833476], "ph": [0, -0.0461073237, -0.03302491669, -0.02885763498, -0.0290868705, -0.03063876469, -0.03044747245, -0.0302206927, -0.03021039808, -0.03026530331, -0.03026716815, -0.03025796828, -0.03025646265, -0.03025833305, -0.03025869591, -0.03025837745, -0.03025827644, -0.03025833443, -0.03025835726, -0.03025834786, -0.03025834262], "e": [0, -0.2181402589, -0.006934622137, -0.01605767908, -0.02527929771, -0.03571092755, -0.03054423827, -0.02958979241, -0.03002207652, -0.03041985917, -0.03029913063, -0.03023551183, -0.03024668312, -0.03026273489, -0.03026067127, -0.0302577411, -0.030257815, -0.03025843749, -0.03025845089, -0.0302583356, -0.03025832297], "ystar": [0, 0, 0, 0, 0, 0, 0, 0, 0, 0, 0, 0, 0, 0, 0, 0, 0, 0, 0, 0, 0], "a": [0, 0, 0, 0, 0, 0, 0, 0, 0, 0, 0, 0, 0, 0, 0, 0, 0, 0, 0, 0, 0], "pistar": [0, 0, 0, 0, 0, 0, 0, 0, 0, 0, 0, 0, 0, 0, 0, 0, 0, 0, 0, 0, 0], "tar": [0, 0, 0, 0, 0, 0, 0, 0, 0, 0, 0, 0, 0, 0, 0, 0, 0, 0, 0, 0, 0], "pf": [0, -0.2181402589, -0.006934622137, -0.01605767908, -0.02527929771, -0.03571092755, -0.03054423827, -0.02958979241, -0.03002207652, -0.03041985917, -0.03029913063, -0.03023551183, -0.03024668312, -0.03026273489, -0.03026067127, -0.0302577411, -0.030257815, -0.03025843749, -0.03025845089, -0.0302583356, -0.03025832297], "interest": [0, 0.8448225469, -0.03649222776, -0.03688647452, -0.04172651935, 0.02066675709, 0.003817783452, -0.001729136432, -0.001591130598, 0.0004829141405, 0.000254475202, -4.468514398e-05, -6.420709002e-05, 8.254469658e-06, 1.172068125e-05, -2.955814565e-07, -2.489961451e-06, -5.36050139e-08, 4.611608817e-07, 5.051978626e-08, -8.943459051e-08], "inflation": [0, -0.0461073237, -0.03302491669, -0.02885763498, -0.0290868705, 0.01546855901, 0.002577444243, -0.001363057719, -0.001123527587, 0.0003734613804, 0.0001803042942, -3.727557963e-05, -4.60645724e-05, 6.970261138e-06, 8.47224078e-06, -4.091715322e-07, -1.813789959e-06, -1.383965072e-09, 3.38649138e-07, 2.959232433e-08, -6.617235357e-08], "inflationq": [0, -0.1844292948, 0.05232962804, 0.01666912683, -0.0009169420467, -0.006207576767, 0.0007651689589, 0.0009071189796, 4.117848219e-05, -0.0002196208992, -7.459385921e-06, 3.679948438e-05, 6.022511084e-06, -7.481564995e-06, -1.451467354e-06, 1.273835136e-06, 4.040373772e-07, -2.319410195e-07, -9.133494139e-08, 3.76078808e-08, 2.097866564e-08], "outputgap": [0, -0.1720329352, 0.02609029455, 0.01279995591, 0.003807572788, -0.005072162858, -9.676582502e-05, 0.0006309002929, 0.0001883215645, -0.0001545558601, -3.196247849e-05, 2.245645093e-05, 9.77953716e-06, -4.401844097e-06, -1.975359844e-06, 6.363516838e-07, 4.614469754e-07, -1.030581324e-07, -9.362565056e-08, 1.226259966e-08, 1.964787982e-08], "output": [0, -0.1720329352, 0.02609029455, 0.01279995591, 0.003807572788, -0.005072162858, -9.676582502e-05, 0.0006309002929, 0.0001883215645, -0.0001545558601, -3.196247849e-05, 2.245645093e-05, 9.77953716e-06, -4.401844097e-06, -1.975359844e-06, 6.363516838e-07, 4.614469753e-07, -1.030581324e-07, -9.362565057e-08, 1.226259966e-08, 1.964787982e-08], "AUX_ENDO_LEAD_79": [0, 0.05232962804, 0.01666912683, -0.0009169420467, -0.006207576767, 0.0007651689589, 0.0009071189796, 4.117848219e-05, -0.0002196208992, -7.459385921e-06, 3.679948438e-05, 6.022511084e-06, -7.481564995e-06, -1.451467354e-06, 1.273835136e-06, 4.040373772e-07, -2.319410195e-07, -9.133494141e-08, 3.760788079e-08, 2.097866562e-08, -6.062427186e-09], "AUX_ENDO_LEAD_83": [0, 0.01666912683, -0.0009169420467, -0.006207576767, 0.0007651689589, 0.0009071189796, 4.117848219e-05, -0.0002196208992, -7.459385921e-06, 3.679948438e-05, 6.022511084e-06, -7.481564995e-06, -1.451467354e-06, 1.273835136e-06, 4.040373772e-07, -2.319410195e-07, -9.133494141e-08, 3.760788079e-08, 2.097866562e-08, -6.062427185e-09, -4.465890958e-09], "AUX_ENDO_LEAD_87": [0, -0.0009169420467, -0.006207576767, 0.0007651689589, 0.0009071189796, 4.117848219e-05, -0.0002196208992, -7.459385921e-06, 3.679948438e-05, 6.022511084e-06, -7.481564995e-06, -1.451467354e-06, 1.273835136e-06, 4.040373772e-07, -2.319410195e-07, -9.133494141e-08, 3.760788079e-08, 2.097866562e-08, -6.062427185e-09, -4.465890958e-09, 8.522438586e-10], "AUX_ENDO_LEAD_114": [0, 0.02609029455, 0.01279995591, 0.003807572788, -0.005072162858, -9.676582502e-05, 0.0006309002929, 0.0001883215645, -0.0001545558601, -3.196247849e-05, 2.245645093e-05, 9.77953716e-06, -4.401844097e-06, -1.975359844e-06, 6.363516838e-07, 4.614469754e-07, -1.030581324e-07, -9.362565056e-08, 1.226259966e-08, 1.964787982e-08, -1.195161012e-09],