{"interest_": {"pi": [0, -0.05331583904, 0.004277136219, 0.001120602641, 0.0008890447822, 0.000631165484, 0.0004511384785, 0.0003223202343, 0.0002302912015, 0.0001645380512, 0.0001175588698, 8.399326274e-05, 6.001136453e-05, 4.28768184e-05, 3.063455681e-05, 2.188772642e-05, 1.563830581e-05, 1.117323033e-05, 7.983030739e-06, 5.703702322e-06, 4.075171604e-06], "mc": [0, -0.6906024467, 0.03801287525, 0.002885379684, 0.003170291436, 0.002214460684, 0.001584497359, 0.001131983337, 0.0008087823697, 0.0005778572413, 0.0004128664761, 0.0002949841422, 0.0002107597718, 0.0001505832859, 0.0001075884918, 7.686964397e-05, 5.492169342e-05, 3.924035878e-05, 2.803638528e-05, 2.003138921e-05, 1.431199314e-05], "xhat": [0, -18.56297716, 0.9916411685, 0.05741162494, 0.07075905353, 0.04919740513, 0.03521252603, 0.02515575204, 0.01797336869, 0.0128415762, 0.009175027951, 0.006555358465, 0.004683661447, 0.003346374522, 0.002390912018, 0.001708254781, 0.001220510992, 0.0008720286323, 0.0006230455447, 0.0004451525287, 0.000318051827], "c": [0, -0.6473075238, -0.467440502, -0.3337498506, -0.238467364, -0.1703792875, -0.1217323272, -0.0869751066, -0.06214182735, -0.04439898787, -0.03172211388, -0.02266476236, -0.01619348114, -0.01156989106, -0.008266436228, -0.005906189397, -0.004219844227, -0.003014987178, -0.002154142948, -0.001539088416, -0.001099645292], "a": [0, 1.3691835e-17, -1.769620769e-16, -2.72769361e-16, -3.275810473e-16, -3.534281335e-16, -3.599595294e-16, -3.538816961e-16, -3.398693785e-16, -3.21155023e-16, -2.999514496e-16, -2.777526412e-16, -2.555476905e-16, -2.339727895e-16, -2.1341904e-16, -1.941087761e-16, -1.761494613e-16, -1.595716253e-16, -1.443554554e-16, -1.304493331e-16, -1.177826612e-16], "n": [0, -0.6875176724, -0.4598130905, -0.3299608755, -0.2356843711, -0.1683943641, -0.1203139842, -0.08596173854, -0.06141779751, -0.04388168427, -0.03135251168, -0.0224006896, -0.01600480688, -0.01143508739, -0.008170121933, -0.005837374922, -0.004170677778, -0.002979858816, -0.002129044495, -0.001521156116, -0.001086833053], "uhat": [0, 0.6187659052, 0.4138317815, 0.296964788, 0.212115934, 0.1515549277, 0.1082825858, 0.07736556468, 0.05527601776, 0.03949351584, 0.02821726051, 0.02016062064, 0.01440432619, 0.01029157866, 0.007353109739, 0.00525363743, 0.00375361, 0.002681872934, 0.001916140046, 0.001369040504, 0.0009781497477], "i": [0, 0.1841441581, 0.134811254, 0.0961715314, 0.06871924196, 0.04909809879, 0.03507954084, 0.02506357046, 0.01790737753, 0.01279443286, 0.009141344783, 0.006531292585, 0.004666466897, 0.003334089389, 0.002382134557, 0.001701983476, 0.00121603028, 0.0008688272609, 0.0006207582343, 0.000443518295, 0.0003168842025], "xhatf": [0, -4.975607001e-14, -5.189122121e-14, -5.276126573e-14, -5.184164644e-14, -4.989650817e-14, -4.731046937e-14, -4.436362605e-14, -4.125188915e-14, -3.811028517e-14, -3.502971911e-14, -3.206930872e-14, -2.926543153e-14, -2.663834743e-14, -2.419703343e-14, -2.194270135e-14, -1.987134596e-14, -1.79755807e-14, -1.624595043e-14, -1.467186144e-14, -1.32422319e-14], "cf": [0, -1.754939265e-15, -3.402072861e-15, -4.378093416e-15, -5.126344527e-15, -5.602110713e-15, -5.855133582e-15, -5.9303801e-15, -5.868884195e-15, -5.706091129e-15, -5.471533353e-15, -5.189118848e-15, -4.877726439e-15, -4.551917865e-15, -4.222657367e-15, -3.897980333e-15, -3.58358385e-15, -3.283330584e-15, -2.99966795e-15, -2.733969958e-15, -2.486811459e-15], "nf": [0, -1.842817408e-15, -3.097111911e-15, -4.089384177e-15, -4.800513552e-15, -5.262925763e-15, -5.515994421e-15, -5.600258789e-15, -5.553465237e-15, -5.40874306e-15, -5.194005257e-15, -4.932043339e-15, -4.640981369e-15, -4.334885239e-15, -4.024407549e-15, -3.717402059e-15, -3.419474984e-15, -3.134460559e-15, -2.864819824e-15, -2.611967892e-15, -2.376537825e-15], "uhatf": [0, 1.658535667e-15, 2.78740072e-15, 3.680445759e-15, 4.320462197e-15, 4.736633187e-15, 4.964394979e-15, 5.04023291e-15, 4.998118714e-15, 4.867868754e-15, 4.674604731e-15, 4.438839005e-15, 4.176883232e-15, 3.901396715e-15, 3.621966794e-15, 3.345661853e-15, 3.077527486e-15, 2.821014503e-15, 2.578337842e-15, 2.350771103e-15, 2.138884042e-15], "r": [0, -1.647987302e-15, -9.76649317e-16, -7.476658181e-16, -4.753142324e-16, -2.532696275e-16, -7.459310947e-17, 6.071532166e-17, 1.630640067e-16, 2.341876693e-16, 2.827599266e-16, 3.122502257e-16, 3.261280135e-16, 3.295974604e-16, 3.2439329e-16, 3.139849492e-16, 3.001071613e-16, 2.844946501e-16, 2.654126918e-16, 2.463307336e-16, 2.289834988e-16], "y": [0, -0.6875176724, -0.4598130905, -0.3299608755, -0.2356843711, -0.1683943641, -0.1203139842, -0.08596173854, -0.06141779751, -0.04388168427, -0.03135251168, -0.0224006896, -0.01600480688, -0.01143508739, -0.008170121933, -0.005837374922, -0.004170677778, -0.002979858816, -0.002129044495, -0.001521156116, -0.001086833053], "yf": [0, -1.834141667e-15, -3.259051316e-15, -4.36044035e-15, -5.126458554e-15, -5.615203797e-15, -5.87513137e-15, -5.953552808e-15, -5.892914732e-15, -5.729598085e-15, -5.493742364e-15, -5.209642837e-15, -4.896419642e-15, -4.568779852e-15, -4.237770734e-15, -3.911470927e-15, -3.595595933e-15, -3.294011812e-15, -3.009160724e-15, -2.742406826e-15, -2.494313056e-15], "interest": [0, 0.7365766322, 0.5392450161, 0.3846861256, 0.2748769679, 0.1963923952, 0.1403181634, 0.1002542818, 0.07162951012, 0.05117773143, 0.03656537913, 0.02612517034, 0.01866586759, 0.01333635756, 0.009528538227, 0.006807933903, 0.004864121119, 0.003475309044, 0.002483032937, 0.00177407318, 0.00126753681], "inflation": [0, -0.05331583904, -0.04903870282, -0.04791810018, -0.04702905539, 0.006917949127, 0.003091951386, 0.002293668979, 0.001634915398, 0.001168287965, 0.0008347083567, 0.0005963813852, 0.0004261015483, 0.0003044403155, 0.0002175160025, 0.0001554104662, 0.0001110374074, 7.933381936e-05, 5.66822933e-05, 4.04982692e-05, 2.893513499e-05], "inflationq": [0, -0.2132633561, 0.01710854488, 0.004482410566, 0.003556179129, 0.002524661936, 0.001804553914, 0.001289280937, 0.000921164806, 0.0006581522048, 0.0004702354791, 0.000335973051, 0.0002400454581, 0.0001715072736, 0.0001225382272, 8.755090567e-05, 6.255322325e-05, 4.469292132e-05, 3.193212295e-05, 2.281480929e-05, 1.630068642e-05], "outputgap": [0, -0.6875176724, -0.4598130905, -0.3299608755, -0.2356843711, -0.1683943641, -0.1203139842, -0.08596173854, -0.06141779751, -0.04388168427, -0.03135251168, -0.0224006896, -0.01600480688, -0.01143508739, -0.008170121933, -0.005837374922, -0.004170677778, -0.002979858816, -0.002129044495, -0.001521156116, -0.001086833053], "output": [0, -0.6875176724, -0.4598130905, -0.3299608755, -0.2356843711, -0.1683943641, -0.1203139842, -0.08596173854, -0.06141779751, -0.04388168427, -0.03135251168, -0.0224006896, -0.01600480688, -0.01143508739, -0.008170121933, -0.005837374922, -0.004170677778, -0.002979858816, -0.002129044495, -0.001521156116, -0.001086833053], "fispol": [0, 0, 3.998025726e-33, 2.860283946e-33, 2.043438128e-33, 1.460000112e-33, 1.043138055e-33, 7.452995323e-34, 5.325003506e-34, 3.804599513e-34, 2.718303836e-34, 1.942169135e-34, 1.387637724e-34, 9.914370577e-35, 7.083602748e-35, 5.06108053e-35, 3.616032271e-35, 2.583576631e-35, 1.845909469e-35, 1.31886228e-35, 9.42298495e-36], "AUX_ENDO_LEAD_80": [0, 0.01710854488, 0.004482410566, 0.003556179129, 0.002524661936, 0.001804553914, 0.001289280937, 0.000921164806, 0.0006581522048, 0.0004702354791, 0.000335973051, 0.0002400454581, 0.0001715072736, 0.0001225382272, 8.755090567e-05, 6.255322325e-05, 4.469292132e-05, 3.193212295e-05, 2.281480929e-05, 1.630068642e-05, 1.16464869e-05], "AUX_ENDO_LEAD_84": [0, 0.004482410566, 0.003556179129, 0.002524661936, 0.001804553914, 0.001289280937, 0.000921164806, 0.0006581522048, 0.0004702354791, 0.000335973051, 0.0002400454581, 0.0001715072736, 0.0001225382272, 8.755090567e-05, 6.255322325e-05, 4.469292132e-05, 3.193212295e-05, 2.281480929e-05, 1.630068642e-05, 1.16464869e-05, 8.321162298e-06],