{"interest_": {"dp": [0, -0.09560240522, -0.04889096199, -0.02500278271, -0.01278639482, -0.006538947861, -0.003344010546, -0.001710123214, -0.0008745550791, -0.0004472464791, -0.000228721344, -0.0001169678368, -5.981721956e-05, -3.059045848e-05, -1.56439259e-05, -8.000286024e-06, -4.091337231e-06, -2.092305236e-06, -1.070002533e-06, -5.471980856e-07, -2.798364822e-07], "mc": [0, -0.9440070571, -0.4827641422, -0.2468850367, -0.1262567288, -0.0645675484, -0.03301977128, -0.01688627372, -0.008635621296, -0.004416246971, -0.00225846371, -0.001154975789, -0.0005906533133, -0.0003020594369, -0.0001544728547, -7.89972433e-05, -4.039910095e-05, -2.066005457e-05, -1.056552856e-05, -5.403199365e-06, -2.76319005e-06], "omega": [0, 0.05101113945, 0.02608703907, 0.0133408823, 0.00682251213, 0.003489024993, 0.001784283438, 0.0009124805339, 0.0004666415138, 0.0002386399428, 0.0001220401971, 6.241121885e-05, 3.191702679e-05, 1.632233143e-05, 8.347221847e-06, 4.268759819e-06, 2.183038948e-06, 1.116403651e-06, 5.709275654e-07, 2.919717118e-07, 1.493140036e-07], "lambda": [0, 0.4092949376, 0.2093129685, 0.1070424156, 0.05474137034, 0.02799467493, 0.01431644512, 0.007321413856, 0.003744162772, 0.00191476061, 0.0009792064121, 0.0005007650525, 0.0002560906819, 0.0001309644853, 6.697508979e-05, 3.425098523e-05, 1.751591514e-05, 8.957619207e-06, 4.580916339e-06, 2.342675439e-06, 1.198041572e-06], "xi": [0, -0.5347121195, -0.2734511736, -0.1398426212, -0.07151535842, -0.03657287347, -0.01870332616, -0.009564859863, -0.004891458524, -0.002501486361, -0.001279257298, -0.0006542107366, -0.0003345626313, -0.0001710949516, -8.749776488e-05, -4.474625808e-05, -2.288318581e-05, -1.170243536e-05, -5.98461222e-06, -3.060523926e-06, -1.565148477e-06], "w": [0, -0.7067757734, -0.3614443318, -0.1848422228, -0.09452810384, -0.04834156548, -0.02472182195, -0.01264271181, -0.006465468531, -0.0033064333, -0.001690906253, -0.0008647275468, -0.0004422206902, -0.0002261511612, -0.0001156534483, -5.914504273e-05, -3.024670801e-05, -1.54681323e-05, -7.910385375e-06, -4.045362142e-06, -2.068793628e-06], "n": [0, -0.62201809, -0.3180993482, -0.1626756472, -0.08319214213, -0.04254436747, -0.02175714144, -0.01112657755, -0.005690119183, -0.002909920519, -0.001488130065, -0.0007610280335, -0.0003891888763, -0.0001990307515, -0.0001017841014, -5.205227442e-05, -2.661947431e-05, -1.361316908e-05, -6.961759284e-06, -3.56023583e-06, -1.820700581e-06], "m": [0, -0.2899682161, -0.148289418, -0.07583504078, -0.03878195415, -0.01983304752, -0.01014259809, -0.005186913201, -0.002652581549, -0.001356527206, -0.0006937264803, -0.000354770938, -0.0001814294568, -9.278281916e-05, -4.744902886e-05, -2.426537974e-05, -1.240928777e-05, -6.346095744e-06, -3.245386191e-06, -1.659686831e-06, -8.487619695e-07], "c": [0, -0.3847868063, -0.1967795379, -0.1006328333, -0.05146351721, -0.02631838454, -0.01345919211, -0.006883015635, -0.003519966417, -0.001800106848, -0.0009205726076, -0.0004707797912, -0.0002407562532, -0.0001231224758, -6.296469497e-05, -3.220007385e-05, -1.646708138e-05, -8.421246807e-06, -4.3066161e-06, -2.202398607e-06, -1.126304159e-06], "q": [0, -0.4467879092, -0.2284868318, -0.1168479076, -0.05975588789, -0.03055909353, -0.0156278859, -0.007992083186, -0.004087142309, -0.002090159958, -0.00106890544, -0.0005466370342, -0.0002795495615, -0.0001429613298, -7.311026252e-05, -3.738850563e-05, -1.912043953e-05, -9.778171165e-06, -5.000545684e-06, -2.557273412e-06, -1.307786733e-06], "p": [0, -0.09560240522, -0.1444933672, -0.1694961499, -0.1822825447, -0.1888214926, -0.1921655031, -0.1938756264, -0.1947501814, -0.1951974279, -0.1954261493, -0.1955431171, -0.1956029343, -0.1956335248, -0.1956491687, -0.195657169, -0.1956612603, -0.1956633526, -0.1956644226, -0.1956649698, -0.1956652497], "h": [0, -0.4803892115, -0.3412729051, -0.2701289832, -0.233746062, -0.2151398771, -0.2056246953, -0.200758642, -0.1982701479, -0.1969975348, -0.1963467219, -0.1960138969, -0.1958436906, -0.1957566473, -0.1957121334, -0.1956893691, -0.1956777274, -0.1956717739, -0.1956687293, -0.1956671722, -0.195666376], "b": [0, 0, 0, 0, 0, 0, 0, 0, 0, 0, 0, 0, 0, 0, 0, 0, 0, 0, 0, 0, 0], "a1": [0, 0, 7.043921276e-17, 1.04276002e-16, 1.193702848e-16, 1.248805621e-16, 1.255116791e-16, 1.236694674e-16, 1.205840478e-16, 1.168842862e-16, 1.128915697e-16, 1.087700429e-16, 1.046034394e-16, 1.004343721e-16, 9.628442768e-17, 9.21644415e-17, 8.807975304e-17, 8.403289311e-17, 8.00249582e-17, 7.605631324e-17, 7.212695105e-17], "a2": [0, 0, 0, 0, 0, 0, 0, 0, 0, 0, 0, 0, 0, 0, 0, 0, 0, 0, 0, 0, 0], "a3": [0, 0, 0, 0, 0, 0, 0, 0, 0, 0, 0, 0, 0, 0, 0, 0, 0, 0, 0, 0, 0], "CEFP": [0, -0.002783990097, -0.001423729389, -0.0007280936007, -0.0003723462446, -0.0001904174487, -9.737926806e-05, -4.979964764e-05, -2.546748352e-05, -1.302404229e-05, -6.660480509e-06, -3.406162205e-06, -1.741907502e-06, -8.908095281e-07, -4.555589859e-07, -2.329723506e-07, -1.191417968e-07, -6.092898024e-08, -3.115901164e-08, -1.593468334e-08, -8.148979052e-09], "UEFP": [0, -0.00795425742, -0.004067798255, -0.002080267431, -0.001063846413, -0.0005440498534, -0.0002782264802, -0.0001422847075, -7.276423863e-05, -3.72115494e-05, -1.902994431e-05, -9.731892014e-06, -4.976878578e-06, -2.54517008e-06, -1.301597103e-06, -6.656352874e-07, -3.404051337e-07, -1.740828007e-07, -8.902574753e-08, -4.552766668e-08, -2.328279729e-08], "rT": [0, 0.1518578894, 0.07765995303, 0.03971521221, 0.02031031464, 0.01038667196, 0.0053117323, 0.002716413895, 0.001389170996, 0.0007104204775, 0.0003633082293, 0.0001857954179, 9.501556674e-05, 4.859085345e-05, 2.484930754e-05, 1.270790779e-05, 6.498809685e-06, 3.323483929e-06, 1.699625926e-06, 8.69186778e-07, 4.445011364e-07], "rIB": [0, 0.1598121468, 0.08172775128, 0.04179547964, 0.02137416106, 0.01093072181, 0.00558995878, 0.002858698603, 0.001461935235, 0.0007476320269, 0.0003823381736, 0.0001955273099, 9.999244531e-05, 5.113602353e-05, 2.615090464e-05, 1.337354308e-05, 6.839214818e-06, 3.497566729e-06, 1.788651673e-06, 9.147144446e-07, 4.677839336e-07], "rL": [0, 0.1570281567, 0.0803040219, 0.04106738604, 0.02100181481, 0.01074030436, 0.005492579512, 0.002808898955, 0.001436467751, 0.0007346079846, 0.0003756776931, 0.0001921211477, 9.825053781e-05, 5.0245214e-05, 2.569534566e-05, 1.314057073e-05, 6.720073022e-06, 3.436637749e-06, 1.757492661e-06, 8.987797613e-07, 4.596349546e-07], "rB": [0, 0.157409559, 0.08049907058, 0.04116713372, 0.02105282566, 0.01076639125, 0.005505920318, 0.002815721428, 0.001439956756, 0.0007363922579, 0.0003765901685, 0.0001925877866, 9.84891764e-05, 5.03672535e-05, 2.575775652e-05, 1.317248758e-05, 6.73639526e-06, 3.444984924e-06, 1.761761397e-06, 9.009627879e-07, 4.607513519e-07], "interest": [0, 0.6392485873, 0.3269110051, 0.1671819186, 0.08549664422, 0.04372288723, 0.02235983512, 0.01143479441, 0.005847740939, 0.002990528107, 0.001529352694, 0.0007821092396, 0.0003999697813, 0.0002045440941, 0.0001046036186, 5.349417233e-05, 2.735685927e-05, 1.399026692e-05, 7.154606692e-06, 3.658857778e-06, 1.871135735e-06], "inflation": [0, -0.09560240522, -0.1444933672, -0.1694961499, -0.1822825447, -0.09321908738, -0.04767213594, -0.02437947644, -0.0124676367, -0.006375935319, -0.003260646116, -0.001667490739, -0.0008527528795, -0.0004360968588, -0.0002230194408, -0.00011405189, -5.832600763e-05, -2.982785439e-05, -1.525393102e-05, -7.800843085e-06, -3.989342336e-06], "inflationq": [0, -0.3824096209, -0.195563848, -0.1000111308, -0.05114557928, -0.02615579144, -0.01337604219, -0.006840492857, -0.003498220316, -0.001788985916, -0.0009148853759, -0.0004678713473, -0.0002392688782, -0.0001223618339, -6.257570359e-05, -3.200114409e-05, -1.636534892e-05, -8.369220942e-06, -4.28001013e-06, -2.188792342e-06, -1.119345928e-06],