{"interest_": {"dp": [0, -0.06253409782, -0.0452075617, -0.03996839546, -0.03857671476, -0.03688304225, -0.0298066158, -0.02583663404, -0.02410666871, -0.02240573695, -0.0190728679, -0.01657943481, -0.0151272309, -0.01382931555, -0.01206675439, -0.01056257063, -0.009516264889, -0.008611096744, -0.007602009198, -0.006695300029, -0.005992813004], "mc": [0, -0.3555722348, -0.1127770039, -0.03554895682, -0.0412500588, -0.1474898521, -0.084566962, -0.03942064042, -0.03849978259, -0.07047195456, -0.05318454868, -0.03206952437, -0.02872417014, -0.03766457416, -0.03219618922, -0.02282936785, -0.01982558226, -0.02170215275, -0.01947324339, -0.01524830311, -0.01317010611], "omega": [0, 0.03104201536, 0.02243186973, 0.02012165153, 0.01966145188, 0.01845112941, 0.01485554589, 0.01298680716, 0.01220592103, 0.01124475179, 0.009536701226, 0.008327477544, 0.007632065543, 0.006948657934, 0.006046105182, 0.00530420077, 0.004791822975, 0.004328127975, 0.003813768397, 0.003362268661, 0.003014421659], "lambda": [0, 0.1506057059, 0.04397901205, 0.009934325703, 0.0126374247, 0.06079243214, 0.03356966262, 0.0138236585, 0.01364448108, 0.02831610179, 0.02105372289, 0.01191938139, 0.01062384461, 0.01485129348, 0.01266308982, 0.008672864136, 0.007475881621, 0.008459613727, 0.007611796422, 0.005847167029, 0.005017022887], "xi": [0, -0.2049665288, -0.06879799188, -0.02561463111, -0.0286126341, -0.08669741994, -0.05099729938, -0.02559698192, -0.02485530151, -0.04215585276, -0.0321308258, -0.02015014298, -0.01810032553, -0.02281328068, -0.0195330994, -0.01415650372, -0.01234970064, -0.01324253903, -0.01186144696, -0.009401136083, -0.008153083221], "w": [0, -0.262826864, -0.07975445032, -0.02140019422, -0.02588873491, -0.107421998, -0.06036778284, -0.02640327836, -0.02592333095, -0.05063127833, -0.03790999125, -0.02212077623, -0.01976358241, -0.0267914949, -0.02287127487, -0.01592591071, -0.01377729067, -0.01534419767, -0.01378829137, -0.01068904384, -0.009200596638], "n": [0, -0.2351360121, -0.07547736987, -0.02472393148, -0.02842557309, -0.09793170521, -0.05645706196, -0.02675036479, -0.02609136758, -0.04696613873, -0.03551996233, -0.0216021332, -0.01936107092, -0.02516867789, -0.02152212152, -0.01533336312, -0.01332912225, -0.0145252468, -0.01302844864, -0.01022863703, -0.008842459165], "m": [0, -0.08469030054, -0.0007588595323, 0.02682659572, 0.02348210458, -0.02356722306, -0.004644660811, 0.01040664126, 0.009173230935, -0.006223919765, -0.002518755869, 0.003825580694, 0.003785863229, -0.001379558011, -0.0009588154127, 0.001429447185, 0.00162612386, -0.0001222451408, -0.0002545323957, 0.0005803468607, 0.0007302031671], "c": [0, -0.1423906414, -0.04245481626, -0.01057516889, -0.0130642492, -0.05786385115, -0.0322578828, -0.01373300273, -0.01351491594, -0.02712546251, -0.0202454049, -0.01165338506, -0.01040048318, -0.01429559863, -0.01219720718, -0.00842990598, -0.007280830658, -0.008167291717, -0.007343496623, -0.005669377763, -0.004872949695], "q": [0, -0.1801204237, -0.06971946236, -0.03503187777, -0.03696161192, -0.08029013659, -0.05031394349, -0.02951771909, -0.02835051017, -0.04079281087, -0.03183671614, -0.02177495454, -0.01967681942, -0.02274129227, -0.01954589991, -0.01487685662, -0.01310501559, -0.01342788207, -0.01197891252, -0.009756021731, -0.008536805661], "p": [0, -0.06253409782, -0.1077416595, -0.147710055, -0.1862867697, -0.223169812, -0.2529764278, -0.2788130618, -0.3029197305, -0.3253254675, -0.3443983354, -0.3609777702, -0.3761050011, -0.3899343167, -0.402001071, -0.4125636417, -0.4220799066, -0.4306910033, -0.4382930125, -0.4449883125, -0.4509811255], "h": [0, -0.2049247392, -0.1501964758, -0.1582852239, -0.1993510189, -0.2810336631, -0.2852343106, -0.2925460646, -0.3164346465, -0.35245093, -0.3646437403, -0.3726311553, -0.3865054843, -0.4042299153, -0.4141982782, -0.4209935477, -0.4293607372, -0.438858295, -0.4456365091, -0.4506576903, -0.4558540752], "b": [0, 0, 0, 0, 0, 0, 0, 0, 0, 0, 0, 0, 0, 0, 0, 0, 0, 0, 0, 0, 0], "a1": [0, 0, -1.330528208e-16, -2.138721269e-16, -1.873798765e-16, -2.62677289e-16, -3.388274127e-16, -3.797780101e-16, -3.863777427e-16, -4.196013453e-16, -4.576913882e-16, -4.815041042e-16, -4.914916322e-16, -5.075297145e-16, -5.258118986e-16, -5.384232833e-16, -5.450838858e-16, -5.524537555e-16, -5.603594387e-16, -5.658899932e-16, -5.687200533e-16], "a2": [0, 0, 0, 0, 0, 0, 0, 0, 0, 0, 0, 0, 0, 0, 0, 0, 0, 0, 0, 0, 0], "a3": [0, 0, 0, 0, 0, 0, 0, 0, 0, 0, 0, 0, 0, 0, 0, 0, 0, 0, 0, 0, 0], "CEFP": [0, -0.0009331865445, -0.000173140331, 7.279629151e-05, 4.848493687e-05, -0.0003326708327, -0.0001490110347, -1.029800095e-05, -1.471789315e-05, -0.0001352501314, -9.182051688e-05, -3.021573255e-05, -2.537264077e-05, -6.312390537e-05, -5.292172762e-05, -2.759872193e-05, -2.215672596e-05, -3.320618653e-05, -3.047739439e-05, -2.019589128e-05, -1.636592906e-05], "UEFP": [0, -0.00266624727, -0.0004946866601, 0.0002079894043, 0.0001385283911, -0.0009504880935, -0.0004257458134, -2.942285985e-05, -4.20511233e-05, -0.000386428947, -0.0002623443339, -8.633066443e-05, -7.249325936e-05, -0.0001803540153, -0.0001512049361, -7.885349123e-05, -6.330493131e-05, -9.487481864e-05, -8.70782697e-05, -5.770254652e-05, -4.675979731e-05], "rT": [0, 0.06173087311, -0.005953775682, -0.0414893349, -0.08546967153, -0.002596960933, -0.006121543722, -0.02404893843, -0.03726554869, -0.01187043469, -0.007482881867, -0.01390189872, -0.01814841391, -0.009928690612, -0.006605703756, -0.008361507989, -0.00964352867, -0.006788473686, -0.004955696905, -0.005188872668, -0.005462844216], "rIB": [0, 0.06439712038, -0.005459089022, -0.0416973243, -0.08560819992, -0.001646472839, -0.005695797908, -0.02401951557, -0.03722349756, -0.01148400574, -0.007220537533, -0.01381556805, -0.01807592065, -0.009748336597, -0.00645449882, -0.008282654498, -0.009580223738, -0.006693598867, -0.004868618636, -0.005131170122, -0.005416084419], "rL": [0, 0.06346393384, -0.005632229353, -0.04162452801, -0.08555971498, -0.001979143672, -0.005844808943, -0.02402981357, -0.03723821546, -0.01161925587, -0.00731235805, -0.01384578379, -0.01810129329, -0.009811460502, -0.006507420548, -0.00831025322, -0.009602380464, -0.006726805054, -0.00489909603, -0.005151366013, -0.005432450348], "rB": [0, 0.06345669902, -0.005795091986, -0.04184235896, -0.08576544143, -0.00205326758, -0.005941862072, -0.02415238917, -0.03735183584, -0.01168565605, -0.007375869893, -0.01391695612, -0.01816725177, -0.00985892509, -0.006549350009, -0.008352959537, -0.009641834494, -0.006758291709, -0.004926457871, -0.005177587416, -0.005456506416], "interest": [0, 0.2575884815, -0.02183635609, -0.1667892972, -0.3424327997, -0.006585891358, -0.02278319163, -0.09607806226, -0.1488939902, -0.04593602296, -0.02888215013, -0.05526227222, -0.0723036826, -0.03899334639, -0.02581799528, -0.03313061799, -0.03832089495, -0.02677439547, -0.01947447454, -0.02052468049, -0.02166433768], "inflation": [0, -0.06253409782, -0.1077416595, -0.147710055, -0.1862867697, -0.1606357142, -0.1452347683, -0.1311030069, -0.1166329608, -0.1021556555, -0.0914219076, -0.08216470837, -0.07318527056, -0.06460884917, -0.05760273566, -0.05158587148, -0.04597490546, -0.04075668665, -0.03629194146, -0.03242467086, -0.02890121898], "inflationq": [0, -0.2501363913, -0.1808302468, -0.1598735818, -0.1543068591, -0.147532169, -0.1192264632, -0.1033465362, -0.09642667483, -0.08962294779, -0.0762914716, -0.06631773925, -0.06050892361, -0.05531726221, -0.04826701755, -0.04225028253, -0.03806505956, -0.03444438698, -0.03040803679, -0.02678120012, -0.02397125201], "output": [0, -0.1423906414, -0.04245481626, -0.01057516889, -0.0130642492, -0.05786385115, -0.0322578828, -0.01373300273, -0.01351491594, -0.02712546251, -0.0202454049, -0.01165338506, -0.01040048318, -0.01429559863, -0.01219720718, -0.00842990598, -0.007280830658, -0.008167291717, -0.007343496623, -0.005669377763, -0.004872949695],