{"mean":[[517.427,2269.16,2261.79,469.692,5.95193,3.06935,482.23,407.833,4.12555,5.75775,535.008,2.77459,2.99997,3.77982],[518.011,2276.4,2264.23,469.984,5.99231,2.90428,482.575,406.363,4.09468,5.78233,537.099,2.48322,2.76747,3.66641],[520.299,2277.52,2264.48,470.082,5.6148,2.89359,482.843,402.841,4.06408,5.75255,539.28,2.80385,2.72787,3.57706],[522.204,2281.49,2265.95,470.29,5.57832,2.95096,483.149,398.03,3.99445,5.67971,541.193,2.55872,2.56344,3.50688],[523.243,2285.03,2265.3,470.564,5.4915,2.98182,483.179,395.668,3.98541,5.65972,543.407,2.6404,2.76519,3.4342],[524.315,2288.82,2266.03,470.851,5.38153,3.06291,483.292,393.061,3.94078,5.61621,545.424,2.75237,2.64313,3.38088],[525.996,2291.61,2266.72,471.059,5.30037,3.13815,483.489,390.096,3.91186,5.57918,547.359,2.70512,2.55148,3.33824],[527.548,2294.62,2267.18,471.295,5.23427,3.1948,483.678,386.865,3.88266,5.53732,549.331,2.74004,2.51183,3.30091],[528.775,2297.9,2267.44,471.533,5.19618,3.23474,483.829,383.948,3.8497,5.49827,551.263,2.73222,2.47565,3.26293],[530.103,2300.79,2267.77,471.75,5.13996,3.26482,483.974,381.161,3.81559,5.45838,553.137,2.75472,2.41839,3.22466],[531.571,2303.55,2268.24,471.955,5.10967,3.28678,484.131,378.148,3.7791,5.41513,554.967,2.73717,2.34368,3.18657],[532.972,2306.31,2268.51,472.16,5.10264,3.29375,484.257,375.143,3.74422,5.37291,556.805,2.72422,2.3055,3.14567],[534.274,2309.1,2268.75,472.365,5.10972,3.28999,484.351,372.232,3.70603,5.32884,558.636,2.72671,2.26713,3.10192],[535.609,2311.77,2269.02,472.557,5.12828,3.27775,484.424,369.371,3.66619,5.28304,560.451,2.72441,2.22498,3.05577],[536.976,2314.34,2269.28,472.745,5.16084,3.25852,484.471,366.509,3.62587,5.23565,562.26,2.72148,2.19108,3.00758],[538.305,2316.9,2269.5,472.936,5.20853,3.23462,484.481,363.716,3.58549,5.18806,564.064,2.71852,2.17142,2.95746],[539.601,2319.44,2269.7,473.129,5.26474,3.21005,484.455,361.037,3.54521,5.14074,565.853,2.72105,2.1596,2.90636],[540.901,2321.9,2269.92,473.324,5.3284,3.18825,484.402,358.437,3.50545,5.09378,567.62,2.72312,2.15067,2.85573],[542.202,2324.32,2270.13,473.524,5.39945,3.17053,484.325,355.91,3.46719,5.04789,569.366,2.72448,2.14912,2.80665],[543.482,2326.72,2270.34,473.731,5.47608,3.15791,484.226,353.474,3.43065,5.00358,571.089,2.72735,2.15448,2.76006]],"horizon":20,"q16":[[513.933,2264.0,2253.83,469.094,5.05027,2.57642,479.99,397.589,3.90198,5.51043,531.798,1.75982,1.84493,3.63927],[514.12,2269.07,2254.44,468.903,4.71053,2.07621,479.28,390.355,3.72846,5.39756,531.989,1.17824,1.45137,3.39694],[516.189,2268.22,2253.12,468.557,4.06555,1.69804,478.643,381.77,3.555,5.2459,532.166,1.27539,1.38758,3.18887],[517.289,2271.07,2252.88,468.406,3.66719,1.54756,478.261,371.061,3.40889,5.03337,532.873,1.17119,0.765132,2.99256],[517.941,2273.17,2249.47,468.127,3.26502,1.36772,477.723,364.205,3.29624,4.90007,533.878,1.10698,1.04669,2.80215],[517.842,2275.51,2248.38,468.102,2.92815,1.16698,477.223,358.571,3.18604,4.79711,535.264,1.31024,0.694446,2.67121],[518.878,2277.06,2247.57,467.758,2.54629,1.00063,477.049,352.036,3.08952,4.65388,536.929,1.15021,0.570801,2.51417],[519.826,2277.85,2246.35,467.609,2.18211,0.980888,476.502,342.83,2.99611,4.50222,537.84,1.08717,0.528393,2.38069],[521.023,2279.03,2243.8,467.57,1.75071,0.823444,475.881,336.319,2.89473,4.39476,538.66,1.16138,0.242518,2.16281],[520.809,2279.18,2241.94,467.609,1.63191,0.854633,475.411,330.237,2.82631,4.28478,538.646,1.09831,0.178272,2.05125],[521.59,2281.63,2240.37,467.322,1.13902,0.726586,474.734,322.69,2.70581,4.20181,539.638,1.12163,0.256855,1.9241],[521.509,2282.13,2238.66,467.03,1.07114,0.753551,473.738,318.1,2.61595,4.07055,541.408,1.11442,0.127688,1.75757],[522.963,2284.22,2239.35,466.906,0.781275,0.81526,472.853,311.173,2.48445,4.01201,542.667,1.11606,0.280777,1.76501],[523.955,2285.22,2237.81,466.712,0.598111,0.769943,473.025,306.581,2.3873,3.88704,543.047,1.15162,0.0784502,1.64644],[524.168,2284.24,2234.49,466.357,0.330847,0.583994,472.62,299.607,2.29738,3.87196,543.817,1.18677,0.0648509,1.53633],[524.542,2286.04,2234.36,465.846,-0.0353834,0.356535,472.27,294.923,2.23603,3.79043,544.172,1.18656,-0.126592,1.37168],[526.034,2285.78,2229.63,465.89,-0.481023,0.127916,471.283,289.996,2.22699,3.70129,546.131,1.1613,0.0237728,1.31565],[526.467,2286.67,2228.72,465.584,-0.871455,0.145945,470.64,284.845,2.16921,3.59016,547.097,1.22104,-0.0704666,1.21485],[527.388,2285.6,2225.37,465.563,-1.08052,0.264697,470.722,275.228,2.12048,3.47671,547.041,1.16232,-0.00937642,1.1068],[527.108,2286.9,2222.16,465.2,-1.41536,0.382398,469.547,270.48,2.05618,3.40717,548.042,1.13783,-0.0813752,1.02853]],"q84":[[520.528,2274.29,2270.1,470.272,6.73185,3.64351,484.482,417.686,4.37259,6.02631,538.548,3.96701,4.13347,3.94461],[522.304,2283.34,2273.81,470.949,7.11576,3.80621,486.242,420.195,4.43022,6.16327,542.029,3.70895,3.98218,3.94969],[525.37,2284.91,2275.87,471.497,6.98539,4.08769,487.447,423.543,4.58326,6.2858,545.728,4.05721,4.18625,3.93775],[527.33,2291.09,2278.42,472.123,7.35749,4.46384,488.376,423.188,4.57982,6.31432,548.931,3.9252,4.12228,4.06085],[529.252,2295.89,2278.7,472.993,7.58196,4.65831,489.332,421.384,4.62194,6.43743,552.159,3.96981,4.44158,4.11317],[530.347,2300.96,2283.88,473.484,7.66515,5.06994,490.096,426.537,4.726,6.51617,555.286,4.2487,4.42947,4.12973],[532.839,2304.76,2284.7,473.996,7.98431,5.17513,491.435,424.752,4.81179,6.57724,558.17,4.23702,4.27248,4.16541],[534.846,2309.11,2286.47,474.365,8.14477,5.49198,492.267,426.458,4.90315,6.58399,561.317,4.24211,4.4321,4.23222],[537.138,2313.32,2288.08,475.014,8.4068,5.46369,493.562,425.974,5.11203,6.60326,563.768,4.10343,4.44049,4.38005],[539.491,2317.84,2291.36,475.411,8.81512,5.6408,494.093,425.296,5.03444,6.64924,567.055,4.18865,4.44801,4.4129],[541.121,2324.33,2294.93,475.998,9.00723,5.50741,494.654,424.663,5.06925,6.66629,569.507,4.2197,4.39284,4.47973],[543.916,2328.2,2295.26,476.321,9.49393,5.57705,495.76,426.468,5.14086,6.54733,571.264,4.20055,4.64078,4.57313],[546.217,2333.33,2297.74,476.788,9.63747,5.56017,496.593,425.798,5.1075,6.58996,574.219,4.42446,4.5988,4.59605],[546.989,2337.53,2299.66,477.621,9.83556,5.24649,497.957,425.045,5.16071,6.59224,576.981,4.29623,4.52211,4.50741],[549.518,2342.14,2301.51,478.27,9.77962,5.22055,498.833,428.476,5.1725,6.60121,579.457,4.26524,4.50535,4.58429],[551.591,2346.48,2304.99,478.757,10.0357,5.46601,498.716,429.671,5.18527,6.70734,582.696,4.39548,4.76078,4.63762],[553.81,2350.82,2308.36,479.033,10.1641,5.54066,500.199,432.557,5.23264,6.73523,586.369,4.28173,4.63268,4.66323],[554.352,2355.89,2309.73,479.867,10.2361,5.52213,499.878,433.786,5.21375,6.85735,588.659,4.63566,4.73932,4.62602],[557.681,2364.66,2312.87,480.666,10.4879,5.57585,501.024,434.679,5.27464,6.80622,592.11,4.51447,4.90466,4.70472],[559.715,2366.24,2316.64,480.985,10.6405,5.74154,502.675,435.014,5.36984,6.77627,595.009,4.34291,5.12639,4.79384]],