{"mean":[[517.476,2269.3,2261.5,469.674,5.95453,3.03784,482.257,408.718,4.13085,5.75691,535.372,2.72672,3.0763,3.7731],[517.91,2276.41,2263.79,470.017,6.00794,2.83661,482.597,407.306,4.10134,5.77816,537.715,2.47079,2.82149,3.64849],[520.218,2277.52,2264.38,470.125,5.63297,2.79443,482.881,404.165,4.07138,5.74512,540.075,2.79271,2.74854,3.55269],[522.071,2281.39,2265.7,470.362,5.58314,2.80768,483.218,399.798,4.00685,5.67142,542.272,2.56334,2.61748,3.47319],[523.049,2284.99,2265.12,470.67,5.48081,2.8144,483.271,397.817,4.00107,5.65082,544.711,2.6331,2.82796,3.39134],[524.046,2288.69,2265.8,470.997,5.34614,2.88007,483.385,395.566,3.96337,5.61003,546.953,2.74945,2.71082,3.32977],[525.665,2291.46,2266.53,471.253,5.24392,2.95146,483.585,392.888,3.93817,5.57354,549.082,2.70167,2.62894,3.28111],[527.14,2294.45,2266.98,471.54,5.15421,3.00979,483.779,389.971,3.91415,5.53314,551.26,2.73955,2.60215,3.23888],[528.29,2297.73,2267.24,471.834,5.08884,3.0576,483.939,387.324,3.88546,5.49484,553.392,2.73798,2.57371,3.19762],[529.547,2300.61,2267.6,472.11,5.00235,3.09941,484.1,384.766,3.85492,5.45506,555.456,2.76646,2.5188,3.15776],[530.943,2303.34,2268.08,472.377,4.93839,3.1351,484.279,381.97,3.82156,5.41185,557.466,2.75262,2.44828,3.11908],[532.272,2306.07,2268.37,472.647,4.89428,3.15829,484.433,379.161,3.78946,5.36976,559.471,2.74107,2.41265,3.07851],[533.506,2308.83,2268.62,472.918,4.86192,3.17281,484.561,376.408,3.75382,5.32601,561.458,2.74343,2.3731,3.03595],[534.774,2311.46,2268.91,473.18,4.84003,3.17966,484.677,373.661,3.71584,5.28024,563.419,2.74044,2.32721,2.99171],[536.073,2313.99,2269.2,473.438,4.83168,3.17863,484.777,370.876,3.67669,5.2325,565.369,2.73611,2.28775,2.94571],[537.335,2316.51,2269.43,473.697,4.83821,3.17104,484.847,368.123,3.63675,5.18405,567.31,2.73118,2.26036,2.89768],[538.567,2318.98,2269.64,473.958,4.8538,3.16028,484.887,365.442,3.59609,5.13523,569.235,2.7313,2.23858,2.84822],[539.804,2321.38,2269.87,474.22,4.87804,3.14928,484.903,362.805,3.55505,5.086,571.138,2.73082,2.21874,2.79841],[541.04,2323.72,2270.09,474.486,4.91119,3.13933,484.897,360.209,3.51459,5.03704,573.022,2.72966,2.20581,2.74902],[542.257,2326.04,2270.3,474.757,4.9518,3.13175,484.868,357.674,3.47498,4.98884,574.885,2.73007,2.1994,2.70081]],"horizon":20,"q16":[[514.196,2264.29,2253.54,469.113,5.15872,2.51204,480.101,397.566,3.86787,5.48328,531.8,1.70904,1.82026,3.63148],[513.578,2269.65,2254.32,468.915,4.70132,1.98637,479.398,391.739,3.71094,5.36047,533.194,1.0514,1.59407,3.39311],[515.051,2268.95,2252.98,468.803,3.97246,1.58117,478.709,383.983,3.53107,5.15939,534.202,1.39303,1.24284,3.20015],[517.313,2270.34,2249.79,468.54,3.68756,1.17228,478.606,375.633,3.38613,5.00531,535.659,1.07574,1.10553,3.00264],[517.267,2273.18,2249.68,468.331,3.18,0.963366,478.381,370.324,3.2841,4.85323,537.003,1.11987,1.2091,2.78007],[517.857,2276.24,2249.97,468.293,3.02666,0.670901,477.479,363.821,3.14442,4.7382,538.177,1.14634,0.918052,2.59463],[518.693,2277.36,2247.6,468.338,2.56877,0.846556,476.86,356.569,3.07214,4.65019,538.88,1.1314,0.667505,2.41923],[519.688,2277.59,2246.99,468.364,2.12989,0.658939,475.912,349.501,2.95436,4.57724,540.046,0.998274,0.597729,2.27317],[520.708,2279.71,2244.51,468.29,1.93565,0.577745,475.057,342.686,2.87262,4.42902,540.965,1.09997,0.48067,2.12788],[521.364,2280.5,2242.88,468.083,1.4997,0.379367,474.331,336.656,2.79697,4.33066,542.313,1.23092,0.489368,2.01381],[521.663,2283.31,2242.14,467.92,0.973203,0.321985,474.17,329.704,2.70305,4.20823,543.7,1.0937,0.280368,1.91199],[523.12,2283.36,2239.82,467.628,0.574201,0.314685,473.512,322.507,2.66278,4.15704,544.78,1.19664,0.330001,1.75612],[523.232,2282.08,2238.17,467.714,0.221557,0.139602,472.81,320.992,2.62087,4.05292,546.124,1.04621,0.189054,1.67932],[524.022,2283.91,2234.98,467.868,0.00184333,0.308621,472.772,315.417,2.65038,4.00447,546.551,1.00245,0.256597,1.56729],[524.661,2282.92,2235.41,467.7,-0.548477,0.400241,472.149,306.395,2.65495,3.90424,546.951,1.17866,0.220873,1.48059],[525.12,2283.85,2234.75,467.277,-0.761753,0.524813,470.921,300.422,2.51818,3.81908,549.408,1.17256,0.0400862,1.29861],[526.589,2285.02,2229.02,467.193,-1.17464,0.515651,470.075,293.584,2.5782,3.74893,550.486,0.950358,-0.0684333,1.27736],[526.856,2284.63,2227.66,466.887,-1.66468,0.48193,469.464,292.981,2.44018,3.71089,551.775,0.962222,0.0648349,1.25382],[527.526,2284.43,2223.21,466.561,-2.17869,0.360989,468.945,285.904,2.47066,3.63294,552.197,1.07197,0.254712,1.20026],[527.577,2285.68,2222.21,466.514,-2.21629,0.305261,468.422,275.958,2.42852,3.61654,553.002,0.855214,0.0374079,1.13535]],"q84":[[520.713,2274.53,2269.34,470.325,6.75434,3.58854,484.23,420.921,4.40206,5.99242,539.411,3.88075,4.21511,3.92509],[522.151,2283.01,2272.5,471.082,7.10797,3.76754,485.818,423.884,4.46808,6.15672,543.366,3.79871,4.09364,3.91194],[524.737,2284.94,2274.8,471.579,7.20137,3.98348,486.592,424.075,4.52149,6.19632,547.596,4.23739,4.16581,3.90082],[526.892,2290.09,2278.85,472.31,7.55988,4.35907,488.048,421.719,4.63842,6.21439,550.829,4.13645,4.11464,3.93896],[528.885,2295.46,2280.23,472.867,7.52671,4.38001,488.698,423.282,4.74003,6.42699,554.526,4.33899,4.56809,3.96146],[530.321,2301.01,2281.58,473.478,7.59807,4.61313,489.284,423.967,4.77679,6.45982,557.174,4.04163,4.68369,4.00301],[533.068,2304.62,2285.01,474.129,7.88431,4.6209,490.657,425.222,4.79831,6.46893,560.404,4.11083,4.65685,4.05088],[535.417,2310.46,2286.17,474.952,8.0916,4.9222,491.415,425.143,4.8954,6.53454,563.677,4.18945,4.63833,4.16724],[536.203,2315.69,2289.54,475.421,8.11311,5.11256,492.427,425.304,4.98062,6.62865,566.44,4.38671,4.65497,4.17747],[538.622,2321.31,2292.54,476.049,8.2555,5.33876,493.397,428.276,5.07326,6.64318,570.492,4.27246,4.56747,4.25017],[540.646,2325.36,2291.33,476.684,8.41855,5.49403,494.588,431.326,4.96118,6.671,573.622,4.42145,4.55297,4.30581],[543.06,2329.31,2296.54,477.236,8.79511,5.39049,495.364,434.16,5.08864,6.68476,576.563,4.23672,4.70491,4.36066],[544.59,2333.28,2297.58,477.693,8.87083,5.5495,495.842,433.278,5.07674,6.76256,579.195,4.42756,4.60223,4.46185],[546.426,2337.26,2300.31,478.349,9.16843,5.72923,496.11,433.792,5.16268,6.74603,581.369,4.5152,4.81324,4.52819],[548.663,2343.45,2304.21,479.2,9.33243,5.65995,497.078,434.224,5.18525,6.75484,584.463,4.53152,4.61007,4.61353],[550.687,2348.62,2305.9,479.608,9.54674,5.66939,498.04,437.349,5.21827,6.7976,587.712,4.46717,4.67201,4.65004],[552.292,2353.68,2305.75,480.452,9.6112,5.4815,500.02,435.15,5.22477,6.8483,589.844,4.49716,4.51457,4.65137],[554.665,2355.96,2306.88,481.435,9.87816,5.644,500.887,438.656,5.32214,7.01781,593.078,4.48011,4.76289,4.61177],[556.269,2360.68,2310.94,481.942,9.99168,5.70553,501.609,439.935,5.35354,7.06876,596.415,4.41268,4.87898,4.61981],[558.514,2365.89,2312.85,482.242,9.84448,5.70317,502.897,440.322,5.34207,7.14995,599.191,4.40841,4.60195,4.50436]],