{"mean":[[-6.54868,18.1038,3.00658,2.42866,6.35321,2.93504,-0.16048,-19.7876,4.01386,5.75166,8.69218,1.47122,3.22007,3.69687],[-0.185564,23.1829,6.00504,1.15473,6.22963,2.71289,-0.352203,-15.4417,3.90695,5.7459,4.80556,0.298274,3.05411,3.49283],[6.83482,8.88049,-0.532596,0.813215,6.15248,2.6779,-0.763145,-16.9369,3.78774,5.66964,6.27411,0.202443,2.89918,3.34355],[6.48093,16.5254,5.93167,1.09508,6.40477,2.68106,-0.850337,-7.46725,3.73667,5.58492,10.6175,0.736241,3.02086,3.24886],[2.35657,18.5687,1.48072,1.20683,6.67352,2.64941,-0.645439,-3.10761,3.7193,5.53761,11.7526,1.40086,3.17014,3.17151],[3.46477,16.3015,4.68486,1.03776,6.81379,2.63165,-0.619473,-2.13006,3.67603,5.47657,10.3996,1.93899,3.15805,3.10311],[6.10798,13.364,6.75415,0.971571,6.85686,2.62975,-0.396112,-2.42271,3.63872,5.41482,9.51598,2.14553,3.12462,3.05243],[5.63573,13.9267,4.0403,1.30882,6.85332,2.66187,-0.287516,-3.21318,3.61654,5.37233,8.68415,2.20779,3.18932,3.01314],[4.25419,14.7335,3.07504,1.64962,6.80969,2.75438,-0.225421,-4.07724,3.60041,5.34969,7.4082,2.20069,3.2414,2.9844],[4.57064,13.6755,3.81383,1.69477,6.73646,2.89518,0.111638,-5.07229,3.58815,5.33539,6.64963,2.1332,3.22015,2.97407],[5.15416,13.0431,3.90933,1.62655,6.67193,3.04743,0.56254,-6.23071,3.58318,5.32282,6.71128,2.09365,3.17848,2.98434],[4.81826,13.4514,3.39549,1.55566,6.63038,3.17958,0.908562,-6.72135,3.58402,5.31184,7.00882,2.12788,3.14603,3.00709],[4.48465,13.4924,3.33452,1.43971,6.59371,3.27878,1.13682,-6.74976,3.5841,5.29978,7.12276,2.18964,3.09906,3.03321],[4.69504,12.9742,3.60316,1.29825,6.55303,3.34359,1.27703,-6.91468,3.58064,5.28394,7.14091,2.22819,3.03463,3.05732],[4.85817,12.6903,3.49643,1.20752,6.51422,3.37784,1.31648,-7.2432,3.5747,5.26553,7.16526,2.23474,2.97653,3.07571],[4.70529,12.7264,3.12951,1.17312,6.48068,3.39007,1.26548,-7.55759,3.56613,5.24633,7.13711,2.21583,2.9311,3.08567],[4.57697,12.664,2.93309,1.14717,6.45275,3.389,1.17677,-7.82994,3.55415,5.22603,7.08375,2.17541,2.88878,3.0869],[4.59639,12.4956,2.86242,1.11371,6.43451,3.37888,1.08359,-8.06202,3.53947,5.20385,7.11198,2.12493,2.84892,3.08088],[4.58059,12.4365,2.73763,1.08555,6.43068,3.36075,0.981191,-8.16912,3.52329,5.17985,7.22759,2.08142,2.81774,3.06889],[4.49457,12.4473,2.6258,1.0642,6.44099,3.33563,0.865137,-8.09915,3.50596,5.15433,7.35488,2.05269,2.79566,3.05164]],"q16":[[-19.646,-1.89324,-28.1466,0.232107,5.61204,2.36758,-8.37705,-76.2137,3.76505,5.50434,-5.1028,-1.0081,2.19005,3.57323],[-13.8496,1.42088,-29.8418,-1.94054,5.40225,1.79095,-8.69275,-78.0935,3.51303,5.34531,-12.9946,-3.16148,1.93826,3.22856],[-8.77547,-12.7202,-37.422,-2.56429,5.01801,1.24662,-9.40235,-71.1948,3.25918,5.16775,-8.03711,-3.74233,1.6527,2.97618],[-9.66112,-5.62489,-28.8321,-2.54785,4.93358,1.01607,-9.5722,-65.1355,3.09223,4.92446,-7.06783,-3.35351,1.6281,2.75519],[-12.4315,-7.94498,-35.291,-2.62332,4.82989,0.716011,-11.6379,-60.08,2.99025,4.8476,-5.42483,-2.26487,1.80375,2.5711],[-11.8096,-6.08395,-32.3688,-2.84023,4.64978,0.389728,-10.5453,-64.6399,2.8497,4.72837,-9.17488,-1.35724,1.70238,2.32851],[-9.89509,-11.5008,-33.5037,-2.48882,4.2445,0.0702689,-11.554,-61.1305,2.64548,4.5595,-7.72922,-1.52495,1.70848,2.12406],[-10.7928,-12.1848,-36.961,-2.02361,3.93203,-0.0668088,-10.8392,-71.8901,2.58564,4.49164,-12.6072,-1.98196,1.61371,1.9249],[-11.0409,-10.355,-32.6888,-1.88343,3.33908,0.056064,-10.2968,-64.5369,2.47597,4.36954,-9.96004,-1.82283,1.4615,1.82467],[-10.141,-9.1209,-36.2846,-2.13397,3.08555,0.0556346,-9.33218,-78.2713,2.41612,4.28442,-13.367,-2.26821,1.44772,1.7797],[-12.3573,-9.86553,-38.2015,-2.52333,2.70753,0.105778,-9.72623,-58.9955,2.38171,4.24873,-10.6348,-2.41189,1.28724,1.71704],[-12.6104,-10.7564,-33.9275,-2.48062,2.24553,0.23574,-9.63431,-70.7588,2.24897,4.15199,-13.1358,-2.28395,1.36408,1.59703],[-12.3826,-13.0758,-31.2791,-2.30793,2.17935,0.212203,-9.58878,-61.7515,2.284,4.08361,-10.9405,-1.94015,1.32462,1.59474],[-9.75655,-8.76089,-32.0969,-2.86564,1.47004,0.485875,-9.30593,-67.8881,2.33771,4.04758,-10.8423,-1.80681,1.32972,1.60693],[-11.8668,-10.5956,-35.793,-2.83837,1.58801,0.624498,-7.96257,-71.6769,2.29471,3.97415,-11.342,-1.97263,1.14654,1.64528],[-12.4295,-11.4638,-34.3155,-3.17079,1.16644,0.636377,-8.43857,-68.9299,2.2607,4.03186,-11.5228,-1.73654,0.996066,1.60076],[-12.6094,-13.954,-38.2466,-3.19955,1.00735,0.651383,-9.37484,-73.222,2.14446,3.95336,-12.3244,-1.66202,0.960266,1.61499],[-12.3596,-14.297,-38.9742,-2.60777,0.690077,0.810463,-10.4053,-74.3074,2.19926,3.91377,-11.7109,-1.94421,0.833255,1.56883],[-13.5973,-11.0099,-37.9165,-2.74418,0.355768,0.574866,-10.0718,-69.2826,2.17593,3.78591,-11.0614,-1.9812,0.885576,1.46176],[-10.8958,-14.4439,-38.5817,-2.9366,0.0339408,0.683873,-10.0899,-70.7406,2.18675,3.68769,-11.8405,-1.70068,0.745607,1.4582]],"q84":[[6.24922,39.2364,34.7018,4.76021,7.02383,3.47134,8.3419,38.3363,4.27678,6.01246,24.5818,3.66903,4.22205,3.8416],[15.5204,42.5692,41.456,4.19077,7.16944,3.62913,8.44046,36.6722,4.3297,6.14354,19.845,3.2274,4.08823,3.74966],[21.0091,30.3324,32.7099,3.99306,7.29999,4.15071,8.1151,40.5405,4.34495,6.17758,24.3622,3.78336,4.16312,3.70923],[21.6362,43.1886,44.6512,4.94732,7.85758,4.28267,8.12931,53.5514,4.40133,6.23331,28.2186,4.20945,4.30085,3.7495],[17.354,41.5325,39.7363,4.81656,8.48446,4.4233,8.72135,54.944,4.51435,6.22477,30.3024,5.33553,4.67281,3.76605],[20.0384,42.9723,44.0195,4.23853,9.17619,4.62052,9.83128,55.0741,4.64494,6.2719,27.4587,5.88029,4.68862,3.83698],[21.666,36.7562,38.2763,4.42587,9.42636,4.99015,9.11895,57.5143,4.68904,6.32266,25.8216,6.08906,4.8701,3.85989],[19.6935,37.4893,40.1946,5.01722,9.59068,5.35959,10.7368,61.9998,4.68996,6.39068,26.1627,6.05472,5.04833,3.95631],[20.3819,37.8716,44.86,5.62446,9.89315,5.6489,10.6676,62.2849,4.73908,6.49612,25.9458,6.37398,5.30668,4.10087],[21.5693,38.5961,42.4516,5.20513,10.2886,5.85965,11.0617,56.2497,4.76495,6.50731,23.7269,6.17148,5.32468,4.20436],[20.823,38.4306,36.5031,5.37382,10.3055,5.84592,10.4154,63.6033,4.8296,6.60743,27.167,6.42526,5.54574,4.38074],[20.3722,39.9023,47.4974,5.42177,10.5029,5.82176,12.2324,59.4072,4.86031,6.62808,24.0159,6.39674,5.33746,4.46934],[21.2003,36.4983,42.4216,5.42891,10.6223,5.9789,11.4884,59.2366,4.90134,6.66308,26.2457,6.66232,5.49143,4.55038],[21.1857,40.6741,42.3879,5.62931,10.8626,5.96929,13.1563,54.8176,5.01495,6.68637,24.1445,6.78942,5.28406,4.60302],[19.4089,40.0717,38.6073,4.82134,10.9275,6.03514,12.4868,53.7654,5.0201,6.7594,25.1555,6.75497,5.31803,4.64207],[21.3243,38.4046,47.1224,5.00443,10.9524,5.99841,12.8466,61.0408,5.00342,6.79463,25.7011,6.53031,5.31231,4.73739],[21.2971,37.7969,41.9054,4.84993,10.8647,5.97559,12.6266,51.7729,5.07144,6.89779,25.8316,6.70636,5.31415,4.80751],[21.7145,43.7711,47.7406,4.62471,11.2047,5.98114,13.71,51.2301,5.21127,6.95538,24.8388,7.03037,5.29482,4.85866],[20.7722,39.6359,45.8313,5.03499,11.1594,5.8481,12.764,51.2592,5.16686,7.08713,26.4737,7.05677,5.2849,4.92179],[20.7273,41.0029,39.9463,5.24469,11.3877,5.66413,13.4701,59.245,5.26947,7.15407,26.0244,6.68485,5.30236,4.92597]],