{"mean":[[-6.44474,20.5927,4.53021,2.50108,6.35387,3.03454,-1.12332,-17.7545,4.00556,5.75189,7.94679,1.64338,3.17898,3.71867],[0.116113,25.5287,5.58193,1.15721,6.1898,2.92619,-1.15395,-13.5559,3.89416,5.7398,4.65823,0.620863,3.00944,3.53808],[6.97466,10.2843,-0.754542,0.883631,6.11873,2.99923,-1.04836,-14.5781,3.77116,5.65348,6.5677,0.746819,2.8607,3.41139],[6.97262,17.3204,6.06555,1.13489,6.3643,3.09247,-0.988138,-5.96937,3.72004,5.5681,10.5436,1.36565,2.94726,3.33959],[2.78475,19.3546,1.05652,1.1924,6.59667,3.13353,-0.630565,-3.04588,3.69869,5.52008,11.333,2.02088,3.05237,3.28441],[3.76304,16.82,3.5718,1.012,6.68478,3.17284,-0.420931,-3.06042,3.65012,5.45929,9.72701,2.47693,3.00249,3.23358],[6.30086,13.5207,5.51317,0.930695,6.67991,3.21196,-0.0555684,-4.14748,3.6073,5.4002,8.70303,2.57424,2.92891,3.19596],[5.7368,13.9631,2.68698,1.2099,6.64588,3.2698,0.0981806,-5.56929,3.57943,5.36141,7.89012,2.54047,2.94917,3.16613],[4.25041,14.7949,1.57013,1.46259,6.59077,3.36867,0.14176,-6.6001,3.55709,5.34053,6.83617,2.46819,2.95907,3.1427],[4.48863,13.67,2.25276,1.42362,6.5249,3.4934,0.425681,-7.49664,3.53723,5.32462,6.35379,2.36489,2.90151,3.13205],[5.06105,12.9103,2.37529,1.28895,6.48487,3.60911,0.780782,-8.47234,3.52282,5.30753,6.61805,2.31342,2.83096,3.13528],[4.73237,13.2332,1.86875,1.17437,6.47888,3.68986,0.997417,-8.739,3.51223,5.28969,7.03559,2.34329,2.77752,3.14421],[4.38808,13.1972,1.73007,1.04212,6.48297,3.72959,1.09108,-8.55772,3.49918,5.26915,7.19942,2.39325,2.71894,3.15027],[4.57681,12.5853,1.92678,0.90951,6.48611,3.73361,1.10898,-8.56025,3.48168,5.24432,7.2055,2.40985,2.65245,3.14942],[4.71664,12.2273,1.79863,0.840313,6.49394,3.71156,1.0398,-8.73784,3.46175,5.21742,7.18758,2.38964,2.60007,3.13999],[4.53794,12.2278,1.43331,0.829583,6.50957,3.67566,0.894811,-8.862,3.44007,5.19065,7.12377,2.34658,2.5664,3.12148],[4.38667,12.1465,1.2656,0.826216,6.53282,3.63603,0.732652,-8.88792,3.41644,5.16378,7.05047,2.29118,2.54064,3.09545],[4.39586,11.9572,1.26375,0.814102,6.5669,3.59695,0.590078,-8.8362,3.39188,5.13614,7.05947,2.2382,2.52072,3.06472],[4.3839,11.8763,1.23021,0.806305,6.6147,3.55895,0.46173,-8.65398,3.36769,5.10798,7.14014,2.20341,2.51129,3.0315],[4.30939,11.8651,1.20482,0.805317,6.67354,3.52248,0.342734,-8.3216,3.34418,5.07977,7.20851,2.18986,2.51153,2.99703]],"q16":[[-17.9432,0.438981,-27.1835,0.229972,5.69275,2.52737,-8.47778,-75.0702,3.70343,5.49015,-8.12918,-0.893033,2.13142,3.56467],[-14.0412,5.15656,-32.9317,-1.61899,5.17651,2.07611,-10.0837,-66.049,3.46865,5.34438,-10.0839,-2.40639,1.99379,3.30785],[-9.37243,-9.82294,-36.0857,-2.18461,4.92563,1.63928,-10.006,-73.5296,3.16254,5.08579,-10.6283,-2.79483,1.47304,3.0333],[-8.92956,-7.61458,-31.5074,-2.15286,4.92211,1.40234,-11.0007,-69.8617,2.99791,4.96005,-8.61362,-2.43957,1.56151,2.78561],[-13.5422,-2.20157,-36.3207,-2.41049,4.80543,1.27875,-11.0824,-62.6658,2.85183,4.78477,-4.73617,-1.66462,1.57011,2.6034],[-11.4254,-6.63855,-33.3229,-2.52617,4.51495,1.17932,-10.5459,-50.4268,2.72763,4.61751,-8.12869,-1.11233,1.49166,2.41061],[-10.3468,-11.9665,-33.6222,-2.44747,4.05344,0.94945,-10.1337,-57.7553,2.58786,4.45519,-8.51961,-1.05488,1.4734,2.22059],[-11.3736,-7.31025,-37.9923,-2.09294,4.02991,1.05925,-10.5112,-69.4955,2.49873,4.40805,-11.2003,-1.26112,1.51118,2.09536],[-11.6328,-9.04376,-39.6248,-2.17133,3.16787,1.09539,-9.87636,-64.7914,2.47349,4.28003,-11.3846,-1.68446,1.38184,1.93668],[-11.4056,-10.9054,-37.2731,-2.52121,2.73535,1.1284,-8.10223,-76.2952,2.33916,4.15866,-13.9195,-1.80612,1.02461,1.84556],[-9.87588,-12.9879,-34.3941,-2.56453,2.12334,1.16939,-8.83455,-66.5414,2.3307,4.08229,-10.7042,-1.67414,1.11621,1.74992],[-11.0464,-13.5324,-38.7275,-2.40589,1.88643,1.16394,-8.93247,-70.0107,2.30397,4.00309,-10.0989,-1.77242,0.957675,1.72115],[-11.6535,-10.4964,-36.912,-2.57583,1.68635,1.20736,-9.46075,-68.2773,2.29775,3.92953,-10.7492,-1.35298,0.768075,1.60894],[-9.44062,-13.5564,-33.7805,-3.35997,0.720635,1.31997,-9.25782,-65.7836,2.22273,3.91373,-11.5334,-1.80297,0.639441,1.64963],[-11.1912,-16.1376,-41.5692,-3.16818,0.724857,1.25605,-8.82286,-75.9907,2.23849,3.86892,-12.3533,-1.61622,0.493434,1.64628],[-10.768,-13.3059,-41.8061,-2.70667,0.637365,1.20297,-9.13065,-80.0526,2.1542,3.8346,-14.0792,-1.89568,0.423846,1.5849],[-10.4302,-14.2108,-36.8072,-3.31426,0.701822,1.08333,-10.0671,-75.1931,2.14916,3.79808,-11.4956,-1.87069,0.276619,1.55006],[-11.3713,-13.428,-41.0481,-3.27348,0.203034,1.03576,-9.57763,-70.677,2.18555,3.7052,-8.86167,-2.00124,0.349043,1.53425],[-12.474,-15.8019,-40.2862,-3.37982,-0.0709573,1.14838,-10.4479,-74.608,2.21272,3.67735,-10.7266,-1.69833,-0.0127576,1.49237],[-10.1462,-16.0553,-38.645,-3.67394,-0.118257,1.15945,-10.0878,-76.7843,2.10314,3.64379,-10.5719,-1.72472,-0.0389075,1.47447]],"q84":[[6.28222,41.6119,36.2855,4.81612,7.10108,3.55316,7.02048,38.7034,4.28403,5.97022,23.1007,4.05396,4.13619,3.86069],[12.9944,48.5284,39.8129,4.09466,7.39643,3.84267,6.76397,46.4653,4.28623,6.08222,20.7387,3.78191,4.03431,3.79731],[22.4124,32.5216,37.0394,3.98555,7.46251,4.2464,7.54882,43.528,4.33765,6.17656,24.5394,4.19955,4.05679,3.79132],[20.555,38.1907,41.4352,4.31056,8.12539,4.58455,8.05376,55.6461,4.4476,6.1993,29.2739,4.85947,4.42845,3.86316],[17.6941,42.8954,40.3845,4.80877,8.82028,4.95765,7.96848,64.1064,4.52807,6.21712,30.7286,6.06045,4.73163,3.95311],[20.3397,39.7131,45.7381,4.61622,9.19738,5.16145,9.00571,59.7283,4.59559,6.24163,30.2575,7.37242,4.63792,4.0574],[22.8766,39.8236,44.6472,4.38997,9.62145,5.39851,10.2503,55.1933,4.75325,6.28626,26.2637,6.47076,4.51833,4.13406],[20.3365,37.9974,40.535,4.56204,9.67607,5.5881,11.8672,53.7705,4.73595,6.41162,24.0882,7.10028,4.77622,4.25686],[19.4487,39.8213,39.1666,5.1583,9.95152,5.73109,10.8835,52.8435,4.85361,6.34788,24.1414,6.75765,4.79867,4.36714],[20.0384,36.474,45.9361,5.02064,9.8215,5.92634,11.6173,44.2319,4.90711,6.48715,23.0265,6.54936,4.71544,4.53383],[21.9193,38.7926,40.7217,4.92047,10.2078,5.99346,12.1832,56.8072,4.90517,6.54154,26.0405,7.04067,4.80503,4.56327],[21.2443,38.4302,38.9495,4.76509,10.507,5.98775,12.5402,48.9184,4.99171,6.60939,25.1182,6.87539,4.87588,4.69078],[22.1029,41.1471,47.4917,5.00528,10.5284,5.94587,12.1962,58.2828,4.99256,6.67645,26.8731,7.32266,4.95743,4.7242],[21.9105,39.818,40.4322,5.17439,10.7884,6.088,13.06,53.8106,5.06434,6.79122,25.2697,7.01018,4.85371,4.80366],[22.1887,38.2494,45.049,5.37811,10.9981,6.24975,12.4044,59.7084,5.0438,6.73791,28.042,6.72714,4.86774,4.85457],[21.7135,38.5866,40.8634,5.17071,11.0647,6.39238,11.8252,58.4538,5.14968,6.88099,25.36,6.96009,5.01626,4.95492],[23.4218,39.6623,44.008,5.12294,10.8133,6.37876,14.0104,59.7982,5.21416,6.87108,26.0548,7.45683,4.94274,5.02665],[22.3383,41.213,40.1898,5.16504,11.0897,6.35988,11.8452,58.0298,5.24511,6.95591,28.4635,7.84348,4.98793,5.06184],[20.6401,38.0497,36.3667,4.9732,11.2021,6.34594,11.7623,55.7365,5.38101,7.08453,25.4418,7.08646,4.99094,5.13679],[21.1371,38.0399,39.8086,4.9933,11.3549,6.35506,13.0686,52.5162,5.46708,7.14411,26.0541,7.45384,4.99314,5.13771]],