{"mean":[[-8.048,16.44,23.8,1.96,7.67757,3.64517,-22.856,24.16,4.23572,5.95637,-88.952,1704.6,7.54246,2.03369,2.14435,4.49579],[6.648,9.68,4.56,-0.148,7.99466,3.58627,-4.196,-11.828,4.18892,5.90766,-7.692,1704.81,7.55961,1.99782,2.04773,4.40624],[5.708,11.28,3.2,0.26,8.23237,3.51366,-2.584,-5.688,4.16837,5.88654,-2.58,1704.91,7.51072,2.05438,2.1789,4.3008],[5.028,10.28,3.52,0.512,8.41992,3.48508,-2.484,-0.896,4.15592,5.87446,-1.084,1704.98,7.47803,2.05179,2.24491,4.19213],[5.54,10.16,4.16,0.556,8.58668,3.47315,-2.348,-1.096,4.14702,5.86748,-0.896,1705.03,7.4576,2.0828,2.31452,4.09849],[5.596,10.12,4.24,0.552,8.73476,3.47005,-2.104,-0.968,4.14142,5.86308,-0.816,1705.05,7.44943,2.11048,2.38034,4.02002],[5.564,10.2,4.16,0.54,8.8627,3.47003,-1.828,-0.784,4.1371,5.86006,-0.816,1705.05,7.44531,2.13472,2.43928,3.95443],[5.56,10.12,4.2,0.536,8.97078,3.47111,-1.564,-0.476,4.1335,5.85768,-0.76,1705.03,7.44299,2.1543,2.48977,3.89984],[5.568,10.08,4.16,0.524,9.06119,3.47251,-1.32,-0.26,4.13056,5.85577,-0.688,1705.0,7.44161,2.16984,2.53269,3.85451],[5.564,10.08,4.2,0.524,9.13633,3.47399,-1.1,-0.116,4.12818,5.85426,-0.616,1704.95,7.44079,2.18242,2.56891,3.81689],[5.564,10.04,4.16,0.52,9.19844,3.47542,-0.92,-0.02,4.12625,5.85305,-0.556,1704.89,7.44033,2.19262,2.5991,3.78567],[5.564,10.08,4.16,0.516,9.24959,3.47675,-0.764,0.044,4.12467,5.85209,-0.508,1704.83,7.44011,2.20095,2.62403,3.75975],[5.564,10.04,4.16,0.512,9.29162,3.47793,-0.632,0.08,4.12339,5.85132,-0.46,1704.77,7.44007,2.20777,2.64447,3.73819],[5.56,10.0,4.16,0.512,9.32607,3.47894,-0.52,0.104,4.12235,5.85071,-0.424,1704.7,7.44012,2.21337,2.66114,3.7202],[5.564,10.04,4.16,0.508,9.35429,3.4798,-0.436,0.116,4.12151,5.85021,-0.392,1704.62,7.44024,2.21799,2.67467,3.70514],[5.56,10.0,4.16,0.508,9.3774,3.48052,-0.36,0.12,4.12081,5.84981,-0.36,1704.55,7.4404,2.22182,2.68561,3.69247],[5.56,10.04,4.12,0.504,9.39634,3.48111,-0.3,0.124,4.12024,5.84948,-0.336,1704.48,7.44057,2.22501,2.69441,3.68175],[5.56,10.0,4.16,0.504,9.41187,3.48158,-0.248,0.12,4.11978,5.84922,-0.316,1704.41,7.44075,2.22767,2.70147,3.67264],[5.56,10.04,4.16,0.504,9.42464,3.48197,-0.212,0.116,4.11939,5.849,-0.296,1704.34,7.44094,2.22991,2.70711,3.66483],[5.56,10.0,4.12,0.504,9.43516,3.48228,-0.176,0.108,4.11907,5.84882,-0.276,1704.28,7.44111,2.23182,2.71161,3.6581]],"q16":[[-18.732,-2.64,-1.6,-0.928,6.31977,3.03682,-35.604,-70.148,3.96578,5.71407,-126.056,1698.02,6.94012,-0.683271,0.638988,4.06387],[6.456,10.88,0.84,-0.3,6.29196,2.76745,-10.284,-34.488,3.848,5.63439,-10.116,1699.27,6.8412,-0.758477,0.422737,3.67073],[5.756,8.84,8.64,-0.54,6.32367,2.72184,-4.928,1.3,3.85375,5.61064,1.98,1697.61,6.78058,-0.751088,0.62378,3.47979],[3.728,10.08,-0.4,0.9,6.19696,2.60076,-1.244,-4.884,3.87516,5.6209,-13.176,1698.36,6.61345,-0.719751,0.629019,3.29188],[3.652,8.68,1.08,0.748,6.42244,2.60049,-5.836,-11.136,3.79679,5.54322,7.708,1696.89,6.69524,-1.1122,0.73435,3.08992],[8.336,11.2,9.32,0.5,6.65141,2.61251,-5.172,-0.728,3.87402,5.53497,-4.508,1696.24,6.65312,-0.537523,0.785028,2.90296],[5.228,11.0,7.96,-0.012,6.27073,2.66809,-1.328,-1.16,3.84781,5.56627,-1.008,1696.01,6.65629,-0.733756,1.06418,2.83559],[5.96,6.92,-6.0,0.88,7.00178,2.70847,-6.656,-12.924,3.84473,5.58998,-3.528,1696.14,6.6733,-0.871476,0.881449,2.83553],[4.484,10.84,10.48,0.84,6.92388,2.65922,1.42,30.588,3.79205,5.54397,-7.772,1694.94,6.76966,-0.198574,0.94675,2.61402],[5.616,13.2,5.96,0.54,6.85646,2.7057,0.564,-24.076,3.81211,5.58873,-7.828,1694.09,6.73117,-0.742353,0.863698,2.61754],[3.768,6.96,-1.68,0.232,6.91436,2.53218,-4.2,-18.592,3.83227,5.5652,1.04,1694.64,6.60271,-0.0389638,1.00881,2.42272],[8.848,13.08,6.76,0.584,6.85644,2.61504,-1.004,32.368,3.83983,5.55999,-5.196,1694.97,6.68494,-0.783559,1.1247,2.27165],[4.944,2.92,5.4,0.156,6.72173,2.64264,2.264,-9.428,3.81852,5.56999,-0.184,1693.2,6.6673,-0.553927,0.746419,2.32857],[4.588,12.76,1.48,0.492,6.71125,2.72061,-6.168,-14.848,3.79598,5.59813,0.152,1691.52,6.6503,-0.371254,1.08078,2.25771],[6.844,13.6,3.8,0.848,6.44153,2.63632,0.656,26.788,3.78914,5.59827,4.712,1690.81,6.59019,-0.563287,1.17484,2.30591],[5.696,9.24,5.32,0.956,6.70215,2.70903,1.236,-27.16,3.78169,5.54074,-14.716,1690.73,6.81408,-0.435687,0.642672,2.38238],[5.352,8.96,3.2,0.24,7.0111,2.78644,-3.108,6.52,3.76576,5.54371,1.304,1691.38,6.65442,-0.409423,0.897028,2.31849],[4.168,7.96,5.84,0.432,6.98467,2.53117,1.288,-4.148,3.71894,5.55386,13.932,1690.21,6.66935,-0.769904,1.01315,2.35544],[5.756,7.36,5.52,0.348,7.03894,2.56764,-0.256,-0.6,3.7807,5.5712,-7.612,1690.0,6.59727,-0.579833,1.03052,2.10047],[5.704,16.76,5.56,0.84,6.72905,2.66641,-4.3,-4.076,3.83498,5.56704,0.764,1689.46,6.71207,-0.22842,0.705308,2.04986]],"q84":[[4.74,34.68,49.6,5.096,9.14637,4.24926,-8.888,113.824,4.49963,6.18133,-57.556,1709.79,8.18558,4.64962,3.53291,4.987],[4.632,9.24,3.84,0.036,9.61697,4.32224,-2.248,16.824,4.53859,6.1588,-4.236,1710.57,8.36814,4.82268,3.78998,5.16833],[4.956,13.56,3.28,0.468,10.1973,4.43267,0.32,-10.696,4.50768,6.16016,6.608,1711.95,8.3791,4.82957,3.43202,5.21474],[6.64,10.92,4.84,0.308,10.4926,4.33975,-0.036,-7.172,4.48401,6.15415,-0.092,1712.96,8.25092,4.81965,3.83874,5.21469],[5.996,14.68,7.72,0.472,10.3773,4.25186,0.056,30.772,4.467,6.13057,-9.18,1713.47,8.26774,4.88189,3.95618,5.09549],[5.104,2.76,1.52,0.58,10.4267,4.33072,0.472,-23.62,4.39007,6.14949,6.752,1713.89,8.27804,4.80128,4.02967,5.11991],[6.756,11.12,1.0,0.728,11.0232,4.30814,-2.648,-0.5,4.43311,6.12559,-0.812,1713.52,8.21521,4.57082,3.89359,5.12096],[4.184,13.16,11.24,0.684,11.3094,4.14108,-1.764,3.396,4.3843,6.09626,3.552,1713.2,8.28663,5.09402,3.95598,5.0135],[4.456,10.88,-1.0,-0.02,11.3372,4.22288,2.028,-22.948,4.48578,6.15695,6.692,1714.04,8.24223,4.73117,3.9118,4.86196],[6.768,9.08,1.84,0.292,11.7276,4.23748,-2.056,22.768,4.47341,6.10459,2.744,1714.25,8.19713,4.86634,4.11129,4.97188],[7.372,9.8,9.6,1.232,11.949,4.31671,0.44,18.772,4.43347,6.0929,-7.312,1714.41,8.20681,4.92912,4.2108,4.9962],[3.076,10.24,1.08,0.012,11.6583,4.27497,-1.004,-23.804,4.43147,6.10165,2.636,1713.16,8.24952,5.29924,4.41686,4.93591],[5.624,11.12,6.84,0.72,11.7041,4.16009,-3.14,22.456,4.46816,6.14712,-1.46,1715.38,8.0734,4.86028,4.57867,5.01321],[7.756,8.72,6.96,1.416,12.0512,4.23191,3.1,9.54,4.47135,6.12288,13.036,1716.97,8.14718,4.99288,4.42361,5.05257],[5.192,9.44,-0.84,-0.668,12.4374,4.38556,-1.544,-37.564,4.45669,6.14708,-9.8,1716.56,8.27147,5.20947,4.17764,5.08706],[4.176,10.56,2.56,0.876,12.3723,4.33402,-1.092,18.384,4.41385,6.14054,10.304,1718.23,8.25519,4.75922,4.7651,5.0287],[5.54,8.2,6.96,0.704,12.3667,4.22316,2.88,21.02,4.45997,6.11475,1.888,1717.25,8.08988,4.67772,4.41954,4.96502],[6.692,14.0,5.48,0.268,12.4423,4.26146,-0.696,-12.28,4.4751,6.16938,-2.188,1715.85,8.19774,4.85976,4.56229,4.95071],[4.264,11.36,0.76,0.42,12.0378,4.40051,-4.592,-10.84,4.45579,6.17497,6.28,1718.45,8.15845,4.63942,4.47596,5.02945],[6.216,6.68,7.56,1.092,12.3454,4.15745,6.46,4.52,4.41875,6.11838,-10.544,1720.31,8.0068,4.82509,4.41336,5.13776]],