{"mean":[[516.854,2270.58,2260.79,469.583,6.33401,2.92307,482.607,404.758,4.00803,5.73661,533.645,1.41499,3.19008,3.69203],[516.857,2276.13,2262.12,469.878,6.21063,2.66185,482.469,401.399,3.90111,5.72163,535.104,0.274772,3.07018,3.47843],[518.552,2278.2,2262.18,470.107,6.14765,2.60459,482.26,397.685,3.78878,5.64413,536.899,0.226805,2.94383,3.31599],[520.126,2282.31,2263.79,470.407,6.40402,2.58996,482.004,396.249,3.74638,5.56566,539.702,0.738354,3.07513,3.21028],[520.646,2286.89,2264.22,470.739,6.66178,2.54929,481.788,395.869,3.73121,5.51898,542.747,1.3936,3.23166,3.12528],[521.496,2290.9,2265.52,471.031,6.78681,2.53365,481.588,395.79,3.68985,5.45536,545.465,1.9235,3.22334,3.05139],[523.019,2294.15,2267.29,471.309,6.81925,2.53523,481.453,395.62,3.65686,5.39201,547.99,2.13123,3.19625,2.99751],[524.398,2297.56,2268.37,471.675,6.80971,2.57198,481.344,395.237,3.64014,5.34988,550.295,2.21133,3.26816,2.95691],[525.416,2301.19,2269.22,472.126,6.75595,2.67064,481.254,394.654,3.62911,5.32777,552.263,2.22271,3.32275,2.92839],[526.534,2304.52,2270.27,472.586,6.66708,2.81955,481.258,393.79,3.62165,5.31383,554.024,2.16614,3.30005,2.91967],[527.811,2307.68,2271.33,473.031,6.58519,2.98146,481.382,392.584,3.62172,5.30207,555.785,2.13702,3.25728,2.93278],[528.995,2310.96,2272.24,473.459,6.52494,3.12465,481.596,391.225,3.62741,5.29218,557.608,2.18133,3.22317,2.95932],[530.092,2314.25,2273.13,473.859,6.46682,3.23607,481.874,389.83,3.63155,5.28085,559.448,2.25002,3.1714,2.98978],[531.251,2317.4,2274.08,474.222,6.40325,3.31318,482.193,388.351,3.63138,5.26513,561.285,2.2919,3.09924,3.01852],[532.455,2320.47,2274.98,474.56,6.34231,3.35834,482.528,386.744,3.62811,5.2464,563.124,2.29975,3.0325,3.04149],[533.615,2323.55,2275.78,474.889,6.28785,3.37925,482.854,385.022,3.62137,5.22642,564.953,2.28074,2.97802,3.05549],[534.741,2326.62,2276.52,475.21,6.23989,3.3844,483.16,383.198,3.61018,5.20468,566.764,2.23778,2.92559,3.05986],[535.874,2329.63,2277.23,475.519,6.2031,3.3779,483.443,381.281,3.59531,5.18031,568.581,2.18248,2.87506,3.05588],[537.002,2332.62,2277.9,475.82,6.183,3.3607,483.699,379.309,3.57809,5.15346,570.429,2.13346,2.83378,3.04466],[538.106,2335.61,2278.54,476.113,6.17942,3.33411,483.924,377.334,3.55891,5.12442,572.313,2.09945,2.80244,3.02682]],"horizon":20,"q16":[[513.89,2265.42,2252.67,468.994,5.56701,2.37607,480.488,391.135,3.74071,5.48951,529.908,-0.993101,2.24019,3.55893],[512.429,2269.2,2251.94,468.833,5.19902,1.68541,479.026,380.996,3.48099,5.34676,529.101,-3.02192,1.8702,3.22191],[513.691,2270.41,2249.97,468.544,4.87444,1.28794,477.968,369.836,3.18031,5.11557,529.368,-3.43292,1.66862,2.93257],[514.673,2273.04,2250.84,468.484,4.7112,0.834637,477.257,366.842,2.97759,4.80673,532.038,-2.85414,1.74303,2.65948],[514.572,2276.07,2250.05,468.444,4.78385,0.574634,476.032,362.484,2.87143,4.70404,533.55,-2.16435,1.80586,2.41237],[514.635,2278.12,2250.4,468.598,4.54978,0.408082,475.435,358.405,2.7153,4.53795,535.11,-1.58444,1.70283,2.25392],[516.453,2279.6,2250.9,468.508,4.13484,0.411122,474.096,355.447,2.61564,4.411,537.121,-1.12212,1.55624,2.09912],[517.126,2281.12,2250.47,468.603,3.56627,0.200463,474.083,353.39,2.52067,4.25497,539.014,-1.60562,1.64249,1.97886],[517.144,2281.97,2249.65,468.627,3.15821,0.222252,472.724,350.149,2.55047,4.15623,540.263,-1.79842,1.54477,1.8172],[517.557,2283.84,2247.6,468.675,2.76207,0.255033,472.269,346.12,2.42908,4.12648,540.575,-1.99056,1.41684,1.71882],[518.337,2285.54,2246.56,469.027,2.4699,0.323337,472.146,344.979,2.3955,4.09599,539.275,-2.08968,1.22458,1.67722],[518.914,2287.09,2247.53,469.111,2.68817,0.373742,471.696,340.476,2.32644,3.988,540.65,-1.9926,1.17143,1.69903],[518.806,2289.24,2246.28,469.251,2.48294,0.65291,471.477,334.446,2.3274,3.94705,542.672,-1.38573,1.01222,1.66707],[519.15,2291.46,2245.8,469.293,2.13021,0.66073,471.395,334.855,2.34885,3.88414,542.637,-1.53948,0.99948,1.69757],[519.243,2291.57,2243.83,469.325,1.69514,0.672756,469.594,329.316,2.31553,3.79297,542.795,-1.55889,0.908124,1.66828],[519.998,2293.06,2243.26,469.202,1.55324,0.606355,468.145,325.072,2.27392,3.79957,543.591,-1.5959,0.69537,1.59126],[520.548,2293.68,2242.08,469.243,1.0468,0.497466,468.772,320.308,2.29359,3.67901,545.082,-1.89366,0.684997,1.64344],[520.985,2296.15,2240.12,469.046,1.22992,0.529926,469.035,312.619,2.22587,3.52105,546.129,-1.79273,0.564452,1.62984],[522.173,2296.01,2239.29,468.818,1.29102,0.543759,468.556,309.039,2.17064,3.53202,546.862,-2.00129,0.613093,1.58826],[522.134,2295.96,2236.97,468.613,0.910217,0.464359,468.905,301.282,2.05743,3.46373,547.214,-2.01818,0.611636,1.42549]],"q84":[[520.219,2275.56,2268.63,470.141,7.10707,3.51726,484.542,417.718,4.2814,6.00396,537.377,3.75616,4.08498,3.82486],[521.059,2282.76,2271.66,470.975,7.25674,3.45286,485.676,420.919,4.34063,6.10805,540.801,3.11284,4.1296,3.73021],[523.238,2286.63,2273.81,471.629,7.61258,3.79084,486.225,423.878,4.38035,6.15858,544.425,3.71671,4.09696,3.65165],[525.117,2291.84,2277.09,472.328,8.13526,4.16965,486.791,426.855,4.40847,6.1769,548.595,4.46814,4.51128,3.69707],[526.655,2299.13,2280.82,473.161,8.78767,4.42472,486.746,431.887,4.48852,6.23456,552.937,5.72902,4.82875,3.72026],[527.703,2304.86,2283.44,474.002,9.27347,4.72137,487.047,438.735,4.58482,6.25571,556.994,6.52894,4.8188,3.76449],[529.602,2309.35,2287.23,474.553,9.65749,4.81878,488.094,442.206,4.61585,6.28055,559.704,6.54815,4.97667,3.82805],[532.167,2314.32,2288.97,475.37,9.85587,5.05831,488.5,440.341,4.68676,6.36989,563.032,6.63081,5.10181,3.89193],[534.274,2319.75,2290.98,475.898,9.99776,5.32172,489.271,444.733,4.78757,6.42446,565.652,6.16389,5.25141,3.99396],[535.26,2323.85,2293.96,476.89,10.0693,5.55362,490.439,445.169,4.82133,6.48592,568.551,5.52186,5.28798,4.06356],[538.252,2328.94,2296.71,477.783,10.3085,5.82134,491.569,446.267,4.84998,6.68718,570.846,5.72961,5.2895,4.10498],[539.301,2333.51,2298.85,478.381,10.4026,6.10692,492.46,447.084,4.89815,6.70323,573.156,5.97903,5.06381,4.24291],[541.043,2338.72,2301.86,478.981,10.6643,6.01643,492.785,451.706,4.91939,6.73722,578.233,6.09805,5.22959,4.4145],[543.101,2345.05,2305.71,479.822,10.6335,6.03366,494.184,454.059,5.13156,6.72171,580.703,6.50771,5.34201,4.46686],[545.044,2348.58,2309.6,480.489,10.7912,6.01798,495.367,454.252,5.21875,6.80078,584.468,6.48644,5.45344,4.58218],[546.207,2354.94,2311.43,480.8,11.0171,6.10046,496.173,458.387,5.18728,6.79247,586.362,6.54892,5.51634,4.68072],[549.095,2360.6,2310.78,481.315,10.9443,6.08327,497.514,460.197,5.2364,6.86683,588.989,6.2583,5.41661,4.69703],[550.827,2365.28,2315.46,481.952,10.8121,6.02618,498.323,459.451,5.22614,6.92888,592.873,6.09391,5.30162,4.65536],[551.538,2371.63,2320.08,482.537,10.8697,5.92834,499.546,461.827,5.30871,6.96546,595.122,6.10442,5.33446,4.73296],[554.375,2376.47,2320.29,482.792,11.2315,5.93677,500.559,464.888,5.27275,6.92678,596.377,6.45486,5.08345,4.7787]],