{"interest_": {"pi": [0, 0, -7.457539132e-17, -0.0035, -0.012799325, -0.02823864156, -0.04988220119, -0.07454113868, -0.09991408027, -0.1252540865, -0.149995248, -0.1733359062, -0.1947299996, -0.2139776808, -0.2309758274, -0.2456358811, -0.2579468668, -0.2679790543, -0.2758358898, -0.2816342953, -0.2855094318], "y": [0, 1.607927249e-18, -0.025, -0.07392375, -0.1402079576, -0.2172506043, -0.2745975072, -0.3091483191, -0.324376363, -0.3246529465, -0.3138840153, -0.2952396872, -0.2712222278, -0.2437926236, -0.2144704387, -0.1844141581, -0.1544948734, -0.1253578036, -0.09746892418, -0.07115182083, -0.0466185488], "i": [0, 1, 0.79695, 0.6278063025, 0.4825568129, 0.3537007416, 0.2386304511, 0.1361982713, 0.04543228206, -0.03462498447, -0.1048114807, -0.1658873594, -0.21860097, -0.2636769341, -0.3017899467, -0.33356915, -0.3596086262, -0.3804662922, -0.3966608363, -0.4086736442, -0.4169517909], "pibar": [0, 0, 2.651491769e-16, -0.000875, -0.00407483125, -0.01113449164, -0.02360504194, -0.04136532661, -0.06314401543, -0.08739787665, -0.1124261383, -0.1371248302, -0.1608288101, -0.1830097086, -0.2032548535, -0.2213298472, -0.237134064, -0.2506344074, -0.261849423, -0.2708490265, -0.2777396678], "ibar": [0, 0.25, 0.4492375, 0.6061890756, 0.7268282789, 0.5652534643, 0.4256735771, 0.3027715692, 0.1934904365, 0.096409005, 0.01054852205, -0.06497288562, -0.1309811986, -0.188244186, -0.2374888025, -0.2794092502, -0.3146611643, -0.3438585038, -0.3675762262, -0.3863523497, -0.4006881409], "interest": [0, 1, 0.79695, 0.6278063025, 0.4825568129, 0.3537007416, 0.2386304511, 0.1361982713, 0.04543228206, -0.03462498447, -0.1048114807, -0.1658873594, -0.21860097, -0.2636769341, -0.3017899467, -0.33356915, -0.3596086262, -0.3804662922, -0.3966608363, -0.4086736442, -0.4169517909], "inflation": [0, 0, -1.864384783e-17, -0.000875, -0.00407483125, -0.01113449164, -0.02360504194, -0.04136532661, -0.06314401543, -0.08739787665, -0.1124261383, -0.1371248302, -0.1608288101, -0.1830097086, -0.2032548535, -0.2213298472, -0.237134064, -0.2506344074, -0.261849423, -0.2708490265, -0.2777396678], "inflationq": [0, 0, 2.779019302e-17, -0.0035, -0.012799325, -0.02823864156, -0.04988220119, -0.07454113868, -0.09991408027, -0.1252540865, -0.149995248, -0.1733359062, -0.1947299996, -0.2139776808, -0.2309758274, -0.2456358811, -0.2579468668, -0.2679790543, -0.2758358898, -0.2816342953, -0.2855094318], "outputgap": [0, 1.303153004e-18, -0.025, -0.07392375, -0.1402079576, -0.2172506043, -0.2745975072, -0.3091483191, -0.324376363, -0.3246529465, -0.3138840153, -0.2952396872, -0.2712222278, -0.2437926236, -0.2144704387, -0.1844141581, -0.1544948734, -0.1253578036, -0.09746892418, -0.07115182083, -0.0466185488], "output": [0, -1.613947318e-19, -0.025, -0.07392375, -0.1402079576, -0.2172506043, -0.2745975072, -0.3091483191, -0.324376363, -0.3246529465, -0.3138840153, -0.2952396872, -0.2712222278, -0.2437926236, -0.2144704387, -0.1844141581, -0.1544948734, -0.1253578036, -0.09746892418, -0.07115182083, -0.0466185488], "AUX_ENDO_LEAD_73": [0, 7.930283985e-17, -0.0035, -0.012799325, -0.02823864156, -0.04988220119, -0.07454113868, -0.09991408027, -0.1252540865, -0.149995248, -0.1733359062, -0.1947299996, -0.2139776808, -0.2309758274, -0.2456358811, -0.2579468668, -0.2679790543, -0.2758358898, -0.2816342953, -0.2855094318, -0.2876113052], "AUX_ENDO_LEAD_77": [0, -0.0035, -0.012799325, -0.02823864156, -0.04988220119, -0.07454113868, -0.09991408027, -0.1252540865, -0.149995248, -0.1733359062, -0.1947299996, -0.2139776808, -0.2309758274, -0.2456358811, -0.2579468668, -0.2679790543, -0.2758358898, -0.2816342953, -0.2855094318, -0.2876113052, -0.2880941399], "AUX_ENDO_LEAD_81": [0, -0.012799325, -0.02823864156, -0.04988220119, -0.07454113868, -0.09991408027, -0.1252540865, -0.149995248, -0.1733359062, -0.1947299996, -0.2139776808, -0.2309758274, -0.2456358811, -0.2579468668, -0.2679790543, -0.2758358898, -0.2816342953, -0.2855094318, -0.2876113052, -0.2880941399, -0.287111], "AUX_ENDO_LEAD_108": [0, -0.025, -0.07392375, -0.1402079576, -0.2172506043, -0.2745975072, -0.3091483191, -0.324376363, -0.3246529465, -0.3138840153, -0.2952396872, -0.2712222278, -0.2437926236, -0.2144704387, -0.1844141581, -0.1544948734, -0.1253578036, -0.09746892418, -0.07115182083, -0.0466185488, -0.0239947141], "AUX_ENDO_LEAD_112": [0, -0.07392375, -0.1402079576, -0.2172506043, -0.2745975072, -0.3091483191, -0.324376363, -0.3246529465, -0.3138840153, -0.2952396872, -0.2712222278, -0.2437926236, -0.2144704387, -0.1844141581, -0.1544948734, -0.1253578036, -0.09746892418, -0.07115182083, -0.0466185488, -0.0239947141, -0.003339116126], "AUX_ENDO_LEAD_116": [0, -0.1402079576, -0.2172506043, -0.2745975072, -0.3091483191, -0.324376363, -0.3246529465, -0.3138840153, -0.2952396872, -0.2712222278, -0.2437926236, -0.2144704387, -0.1844141581, -0.1544948734, -0.1253578036, -0.09746892418, -0.07115182083, -0.0466185488, -0.0239947141, -0.003339116126, 0.01534063745], "AUX_ENDO_LEAD_143": [0, -0.025, -0.07392375, -0.1402079576, -0.2172506043, -0.2745975072, -0.3091483191, -0.324376363, -0.3246529465, -0.3138840153, -0.2952396872, -0.2712222278, -0.2437926236, -0.2144704387, -0.1844141581, -0.1544948734, -0.1253578036, -0.09746892418, -0.07115182083, -0.0466185488, -0.0239947141], "AUX_ENDO_LEAD_147": [0, -0.07392375, -0.1402079576, -0.2172506043, -0.2745975072, -0.3091483191, -0.324376363, -0.3246529465, -0.3138840153, -0.2952396872, -0.2712222278, -0.2437926236, -0.2144704387, -0.1844141581, -0.1544948734, -0.1253578036, -0.09746892418, -0.07115182083, -0.0466185488, -0.0239947141, -0.003339116126], "AUX_ENDO_LEAD_151": [0, -0.1402079576, -0.2172506043, -0.2745975072, -0.3091483191, -0.324376363, -0.3246529465, -0.3138840153, -0.2952396872, -0.2712222278, -0.2437926236, -0.2144704387, -0.1844141581, -0.1544948734, -0.1253578036, -0.09746892418, -0.07115182083, -0.0466185488, -0.0239947141, -0.003339116126, 0.01534063745], "AUX_ENDO_LAG_0_1": [0, 0, 8.402266048e-16, 6.63716687e-16, -0.0035, -0.012799325, -0.02823864156, -0.04988220119, -0.07454113868, -0.09991408027, -0.1252540865, -0.149995248, -0.1733359062, -0.1947299996, -0.2139776808, -0.2309758274, -0.2456358811, -0.2579468668, -0.2679790543, -0.2758358898, -0.2816342953], "AUX_ENDO_LAG_0_2": [0, 0, 7.252360779e-16, 1.175827208e-15, 1.006713607e-15, -0.0035, -0.012799325, -0.02823864156, -0.04988220119, -0.07454113868, -0.09991408027, -0.1252540865, -0.149995248, -0.1733359062, -0.1947299996, -0.2139776808, -0.2309758274, -0.2456358811, -0.2579468668, -0.2679790543, -0.2758358898], "AUX_ENDO_LAG_9_1": [0, 0, -1.613947318e-19, -0.025, -0.07392375, -0.1402079576, -0.2172506043, -0.2745975072, -0.3091483191, -0.324376363, -0.3246529465, -0.3138840153, -0.2952396872, -0.2712222278, -0.2437926236, -0.2144704387, -0.1844141581, -0.1544948734, -0.1253578036, -0.09746892418, -0.07115182083], "AUX_ENDO_LAG_9_2": [0, 0, 0, -1.613947318e-19, -0.025, -0.07392375, -0.1402079576, -0.2172506043, -0.2745975072, -0.3091483191, -0.324376363, -0.3246529465, -0.3138840153, -0.2952396872, -0.2712222278, -0.2437926236, -0.2144704387, -0.1844141581, -0.1544948734, -0.1253578036, -0.09746892418], "AUX_ENDO_LAG_9_3": [0, 0, 0, 0, -1.613947318e-19, -0.025, -0.07392375, -0.1402079576, -0.2172506043, -0.2745975072, -0.3091483191, -0.324376363, -0.3246529465, -0.3138840153, -0.2952396872, -0.2712222278, -0.2437926236, -0.2144704387, -0.1844141581, -0.1544948734, -0.1253578036], "AUX_ENDO_LAG_8_1": [0, 0, 1.303153004e-18, -0.025, -0.07392375, -0.1402079576, -0.2172506043, -0.2745975072, -0.3091483191, -0.324376363, -0.3246529465, -0.3138840153, -0.2952396872, -0.2712222278, -0.2437926236, -0.2144704387, -0.1844141581, -0.1544948734, -0.1253578036, -0.09746892418, -0.07115182083],