{"interest_": {"pi": [0, 0, -3.57914582e-17, -0.0035, -0.01276154896, -0.02798780124, -0.04900054257, -0.07229725885, -0.09533604872, -0.1173318478, -0.1378931497, -0.156555293, -0.1731476991, -0.1877942012, -0.2006328723, -0.211729314, -0.2211436171, -0.228948083, -0.2351993747, -0.2399370265, -0.243201631], "y": [0, 4.600675061e-18, -0.025, -0.07365392115, -0.1386051212, -0.2121802614, -0.2628744676, -0.2875717969, -0.2910546538, -0.2797940248, -0.2599536311, -0.2361076118, -0.2111174107, -0.1864931526, -0.1628409472, -0.1402591738, -0.1186283862, -0.09778518351, -0.07760387191, -0.05802109028, -0.03903123036], "i": [0, 1, 0.786156846, 0.5870060609, 0.403047588, 0.2354059412, 0.1085897108, 0.01850906179, -0.04458334278, -0.09023209482, -0.1261556939, -0.1573056559, -0.1862801779, -0.2141191035, -0.2409465988, -0.2664389525, -0.2901533888, -0.3117087232, -0.3308435348, -0.3474131099, -0.3613674621], "pibar": [0, 0, -6.183231371e-17, -0.000875, -0.00406538724, -0.01106233755, -0.02331247319, -0.0405117879, -0.06115541285, -0.08349142449, -0.1057145763, -0.1267790848, -0.1462319974, -0.1638475857, -0.1795325164, -0.1933260216, -0.2053250011, -0.2156134716, -0.2242550972, -0.2313070253, -0.2368215288], "ibar": [0, 0.25, 0.4465392115, 0.5932907267, 0.6940526237, 0.502904109, 0.3335123252, 0.1913880755, 0.07948034276, -0.001929166254, -0.06061551744, -0.1045691969, -0.1399934056, -0.1709651578, -0.199662884, -0.2269462082, -0.2529145109, -0.2773119158, -0.2997861498, -0.3200296892, -0.3378332075], "interest": [0, 1, 0.786156846, 0.5870060609, 0.403047588, 0.2354059412, 0.1085897108, 0.01850906179, -0.04458334278, -0.09023209482, -0.1261556939, -0.1573056559, -0.1862801779, -0.2141191035, -0.2409465988, -0.2664389525, -0.2901533888, -0.3117087232, -0.3308435348, -0.3474131099, -0.3613674621], "inflation": [0, 0, -8.947864549e-18, -0.000875, -0.00406538724, -0.01106233755, -0.02331247319, -0.0405117879, -0.06115541285, -0.08349142449, -0.1057145763, -0.1267790848, -0.1462319974, -0.1638475857, -0.1795325164, -0.1933260216, -0.2053250011, -0.2156134716, -0.2242550972, -0.2313070253, -0.2368215288], "inflationq": [0, 0, -2.554495961e-16, -0.0035, -0.01276154896, -0.02798780124, -0.04900054257, -0.07229725885, -0.09533604872, -0.1173318478, -0.1378931497, -0.156555293, -0.1731476991, -0.1877942012, -0.2006328723, -0.211729314, -0.2211436171, -0.228948083, -0.2351993747, -0.2399370265, -0.243201631], "outputgap": [0, 3.543191625e-18, -0.025, -0.07365392115, -0.1386051212, -0.2121802614, -0.2628744676, -0.2875717969, -0.2910546538, -0.2797940248, -0.2599536311, -0.2361076118, -0.2111174107, -0.1864931526, -0.1628409472, -0.1402591738, -0.1186283862, -0.09778518351, -0.07760387191, -0.05802109028, -0.03903123036], "output": [0, 3.469446952e-18, -0.025, -0.07365392115, -0.1386051212, -0.2121802614, -0.2628744676, -0.2875717969, -0.2910546538, -0.2797940248, -0.2599536311, -0.2361076118, -0.2111174107, -0.1864931526, -0.1628409472, -0.1402591738, -0.1186283862, -0.09778518351, -0.07760387191, -0.05802109028, -0.03903123036], "AUX_ENDO_LEAD_73": [0, -2.762547135e-16, -0.0035, -0.01276154896, -0.02798780124, -0.04900054257, -0.07229725885, -0.09533604872, -0.1173318478, -0.1378931497, -0.156555293, -0.1731476991, -0.1877942012, -0.2006328723, -0.211729314, -0.2211436171, -0.228948083, -0.2351993747, -0.2399370265, -0.243201631, -0.2450414062], "AUX_ENDO_LEAD_77": [0, -0.0035, -0.01276154896, -0.02798780124, -0.04900054257, -0.07229725885, -0.09533604872, -0.1173318478, -0.1378931497, -0.156555293, -0.1731476991, -0.1877942012, -0.2006328723, -0.211729314, -0.2211436171, -0.228948083, -0.2351993747, -0.2399370265, -0.243201631, -0.2450414062, -0.2455088838], "AUX_ENDO_LEAD_81": [0, -0.01276154896, -0.02798780124, -0.04900054257, -0.07229725885, -0.09533604872, -0.1173318478, -0.1378931497, -0.156555293, -0.1731476991, -0.1877942012, -0.2006328723, -0.211729314, -0.2211436171, -0.228948083, -0.2351993747, -0.2399370265, -0.243201631, -0.2450414062, -0.2455088838, -0.2446602675], "AUX_ENDO_LEAD_108": [0, -0.025, -0.07365392115, -0.1386051212, -0.2121802614, -0.2628744676, -0.2875717969, -0.2910546538, -0.2797940248, -0.2599536311, -0.2361076118, -0.2111174107, -0.1864931526, -0.1628409472, -0.1402591738, -0.1186283862, -0.09778518351, -0.07760387191, -0.05802109028, -0.03903123036, -0.02066978678], "AUX_ENDO_LEAD_112": [0, -0.07365392115, -0.1386051212, -0.2121802614, -0.2628744676, -0.2875717969, -0.2910546538, -0.2797940248, -0.2599536311, -0.2361076118, -0.2111174107, -0.1864931526, -0.1628409472, -0.1402591738, -0.1186283862, -0.09778518351, -0.07760387191, -0.05802109028, -0.03903123036, -0.02066978678, -0.00299492574], "AUX_ENDO_LEAD_116": [0, -0.1386051212, -0.2121802614, -0.2628744676, -0.2875717969, -0.2910546538, -0.2797940248, -0.2599536311, -0.2361076118, -0.2111174107, -0.1864931526, -0.1628409472, -0.1402591738, -0.1186283862, -0.09778518351, -0.07760387191, -0.05802109028, -0.03903123036, -0.02066978678, -0.00299492574, 0.01392727287], "AUX_ENDO_LEAD_143": [0, -0.025, -0.07365392115, -0.1386051212, -0.2121802614, -0.2628744676, -0.2875717969, -0.2910546538, -0.2797940248, -0.2599536311, -0.2361076118, -0.2111174107, -0.1864931526, -0.1628409472, -0.1402591738, -0.1186283862, -0.09778518351, -0.07760387191, -0.05802109028, -0.03903123036, -0.02066978678], "AUX_ENDO_LEAD_147": [0, -0.07365392115, -0.1386051212, -0.2121802614, -0.2628744676, -0.2875717969, -0.2910546538, -0.2797940248, -0.2599536311, -0.2361076118, -0.2111174107, -0.1864931526, -0.1628409472, -0.1402591738, -0.1186283862, -0.09778518351, -0.07760387191, -0.05802109028, -0.03903123036, -0.02066978678, -0.00299492574], "AUX_ENDO_LEAD_151": [0, -0.1386051212, -0.2121802614, -0.2628744676, -0.2875717969, -0.2910546538, -0.2797940248, -0.2599536311, -0.2361076118, -0.2111174107, -0.1864931526, -0.1628409472, -0.1402591738, -0.1186283862, -0.09778518351, -0.07760387191, -0.05802109028, -0.03903123036, -0.02066978678, -0.00299492574, 0.01392727287], "AUX_ENDO_LAG_0_1": [0, 0, 3.417917379e-16, 4.127584756e-17, -0.0035, -0.01276154896, -0.02798780124, -0.04900054257, -0.07229725885, -0.09533604872, -0.1173318478, -0.1378931497, -0.156555293, -0.1731476991, -0.1877942012, -0.2006328723, -0.211729314, -0.2211436171, -0.228948083, -0.2351993747, -0.2399370265], "AUX_ENDO_LAG_0_2": [0, 0, -1.913882191e-16, -8.706265223e-17, -6.411266493e-17, -0.0035, -0.01276154896, -0.02798780124, -0.04900054257, -0.07229725885, -0.09533604872, -0.1173318478, -0.1378931497, -0.156555293, -0.1731476991, -0.1877942012, -0.2006328723, -0.211729314, -0.2211436171, -0.228948083, -0.2351993747], "AUX_ENDO_LAG_9_1": [0, 0, 3.469446952e-18, -0.025, -0.07365392115, -0.1386051212, -0.2121802614, -0.2628744676, -0.2875717969, -0.2910546538, -0.2797940248, -0.2599536311, -0.2361076118, -0.2111174107, -0.1864931526, -0.1628409472, -0.1402591738, -0.1186283862, -0.09778518351, -0.07760387191, -0.05802109028], "AUX_ENDO_LAG_9_2": [0, 0, 0, 3.469446952e-18, -0.025, -0.07365392115, -0.1386051212, -0.2121802614, -0.2628744676, -0.2875717969, -0.2910546538, -0.2797940248, -0.2599536311, -0.2361076118, -0.2111174107, -0.1864931526, -0.1628409472, -0.1402591738, -0.1186283862, -0.09778518351, -0.07760387191], "AUX_ENDO_LAG_9_3": [0, 0, 0, 0, 3.469446952e-18, -0.025, -0.07365392115, -0.1386051212, -0.2121802614, -0.2628744676, -0.2875717969, -0.2910546538, -0.2797940248, -0.2599536311, -0.2361076118, -0.2111174107, -0.1864931526, -0.1628409472, -0.1402591738, -0.1186283862, -0.09778518351], "AUX_ENDO_LAG_8_1": [0, 0, 3.543191625e-18, -0.025, -0.07365392115, -0.1386051212, -0.2121802614, -0.2628744676, -0.2875717969, -0.2910546538, -0.2797940248, -0.2599536311, -0.2361076118, -0.2111174107, -0.1864931526, -0.1628409472, -0.1402591738, -0.1186283862, -0.09778518351, -0.07760387191, -0.05802109028],