{"interest_": {"y": [0, -1.981185256e-17, -0.0218457025, -0.3671050811, -0.4279476283, -0.506227971, -0.5355562774, -0.5273412205, -0.5005758289, -0.4470912339, -0.3881349384, -0.317738539, -0.2440791185, -0.1696799798, -0.09665197093, -0.02726810595, 0.03736582651, 0.09593311564, 0.1479320747, 0.1929123273, 0.2307134657], "pi": [0, 0, -0.006193256659, -0.1067020664, -0.1607555721, -0.1229467822, -0.2436296121, -0.2436841552, -0.2744670593, -0.2975241731, -0.3126095629, -0.3222581892, -0.3240588657, -0.3240287531, -0.3174827632, -0.3073903998, -0.2939827938, -0.2776318753, -0.2589969229, -0.2385325112, -0.2168511367], "f": [0, 0.9977647273, 0.8086864261, 0.6106627535, 0.4715326266, 0.3087172629, 0.1729416961, 0.048441615, -0.06472449777, -0.1649280862, -0.2533130576, -0.3284887968, -0.3922205876, -0.4440083419, -0.484475964, -0.5142462737, -0.5339190574, -0.544253829, -0.5460157549, -0.5400737007, -0.5272849434], "interest": [0, 0.9977647273, 0.8086864261, 0.6106627535, 0.4715326266, 0.3087172629, 0.1729416961, 0.048441615, -0.06472449777, -0.1649280862, -0.2533130576, -0.3284887968, -0.3922205876, -0.4440083419, -0.484475964, -0.5142462737, -0.5339190574, -0.544253829, -0.5460157549, -0.5400737007, -0.5272849434], "inflation": [0, 0, -0.001548314165, -0.02822383075, -0.06841272377, -0.09914941931, -0.1585085082, -0.1927540304, -0.2211819022, -0.2648262499, -0.2820712376, -0.3017147461, -0.3141126977, -0.3207388427, -0.3219571428, -0.3182401954, -0.3107211774, -0.299121958, -0.2845004979, -0.2672860258, -0.2480031115], "inflationq": [0, 0, -0.006193256659, -0.1067020664, -0.1607555721, -0.1229467822, -0.2436296121, -0.2436841552, -0.2744670593, -0.2975241731, -0.3126095629, -0.3222581892, -0.3240588657, -0.3240287531, -0.3174827632, -0.3073903998, -0.2939827938, -0.2776318753, -0.2589969229, -0.2385325112, -0.2168511367], "outputgap": [0, -5.565413401e-17, -0.0218457025, -0.3671050811, -0.4279476283, -0.506227971, -0.5355562774, -0.5273412205, -0.5005758289, -0.4470912339, -0.3881349384, -0.317738539, -0.2440791185, -0.1696799798, -0.09665197093, -0.02726810595, 0.03736582651, 0.09593311564, 0.1479320747, 0.1929123273, 0.2307134657], "output": [0, -5.565413401e-17, -0.0218457025, -0.3671050811, -0.4279476283, -0.506227971, -0.5355562774, -0.5273412205, -0.5005758289, -0.4470912339, -0.3881349384, -0.317738539, -0.2440791185, -0.1696799798, -0.09665197093, -0.02726810595, 0.03736582651, 0.09593311564, 0.1479320747, 0.1929123273, 0.2307134657], "AUX_ENDO_LEAD_73": [0, -0.006193256659, -0.1067020664, -0.1607555721, -0.1229467822, -0.2436296121, -0.2436841552, -0.2744670593, -0.2975241731, -0.3126095629, -0.3222581892, -0.3240588657, -0.3240287531, -0.3174827632, -0.3073903998, -0.2939827938, -0.2776318753, -0.2589969229, -0.2385325112, -0.2168511367, -0.1943251547], "AUX_ENDO_LEAD_77": [0, -0.1067020664, -0.1607555721, -0.1229467822, -0.2436296121, -0.2436841552, -0.2744670593, -0.2975241731, -0.3126095629, -0.3222581892, -0.3240588657, -0.3240287531, -0.3174827632, -0.3073903998, -0.2939827938, -0.2776318753, -0.2589969229, -0.2385325112, -0.2168511367, -0.1943251547, -0.1714163664], "AUX_ENDO_LEAD_81": [0, -0.1607555721, -0.1229467822, -0.2436296121, -0.2436841552, -0.2744670593, -0.2975241731, -0.3126095629, -0.3222581892, -0.3240588657, -0.3240287531, -0.3174827632, -0.3073903998, -0.2939827938, -0.2776318753, -0.2589969229, -0.2385325112, -0.2168511367, -0.1943251547, -0.1714163664, -0.1485102909], "AUX_ENDO_LEAD_108": [0, -0.0218457025, -0.3671050811, -0.4279476283, -0.506227971, -0.5355562774, -0.5273412205, -0.5005758289, -0.4470912339, -0.3881349384, -0.317738539, -0.2440791185, -0.1696799798, -0.09665197093, -0.02726810595, 0.03736582651, 0.09593311564, 0.1479320747, 0.1929123273, 0.2307134657, 0.2613852936], "AUX_ENDO_LEAD_112": [0, -0.3671050811, -0.4279476283, -0.506227971, -0.5355562774, -0.5273412205, -0.5005758289, -0.4470912339, -0.3881349384, -0.317738539, -0.2440791185, -0.1696799798, -0.09665197093, -0.02726810595, 0.03736582651, 0.09593311564, 0.1479320747, 0.1929123273, 0.2307134657, 0.2613852936, 0.285111631], "AUX_ENDO_LEAD_116": [0, -0.4279476283, -0.506227971, -0.5355562774, -0.5273412205, -0.5005758289, -0.4470912339, -0.3881349384, -0.317738539, -0.2440791185, -0.1696799798, -0.09665197093, -0.02726810595, 0.03736582651, 0.09593311564, 0.1479320747, 0.1929123273, 0.2307134657, 0.2613852936, 0.285111631, 0.3022138814], "AUX_ENDO_LEAD_143": [0, -0.0218457025, -0.3671050811, -0.4279476283, -0.506227971, -0.5355562774, -0.5273412205, -0.5005758289, -0.4470912339, -0.3881349384, -0.317738539, -0.2440791185, -0.1696799798, -0.09665197093, -0.02726810595, 0.03736582651, 0.09593311564, 0.1479320747, 0.1929123273, 0.2307134657, 0.2613852936], "AUX_ENDO_LEAD_147": [0, -0.3671050811, -0.4279476283, -0.506227971, -0.5355562774, -0.5273412205, -0.5005758289, -0.4470912339, -0.3881349384, -0.317738539, -0.2440791185, -0.1696799798, -0.09665197093, -0.02726810595, 0.03736582651, 0.09593311564, 0.1479320747, 0.1929123273, 0.2307134657, 0.2613852936, 0.285111631], "AUX_ENDO_LEAD_151": [0, -0.4279476283, -0.506227971, -0.5355562774, -0.5273412205, -0.5005758289, -0.4470912339, -0.3881349384, -0.317738539, -0.2440791185, -0.1696799798, -0.09665197093, -0.02726810595, 0.03736582651, 0.09593311564, 0.1479320747, 0.1929123273, 0.2307134657, 0.2613852936, 0.285111631, 0.3022138814], "AUX_ENDO_LAG_1_1": [0, 0, 2.220446049e-16, -0.006193256659, -0.1067020664, -0.1607555721, -0.1229467822, -0.2436296121, -0.2436841552, -0.2744670593, -0.2975241731, -0.3126095629, -0.3222581892, -0.3240588657, -0.3240287531, -0.3174827632, -0.3073903998, -0.2939827938, -0.2776318753, -0.2589969229, -0.2385325112], "AUX_ENDO_LAG_1_2": [0, 0, -2.220446049e-16, 0, -0.006193256659, -0.1067020664, -0.1607555721, -0.1229467822, -0.2436296121, -0.2436841552, -0.2744670593, -0.2975241731, -0.3126095629, -0.3222581892, -0.3240588657, -0.3240287531, -0.3174827632, -0.3073903998, -0.2939827938, -0.2776318753, -0.2589969229], "AUX_ENDO_LAG_7_1": [0, 0, -4.144852997e-17, -0.0218457025, -0.3671050811, -0.4279476283, -0.506227971, -0.5355562774, -0.5273412205, -0.5005758289, -0.4470912339, -0.3881349384, -0.317738539, -0.2440791185, -0.1696799798, -0.09665197093, -0.02726810595, 0.03736582651, 0.09593311564, 0.1479320747, 0.1929123273], "AUX_ENDO_LAG_7_2": [0, 0, 0, -4.144852997e-17, -0.0218457025, -0.3671050811, -0.4279476283, -0.506227971, -0.5355562774, -0.5273412205, -0.5005758289, -0.4470912339, -0.3881349384, -0.317738539, -0.2440791185, -0.1696799798, -0.09665197093, -0.02726810595, 0.03736582651, 0.09593311564, 0.1479320747], "AUX_ENDO_LAG_7_3": [0, 0, 0, 0, -4.144852997e-17, -0.0218457025, -0.3671050811, -0.4279476283, -0.506227971, -0.5355562774, -0.5273412205, -0.5005758289, -0.4470912339, -0.3881349384, -0.317738539, -0.2440791185, -0.1696799798, -0.09665197093, -0.02726810595, 0.03736582651, 0.09593311564], "AUX_ENDO_LAG_6_1": [0, 0, -5.565413401e-17, -0.0218457025, -0.3671050811, -0.4279476283, -0.506227971, -0.5355562774, -0.5273412205, -0.5005758289, -0.4470912339, -0.3881349384, -0.317738539, -0.2440791185, -0.1696799798, -0.09665197093, -0.02726810595, 0.03736582651, 0.09593311564, 0.1479320747, 0.1929123273], "AUX_ENDO_LAG_6_2": [0, 0, 0, -5.565413401e-17, -0.0218457025, -0.3671050811, -0.4279476283, -0.506227971, -0.5355562774, -0.5273412205, -0.5005758289, -0.4470912339, -0.3881349384, -0.317738539, -0.2440791185, -0.1696799798, -0.09665197093, -0.02726810595, 0.03736582651, 0.09593311564, 0.1479320747], "AUX_ENDO_LAG_6_3": [0, 0, 0, 0, -5.565413401e-17, -0.0218457025, -0.3671050811, -0.4279476283, -0.506227971, -0.5355562774, -0.5273412205, -0.5005758289, -0.4470912339, -0.3881349384, -0.317738539, -0.2440791185, -0.1696799798, -0.09665197093, -0.02726810595, 0.03736582651, 0.09593311564],