{"interest_": {"y": [0, 2.03114957e-17, -0.021894643, -0.3645313902, -0.3694702112, -0.3984733642, -0.3668873964, -0.3177519923, -0.2521524023, -0.175662217, -0.1087057684, -0.04027006436, 0.01676406151, 0.0651422151, 0.1025925272, 0.1300948939, 0.1481746763, 0.1577106547, 0.1603813905, 0.1572855715, 0.1499225146], "pi": [0, 0, -0.00620713129, -0.1059783119, -0.1438570528, -0.08593750264, -0.194631724, -0.167604283, -0.1798275964, -0.1776167522, -0.176206587, -0.1666975953, -0.1541019532, -0.1441264508, -0.1298779983, -0.1170815273, -0.1041747104, -0.09232142268, -0.08125336946, -0.07137104053, -0.0627746583], "f": [0, 1, 0.6553866893, 0.378232862, 0.1715503314, 0.01851588775, -0.1102846828, -0.200556212, -0.2596546564, -0.3063634331, -0.327683031, -0.3350288887, -0.3301737293, -0.3168324398, -0.2968325251, -0.2728574143, -0.2471143315, -0.2207145783, -0.195062896, -0.1709353837, -0.1489298119], "interest": [0, 1, 0.6553866893, 0.378232862, 0.1715503314, 0.01851588775, -0.1102846828, -0.200556212, -0.2596546564, -0.3063634331, -0.327683031, -0.3350288887, -0.3301737293, -0.3168324398, -0.2968325251, -0.2728574143, -0.2471143315, -0.2207145783, -0.195062896, -0.1709353837, -0.1489298119], "inflation": [0, 0, -0.001551782823, -0.02804636081, -0.06401062401, -0.08549499967, -0.1326011478, -0.1480076406, -0.1570002765, -0.1799200889, -0.1753138046, -0.1750871327, -0.1686557219, -0.1602831466, -0.1487009994, -0.1362969824, -0.1238151717, -0.1108639147, -0.09870775746, -0.08728013578, -0.07693012274], "inflationq": [0, 0, -0.00620713129, -0.1059783119, -0.1438570528, -0.08593750264, -0.194631724, -0.167604283, -0.1798275964, -0.1776167522, -0.176206587, -0.1666975953, -0.1541019532, -0.1441264508, -0.1298779983, -0.1170815273, -0.1041747104, -0.09232142268, -0.08125336946, -0.07137104053, -0.0627746583], "outputgap": [0, 0, -0.021894643, -0.3645313902, -0.3694702112, -0.3984733642, -0.3668873964, -0.3177519923, -0.2521524023, -0.175662217, -0.1087057684, -0.04027006436, 0.01676406151, 0.0651422151, 0.1025925272, 0.1300948939, 0.1481746763, 0.1577106547, 0.1603813905, 0.1572855715, 0.1499225146], "output": [0, 0, -0.021894643, -0.3645313902, -0.3694702112, -0.3984733642, -0.3668873964, -0.3177519923, -0.2521524023, -0.175662217, -0.1087057684, -0.04027006436, 0.01676406151, 0.0651422151, 0.1025925272, 0.1300948939, 0.1481746763, 0.1577106547, 0.1603813905, 0.1572855715, 0.1499225146], "AUX_ENDO_LEAD_73": [0, -0.006207131291, -0.1059783119, -0.1438570528, -0.08593750264, -0.194631724, -0.167604283, -0.1798275964, -0.1776167522, -0.176206587, -0.1666975953, -0.1541019532, -0.1441264508, -0.1298779983, -0.1170815273, -0.1041747104, -0.09232142268, -0.08125336946, -0.07137104053, -0.0627746583, -0.05528250264], "AUX_ENDO_LEAD_77": [0, -0.1059783119, -0.1438570528, -0.08593750264, -0.194631724, -0.167604283, -0.1798275964, -0.1776167522, -0.176206587, -0.1666975953, -0.1541019532, -0.1441264508, -0.1298779983, -0.1170815273, -0.1041747104, -0.09232142268, -0.08125336946, -0.07137104053, -0.0627746583, -0.05528250264, -0.04897183451], "AUX_ENDO_LEAD_81": [0, -0.1438570528, -0.08593750264, -0.194631724, -0.167604283, -0.1798275964, -0.1776167522, -0.176206587, -0.1666975953, -0.1541019532, -0.1441264508, -0.1298779983, -0.1170815273, -0.1041747104, -0.09232142268, -0.08125336946, -0.07137104053, -0.0627746583, -0.05528250264, -0.04897183451, -0.04368141625], "AUX_ENDO_LEAD_108": [0, -0.021894643, -0.3645313902, -0.3694702112, -0.3984733642, -0.3668873964, -0.3177519923, -0.2521524023, -0.175662217, -0.1087057684, -0.04027006436, 0.01676406151, 0.0651422151, 0.1025925272, 0.1300948939, 0.1481746763, 0.1577106547, 0.1603813905, 0.1572855715, 0.1499225146, 0.1394838356], "AUX_ENDO_LEAD_112": [0, -0.3645313902, -0.3694702112, -0.3984733642, -0.3668873964, -0.3177519923, -0.2521524023, -0.175662217, -0.1087057684, -0.04027006436, 0.01676406151, 0.0651422151, 0.1025925272, 0.1300948939, 0.1481746763, 0.1577106547, 0.1603813905, 0.1572855715, 0.1499225146, 0.1394838356, 0.1271275983], "AUX_ENDO_LEAD_116": [0, -0.3694702112, -0.3984733642, -0.3668873964, -0.3177519923, -0.2521524023, -0.175662217, -0.1087057684, -0.04027006436, 0.01676406151, 0.0651422151, 0.1025925272, 0.1300948939, 0.1481746763, 0.1577106547, 0.1603813905, 0.1572855715, 0.1499225146, 0.1394838356, 0.1271275983, 0.1137929436], "AUX_ENDO_LEAD_143": [0, -0.021894643, -0.3645313902, -0.3694702112, -0.3984733642, -0.3668873964, -0.3177519923, -0.2521524023, -0.175662217, -0.1087057684, -0.04027006436, 0.01676406151, 0.0651422151, 0.1025925272, 0.1300948939, 0.1481746763, 0.1577106547, 0.1603813905, 0.1572855715, 0.1499225146, 0.1394838356], "AUX_ENDO_LEAD_147": [0, -0.3645313902, -0.3694702112, -0.3984733642, -0.3668873964, -0.3177519923, -0.2521524023, -0.175662217, -0.1087057684, -0.04027006436, 0.01676406151, 0.0651422151, 0.1025925272, 0.1300948939, 0.1481746763, 0.1577106547, 0.1603813905, 0.1572855715, 0.1499225146, 0.1394838356, 0.1271275983], "AUX_ENDO_LEAD_151": [0, -0.3694702112, -0.3984733642, -0.3668873964, -0.3177519923, -0.2521524023, -0.175662217, -0.1087057684, -0.04027006436, 0.01676406151, 0.0651422151, 0.1025925272, 0.1300948939, 0.1481746763, 0.1577106547, 0.1603813905, 0.1572855715, 0.1499225146, 0.1394838356, 0.1271275983, 0.1137929436], "AUX_ENDO_LAG_1_1": [0, 0, 0, -0.00620713129, -0.1059783119, -0.1438570528, -0.08593750264, -0.194631724, -0.167604283, -0.1798275964, -0.1776167522, -0.176206587, -0.1666975953, -0.1541019532, -0.1441264508, -0.1298779983, -0.1170815273, -0.1041747104, -0.09232142268, -0.08125336946, -0.07137104053], "AUX_ENDO_LAG_1_2": [0, 0, 4.440892099e-16, 0, -0.006207131291, -0.1059783119, -0.1438570528, -0.08593750264, -0.194631724, -0.167604283, -0.1798275964, -0.1776167522, -0.176206587, -0.1666975953, -0.1541019532, -0.1441264508, -0.1298779983, -0.1170815273, -0.1041747104, -0.09232142268, -0.08125336946], "AUX_ENDO_LAG_7_1": [0, 0, 0, -0.021894643, -0.3645313902, -0.3694702112, -0.3984733642, -0.3668873964, -0.3177519923, -0.2521524023, -0.175662217, -0.1087057684, -0.04027006436, 0.01676406151, 0.0651422151, 0.1025925272, 0.1300948939, 0.1481746763, 0.1577106547, 0.1603813905, 0.1572855715], "AUX_ENDO_LAG_7_2": [0, 0, 0, 0, -0.021894643, -0.3645313902, -0.3694702112, -0.3984733642, -0.3668873964, -0.3177519923, -0.2521524023, -0.175662217, -0.1087057684, -0.04027006436, 0.01676406151, 0.0651422151, 0.1025925272, 0.1300948939, 0.1481746763, 0.1577106547, 0.1603813905], "AUX_ENDO_LAG_7_3": [0, 0, 0, 0, 0, -0.021894643, -0.3645313902, -0.3694702112, -0.3984733642, -0.3668873964, -0.3177519923, -0.2521524023, -0.175662217, -0.1087057684, -0.04027006436, 0.01676406151, 0.0651422151, 0.1025925272, 0.1300948939, 0.1481746763, 0.1577106547], "AUX_ENDO_LAG_6_1": [0, 0, 0, -0.021894643, -0.3645313902, -0.3694702112, -0.3984733642, -0.3668873964, -0.3177519923, -0.2521524023, -0.175662217, -0.1087057684, -0.04027006436, 0.01676406151, 0.0651422151, 0.1025925272, 0.1300948939, 0.1481746763, 0.1577106547, 0.1603813905, 0.1572855715], "AUX_ENDO_LAG_6_2": [0, 0, 0, 0, -0.021894643, -0.3645313902, -0.3694702112, -0.3984733642, -0.3668873964, -0.3177519923, -0.2521524023, -0.175662217, -0.1087057684, -0.04027006436, 0.01676406151, 0.0651422151, 0.1025925272, 0.1300948939, 0.1481746763, 0.1577106547, 0.1603813905], "AUX_ENDO_LAG_6_3": [0, 0, 0, 0, 0, -0.021894643, -0.3645313902, -0.3694702112, -0.3984733642, -0.3668873964, -0.3177519923, -0.2521524023, -0.175662217, -0.1087057684, -0.04027006436, 0.01676406151, 0.0651422151, 0.1025925272, 0.1300948939, 0.1481746763, 0.1577106547], "AUX_ENDO_LAG_3_1": [0, 0, 1, 0.6553866893, 0.378232862, 0.1715503314, 0.01851588775, -0.1102846828, -0.200556212, -0.2596546564, -0.3063634331, -0.327683031, -0.3350288887, -0.3301737293, -0.3168324398, -0.2968325251, -0.2728574143, -0.2471143315, -0.2207145783, -0.195062896, -0.1709353837],