{"interest_": {"y": [0, 0, -0.021894643, -0.3661330373, -0.3895183348, -0.3142347509, -0.2672832952, -0.2206008486, -0.1655547847, -0.107763241, -0.06613082588, -0.02941337324, 0.003582603631, 0.02936690726, 0.04911497342, 0.06464064701, 0.07641273745, 0.08447488848, 0.0896629977, 0.09261639318, 0.09363502608], "pi": [0, 0, -0.006207131291, -0.1064323789, -0.1497333548, -0.06412091752, -0.1524644113, -0.1530409086, -0.1364597994, -0.1380120747, -0.1407152559, -0.1354342279, -0.1265659591, -0.1220274589, -0.115976412, -0.1083323062, -0.1012365768, -0.09453927316, -0.08770309387, -0.08094746858, -0.07460714662], "f": [0, 1, 0.7285391511, 0.123899103, -0.0480723977, -0.07632585168, -0.1376831614, -0.1817935319, -0.1937574332, -0.1994804065, -0.2092618049, -0.2112934694, -0.2082322387, -0.2052703631, -0.2011515215, -0.1948994899, -0.1876124933, -0.1799321269, -0.1716092045, -0.1627685681, -0.1537533372], "interest": [0, 1, 0.7285391511, 0.123899103, -0.0480723977, -0.07632585168, -0.1376831614, -0.1817935319, -0.1937574332, -0.1994804065, -0.2092618049, -0.2112934694, -0.2082322387, -0.2052703631, -0.2011515215, -0.1948994899, -0.1876124933, -0.1799321269, -0.1716092045, -0.1627685681, -0.1537533372], "inflation": [0, 0, -0.001551782823, -0.02815987754, -0.06559321623, -0.08162344561, -0.1181877656, -0.129839898, -0.1265215092, -0.1449942985, -0.1420570097, -0.1376553395, -0.1351818794, -0.1311857255, -0.1250010145, -0.1182255341, -0.1118931885, -0.105021142, -0.09795281251, -0.09110660309, -0.08444924556], "inflationq": [0, 0, -0.006207131291, -0.1064323789, -0.1497333548, -0.06412091752, -0.1524644113, -0.1530409086, -0.1364597994, -0.1380120747, -0.1407152559, -0.1354342279, -0.1265659591, -0.1220274589, -0.115976412, -0.1083323062, -0.1012365768, -0.09453927316, -0.08770309387, -0.08094746858, -0.07460714662], "outputgap": [0, 0, -0.021894643, -0.3661330373, -0.3895183348, -0.3142347509, -0.2672832952, -0.2206008486, -0.1655547847, -0.107763241, -0.06613082588, -0.02941337324, 0.003582603631, 0.02936690726, 0.04911497342, 0.06464064701, 0.07641273745, 0.08447488848, 0.0896629977, 0.09261639318, 0.09363502608], "output": [0, 0, -0.021894643, -0.3661330373, -0.3895183348, -0.3142347509, -0.2672832952, -0.2206008486, -0.1655547847, -0.107763241, -0.06613082588, -0.02941337324, 0.003582603631, 0.02936690726, 0.04911497342, 0.06464064701, 0.07641273745, 0.08447488848, 0.0896629977, 0.09261639318, 0.09363502608], "AUX_ENDO_LEAD_73": [0, -0.006207131291, -0.1064323789, -0.1497333548, -0.06412091752, -0.1524644113, -0.1530409086, -0.1364597994, -0.1380120747, -0.1407152559, -0.1354342279, -0.1265659591, -0.1220274589, -0.115976412, -0.1083323062, -0.1012365768, -0.09453927316, -0.08770309387, -0.08094746858, -0.07460714662, -0.06856732896], "AUX_ENDO_LEAD_77": [0, -0.1064323789, -0.1497333548, -0.06412091752, -0.1524644113, -0.1530409086, -0.1364597994, -0.1380120747, -0.1407152559, -0.1354342279, -0.1265659591, -0.1220274589, -0.115976412, -0.1083323062, -0.1012365768, -0.09453927316, -0.08770309387, -0.08094746858, -0.07460714662, -0.06856732896, -0.06278796138], "AUX_ENDO_LEAD_81": [0, -0.1497333548, -0.06412091752, -0.1524644113, -0.1530409086, -0.1364597994, -0.1380120747, -0.1407152559, -0.1354342279, -0.1265659591, -0.1220274589, -0.115976412, -0.1083323062, -0.1012365768, -0.09453927316, -0.08770309387, -0.08094746858, -0.07460714662, -0.06856732896, -0.06278796138, -0.05735574466], "AUX_ENDO_LEAD_108": [0, -0.021894643, -0.3661330373, -0.3895183348, -0.3142347509, -0.2672832952, -0.2206008486, -0.1655547847, -0.107763241, -0.06613082588, -0.02941337324, 0.003582603631, 0.02936690726, 0.04911497342, 0.06464064701, 0.07641273745, 0.08447488848, 0.0896629977, 0.09261639318, 0.09363502608, 0.09307860295], "AUX_ENDO_LEAD_112": [0, -0.3661330373, -0.3895183348, -0.3142347509, -0.2672832952, -0.2206008486, -0.1655547847, -0.107763241, -0.06613082588, -0.02941337324, 0.003582603631, 0.02936690726, 0.04911497342, 0.06464064701, 0.07641273745, 0.08447488848, 0.0896629977, 0.09261639318, 0.09363502608, 0.09307860295, 0.09132568569], "AUX_ENDO_LEAD_116": [0, -0.3895183348, -0.3142347509, -0.2672832952, -0.2206008486, -0.1655547847, -0.107763241, -0.06613082588, -0.02941337324, 0.003582603631, 0.02936690726, 0.04911497342, 0.06464064701, 0.07641273745, 0.08447488848, 0.0896629977, 0.09261639318, 0.09363502608, 0.09307860295, 0.09132568569, 0.08865371934], "AUX_ENDO_LEAD_143": [0, -0.021894643, -0.3661330373, -0.3895183348, -0.3142347509, -0.2672832952, -0.2206008486, -0.1655547847, -0.107763241, -0.06613082588, -0.02941337324, 0.003582603631, 0.02936690726, 0.04911497342, 0.06464064701, 0.07641273745, 0.08447488848, 0.0896629977, 0.09261639318, 0.09363502608, 0.09307860295], "AUX_ENDO_LEAD_147": [0, -0.3661330373, -0.3895183348, -0.3142347509, -0.2672832952, -0.2206008486, -0.1655547847, -0.107763241, -0.06613082588, -0.02941337324, 0.003582603631, 0.02936690726, 0.04911497342, 0.06464064701, 0.07641273745, 0.08447488848, 0.0896629977, 0.09261639318, 0.09363502608, 0.09307860295, 0.09132568569], "AUX_ENDO_LEAD_151": [0, -0.3895183348, -0.3142347509, -0.2672832952, -0.2206008486, -0.1655547847, -0.107763241, -0.06613082588, -0.02941337324, 0.003582603631, 0.02936690726, 0.04911497342, 0.06464064701, 0.07641273745, 0.08447488848, 0.0896629977, 0.09261639318, 0.09363502608, 0.09307860295, 0.09132568569, 0.08865371934], "AUX_ENDO_LAG_1_1": [0, 0, 2.220446049e-16, -0.006207131291, -0.1064323789, -0.1497333548, -0.06412091752, -0.1524644113, -0.1530409086, -0.1364597994, -0.1380120747, -0.1407152559, -0.1354342279, -0.1265659591, -0.1220274589, -0.115976412, -0.1083323062, -0.1012365768, -0.09453927316, -0.08770309387, -0.08094746858], "AUX_ENDO_LAG_1_2": [0, 0, 0, 4.440892099e-16, -0.006207131291, -0.1064323789, -0.1497333548, -0.06412091752, -0.1524644113, -0.1530409086, -0.1364597994, -0.1380120747, -0.1407152559, -0.1354342279, -0.1265659591, -0.1220274589, -0.115976412, -0.1083323062, -0.1012365768, -0.09453927316, -0.08770309387], "AUX_ENDO_LAG_7_1": [0, 0, 0, -0.021894643, -0.3661330373, -0.3895183348, -0.3142347509, -0.2672832952, -0.2206008486, -0.1655547847, -0.107763241, -0.06613082588, -0.02941337324, 0.003582603631, 0.02936690726, 0.04911497342, 0.06464064701, 0.07641273745, 0.08447488848, 0.0896629977, 0.09261639318], "AUX_ENDO_LAG_7_2": [0, 0, 0, 0, -0.021894643, -0.3661330373, -0.3895183348, -0.3142347509, -0.2672832952, -0.2206008486, -0.1655547847, -0.107763241, -0.06613082588, -0.02941337324, 0.003582603631, 0.02936690726, 0.04911497342, 0.06464064701, 0.07641273745, 0.08447488848, 0.0896629977], "AUX_ENDO_LAG_7_3": [0, 0, 0, 0, 0, -0.021894643, -0.3661330373, -0.3895183348, -0.3142347509, -0.2672832952, -0.2206008486, -0.1655547847, -0.107763241, -0.06613082588, -0.02941337324, 0.003582603631, 0.02936690726, 0.04911497342, 0.06464064701, 0.07641273745, 0.08447488848], "AUX_ENDO_LAG_6_1": [0, 0, -7.731614217e-18, -0.021894643, -0.3661330373, -0.3895183348, -0.3142347509, -0.2672832952, -0.2206008486, -0.1655547847, -0.107763241, -0.06613082588, -0.02941337324, 0.003582603631, 0.02936690726, 0.04911497342, 0.06464064701, 0.07641273745, 0.08447488848, 0.0896629977, 0.09261639318], "AUX_ENDO_LAG_6_2": [0, 0, 0, -7.731614217e-18, -0.021894643, -0.3661330373, -0.3895183348, -0.3142347509, -0.2672832952, -0.2206008486, -0.1655547847, -0.107763241, -0.06613082588, -0.02941337324, 0.003582603631, 0.02936690726, 0.04911497342, 0.06464064701, 0.07641273745, 0.08447488848, 0.0896629977], "AUX_ENDO_LAG_6_3": [0, 0, 0, 0, -7.731614217e-18, -0.021894643, -0.3661330373, -0.3895183348, -0.3142347509, -0.2672832952, -0.2206008486, -0.1655547847, -0.107763241, -0.06613082588, -0.02941337324, 0.003582603631, 0.02936690726, 0.04911497342, 0.06464064701, 0.07641273745, 0.08447488848],