{"interest_": {"y": [0, -4.152413253e-17, -0.021894643, -0.3498912813, -0.1223183041, -0.09594749983, -0.06319412612, -0.03533953118, -0.005584763259, 0.009752609493, 0.01093441652, 0.02599642678, 0.02261504586, 0.02386841157, 0.02295090091, 0.02178751966, 0.01950977975, 0.01771130916, 0.01645619521, 0.0146556865, 0.01359609966], "pi": [0, 0, -0.006207131291, -0.1018278411, -0.07202845771, 0.02639086982, -0.1206717275, -0.03331880063, -0.04302809588, -0.04472828991, -0.04704289574, -0.0367236088, -0.03562652792, -0.03936306223, -0.03256411706, -0.03371522408, -0.03244326687, -0.03163464714, -0.03039125746, -0.03000155242, -0.02932136123], "f": [0, 1, -0.01327499573, -0.2154587553, -0.1286829383, -0.10560096, -0.1321484967, -0.09253030909, -0.06677778945, -0.08577878797, -0.05757707255, -0.05132287048, -0.05023797296, -0.04759932972, -0.04262854305, -0.0420820894, -0.04202723646, -0.0400283161, -0.03984105072, -0.03934867821, -0.03870775701], "interest": [0, 1, -0.01327499573, -0.2154587553, -0.1286829383, -0.10560096, -0.1321484967, -0.09253030909, -0.06677778945, -0.08577878797, -0.05757707255, -0.05132287048, -0.05023797296, -0.04759932972, -0.04262854305, -0.0420820894, -0.04202723646, -0.0400283161, -0.03984105072, -0.03934867821, -0.03870775701], "inflation": [0, 0, -0.001551782823, -0.02700874309, -0.04501585752, -0.03841814006, -0.06703428912, -0.049907029, -0.04265693855, -0.06043672848, -0.04202952054, -0.04288072258, -0.04103033059, -0.03968902367, -0.036069329, -0.03531723282, -0.03452141756, -0.03258931379, -0.03204609889, -0.03111768097, -0.03033720456], "inflationq": [0, 0, -0.00620713129, -0.1018278411, -0.07202845771, 0.02639086982, -0.1206717275, -0.03331880063, -0.04302809588, -0.04472828991, -0.04704289574, -0.0367236088, -0.03562652792, -0.03936306223, -0.03256411706, -0.03371522408, -0.03244326687, -0.03163464714, -0.03039125746, -0.03000155242, -0.02932136123], "outputgap": [0, 0, -0.021894643, -0.3498912813, -0.1223183041, -0.09594749983, -0.06319412612, -0.03533953118, -0.005584763259, 0.009752609493, 0.01093441652, 0.02599642678, 0.02261504586, 0.02386841157, 0.02295090091, 0.02178751966, 0.01950977975, 0.01771130916, 0.01645619521, 0.0146556865, 0.01359609966], "output": [0, 0, -0.021894643, -0.3498912813, -0.1223183041, -0.09594749983, -0.06319412612, -0.03533953118, -0.005584763259, 0.009752609493, 0.01093441652, 0.02599642678, 0.02261504586, 0.02386841157, 0.02295090091, 0.02178751966, 0.01950977975, 0.01771130916, 0.01645619521, 0.0146556865, 0.01359609966], "AUX_ENDO_LEAD_73": [0, -0.006207131291, -0.1018278411, -0.07202845771, 0.02639086982, -0.1206717275, -0.03331880063, -0.04302809588, -0.04472828991, -0.04704289574, -0.0367236088, -0.03562652792, -0.03936306223, -0.03256411706, -0.03371522408, -0.03244326687, -0.03163464714, -0.03039125746, -0.03000155242, -0.02932136123, -0.02842609727], "AUX_ENDO_LEAD_77": [0, -0.1018278411, -0.07202845771, 0.02639086982, -0.1206717275, -0.03331880063, -0.04302809588, -0.04472828991, -0.04704289574, -0.0367236088, -0.03562652792, -0.03936306223, -0.03256411706, -0.03371522408, -0.03244326687, -0.03163464714, -0.03039125746, -0.03000155242, -0.02932136123, -0.02842609727, -0.0279617202], "AUX_ENDO_LEAD_81": [0, -0.07202845771, 0.02639086982, -0.1206717275, -0.03331880063, -0.04302809588, -0.04472828991, -0.04704289574, -0.0367236088, -0.03562652792, -0.03936306223, -0.03256411706, -0.03371522408, -0.03244326687, -0.03163464714, -0.03039125746, -0.03000155242, -0.02932136123, -0.02842609727, -0.0279617202, -0.02727495936], "AUX_ENDO_LEAD_108": [0, -0.021894643, -0.3498912813, -0.1223183041, -0.09594749983, -0.06319412612, -0.03533953118, -0.005584763259, 0.009752609493, 0.01093441652, 0.02599642678, 0.02261504586, 0.02386841157, 0.02295090091, 0.02178751966, 0.01950977975, 0.01771130916, 0.01645619521, 0.0146556865, 0.01359609966, 0.01256577596], "AUX_ENDO_LEAD_112": [0, -0.3498912813, -0.1223183041, -0.09594749983, -0.06319412612, -0.03533953118, -0.005584763259, 0.009752609493, 0.01093441652, 0.02599642678, 0.02261504586, 0.02386841157, 0.02295090091, 0.02178751966, 0.01950977975, 0.01771130916, 0.01645619521, 0.0146556865, 0.01359609966, 0.01256577596, 0.01176849352], "AUX_ENDO_LEAD_116": [0, -0.1223183041, -0.09594749983, -0.06319412612, -0.03533953118, -0.005584763259, 0.009752609493, 0.01093441652, 0.02599642678, 0.02261504586, 0.02386841157, 0.02295090091, 0.02178751966, 0.01950977975, 0.01771130916, 0.01645619521, 0.0146556865, 0.01359609966, 0.01256577596, 0.01176849352, 0.01108399846], "AUX_ENDO_LEAD_143": [0, -0.021894643, -0.3498912813, -0.1223183041, -0.09594749983, -0.06319412612, -0.03533953118, -0.005584763259, 0.009752609493, 0.01093441652, 0.02599642678, 0.02261504586, 0.02386841157, 0.02295090091, 0.02178751966, 0.01950977975, 0.01771130916, 0.01645619521, 0.0146556865, 0.01359609966, 0.01256577596], "AUX_ENDO_LEAD_147": [0, -0.3498912813, -0.1223183041, -0.09594749983, -0.06319412612, -0.03533953118, -0.005584763259, 0.009752609493, 0.01093441652, 0.02599642678, 0.02261504586, 0.02386841157, 0.02295090091, 0.02178751966, 0.01950977975, 0.01771130916, 0.01645619521, 0.0146556865, 0.01359609966, 0.01256577596, 0.01176849352], "AUX_ENDO_LEAD_151": [0, -0.1223183041, -0.09594749983, -0.06319412612, -0.03533953118, -0.005584763259, 0.009752609493, 0.01093441652, 0.02599642678, 0.02261504586, 0.02386841157, 0.02295090091, 0.02178751966, 0.01950977975, 0.01771130916, 0.01645619521, 0.0146556865, 0.01359609966, 0.01256577596, 0.01176849352, 0.01108399846], "AUX_ENDO_LAG_1_1": [0, 0, -8.881784197e-16, -0.00620713129, -0.1018278411, -0.07202845771, 0.02639086982, -0.1206717275, -0.03331880063, -0.04302809588, -0.04472828991, -0.04704289574, -0.0367236088, -0.03562652792, -0.03936306223, -0.03256411706, -0.03371522408, -0.03244326687, -0.03163464714, -0.03039125746, -0.03000155242], "AUX_ENDO_LAG_1_2": [0, 0, -8.881784197e-16, 0, -0.00620713129, -0.1018278411, -0.07202845771, 0.02639086982, -0.1206717275, -0.03331880063, -0.04302809588, -0.04472828991, -0.04704289574, -0.0367236088, -0.03562652792, -0.03936306223, -0.03256411706, -0.03371522408, -0.03244326687, -0.03163464714, -0.03039125746], "AUX_ENDO_LAG_7_1": [0, 0, 0, -0.021894643, -0.3498912813, -0.1223183041, -0.09594749983, -0.06319412612, -0.03533953118, -0.005584763259, 0.009752609493, 0.01093441652, 0.02599642678, 0.02261504586, 0.02386841157, 0.02295090091, 0.02178751966, 0.01950977975, 0.01771130916, 0.01645619521, 0.0146556865], "AUX_ENDO_LAG_7_2": [0, 0, 0, 0, -0.021894643, -0.3498912813, -0.1223183041, -0.09594749983, -0.06319412612, -0.03533953118, -0.005584763259, 0.009752609493, 0.01093441652, 0.02599642678, 0.02261504586, 0.02386841157, 0.02295090091, 0.02178751966, 0.01950977975, 0.01771130916, 0.01645619521], "AUX_ENDO_LAG_7_3": [0, 0, 0, 0, 0, -0.021894643, -0.3498912813, -0.1223183041, -0.09594749983, -0.06319412612, -0.03533953118, -0.005584763259, 0.009752609493, 0.01093441652, 0.02599642678, 0.02261504586, 0.02386841157, 0.02295090091, 0.02178751966, 0.01950977975, 0.01771130916], "AUX_ENDO_LAG_6_1": [0, 0, 0, -0.021894643, -0.3498912813, -0.1223183041, -0.09594749983, -0.06319412612, -0.03533953118, -0.005584763259, 0.009752609493, 0.01093441652, 0.02599642678, 0.02261504586, 0.02386841157, 0.02295090091, 0.02178751966, 0.01950977975, 0.01771130916, 0.01645619521, 0.0146556865], "AUX_ENDO_LAG_6_2": [0, 0, 0, 0, -0.021894643, -0.3498912813, -0.1223183041, -0.09594749983, -0.06319412612, -0.03533953118, -0.005584763259, 0.009752609493, 0.01093441652, 0.02599642678, 0.02261504586, 0.02386841157, 0.02295090091, 0.02178751966, 0.01950977975, 0.01771130916, 0.01645619521], "AUX_ENDO_LAG_6_3": [0, 0, 0, 0, 0, -0.021894643, -0.3498912813, -0.1223183041, -0.09594749983, -0.06319412612, -0.03533953118, -0.005584763259, 0.009752609493, 0.01093441652, 0.02599642678, 0.02261504586, 0.02386841157, 0.02295090091, 0.02178751966, 0.01950977975, 0.01771130916],