{"interest_": {"p": [0, -0.01912781857, -0.01553254658, -0.01209433033, -0.009170561475, -0.006831320698, -0.005026512958, -0.003666257497, -0.002657176363, -0.001916866376, -0.001378037937, -0.0009881181072, -0.0007071549088, -0.000505342367, -0.0003607258005, -0.0002572795788, -0.0001833824015, -0.0001306473016, -9.304302963e-05, -6.624390354e-05, -4.715367913e-05], "y": [0, -0.3509614381, -0.4401380832, -0.4164737187, -0.3523668634, -0.2811073418, -0.2164918593, -0.1629701363, -0.1207958649, -0.08856923874, -0.06443682499, -0.04661468861, -0.03358118838, -0.02411679194, -0.01727957222, -0.01235910593, -0.008828118272, -0.006299640005, -0.004491947603, -0.003201135819, -0.002280257193], "lambdda": [0, 0.9532358931, 0.6993823393, 0.5090622639, 0.3683917492, 0.2654571994, 0.1906782039, 0.1366396748, 0.09774123678, 0.0698223383, 0.04982747083, 0.03553106103, 0.02532171301, 0.01803784263, 0.012844848, 0.009144528676, 0.006508911318, 0.004632232606, 0.003296270157, 0.002345402842, 0.001668719253], "w": [0, -1.655158769, -1.579658506, -1.342009701, -1.073125476, -0.827671883, -0.6236619225, -0.4625799474, -0.3393329666, -0.2469608158, -0.1787011208, -0.1287604382, -0.09248408978, -0.06627142651, -0.04740399245, -0.03386274055, -0.02416514786, -0.01723151262, -0.01228016536, -0.008747674479, -0.006229233638], "R": [0, 0.2383210073, 0.178225745, 0.1314999532, 0.0961032291, 0.06975248255, 0.05037227161, 0.03624126165, 0.02600203211, 0.01861682953, 0.01330829169, 0.00950219311, 0.006778528011, 0.00483226883, 0.003443039746, 0.002452234957, 0.00174603141, 0.001242919419, 0.000884623412, 0.0006295299095, 0.0004479509486], "z": [0, 0, 6.940721591e-33, 4.799382261e-33, 3.086866882e-33, 2.298916409e-33, 1.988872865e-33, 1.872635983e-33, 1.82720994e-33, 1.806217253e-33, 1.793372524e-33, 1.783198493e-33, 1.77390497e-33, 1.764918473e-33, 1.756057904e-33, 1.747266615e-33, 1.738526934e-33, 1.729833285e-33, 1.721183812e-33, 1.712577801e-33, 1.704014884e-33], "lambddap": [0, 1.268248258e-16, 3.234033057e-17, 8.246784296e-18, 2.102929996e-18, 5.362471489e-19, 1.36743023e-19, 3.486947085e-20, 8.891715068e-21, 2.267387342e-21, 5.781837723e-22, 1.474368619e-22, 3.759639978e-23, 9.587081938e-24, 2.444705887e-24, 6.233999944e-25, 1.589669917e-25, 4.053657606e-26, 1.033682011e-26, 2.635882372e-27, 6.721432838e-28], "b": [0, 0, 0, 0, 0, 0, 0, 0, 0, 0, 0, 0, 0, 0, 0, 0, 0, 0, 0, 0, 0], "pit": [0, -7.552916725e-18, -7.515152142e-18, -7.477576381e-18, -7.440188499e-18, -7.402987557e-18, -7.365972619e-18, -7.329142756e-18, -7.292497042e-18, -7.256034557e-18, -7.219754384e-18, -7.183655612e-18, -7.147737334e-18, -7.111998647e-18, -7.076438654e-18, -7.041056461e-18, -7.005851178e-18, -6.970821923e-18, -6.935967813e-18, -6.901287974e-18, -6.866781534e-18], "ystar": [0, 0, 4.428378076e-33, 3.898059247e-33, 3.500437811e-33, 3.392849544e-33, 3.381817556e-33, 3.3841154e-33, 3.380418814e-33, 3.370397036e-33, 3.356690489e-33, 3.341239901e-33, 3.325070889e-33, 3.30865449e-33, 3.292190385e-33, 3.275758828e-33, 3.259390777e-33, 3.243097699e-33, 3.226883595e-33, 3.210749667e-33, 3.194696091e-33], "lambddastar": [0, 0, 0, 1.899132344e-33, 1.876823389e-33, 1.876846607e-33, 1.927669665e-33, 1.968772585e-33, 1.988520193e-33, 1.993139813e-33, 1.989669397e-33, 1.982438902e-33, 1.973614374e-33, 1.964167602e-33, 1.954505964e-33, 1.944792444e-33, 1.935090024e-33, 1.925422341e-33, 1.915798002e-33, 1.906219993e-33, 1.896689238e-33], "wstar": [0, 0, 0, 0, 0, 0, 0, 0, 0, 0, 0, 0, 0, 0, 0, 0, 0, 0, 0, 0, 0], "Rstar": [0, 0, 1.622619687e-34, 1.447725487e-33, 9.167762455e-34, 6.319551162e-34, 5.495923203e-34, 5.364252795e-34, 5.380617317e-34, 5.399169402e-34, 5.398621349e-34, 5.384344802e-34, 5.362965477e-34, 5.33842425e-34, 5.312627169e-34, 5.286406053e-34, 5.260101824e-34, 5.233848248e-34, 5.207696007e-34, 5.181663617e-34, 5.155757461e-34], "interest": [0, 0.953284029, 0.7129029802, 0.5259998129, 0.3844129164, 0.2790099302, 0.2014890864, 0.1449650466, 0.1040081284, 0.07446731813, 0.05323316678, 0.03800877244, 0.02711411204, 0.01932907532, 0.01377215898, 0.009808939829, 0.00698412564, 0.004971677676, 0.003538493648, 0.002518119638, 0.001791803794], "inflation": [0, -0.01912781857, -0.03466036515, -0.04675469549, -0.05592525696, -0.04362875909, -0.03312272547, -0.02469465263, -0.01818126752, -0.01326681319, -0.009618338172, -0.006940198783, -0.004990177329, -0.00357865332, -0.002561341183, -0.001830502655, -0.001306730148, -0.0009320350823, -0.0006643523115, -0.0004733166363, -0.0003370879139], "inflationq": [0, -0.07651127427, -0.06213018634, -0.04837732134, -0.0366822459, -0.02732528279, -0.02010605183, -0.01466502999, -0.01062870545, -0.007667465503, -0.005512151747, -0.003952472429, -0.002828619635, -0.002021369468, -0.001442903202, -0.001029118315, -0.000733529606, -0.0005225892065, -0.0003721721185, -0.0002649756142, -0.0001886147165], "outputgap": [0, -0.3509614381, -0.4401380832, -0.4164737187, -0.3523668634, -0.2811073418, -0.2164918593, -0.1629701363, -0.1207958649, -0.08856923874, -0.06443682499, -0.04661468861, -0.03358118838, -0.02411679194, -0.01727957222, -0.01235910593, -0.008828118272, -0.006299640005, -0.004491947603, -0.003201135819, -0.002280257193], "output": [0, -0.3509614381, -0.4401380832, -0.4164737187, -0.3523668634, -0.2811073418, -0.2164918593, -0.1629701363, -0.1207958649, -0.08856923874, -0.06443682499, -0.04661468861, -0.03358118838, -0.02411679194, -0.01727957222, -0.01235910593, -0.008828118272, -0.006299640005, -0.004491947603, -0.003201135819, -0.002280257193], "AUX_ENDO_LEAD_77": [0, -0.06213018634, -0.04837732134, -0.0366822459, -0.02732528279, -0.02010605183, -0.01466502999, -0.01062870545, -0.007667465503, -0.005512151747, -0.003952472429, -0.002828619635, -0.002021369468, -0.001442903202, -0.001029118315, -0.000733529606, -0.0005225892065, -0.0003721721185, -0.0002649756142, -0.0001886147165, -0.0001342378026], "AUX_ENDO_LEAD_81": [0, -0.04837732134, -0.0366822459, -0.02732528279, -0.02010605183, -0.01466502999, -0.01062870545, -0.007667465503, -0.005512151747, -0.003952472429, -0.002828619635, -0.002021369468, -0.001442903202, -0.001029118315, -0.000733529606, -0.0005225892065, -0.0003721721185, -0.0002649756142, -0.0001886147165, -0.0001342378026, -9.55257437e-05], "AUX_ENDO_LEAD_85": [0, -0.0366822459, -0.02732528279, -0.02010605183, -0.01466502999, -0.01062870545, -0.007667465503, -0.005512151747, -0.003952472429, -0.002828619635, -0.002021369468, -0.001442903202, -0.001029118315, -0.000733529606, -0.0005225892065, -0.0003721721185, -0.0002649756142, -0.0001886147165, -0.0001342378026, -9.55257437e-05, -6.797122636e-05], "AUX_ENDO_LEAD_112": [0, -0.4401380832, -0.4164737187, -0.3523668634, -0.2811073418, -0.2164918593, -0.1629701363, -0.1207958649, -0.08856923874, -0.06443682499, -0.04661468861, -0.03358118838, -0.02411679194, -0.01727957222, -0.01235910593, -0.008828118272, -0.006299640005, -0.004491947603, -0.003201135819, -0.002280257193, -0.001623750305], "AUX_ENDO_LEAD_116": [0, -0.4164737187, -0.3523668634, -0.2811073418, -0.2164918593, -0.1629701363, -0.1207958649, -0.08856923874, -0.06443682499, -0.04661468861, -0.03358118838, -0.02411679194, -0.01727957222, -0.01235910593, -0.008828118272, -0.006299640005, -0.004491947603, -0.003201135819, -0.002280257193, -0.001623750305, -0.00115596524], "AUX_ENDO_LEAD_120": [0, -0.3523668634, -0.2811073418, -0.2164918593, -0.1629701363, -0.1207958649, -0.08856923874, -0.06443682499, -0.04661468861, -0.03358118838, -0.02411679194, -0.01727957222, -0.01235910593, -0.008828118272, -0.006299640005, -0.004491947603, -0.003201135819, -0.002280257193, -0.001623750305, -0.00115596524, -0.0008227854474],