{"interest_": {"p": [0, -0.01156470816, -0.009340649745, -0.007343184835, -0.005688490795, -0.004371986776, -0.003345056615, -0.00255270502, -0.001945111777, -0.001480842266, -0.001126813202, -0.000857168386, -0.0006519363026, -0.0004957928975, -0.0003770247162, -0.0002866978187, -0.0002180068931, -0.0001657719191, -0.0001260517064, -9.584837523e-05, -7.28819136e-05], "y": [0, -0.212563111, -0.2573627884, -0.2386008818, -0.2004789575, -0.1608992718, -0.1261005666, -0.09755218327, -0.07491741542, -0.0572947104, -0.04371194417, -0.03330268655, -0.02535162504, -0.01928976573, -0.01467331887, -0.01115988957, -0.008486930935, -0.00645383177, -0.004907617654, -0.003731777041, -0.002837631008], "lambdda": [0, 0.5984553883, 0.4033592821, 0.2828800081, 0.2035984397, 0.1497059882, 0.1115663167, 0.08382648032, 0.06329337532, 0.04792886881, 0.03635628153, 0.02760565322, 0.02097355824, 0.01594026958, 0.01211731961, 0.009212309088, 0.007004227573, 0.005325610553, 0.004049381802, 0.003079030459, 0.00234122261], "w": [0, -1.02358161, -0.9180848589, -0.7600817717, -0.6045563547, -0.4715045319, -0.3637674499, -0.2789308469, -0.2131282062, -0.1625182896, -0.1237801699, -0.09421102631, -0.07167680831, -0.05451980104, -0.04146395736, -0.03153208822, -0.02397808944, -0.01823327409, -0.01386461711, -0.01054258454, -0.008016484625], "R": [0, 0.1857554565, 0.1131360892, 0.07359307763, 0.04952046468, 0.03479461488, 0.02518713139, 0.01858799323, 0.01388366424, 0.01044577408, 0.007893459926, 0.005980158682, 0.004537495764, 0.00344592525, 0.002618312703, 0.001990074622, 0.001512845101, 0.001150177045, 0.0008745029676, 0.0006649259353, 0.0005055850773], "z": [0, 0, 1.034702483e-33, 1.404046174e-33, 1.525396247e-33, 1.560265613e-33, 1.566200143e-33, 1.562732876e-33, 1.556287707e-33, 1.54893119e-33, 1.541317448e-33, 1.533650944e-33, 1.525994901e-33, 1.518368631e-33, 1.510777908e-33, 1.503224356e-33, 1.495708336e-33, 1.488229825e-33, 1.480788685e-33, 1.473384744e-33, 1.466017821e-33], "lambddap": [0, -6.218495765e-18, -1.58571642e-18, -4.043576871e-19, -1.031112102e-19, -2.62933586e-20, -6.704806444e-21, -1.709725643e-21, -4.35980039e-22, -1.111749099e-22, -2.834960203e-23, -7.229148509e-24, -1.843432863e-24, -4.700753728e-25, -1.198692129e-25, -3.056664213e-26, -7.79448663e-27, -1.987587013e-27, -5.068276455e-28, -1.292340421e-28, -3.294770829e-29], "b": [0, 0, 0, 0, 0, 0, 0, 0, 0, 0, 0, 0, 0, 0, 0, 0, 0, 0, 0, 0, 0], "pit": [0, 1.338800538e-17, 1.332106536e-17, 1.325446003e-17, 1.318818773e-17, 1.312224679e-17, 1.305663556e-17, 1.299135238e-17, 1.292639562e-17, 1.286176364e-17, 1.279745482e-17, 1.273346755e-17, 1.266980021e-17, 1.260645121e-17, 1.254341895e-17, 1.248070186e-17, 1.241829835e-17, 1.235620686e-17, 1.229442582e-17, 1.223295369e-17, 1.217178893e-17], "ystar": [0, 0, 4.337256108e-35, -2.613026028e-35, -7.941696216e-35, -1.0726612e-34, -1.196270705e-34, -1.244644263e-34, -1.260192513e-34, -1.262310418e-34, -1.259171707e-34, -1.254048477e-34, -1.248205061e-34, -1.24211752e-34, -1.235961584e-34, -1.229801079e-34, -1.223658846e-34, -1.217542915e-34, -1.211456021e-34, -1.205399024e-34, -1.199372127e-34], "lambddastar": [0, 0, 0, -1.327518804e-34, -2.37438718e-34, -2.923655619e-34, -3.16601792e-34, -3.258651569e-34, -3.285838501e-34, -3.286231042e-34, -3.276141488e-34, -3.262104997e-34, -3.24664786e-34, -3.230721522e-34, -3.2146772e-34, -3.198642416e-34, -3.182662748e-34, -3.166754159e-34, -3.150922029e-34, -3.135167987e-34, -3.119492342e-34], "wstar": [0, 0, 0, 0, 0, 0, 0, 0, 0, 0, 0, 0, 0, 0, 0, 0, 0, 0, 0, 0, 0], "Rstar": [0, 0, 4.400585179e-34, 5.216885513e-34, 5.079695291e-34, 4.876351171e-34, 4.744248075e-34, 4.668503573e-34, 4.62256703e-34, 4.590236081e-34, 4.563676331e-34, 4.539486167e-34, 4.516278517e-34, 4.493510512e-34, 4.470975603e-34, 4.44859667e-34, 4.42634517e-34, 4.40421045e-34, 4.382188352e-34, 4.360277046e-34, 4.338475535e-34], "interest": [0, 0.7430218259, 0.4525443567, 0.2943723105, 0.1980818587, 0.1391784595, 0.1007485256, 0.07435197291, 0.05553465696, 0.04178309631, 0.0315738397, 0.02392063473, 0.01814998306, 0.013783701, 0.01047325081, 0.007960298488, 0.006051380404, 0.00460070818, 0.00349801187, 0.002659703741, 0.002022340309], "inflation": [0, -0.01156470816, -0.02090535791, -0.02824854274, -0.03393703354, -0.02674431215, -0.02074871902, -0.01595823921, -0.01221486019, -0.009323715678, -0.007105472265, -0.005409935631, -0.004116760157, -0.003131710788, -0.002381922302, -0.001811451735, -0.001377522325, -0.001047501347, -0.0007965283373, -0.0006056788938, -0.0004605539144], "inflationq": [0, -0.04625883266, -0.03736259898, -0.02937273934, -0.02275396318, -0.01748794711, -0.01338022646, -0.01021082008, -0.007780447106, -0.005923369066, -0.004507252806, -0.003428673544, -0.00260774521, -0.00198317159, -0.001508098865, -0.001146791275, -0.0008720275722, -0.0006630876766, -0.0005042068255, -0.0003833935009, -0.0002915276544], "outputgap": [0, -0.212563111, -0.2573627884, -0.2386008818, -0.2004789575, -0.1608992718, -0.1261005666, -0.09755218327, -0.07491741542, -0.0572947104, -0.04371194417, -0.03330268655, -0.02535162504, -0.01928976573, -0.01467331887, -0.01115988957, -0.008486930935, -0.00645383177, -0.004907617654, -0.003731777041, -0.002837631008], "output": [0, -0.212563111, -0.2573627884, -0.2386008818, -0.2004789575, -0.1608992718, -0.1261005666, -0.09755218327, -0.07491741542, -0.0572947104, -0.04371194417, -0.03330268655, -0.02535162504, -0.01928976573, -0.01467331887, -0.01115988957, -0.008486930935, -0.00645383177, -0.004907617654, -0.003731777041, -0.002837631008], "AUX_ENDO_LEAD_77": [0, -0.03736259898, -0.02937273934, -0.02275396318, -0.01748794711, -0.01338022646, -0.01021082008, -0.007780447106, -0.005923369066, -0.004507252806, -0.003428673544, -0.00260774521, -0.00198317159, -0.001508098865, -0.001146791275, -0.0008720275722, -0.0006630876766, -0.0005042068255, -0.0003833935009, -0.0002915276544, -0.0002216737038], "AUX_ENDO_LEAD_81": [0, -0.02937273934, -0.02275396318, -0.01748794711, -0.01338022646, -0.01021082008, -0.007780447106, -0.005923369066, -0.004507252806, -0.003428673544, -0.00260774521, -0.00198317159, -0.001508098865, -0.001146791275, -0.0008720275722, -0.0006630876766, -0.0005042068255, -0.0003833935009, -0.0002915276544, -0.0002216737038, -0.0001685575659], "AUX_ENDO_LEAD_85": [0, -0.02275396318, -0.01748794711, -0.01338022646, -0.01021082008, -0.007780447106, -0.005923369066, -0.004507252806, -0.003428673544, -0.00260774521, -0.00198317159, -0.001508098865, -0.001146791275, -0.0008720275722, -0.0006630876766, -0.0005042068255, -0.0003833935009, -0.0002915276544, -0.0002216737038, -0.0001685575659, -0.0001281687423], "AUX_ENDO_LEAD_112": [0, -0.2573627884, -0.2386008818, -0.2004789575, -0.1608992718, -0.1261005666, -0.09755218327, -0.07491741542, -0.0572947104, -0.04371194417, -0.03330268655, -0.02535162504, -0.01928976573, -0.01467331887, -0.01115988957, -0.008486930935, -0.00645383177, -0.004907617654, -0.003731777041, -0.002837631008, -0.002157711563], "AUX_ENDO_LEAD_116": [0, -0.2386008818, -0.2004789575, -0.1608992718, -0.1261005666, -0.09755218327, -0.07491741542, -0.0572947104, -0.04371194417, -0.03330268655, -0.02535162504, -0.01928976573, -0.01467331887, -0.01115988957, -0.008486930935, -0.00645383177, -0.004907617654, -0.003731777041, -0.002837631008, -0.002157711563, -0.001640700242], "AUX_ENDO_LEAD_120": [0, -0.2004789575, -0.1608992718, -0.1261005666, -0.09755218327, -0.07491741542, -0.0572947104, -0.04371194417, -0.03330268655, -0.02535162504, -0.01928976573, -0.01467331887, -0.01115988957, -0.008486930935, -0.00645383177, -0.004907617654, -0.003731777041, -0.002837631008, -0.002157711563, -0.001640700242, -0.001247567788],