{"interest_": {"p": [0, -0.001033950219, -0.0002492578174, -0.0001279313226, -6.566062195e-05, -3.37002478e-05, -1.72966181e-05, -8.877471743e-06, -4.556353393e-06, -2.33854377e-06, -1.200255225e-06, -6.1602978e-07, -3.161766615e-07, -1.622773517e-07, -8.328868665e-08, -4.274783419e-08, -2.194028267e-08, -1.12608279e-08, -5.779608543e-09, -2.966378251e-09, -1.522490649e-09], "y": [0, -0.05574894348, -0.02861308885, -0.01468563891, -0.007537389317, -0.003868557443, -0.001985533195, -0.001019072904, -0.0005230381371, -0.0002684487948, -0.0001377810724, -7.071599606e-05, -3.629491345e-05, -1.862832762e-05, -9.560970306e-06, -4.907158339e-06, -2.518594054e-06, -1.292665851e-06, -6.634594404e-07, -3.405198867e-07, -1.747714874e-07], "lambdda": [0, 0.246113891, -0.001829913083, -0.0009392010389, -0.0004820439832, -0.0002474085868, -0.0001269822069, -6.517348927e-05, -3.345022745e-05, -1.71682954e-05, -8.81161025e-06, -4.522550048e-06, -2.321194238e-06, -1.191350595e-06, -6.114594876e-07, -3.138309635e-07, -1.610734246e-07, -8.267077223e-08, -4.243069021e-08, -2.177750882e-08, -1.117728436e-08], "w": [0, -0.357611778, -0.05539626462, -0.02843207678, -0.01459273465, -0.007489706299, -0.003844084182, -0.001972972318, -0.001012626047, -0.0005197292943, -0.0002667505346, -0.0001369094421, -7.026863266e-05, -3.606530464e-05, -1.851048113e-05, -9.500485715e-06, -4.876114683e-06, -2.502660929e-06, -1.284488191e-06, -6.592622646e-07, -3.383656905e-07], "R": [0, 0.2476945463, -0.001018643367, -0.0005228176776, -0.0002683356442, -0.000137722998, -7.068618941e-05, -3.627961522e-05, -1.862047581e-05, -9.556940377e-06, -4.905089982e-06, -2.517532472e-06, -1.292120995e-06, -6.631797936e-07, -3.403763583e-07, -1.746978216e-07, -8.966348025e-08, -4.601969056e-08, -2.361955964e-08, -1.212271511e-08, -6.22197128e-09], "z": [0, 0, -1.912030421e-33, -1.955369786e-33, -1.829985847e-33, -1.753014459e-33, -1.715567445e-33, -1.696293633e-33, -1.684080214e-33, -1.674409836e-33, -1.665630439e-33, -1.657172098e-33, -1.648845223e-33, -1.640588217e-33, -1.632381328e-33, -1.62421821e-33, -1.616096749e-33, -1.608016153e-33, -1.599976038e-33, -1.591976148e-33, -1.584016264e-33], "lambddap": [0, -1.11822711e-17, -2.85147913e-18, -7.271271781e-19, -1.854174304e-19, -4.728144476e-20, -1.205676841e-20, -3.074475945e-21, -7.839913661e-22, -1.999177984e-22, -5.097903859e-23, -1.299965485e-23, -3.314912e-24, -8.453025725e-25, -2.155521683e-25, -5.496581519e-26, -1.401629508e-26, -3.57416739e-27, -9.114247692e-28, -2.324253403e-28, -5.928042586e-29], "b": [0, 0, 0, 0, 0, 0, 0, 0, 0, 0, 0, 0, 0, 0, 0, 0, 0, 0, 0, 0, 0], "pit": [0, -1.88651178e-17, -1.877079221e-17, -1.867693825e-17, -1.858355356e-17, -1.849063579e-17, -1.839818261e-17, -1.83061917e-17, -1.821466074e-17, -1.812358744e-17, -1.80329695e-17, -1.794280465e-17, -1.785309063e-17, -1.776382518e-17, -1.767500605e-17, -1.758663102e-17, -1.749869787e-17, -1.741120438e-17, -1.732414835e-17, -1.723752761e-17, -1.715133997e-17], "ystar": [0, 7.984146954e-18, -3.994708444e-17, -1.347033596e-17, -4.542234712e-18, -1.532093254e-18, -5.16917812e-19, -1.744782098e-19, -5.893040126e-20, -1.992323927e-20, -6.745586284e-21, -2.288989881e-21, -7.793211127e-22, -2.666546958e-22, -9.191171223e-23, -3.202055208e-23, -1.132612633e-23, -4.090983792e-24, -1.519126175e-24, -5.83969324e-25, -2.337403654e-25], "lambddastar": [0, 1.596829391e-17, 5.374864605e-17, -2.889884485e-17, -1.008959044e-17, -3.580282845e-18, -1.298721548e-18, -4.84908852e-19, -1.876382509e-19, -7.565968336e-20, -3.187226372e-20, -1.40120562e-20, -6.400672417e-21, -3.01847649e-21, -1.459332924e-21, -7.186950646e-22, -3.586527357e-22, -1.806338756e-22, -9.154901973e-23, -4.659600048e-23, -2.378338752e-23], "wstar": [0, 0, 0, 0, 0, 0, 0, 0, 0, 0, 0, 0, 0, 0, 0, 0, 0, 0, 0, 0, 0], "Rstar": [0, -3.778035214e-17, 8.26474909e-17, -1.880925441e-17, -6.509307595e-18, -2.281561298e-18, -8.138126958e-19, -2.97270601e-19, -1.119785676e-19, -4.378741964e-20, -1.786020752e-20, -7.611383787e-21, -3.382195927e-21, -1.559143566e-21, -7.406378593e-22, -3.600423289e-22, -1.7801886e-22, -8.908485591e-23, -4.495301925e-23, -2.281261296e-23, -1.162107513e-23], "interest": [0, 0.9907781852, -0.004074573467, -0.00209127071, -0.001073342577, -0.0005508919919, -0.0002827447576, -0.0001451184609, -7.448190325e-05, -3.822776151e-05, -1.962035993e-05, -1.007012989e-05, -5.168483979e-06, -2.652719174e-06, -1.361505433e-06, -6.987912865e-07, -3.58653921e-07, -1.840787622e-07, -9.447823858e-08, -4.849086044e-08, -2.488788512e-08], "inflation": [0, -0.001033950219, -0.001283208036, -0.001411139359, -0.001476799981, -0.0004765500098, -0.0002445888105, -0.0001255349596, -6.443069103e-05, -3.3068987e-05, -1.697262413e-05, -8.711182167e-06, -4.471005436e-06, -2.294739018e-06, -1.17777248e-06, -6.044905341e-07, -3.102541552e-07, -1.592376314e-07, -8.17285533e-08, -4.194709737e-08, -2.152930535e-08], "inflationq": [0, -0.004135800874, -0.0009970312695, -0.0005117252906, -0.0002626424878, -0.0001348009912, -6.918647239e-05, -3.550988697e-05, -1.822541357e-05, -9.35417508e-06, -4.801020898e-06, -2.46411912e-06, -1.264706646e-06, -6.491094068e-07, -3.331547465e-07, -1.709913367e-07, -8.776113062e-08, -4.504331154e-08, -2.31184341e-08, -1.186551294e-08, -6.089962529e-09], "outputgap": [0, -0.05574894348, -0.02861308885, -0.01468563891, -0.007537389317, -0.003868557443, -0.001985533195, -0.001019072904, -0.0005230381371, -0.0002684487948, -0.0001377810724, -7.071599606e-05, -3.629491345e-05, -1.862832762e-05, -9.560970306e-06, -4.907158339e-06, -2.518594054e-06, -1.292665851e-06, -6.634594404e-07, -3.405198867e-07, -1.747714874e-07], "output": [0, -0.05574894348, -0.02861308885, -0.01468563891, -0.007537389317, -0.003868557443, -0.001985533195, -0.001019072904, -0.0005230381371, -0.0002684487948, -0.0001377810724, -7.071599606e-05, -3.629491345e-05, -1.862832762e-05, -9.560970306e-06, -4.907158339e-06, -2.518594054e-06, -1.292665851e-06, -6.634594404e-07, -3.405198867e-07, -1.747714874e-07], "AUX_ENDO_LEAD_77": [0, -0.0009970312695, -0.0005117252906, -0.0002626424878, -0.0001348009912, -6.918647239e-05, -3.550988697e-05, -1.822541357e-05, -9.35417508e-06, -4.801020898e-06, -2.46411912e-06, -1.264706646e-06, -6.491094068e-07, -3.331547465e-07, -1.709913367e-07, -8.776113062e-08, -4.504331154e-08, -2.31184341e-08, -1.186551294e-08, -6.089962529e-09, -3.125667125e-09], "AUX_ENDO_LEAD_81": [0, -0.0005117252906, -0.0002626424878, -0.0001348009912, -6.918647239e-05, -3.550988697e-05, -1.822541357e-05, -9.35417508e-06, -4.801020898e-06, -2.46411912e-06, -1.264706646e-06, -6.491094068e-07, -3.331547465e-07, -1.709913367e-07, -8.776113062e-08, -4.504331154e-08, -2.31184341e-08, -1.186551294e-08, -6.089962529e-09, -3.125667125e-09, -1.604245507e-09], "AUX_ENDO_LEAD_85": [0, -0.0002626424878, -0.0001348009912, -6.918647239e-05, -3.550988697e-05, -1.822541357e-05, -9.35417508e-06, -4.801020898e-06, -2.46411912e-06, -1.264706646e-06, -6.491094068e-07, -3.331547465e-07, -1.709913367e-07, -8.776113062e-08, -4.504331154e-08, -2.31184341e-08, -1.186551294e-08, -6.089962529e-09, -3.125667125e-09, -1.604245507e-09, -8.233774e-10], "AUX_ENDO_LEAD_112": [0, -0.02861308885, -0.01468563891, -0.007537389317, -0.003868557443, -0.001985533195, -0.001019072904, -0.0005230381371, -0.0002684487948, -0.0001377810724, -7.071599606e-05, -3.629491345e-05, -1.862832762e-05, -9.560970306e-06, -4.907158339e-06, -2.518594054e-06, -1.292665851e-06, -6.634594404e-07, -3.405198867e-07, -1.747714874e-07, -8.970128917e-08], "AUX_ENDO_LEAD_116": [0, -0.01468563891, -0.007537389317, -0.003868557443, -0.001985533195, -0.001019072904, -0.0005230381371, -0.0002684487948, -0.0001377810724, -7.071599606e-05, -3.629491345e-05, -1.862832762e-05, -9.560970306e-06, -4.907158339e-06, -2.518594054e-06, -1.292665851e-06, -6.634594404e-07, -3.405198867e-07, -1.747714874e-07, -8.970128917e-08, -4.603909595e-08],