{"interest_": {"pi": [0, -0.1573719305, -0.1078992845, -0.07397923864, -0.05072255829, -0.03477702619, -0.02384425375, -0.01634839143, -0.01120898583, -0.00768524315, -0.005269251223, -0.003612769032, -0.002477031275, -0.001698332742, -0.001164431848, -0.0007983721293, -0.000547389749, -0.000375308113, -0.0002573233787, -0.0001764292295, -0.000120965585], "p": [0, -0.1573719305, -0.265271215, -0.3392504537, -0.389973012, -0.4247500382, -0.4485942919, -0.4649426833, -0.4761516692, -0.4838369123, -0.4891061635, -0.4927189326, -0.4951959638, -0.4968942966, -0.4980587284, -0.4988571006, -0.4994044903, -0.4997797984, -0.5000371218, -0.500213551, -0.5003345166], "y": [0, -0.1685054627, -0.1155327943, -0.07921301975, -0.05431100787, -0.03723738327, -0.02553115412, -0.01750498487, -0.01200198369, -0.00822894813, -0.005642032939, -0.003868360231, -0.002652272866, -0.001818484044, -0.001246811466, -0.0008548542593, -0.0005861157238, -0.0004018598936, -0.0002755281381, -0.0001889110013, -0.0001295234913], "R": [0, 0.2142601054, 0.1469036568, 0.1007218976, 0.06905819005, 0.04734852825, 0.03246368209, 0.02225815023, 0.01526090756, 0.01046337172, 0.007174026008, 0.004918744219, 0.003372450095, 0.002312260841, 0.001585360805, 0.001086974634, 0.0007452649588, 0.0005109777556, 0.0003503428728, 0.0002402064027, 0.0001646932773], "v": [0, -5.313101765e-18, -1.717725801e-18, -5.553407514e-19, -1.795416649e-19, -5.804582027e-20, -1.876621369e-20, -6.067116887e-21, -1.96149889e-21, -6.34152591e-22, -2.050215327e-22, -6.628346151e-23, -2.142944311e-23, -6.928138956e-24, -2.239867325e-24, -7.24149106e-25, -2.34117406e-25, -7.569015735e-26, -2.447062787e-26, -7.911353991e-27, -2.557740745e-27], "m": [0, -2.639372028, -1.967010743, -1.506018103, -1.189946643, -0.9732378283, -0.8246552574, -0.722782242, -0.6529348084, -0.6050451493, -0.5722104503, -0.549697919, -0.5342625995, -0.5236796453, -0.5164236297, -0.5114486707, -0.508037678, -0.5056989911, -0.5040955117, -0.5029961144, -0.502242332], "inv": [0, 0, 0, 0, 0, 0, 0, 0, 0, 0, 0, 0, 0, 0, 0, 0, 0, 0, 0, 0, 0], "eta": [0, 0, 0, 0, 0, 0, 0, 0, 0, 0, 0, 0, 0, 0, 0, 0, 0, 0, 0, 0, 0], "ytilde": [0, -0.1685054627, -0.1155327943, -0.07921301975, -0.05431100787, -0.03723738327, -0.02553115412, -0.01750498487, -0.01200198369, -0.00822894813, -0.005642032939, -0.003868360231, -0.002652272866, -0.001818484044, -0.001246811466, -0.0008548542593, -0.0005861157238, -0.0004018598936, -0.0002755281381, -0.0001889110013, -0.0001295234913], "ybar": [0, 0, 0, 0, 0, 0, 0, 0, 0, 0, 0, 0, 0, 0, 0, 0, 0, 0, 0, 0, 0], "interest": [0, 0.8570404215, 0.5876146273, 0.4028875903, 0.2762327602, 0.189394113, 0.1298547284, 0.08903260091, 0.06104363025, 0.04185348688, 0.02869610403, 0.01967497688, 0.01348980038, 0.009249043364, 0.006341443219, 0.004347898536, 0.002981059835, 0.002043911022, 0.001401371491, 0.0009608256109, 0.0006587731093], "inflation": [0, -0.1573719305, -0.265271215, -0.3392504537, -0.389973012, -0.2673781076, -0.1833230769, -0.1256922297, -0.0861786572, -0.05908687416, -0.04051187163, -0.02777624923, -0.01904429468, -0.01305738427, -0.008952564897, -0.006138167994, -0.004208526468, -0.002885501839, -0.00197839337, -0.00135645047, -0.0009300263062], "inflationq": [0, -0.629487722, -0.4315971381, -0.2959169545, -0.2028902332, -0.1391081048, -0.09537701501, -0.06539356572, -0.0448359433, -0.0307409726, -0.02107700489, -0.01445107613, -0.0099081251, -0.00679333097, -0.004657727391, -0.003193488517, -0.002189558996, -0.001501232452, -0.001029293515, -0.0007057169182, -0.0004838623401], "outputgap": [0, -0.1685054627, -0.1155327943, -0.07921301975, -0.05431100787, -0.03723738327, -0.02553115412, -0.01750498487, -0.01200198369, -0.00822894813, -0.005642032939, -0.003868360231, -0.002652272866, -0.001818484044, -0.001246811466, -0.0008548542593, -0.0005861157238, -0.0004018598936, -0.0002755281381, -0.0001889110013, -0.0001295234913], "output": [0, -0.1685054627, -0.1155327943, -0.07921301975, -0.05431100787, -0.03723738327, -0.02553115412, -0.01750498487, -0.01200198369, -0.00822894813, -0.005642032939, -0.003868360231, -0.002652272866, -0.001818484044, -0.001246811466, -0.0008548542593, -0.0005861157238, -0.0004018598936, -0.0002755281381, -0.0001889110013, -0.0001295234913], "AUX_ENDO_LEAD_79": [0, -0.4315971381, -0.2959169545, -0.2028902332, -0.1391081048, -0.09537701501, -0.06539356572, -0.0448359433, -0.0307409726, -0.02107700489, -0.01445107613, -0.0099081251, -0.00679333097, -0.004657727391, -0.003193488517, -0.002189558996, -0.001501232452, -0.001029293515, -0.0007057169182, -0.0004838623401, -0.0003317516671], "AUX_ENDO_LEAD_83": [0, -0.2959169545, -0.2028902332, -0.1391081048, -0.09537701501, -0.06539356572, -0.0448359433, -0.0307409726, -0.02107700489, -0.01445107613, -0.0099081251, -0.00679333097, -0.004657727391, -0.003193488517, -0.002189558996, -0.001501232452, -0.001029293515, -0.0007057169182, -0.0004838623401, -0.0003317516671, -0.0002274596709], "AUX_ENDO_LEAD_87": [0, -0.2028902332, -0.1391081048, -0.09537701501, -0.06539356572, -0.0448359433, -0.0307409726, -0.02107700489, -0.01445107613, -0.0099081251, -0.00679333097, -0.004657727391, -0.003193488517, -0.002189558996, -0.001501232452, -0.001029293515, -0.0007057169182, -0.0004838623401, -0.0003317516671, -0.0002274596709, -0.0001559537058], "AUX_ENDO_LEAD_114": [0, -0.1155327943, -0.07921301975, -0.05431100787, -0.03723738327, -0.02553115412, -0.01750498487, -0.01200198369, -0.00822894813, -0.005642032939, -0.003868360231, -0.002652272866, -0.001818484044, -0.001246811466, -0.0008548542593, -0.0005861157238, -0.0004018598936, -0.0002755281381, -0.0001889110013, -0.0001295234913, -8.88054941e-05], "AUX_ENDO_LEAD_118": [0, -0.07921301975, -0.05431100787, -0.03723738327, -0.02553115412, -0.01750498487, -0.01200198369, -0.00822894813, -0.005642032939, -0.003868360231, -0.002652272866, -0.001818484044, -0.001246811466, -0.0008548542593, -0.0005861157238, -0.0004018598936, -0.0002755281381, -0.0001889110013, -0.0001295234913, -8.88054941e-05, -6.088791848e-05], "AUX_ENDO_LEAD_122": [0, -0.05431100787, -0.03723738327, -0.02553115412, -0.01750498487, -0.01200198369, -0.00822894813, -0.005642032939, -0.003868360231, -0.002652272866, -0.001818484044, -0.001246811466, -0.0008548542593, -0.0005861157238, -0.0004018598936, -0.0002755281381, -0.0001889110013, -0.0001295234913, -8.88054941e-05, -6.088791848e-05, -4.174672586e-05], "AUX_ENDO_LAG_0_1": [0, 0, -0.1573719305, -0.1078992845, -0.07397923864, -0.05072255829, -0.03477702619, -0.02384425375, -0.01634839143, -0.01120898583, -0.00768524315, -0.005269251223, -0.003612769032, -0.002477031275, -0.001698332742, -0.001164431848, -0.0007983721293, -0.000547389749, -0.000375308113, -0.0002573233787, -0.0001764292295], "AUX_ENDO_LAG_0_2": [0, 0, -4.149327478e-17, -0.1573719305, -0.1078992845, -0.07397923864, -0.05072255829, -0.03477702619, -0.02384425375, -0.01634839143, -0.01120898583, -0.00768524315, -0.005269251223, -0.003612769032, -0.002477031275, -0.001698332742, -0.001164431848, -0.0007983721293, -0.000547389749, -0.000375308113, -0.0002573233787], "AUX_ENDO_LAG_13_1": [0, 0, -0.1685054627, -0.1155327943, -0.07921301975, -0.05431100787, -0.03723738327, -0.02553115412, -0.01750498487, -0.01200198369, -0.00822894813, -0.005642032939, -0.003868360231, -0.002652272866, -0.001818484044, -0.001246811466, -0.0008548542593, -0.0005861157238, -0.0004018598936, -0.0002755281381, -0.0001889110013], "AUX_ENDO_LAG_13_2": [0, 0, 0, -0.1685054627, -0.1155327943, -0.07921301975, -0.05431100787, -0.03723738327, -0.02553115412, -0.01750498487, -0.01200198369, -0.00822894813, -0.005642032939, -0.003868360231, -0.002652272866, -0.001818484044, -0.001246811466, -0.0008548542593, -0.0005861157238, -0.0004018598936, -0.0002755281381],