{"interest_": {"pi": [0, -0.1754653417, -0.1227565589, -0.08588119237, -0.06008297452, -0.04203439342, -0.02940750261, -0.02057365741, -0.01439344867, -0.0100697392, -0.007044847275, -0.00492861554, -0.003448087687, -0.002412301913, -0.001687660248, -0.001180696784, -0.0008260222389, -0.0005778898938, -0.0004042950826, -0.0002828471575, -0.0001978814929], "p": [0, -0.1754653417, -0.2982219006, -0.384103093, -0.4441860675, -0.4862204609, -0.5156279635, -0.5362016209, -0.5505950696, -0.5606648088, -0.5677096561, -0.5726382716, -0.5760863593, -0.5784986612, -0.5801863215, -0.5813670182, -0.5821930405, -0.5827709304, -0.5831752255, -0.5834580726, -0.5836559541], "y": [0, -0.1797878277, -0.125780595, -0.08799682531, -0.06156308345, -0.04306988611, -0.03013193924, -0.02108047743, -0.01474802286, -0.01031780134, -0.007218392967, -0.005050029102, -0.00353302931, -0.00247172756, -0.001729234771, -0.001209782559, -0.0008463708136, -0.0005921258733, -0.0004142546555, -0.0002898149318, -0.0002027561877], "R": [0, 0.2056946529, 0.1439051584, 0.1006768738, 0.07043411805, 0.04927611277, 0.03447385099, 0.02411810378, 0.01687316367, 0.01180456203, 0.008258539272, 0.005777721419, 0.004042127027, 0.002827895241, 0.001978411722, 0.001384108183, 0.0009683300195, 0.0006774492329, 0.000473947367, 0.000331576295, 0.0002319726768], "v": [0, 9.260323334e-18, 2.993862534e-18, 9.679157572e-19, 3.129271643e-19, 1.011693522e-19, 3.270805157e-20, 1.057451307e-20, 3.418740076e-21, 1.105278667e-21, 3.57336593e-22, 1.155269205e-22, 3.73498534e-23, 1.20752076e-23, 3.903914618e-24, 1.262135596e-24, 4.080484382e-25, 1.319220601e-25, 4.265040202e-26, 1.378887497e-26, 4.457943279e-27], "m": [0, -2.574899238, -1.97687961, -1.55850165, -1.265802031, -1.061027699, -0.9177664024, -0.8175399782, -0.7474209972, -0.6983653561, -0.6640457484, -0.6400355541, -0.6232378845, -0.6114861385, -0.6032645497, -0.597512679, -0.5934886373, -0.5906733947, -0.5887038348, -0.5873259194, -0.5863619219], "inv": [0, 0, 0, 0, 0, 0, 0, 0, 0, 0, 0, 0, 0, 0, 0, 0, 0, 0, 0, 0, 0], "eta": [0, 0, 0, 0, 0, 0, 0, 0, 0, 0, 0, 0, 0, 0, 0, 0, 0, 0, 0, 0, 0], "ytilde": [0, -0.1797878277, -0.125780595, -0.08799682531, -0.06156308345, -0.04306988611, -0.03013193924, -0.02108047743, -0.01474802286, -0.01031780134, -0.007218392967, -0.005050029102, -0.00353302931, -0.00247172756, -0.001729234771, -0.001209782559, -0.0008463708136, -0.0005921258733, -0.0004142546555, -0.0002898149318, -0.0002027561877], "ybar": [0, 0, 0, 0, 0, 0, 0, 0, 0, 0, 0, 0, 0, 0, 0, 0, 0, 0, 0, 0, 0], "interest": [0, 0.8227786116, 0.5756206335, 0.4027074951, 0.2817364722, 0.1971044511, 0.1378954039, 0.09647241513, 0.06749265468, 0.04721824814, 0.03303415709, 0.02311088568, 0.01616850811, 0.01131158096, 0.00791364689, 0.005536432731, 0.003873320078, 0.002709796932, 0.001895789468, 0.00132630518, 0.0009278907074], "inflation": [0, -0.1754653417, -0.2982219006, -0.384103093, -0.4441860675, -0.3107551192, -0.2174060629, -0.152098528, -0.1064090021, -0.0744443479, -0.05208169256, -0.03643665069, -0.02549128971, -0.01783385242, -0.01247666539, -0.008728746632, -0.006106681184, -0.004272269164, -0.002988903999, -0.002091054373, -0.001462913627], "inflationq": [0, -0.7018613666, -0.4910262357, -0.3435247695, -0.2403318981, -0.1681375737, -0.1176300104, -0.08229462965, -0.05757379468, -0.04027895682, -0.0281793891, -0.01971446216, -0.01379235075, -0.009649207652, -0.00675064099, -0.004722787137, -0.003304088956, -0.002311559575, -0.00161718033, -0.00113138863, -0.0007915259717], "outputgap": [0, -0.1797878277, -0.125780595, -0.08799682531, -0.06156308345, -0.04306988611, -0.03013193924, -0.02108047743, -0.01474802286, -0.01031780134, -0.007218392967, -0.005050029102, -0.00353302931, -0.00247172756, -0.001729234771, -0.001209782559, -0.0008463708136, -0.0005921258733, -0.0004142546555, -0.0002898149318, -0.0002027561877], "output": [0, -0.1797878277, -0.125780595, -0.08799682531, -0.06156308345, -0.04306988611, -0.03013193924, -0.02108047743, -0.01474802286, -0.01031780134, -0.007218392967, -0.005050029102, -0.00353302931, -0.00247172756, -0.001729234771, -0.001209782559, -0.0008463708136, -0.0005921258733, -0.0004142546555, -0.0002898149318, -0.0002027561877], "AUX_ENDO_LEAD_79": [0, -0.4910262357, -0.3435247695, -0.2403318981, -0.1681375737, -0.1176300104, -0.08229462965, -0.05757379468, -0.04027895682, -0.0281793891, -0.01971446216, -0.01379235075, -0.009649207652, -0.00675064099, -0.004722787137, -0.003304088956, -0.002311559575, -0.00161718033, -0.00113138863, -0.0007915259717, -0.0005537561074], "AUX_ENDO_LEAD_83": [0, -0.3435247695, -0.2403318981, -0.1681375737, -0.1176300104, -0.08229462965, -0.05757379468, -0.04027895682, -0.0281793891, -0.01971446216, -0.01379235075, -0.009649207652, -0.00675064099, -0.004722787137, -0.003304088956, -0.002311559575, -0.00161718033, -0.00113138863, -0.0007915259717, -0.0005537561074, -0.0003874109473], "AUX_ENDO_LEAD_87": [0, -0.2403318981, -0.1681375737, -0.1176300104, -0.08229462965, -0.05757379468, -0.04027895682, -0.0281793891, -0.01971446216, -0.01379235075, -0.009649207652, -0.00675064099, -0.004722787137, -0.003304088956, -0.002311559575, -0.00161718033, -0.00113138863, -0.0007915259717, -0.0005537561074, -0.0003874109473, -0.0002710349197], "AUX_ENDO_LEAD_114": [0, -0.125780595, -0.08799682531, -0.06156308345, -0.04306988611, -0.03013193924, -0.02108047743, -0.01474802286, -0.01031780134, -0.007218392967, -0.005050029102, -0.00353302931, -0.00247172756, -0.001729234771, -0.001209782559, -0.0008463708136, -0.0005921258733, -0.0004142546555, -0.0002898149318, -0.0002027561877, -0.0001418493913], "AUX_ENDO_LEAD_118": [0, -0.08799682531, -0.06156308345, -0.04306988611, -0.03013193924, -0.02108047743, -0.01474802286, -0.01031780134, -0.007218392967, -0.005050029102, -0.00353302931, -0.00247172756, -0.001729234771, -0.001209782559, -0.0008463708136, -0.0005921258733, -0.0004142546555, -0.0002898149318, -0.0002027561877, -0.0001418493913, -9.923864735e-05], "AUX_ENDO_LEAD_122": [0, -0.06156308345, -0.04306988611, -0.03013193924, -0.02108047743, -0.01474802286, -0.01031780134, -0.007218392967, -0.005050029102, -0.00353302931, -0.00247172756, -0.001729234771, -0.001209782559, -0.0008463708136, -0.0005921258733, -0.0004142546555, -0.0002898149318, -0.0002027561877, -0.0001418493913, -9.923864735e-05, -6.94279266e-05], "AUX_ENDO_LAG_0_1": [0, 0, -0.1754653417, -0.1227565589, -0.08588119237, -0.06008297452, -0.04203439342, -0.02940750261, -0.02057365741, -0.01439344867, -0.0100697392, -0.007044847275, -0.00492861554, -0.003448087687, -0.002412301913, -0.001687660248, -0.001180696784, -0.0008260222389, -0.0005778898938, -0.0004042950826, -0.0002828471575], "AUX_ENDO_LAG_0_2": [0, 0, -1.179234763e-17, -0.1754653417, -0.1227565589, -0.08588119237, -0.06008297452, -0.04203439342, -0.02940750261, -0.02057365741, -0.01439344867, -0.0100697392, -0.007044847275, -0.00492861554, -0.003448087687, -0.002412301913, -0.001687660248, -0.001180696784, -0.0008260222389, -0.0005778898938, -0.0004042950826], "AUX_ENDO_LAG_13_1": [0, 0, -0.1797878277, -0.125780595, -0.08799682531, -0.06156308345, -0.04306988611, -0.03013193924, -0.02108047743, -0.01474802286, -0.01031780134, -0.007218392967, -0.005050029102, -0.00353302931, -0.00247172756, -0.001729234771, -0.001209782559, -0.0008463708136, -0.0005921258733, -0.0004142546555, -0.0002898149318], "AUX_ENDO_LAG_13_2": [0, 0, 0, -0.1797878277, -0.125780595, -0.08799682531, -0.06156308345, -0.04306988611, -0.03013193924, -0.02108047743, -0.01474802286, -0.01031780134, -0.007218392967, -0.005050029102, -0.00353302931, -0.00247172756, -0.001729234771, -0.001209782559, -0.0008463708136, -0.0005921258733, -0.0004142546555],