{"interest_": {"c_t": [0, -0.7587858991, 0.2002240629, 0.1520026365, 0.1153947292, 0.08760337209, 0.06650521089, 0.05048827425, 0.03832881368, 0.02909780499, 0.02208996767, 0.0167698791, 0.01273106639, 0.009664950502, 0.007337269742, 0.005570181375, 0.004228673831, 0.003210251366, 0.002437103036, 0.001850157677, 0.001404570664], "r_t": [0, -0.0538614123, -0.04088957421, -0.03104183881, -0.0235658056, -0.01789028018, -0.01358163308, -0.01031066899, -0.007827475123, -0.005942327006, -0.004511192906, -0.003424729305, -0.002599926684, -0.001973767314, -0.001498410487, -0.001137537324, -0.0008635758855, -0.0006555945852, -0.0004977029434, -0.0003778375013, -0.0002868401308], "pi_t": [0, 1.54989758, -1.012871374, 0.007331852106, 0.005566068508, 0.004225551495, 0.003207881005, 0.002435303547, 0.001848791572, 0.001403533568, 0.001065510307, 0.0008088956624, 0.0006140834004, 0.0004661892011, 0.0003539134441, 0.0002686778794, 0.0002039702194, 0.0001548465788, 0.000117553744, 8.924241558e-05, 6.774951154e-05], "z_t": [0, 4.089697644, 3.104745831, 2.357007172, 1.789351886, 1.358409176, 1.031253553, 0.782889213, 0.5943402745, 0.4512009567, 0.3425349284, 0.2600397348, 0.1974124625, 0.1498681744, 0.1137743252, 0.08637322185, 0.06557132674, 0.04977930426, 0.03779059012, 0.02868920574, 0.02177977437], "zbar_t": [0, -1.54989758, 4.465605243, 3.390120852, 2.573653238, 1.953821494, 1.483268365, 1.12604199, 0.854849057, 0.6489695026, 0.492673428, 0.3740192809, 0.2839414803, 0.2155577757, 0.1636434191, 0.1242319769, 0.09431228074, 0.07159836398, 0.05435480601, 0.0412641403, 0.03132619541], "fo_t": [0, 0.6393420844, 0.4853646514, 0.3684707304, 0.2797292279, 0.2123599908, 0.1612157801, 0.122389004, 0.0929131645, 0.07053620714, 0.05354845618, 0.0406519896, 0.03086147345, 0.02342887895, 0.01778633057, 0.01350271842, 0.01025075993, 0.007781994395, 0.005907799735, 0.004484981091, 0.003404830273], "CapG_t": [0, -0.2690826524, -0.204277508, -0.1550798608, -0.117730843, -0.08937686253, -0.06785157865, -0.05151038641, -0.03910476309, -0.02968687682, -0.02253716902, -0.01710937767, -0.01298880104, -0.009860613031, -0.007485809433, -0.005682947165, -0.00431428141, -0.003275241445, -0.002486441079, -0.001887613278, -0.001433005558], "co_t": [0, -0.3158162327, -0.2397558982, -0.1820137306, -0.1381780319, -0.1048996052, -0.07963586564, -0.06045657733, -0.04589637738, -0.03484281693, -0.02645136635, -0.02008089021, -0.01524466247, -0.01157317884, -0.008785925487, -0.006669946755, -0.005063574666, -0.003844076923, -0.002918279746, -0.002215449078, -0.001681886264], "ho_t": [0, -11.74345984, -8.915196467, -6.768084459, -5.138077148, -3.900636427, -2.961217611, -2.248045903, -1.706632557, -1.295611748, -0.9835800896, -0.7466972986, -0.5668647237, -0.4303425439, -0.3266999997, -0.2480184479, -0.1882863501, -0.1429399705, -0.1085146913, -0.08238030408, -0.06254005257], "omeg_t": [0, -0.758785899, -0.576041938, -0.4373095425, -0.3319890851, -0.2520337242, -0.1913345979, -0.1452540865, -0.1102714818, -0.08371399389, -0.0635525401, -0.04824671678, -0.0366271069, -0.0278059327, -0.02110922644, -0.01602533696, -0.01216583778, -0.009235850036, -0.007011512682, -0.005322878771, -0.004040930923], "n_t": [0, -0.7911116806, 0.1756835359, 0.1333723842, 0.1012513369, 0.07686623646, 0.05835397821, 0.0443001626, 0.03363103024, 0.02553142311, 0.01938250364, 0.01471447344, 0.01117067912, 0.008480362719, 0.006437974904, 0.004887470294, 0.003710385055, 0.002816785869, 0.002138398715, 0.001623392503, 0.001232419006], "y_t": [0, -0.7911116769, 0.175683535, 0.1333723836, 0.1012513364, 0.0768662361, 0.05835397794, 0.04430016239, 0.03363103008, 0.02553142299, 0.01938250355, 0.01471447337, 0.01117067907, 0.008480362678, 0.006437974874, 0.00488747027, 0.003710385038, 0.002816785856, 0.002138398704, 0.001623392495, 0.001232419], "ni_t": [0, 0.7587858991, -0.2002240629, -0.1520026365, -0.1153947292, -0.08760337209, -0.06650521089, -0.05048827425, -0.03832881368, -0.02909780499, -0.02208996767, -0.0167698791, -0.01273106639, -0.009664950502, -0.007337269742, -0.005570181375, -0.004228673831, -0.003210251366, -0.002437103036, -0.001850157677, -0.001404570664], "rl_t": [0, -0.08660204357, -0.06574503965, -0.04991118062, -0.03789070573, -0.02876520978, -0.0218374738, -0.01657819517, -0.01258554711, -0.009554477693, -0.007253402909, -0.005506512805, -0.004180339028, -0.003173557388, -0.002409246337, -0.001829009911, -0.001388516069, -0.001054109583, -0.0008002406576, -0.0006075128437, -0.0004612010797], "del_t": [0, -0.03274063141, -0.02485546555, -0.01886934188, -0.01432490019, -0.01087492964, -0.008255840752, -0.006267526206, -0.004758072003, -0.003612150702, -0.002742210014, -0.002081783508, -0.001580412351, -0.001199790079, -0.0009108358539, -0.0006914725896, -0.0005249401855, -0.000398514999, -0.0003025377154, -0.0002296753434, -0.0001743609496], "lagz_t": [0, 0, 4.089697644, 3.104745831, 2.357007172, 1.789351886, 1.358409176, 1.031253553, 0.782889213, 0.5943402745, 0.4512009567, 0.3425349284, 0.2600397348, 0.1974124625, 0.1498681744, 0.1137743252, 0.08637322185, 0.06557132674, 0.04977930426, 0.03779059012, 0.02868920574], "dumnum_t": [0, -0.9402881845, -0.7138316998, -0.5419143876, -0.4114011798, -0.312320423, -0.2371020099, -0.1799989977, -0.1366485218, -0.1037384583, -0.07875436619, -0.05978737584, -0.04538834458, -0.0344571374, -0.02615857283, -0.01985861231, -0.01507591738, -0.01144507387, -0.008688672969, -0.006596116273, -0.005007525319], "dumden_t": [0, 0.2397558982, 0.1820137306, 0.1381780319, 0.1048996052, 0.07963586564, 0.06045657733, 0.04589637738, 0.03484281693, 0.02645136635, 0.02008089021, 0.01524466247, 0.01157317884, 0.008785925487, 0.006669946755, 0.005063574666, 0.003844076923, 0.002918279746, 0.002215449078, 0.001681886264, 0.001276825286], "a_t": [0, 6.312505248e-18, 5.681254723e-18, 5.113129251e-18, 4.601816325e-18, 4.141634693e-18, 3.727471224e-18, 3.354724101e-18, 3.019251691e-18, 2.717326522e-18, 2.44559387e-18, 2.201034483e-18, 1.980931035e-18, 1.782837931e-18, 1.604554138e-18, 1.444098724e-18, 1.299688852e-18, 1.169719967e-18, 1.05274797e-18, 9.474731729e-19, 8.527258557e-19], "mu_t": [0, 0, 8.881784197e-16, 0, -4.440892099e-16, -4.440892099e-16, -8.881784197e-16, -8.881784197e-16, -8.881784197e-16, -8.881784197e-16, -8.881784197e-16, -8.881784197e-16, -8.881784197e-16, -8.881784197e-16, -8.881784197e-16, -8.881784197e-16, -4.440892099e-16, -4.440892099e-16, -4.440892099e-16, -4.440892099e-16, -4.440892099e-16], "gam_t": [0, 0, 0, 0, 0, 0, 0, 0, 0, 0, 0, 0, 0, 0, 0, 0, 0, 0, 0, 0, 0], "std_t": [0, 4.440892099e-16, 4.440892099e-16, 4.440892099e-16, 0, 0, 0, 0, 0, 0, 0, 0, 0, 0, 0, 0, 0, 0, 0, 0, 0], "pol_t": [0, 0, 0, 0, 0, 0, 0, 0, 0, 0, 0, 0, 0, 0, 0, 0, 0, 0, 0, 0, 0], "Util": [0, 0.01852826169, 0.02760456604, 0.02095635638, 0.01590928371, 0.01207773449, 0.009168965305, 0.006960736291, 0.00528433123, 0.004011667068, 0.00304550793, 0.002312035968, 0.001755211426, 0.001332491013, 0.001011577451, 0.0007679518505, 0.0005830003863, 0.0004425921368, 0.0003359994335, 0.000255078231, 0.0001936458739], "Welf": [0, 0.1285336412, 0.111116545, 0.08435553427, 0.06403957362, 0.04861645445, 0.03690779794, 0.02801902287, 0.02127099654, 0.01614814678, 0.01225907042, 0.009306628773, 0.007065245258, 0.005363670538, 0.00407189851, 0.003091233393, 0.002346749033, 0.001781564289, 0.001352497124, 0.001026765343, 0.0007794819317], "interest": [0, -0.2154456492, -0.1635582968, -0.1241673552, -0.0942632224, -0.07156112072, -0.05432653232, -0.04124267597, -0.03130990049, -0.02376930803, -0.01804477163, -0.01369891722, -0.01039970673, -0.007895069255, -0.005993641949, -0.004550149295, -0.003454303542, -0.002622378341, -0.001990811774, -0.001511350005, -0.001147360523],