{"interest_": {"c_t": [0, -0.5973218963, 0.1717004483, 0.1126173693, 0.08599780054, 0.06527205477, 0.04955251069, 0.03761840391, 0.02855848756, 0.02168053712, 0.01645905404, 0.01249509909, 0.009485812554, 0.007201274606, 0.00546693872, 0.004150295692, 0.00315074948, 0.002391931328, 0.001815864928, 0.001378536833, 0.001046533677], "r_t": [0, -0.0564826826, -0.02514834484, -0.01959458406, -0.01486121291, -0.01128248234, -0.00856522773, -0.006502401316, -0.004936380212, -0.003747515488, -0.002844973793, -0.002159797847, -0.001639637859, -0.001244751824, -0.0009449690945, -0.0007173852429, -0.0005446120828, -0.0004134491526, -0.0003138751547, -0.0002382822946, -0.0001808950184], "pi_t": [0, 1.220090887, -0.8255050272, 0.03393473415, 0.007024984676, 0.005864532843, 0.004437061742, 0.003368879049, 0.002557515025, 0.00194157023, 0.001473967594, 0.001118981146, 0.0008494886934, 0.0006449000885, 0.0004895840608, 0.0003716739335, 0.0002821609687, 0.000214206069, 0.0001626172472, 0.0001234529405, 9.372086159e-05], "z_t": [0, 3.219440248, 2.444078793, 1.855453336, 1.408590873, 1.069349581, 0.8118102632, 0.6162960315, 0.4678689291, 0.3551886166, 0.2696459318, 0.2047051204, 0.1554044819, 0.1179772785, 0.08956394347, 0.06799360076, 0.05161820221, 0.03918661123, 0.02974901167, 0.02258433856, 0.01714518634], "zbar_t": [0, -1.220090887, 3.543522661, 2.65464766, 2.016315155, 1.530682631, 1.162037893, 0.8821757448, 0.6697148778, 0.508422522, 0.3859753897, 0.2930181001, 0.2224483976, 0.1688745153, 0.1282032247, 0.09732709994, 0.07388709921, 0.05609232611, 0.04258319899, 0.03232757424, 0.02454188696], "fo_t": [0, 0.5032948375, 0.3820826594, 0.2900628845, 0.2202049084, 0.167171342, 0.1269102392, 0.09634551363, 0.07314191555, 0.05552661051, 0.04215372884, 0.03200153653, 0.02429437131, 0.01844337933, 0.01400152475, 0.01062943465, 0.008069469785, 0.006126040074, 0.004650660823, 0.003530608, 0.002680305729], "CapG_t": [0, -0.2118238497, -0.1608087621, -0.1220800061, -0.09267858111, -0.07035811733, -0.05341325487, -0.04054934817, -0.03078355066, -0.02336972192, -0.01774142005, -0.01346862348, -0.01022487591, -0.007762343899, -0.005892881573, -0.004473655597, -0.003396232243, -0.002578292673, -0.001957343501, -0.001485942081, -0.00112807173], "co_t": [0, -0.2486128694, -0.1887376131, -0.1432825467, -0.108774758, -0.08257773363, -0.06268993118, -0.04759185435, -0.03612995832, -0.02742851494, -0.02082270411, -0.01580781926, -0.01200070597, -0.009110487762, -0.006916342041, -0.00525062856, -0.003986081097, -0.003026083893, -0.00229728987, -0.001744016668, -0.001323992317], "ho_t": [0, -9.244538393, -7.018108573, -5.327885908, -4.044731991, -3.070609461, -2.331092019, -1.769677997, -1.343473439, -1.019914858, -0.7742812673, -0.5878054195, -0.4462399206, -0.3387686811, -0.25718053, -0.195241853, -0.1482203227, -0.1125233331, -0.08542351188, -0.06485033974, -0.04923195584], "omeg_t": [0, -0.5973218961, -0.4534644935, -0.344253307, -0.2613442532, -0.1984027961, -0.1506199926, -0.1143450729, -0.08680650868, -0.06590025926, -0.05002901552, -0.03798016005, -0.02883311899, -0.02188902705, -0.01661733181, -0.01261525767, -0.009577032454, -0.007270525347, -0.005519511297, -0.004190206828, -0.003181048524], "n_t": [0, -0.6227689902, 0.1523819643, 0.09795149778, 0.07486401865, 0.0568197034, 0.04313580121, 0.03274707773, 0.02486035867, 0.01887305578, 0.01432771906, 0.01087706919, 0.008257464679, 0.006268758776, 0.004759007531, 0.003612860774, 0.002742748963, 0.002082192574, 0.001580722834, 0.001200025737, 0.0009110147201], "y_t": [0, -0.6227689879, 0.1523819638, 0.09795149742, 0.07486401837, 0.05681970319, 0.04313580105, 0.03274707761, 0.02486035858, 0.01887305571, 0.01432771901, 0.01087706915, 0.008257464648, 0.006268758753, 0.004759007514, 0.00361286076, 0.002742748953, 0.002082192566, 0.001580722828, 0.001200025733, 0.0009110147168], "ni_t": [0, 0.5973218963, -0.1717004483, -0.1126173693, -0.08599780054, -0.06527205478, -0.04955251069, -0.03761840391, -0.02855848756, -0.02168053712, -0.01645905404, -0.01249509909, -0.009485812554, -0.007201274606, -0.00546693872, -0.004150295692, -0.00315074948, -0.002391931328, -0.001815864928, -0.001378536833, -0.001046533677], "rl_t": [0, -0.08225634715, -0.0447147484, -0.03444866686, -0.02613787779, -0.01984330514, -0.01506428466, -0.01143624261, -0.008681968247, -0.006591026031, -0.005003660794, -0.003798592394, -0.002883749472, -0.002189234894, -0.001661985366, -0.001261717216, -0.0009578485868, -0.0007271628724, -0.000552034894, -0.0004190842736, -0.0003181531281], "del_t": [0, -0.02577366474, -0.01956640371, -0.01485408291, -0.01127666496, -0.008560822867, -0.006499056983, -0.004933841329, -0.003745588063, -0.002843510563, -0.002158687018, -0.001638794559, -0.001244111622, -0.0009444830771, -0.0007170162767, -0.0005443319774, -0.000413236507, -0.0003137137222, -0.000238159741, -0.0001808019804, -0.0001372581107], "lagz_t": [0, 0, 3.219440248, 2.444078793, 1.855453336, 1.408590873, 1.069349581, 0.8118102632, 0.6162960315, 0.4678689291, 0.3551886166, 0.2696459318, 0.2047051204, 0.1554044819, 0.1179772785, 0.08956394347, 0.06799360076, 0.05161820221, 0.03918661123, 0.02974901167, 0.02258433856], "dumnum_t": [0, -0.7402018043, -0.5619335639, -0.4265989741, -0.3238580081, -0.245860904, -0.1866484157, -0.141696506, -0.1075706952, -0.08166365412, -0.06199599615, -0.04706504479, -0.03573002418, -0.02712489988, -0.0205922109, -0.01563283742, -0.0118678663, -0.00900964084, -0.006839782825, -0.005192507662, -0.003941957882], "dumden_t": [0, 0.1887376131, 0.1432825467, 0.108774758, 0.08257773363, 0.06268993118, 0.04759185435, 0.03612995832, 0.02742851494, 0.02082270411, 0.01580781926, 0.01200070597, 0.009110487762, 0.006916342041, 0.00525062856, 0.003986081097, 0.003026083893, 0.00229728987, 0.001744016668, 0.001323992317, 0.001005125518], "a_t": [0, -1.211476332e-17, -1.090328699e-17, -9.812958291e-18, -8.831662462e-18, -7.948496216e-18, -7.153646594e-18, -6.438281935e-18, -5.794453741e-18, -5.215008367e-18, -4.69350753e-18, -4.224156777e-18, -3.8017411e-18, -3.42156699e-18, -3.079410291e-18, -2.771469262e-18, -2.494322335e-18, -2.244890102e-18, -2.020401092e-18, -1.818360983e-18, -1.636524884e-18], "mu_t": [0, 0, 1.287858709e-14, 2.042810365e-14, 2.531308496e-14, 2.753353101e-14, 2.886579864e-14, 2.886579864e-14, 2.797762022e-14, 2.70894418e-14, 2.575717417e-14, 2.398081733e-14, 2.220446049e-14, 2.087219286e-14, 1.909583602e-14, 1.731947918e-14, 1.598721155e-14, 1.465494393e-14, 1.33226763e-14, 1.199040867e-14, 1.110223025e-14], "gam_t": [0, 0, 0, 0, 0, 0, 0, 0, 0, 0, 0, 0, 0, 0, 0, 0, 0, 0, 0, 0, 0], "std_t": [0, 4.440892099e-16, 4.440892099e-16, 4.440892099e-16, 4.440892099e-16, 4.440892099e-16, 4.440892099e-16, 4.440892099e-16, 4.440892099e-16, 0, 0, 0, 0, 0, 0, 0, 0, 0, 0, 0, 0], "pol_t": [0, 0, 0, 0, 0, 0, 0, 0, 0, 0, 0, 0, 0, 0, 0, 0, 0, 0, 0, 0, 0], "Util": [0, 0.02257825511, 0.02002044455, 0.01511709347, 0.01147864941, 0.008714096208, 0.006615418243, 0.005022178398, 0.003812650268, 0.002894421685, 0.00219733684, 0.00166813606, 0.001266386594, 0.0009613934038, 0.0007298539651, 0.0005540778711, 0.0004206352255, 0.0003193305529, 0.0002424238291, 0.0001840391168, 0.0001397156238], "Welf": [0, 0.1020471321, 0.08027159297, 0.06085974588, 0.0462046994, 0.03507681818, 0.02662901209, 0.02021575136, 0.0153470434, 0.01165090215, 0.008844929765, 0.006714740328, 0.005097580069, 0.003869892399, 0.002937877773, 0.002230327078, 0.001693181018, 0.00128539979, 0.0009758275122, 0.0007408118011, 0.0005623966509], "interest": [0, -0.2259307304, -0.1005933794, -0.07837833623, -0.05944485166, -0.04512992936, -0.03426091092, -0.02600960526, -0.01974552085, -0.01499006195, -0.01137989517, -0.008639191387, -0.006558551436, -0.004979007295, -0.003779876378, -0.002869540972, -0.002178448331, -0.00165379661, -0.001255500619, -0.0009531291783, -0.0007235800738],