{"interest_": {"c_t": [0, 0.6251374427, -0.2109697895, -0.1381272138, -0.06899658331, 0.003528040341, -0.07149025371, -0.04706398759, -0.02727200415, -0.01599694642, -0.0205619, -0.01431415823, -0.009554964741, -0.006973039016, -0.006257389358, -0.004541796454, -0.003270593172, -0.002484477909, -0.001995393014, -0.00148290296, -0.001103614345], "r_t": [0, 0.09038662717, 0.04658498715, -0.0004988512082, -0.05628637479, 0.0314380994, 0.0166578901, 0.004188832216, -0.001526934331, 0.007258425165, 0.004214657714, 0.001887801702, 0.00115241561, 0.001838589774, 0.001187209085, 0.0007239159118, 0.0005511357852, 0.0005276719856, 0.0003686640518, 0.0002577258415, 0.0002000032038], "pi_t": [0, -1.276906983, 0.9264938626, -0.0262575868, -0.06962948175, -0.1288110005, 0.1064563946, -0.007768375422, -0.01560315107, -0.01280199212, 0.01182337901, -0.002033083911, -0.002871391714, -0.001429510073, 0.001122940182, -0.0005283837772, -0.0005472873443, -0.0002349794583, 3.858710952e-05, -0.0001438259891, -0.0001215627641], "z_t": [0, -3.369360744, -2.557892654, -1.941856429, -1.474184767, -1.119145939, -0.8496137381, -0.6449949718, -0.4896560578, -0.371728565, -0.2822024229, -0.2142375243, -0.1626411154, -0.1234710516, -0.09373460424, -0.07115980561, -0.05402186285, -0.04101137772, -0.03113430403, -0.02363599912, -0.01794356648], "zbar_t": [0, 1.276906983, -3.771082216, -2.818798252, -2.068197339, -1.45828273, -1.255410926, -0.9386435412, -0.6956686388, -0.5187117323, -0.4106217793, -0.3091373622, -0.2320619052, -0.175611253, -0.1352449329, -0.1022557355, -0.07727399212, -0.05866665637, -0.04475607185, -0.03391328619, -0.02570139819], "fo_t": [0, -0.526731821, -0.3998750998, -0.3035702194, -0.230459156, -0.174955971, -0.1328200297, -0.1008319987, -0.07654788202, -0.05811228889, -0.04411667621, -0.0334917305, -0.02542566911, -0.019302217, -0.0146535212, -0.01112440521, -0.008445232354, -0.006411304529, -0.004867222599, -0.00369501335, -0.002805115932], "CapG_t": [0, 0.221688033, 0.1682972639, 0.127764988, 0.09699440006, 0.0736345205, 0.05590057397, 0.04243762493, 0.03221705755, 0.02445798507, 0.01856758749, 0.01409581795, 0.01070101776, 0.008123812436, 0.006167294551, 0.00468197935, 0.003554383604, 0.002698355089, 0.002048490258, 0.001555137185, 0.001180601985], "co_t": [0, 0.2601902329, 0.1975266942, 0.1499548782, 0.1138401348, 0.08642317218, 0.06560924001, 0.04980808106, 0.03781243217, 0.0287057842, 0.02179235771, 0.01654394288, 0.01255954264, 0.009534735014, 0.007238414201, 0.005495133325, 0.004171699688, 0.00316699837, 0.002404266709, 0.001825229359, 0.001385645861], "ho_t": [0, 9.675034979, 7.344924728, 5.575992134, 4.233084668, 3.213599543, 2.439644582, 1.852086917, 1.406035114, 1.067409268, 0.8103371934, 0.6151776884, 0.4670198917, 0.3545440339, 0.2691565698, 0.2043336006, 0.1551224269, 0.1177631445, 0.08940137469, 0.06787017982, 0.05152450199], "omeg_t": [0, 0.6251374397, 0.4745809653, 0.3602841182, 0.2735142268, 0.2076417703, 0.157633866, 0.1196697352, 0.09084878692, 0.068969001, 0.05235868598, 0.03974875604, 0.03017576887, 0.02290831507, 0.01739113598, 0.01320269996, 0.01002299599, 0.00760908367, 0.005776531723, 0.004385326827, 0.003329176104], "n_t": [0, 0.65176954, -0.1907516827, -0.1227783839, -0.05734432646, 0.01237399672, -0.06477473291, -0.04196581553, -0.02340166279, -0.01305872812, -0.01833131439, -0.01262078108, -0.008269416179, -0.005997098637, -0.005516491905, -0.003979334823, -0.002843593343, -0.00216031561, -0.001749301118, -0.001296079198, -0.0009617847332], "y_t": [0, 0.6517695263, -0.1907516787, -0.1227783813, -0.05734432525, 0.01237399646, -0.06477473154, -0.04196581464, -0.02340166229, -0.01305872784, -0.018331314, -0.01262078082, -0.008269416005, -0.00599709851, -0.005516491788, -0.003979334739, -0.002843593283, -0.002160315564, -0.001749301082, -0.001296079171, -0.0009617847129], "ni_t": [0, -0.6251374427, 0.2109697895, 0.1381272138, 0.06899658331, -0.003528040341, 0.07149025371, 0.04706398759, 0.02727200415, 0.01599694642, 0.0205619, 0.01431415823, 0.009554964741, 0.006973039016, 0.006257389358, 0.004541796454, 0.003270593172, 0.002484477909, 0.001995393014, 0.00148290296, 0.001103614345], "rl_t": [0, 0.1173605152, 0.06706255417, 0.01504695192, -0.04448458227, 0.04039757853, 0.02345959158, 0.009352429616, 0.002393075703, 0.01023435013, 0.006473868643, 0.003602910145, 0.002454461792, 0.002827054531, 0.001937614558, 0.001293595681, 0.0009836153581, 0.0008559943009, 0.0006179140736, 0.0004469471356, 0.0003436529328], "del_t": [0, 0.02697388832, 0.02047756722, 0.01554580328, 0.01180179264, 0.008959479216, 0.006801701547, 0.005163597451, 0.003920010073, 0.002975924991, 0.002259210952, 0.00171510846, 0.001302046194, 0.0009884647664, 0.0007504054805, 0.0005696797744, 0.0004324795772, 0.0003283223186, 0.0002492500243, 0.000189221296, 0.0001436497305], "lagz_t": [0, 0, -3.369360744, -2.557892654, -1.941856429, -1.474184767, -1.119145939, -0.8496137381, -0.6449949718, -0.4896560578, -0.371728565, -0.2822024229, -0.2142375243, -0.1626411154, -0.1234710516, -0.09373460424, -0.07115980561, -0.05402186285, -0.04101137772, -0.03113430403, -0.02363599912], "dumnum_t": [0, 0.7746712177, 0.5881014137, 0.4464645964, 0.3389392218, 0.2573099805, 0.1953401132, 0.1482949076, 0.1125799472, 0.08546648516, 0.06488295886, 0.04925671556, 0.03739385612, 0.02838801694, 0.02155112068, 0.01636080475, 0.01242051103, 0.009429187413, 0.007158286407, 0.005434303301, 0.004125519809], "dumden_t": [0, -0.1975266942, -0.1499548782, -0.1138401348, -0.08642317218, -0.06560924001, -0.04980808106, -0.03781243217, -0.0287057842, -0.02179235771, -0.01654394288, -0.01255954264, -0.009534735014, -0.007238414201, -0.005495133325, -0.004171699688, -0.00316699837, -0.002404266709, -0.001825229359, -0.001385645861, -0.001051930511], "a_t": [0, -2.687798839e-17, -2.419018955e-17, -2.17711706e-17, -1.959405354e-17, -1.763464818e-17, -1.587118337e-17, -1.428406503e-17, -1.285565853e-17, -1.157009267e-17, -1.041308341e-17, -9.371775065e-18, -8.434597559e-18, -7.591137803e-18, -6.832024023e-18, -6.14882162e-18, -5.533939458e-18, -4.980545512e-18, -4.482490961e-18, -4.034241865e-18, -3.630817679e-18], "mu_t": [0, 0, -6.217248938e-15, -1.154631946e-14, -1.421085472e-14, -1.598721155e-14, -1.643130076e-14, -1.643130076e-14, -1.598721155e-14, -1.554312234e-14, -1.465494393e-14, -1.376676551e-14, -1.287858709e-14, -1.199040867e-14, -1.065814104e-14, -9.769962617e-15, -9.325873407e-15, -8.437694987e-15, -7.549516567e-15, -6.661338148e-15, -6.217248938e-15], "gam_t": [0, 0, 0, 0, 0, 0, 0, 0, 0, 0, 0, 0, 0, 0, 0, 0, 0, 0, 0, 0, 0], "std_t": [0, -4.440892099e-16, -4.440892099e-16, -4.440892099e-16, -4.440892099e-16, 0, 0, 0, 0, 0, 0, 0, 0, 0, 0, 0, 0, 0, 0, 0, 0], "pol_t": [0, 0, 0, 0, 0, 0, 0, 0, 0, 0, 0, 0, 0, 0, 0, 0, 0, 0, 0, 0, 0], "Util": [0, -0.0282675907, -0.01973945118, -0.01504074064, -0.01150836202, -0.008877006602, -0.006552980759, -0.004992866719, -0.003811619281, -0.002905449872, -0.002184586622, -0.00166170766, -0.001264798013, -0.0009608917853, -0.0007270548522, -0.0005524762367, -0.0004198643649, -0.0003187413925, -0.0002417023524, -0.0001835714942, -0.0001394161934], "Welf": [0, -0.10746459, -0.07999696899, -0.06086617961, -0.04628832219, -0.0351312729, -0.0265194609, -0.02016816176, -0.01532858085, -0.01163329451, -0.008816004689, -0.006698402088, -0.005087570129, -0.003861385975, -0.002929792111, -0.00222498713, -0.001689404943, -0.00128236422, -0.0009733563916, -0.0007390444841, -0.0005610838282], "interest": [0, 0.3615465087, 0.1863399486, -0.001995404833, -0.2251454992, 0.1257523976, 0.06663156039, 0.01675532886, -0.006107737325, 0.02903370066, 0.01685863086, 0.00755120681, 0.004609662442, 0.007354359096, 0.004748836338, 0.002895663647, 0.002204543141, 0.002110687942, 0.001474656207, 0.001030903366, 0.000800012815],