{"interest_": {"y": [0, -0.8662464749, -0.5622638301, -0.3707186251, -0.2478386703, -0.1676772871, -0.1145861244, -0.0789539834, -0.05476699675, -0.03819296339, -0.02674738552, -0.01879387621, -0.01323945594, -0.009345237291, -0.006606612144, -0.004676071452, -0.003312665768, -0.00234842061, -0.001665731039, -0.001181979902, -0.0008389764669], "yg": [0, -0.8662464749, -0.5622638301, -0.3707186251, -0.2478386703, -0.1676772871, -0.1145861244, -0.0789539834, -0.05476699675, -0.0381929634, -0.02674738552, -0.01879387621, -0.01323945594, -0.009345237291, -0.006606612144, -0.004676071452, -0.003312665768, -0.00234842061, -0.001665731039, -0.001181979902, -0.0008389764669], "R": [0, 0.2021146815, 0.1328327245, 0.08855402946, 0.05976862172, 0.04076286118, 0.0280413202, 0.01942554356, 0.01353269273, 0.009469459362, 0.006649381409, 0.004681859318, 0.003303475342, 0.00233469712, 0.00165209035, 0.001170184494, 0.0008294581897, 0.0005882732401, 0.0004173980432, 0.0002962540085, 0.0002103229952], "pi": [0, -0.1789408916, -0.1018679633, -0.0587124805, -0.03432592533, -0.02039276147, -0.01232830152, -0.007590820846, -0.004761443092, -0.003041340623, -0.001976118512, -0.001304127901, -0.0008725609488, -0.0005907433118, -0.000403928027, -0.0002784503424, -0.00019322119, -0.0001347869676, -9.441633136e-05, -6.63530937e-05, -4.674942663e-05], "phi": [0, -1.343318348, -0.5414357191, -0.161358688, 0.006124648502, 0.06966007716, 0.08481037754, 0.07935620479, 0.066710584, 0.05298307564, 0.04066489878, 0.03052585392, 0.02257200462, 0.01651516886, 0.01199242343, 0.008660377368, 0.006228796561, 0.004466455875, 0.003195542649, 0.002282405498, 0.001628128815], "n": [0, 0.1789408916, -10.03137299, -12.62070748, -11.93770437, -10.08822099, -8.036438285, -6.179704185, -4.644755047, -3.437505093, -2.516660551, -1.828279434, -1.320731454, -0.9501385224, -0.6814344585, -0.4876006377, -0.3483024335, -0.2484767096, -0.1770882919, -0.1261166875, -0.08976597779], "del": [0, -1.761137639, 8.841574639, 11.73985286, 11.29265627, 9.619529559, 7.697816183, 5.936074974, 4.470012953, 3.312461647, 2.427336044, 1.764553976, 1.275313552, 0.9177927667, 0.6584114424, 0.4712203659, 0.3366520884, 0.2401925349, 0.1711987948, 0.1219302439, 0.08679044206], "S": [0, 0, 0, 0, 0, 0, 0, 0, 0, 0, 0, 0, 0, 0, 0, 0, 0, 0, 0, 0, 0], "z": [0, -0.07809160793, -0.04374260762, -0.02472981442, -0.01413709148, -0.008187742957, -0.004813388887, -0.002876992184, -0.001750515875, -0.001084983296, -0.0006850318905, -0.0004402925613, -0.0002877250702, -0.0001908545651, -0.000128262188, -8.716136432e-05, -5.978209205e-05, -4.131479955e-05, -2.87267686e-05, -2.007116134e-05, -1.407717505e-05], "yf": [0, -4.9591156e-15, -5.500318808e-15, 4.036837195e-16, 5.754213525e-15, 9.80783883e-15, 1.25589657e-14, 1.424227932e-14, 1.512927875e-14, 1.545571797e-14, 1.540420922e-14, 1.510779798e-14, 1.465975197e-14, 1.412368286e-14, 1.354202545e-14, 1.294251302e-14, 1.234287614e-14, 1.175414566e-14, 1.118292461e-14, 1.063292683e-14, 1.010600599e-14], "ygf": [0, -5.004829571e-15, -7.02138961e-15, -3.005209447e-15, -4.204721861e-16, 1.022413323e-15, 1.687908739e-15, 1.877147095e-15, 1.802886758e-15, 1.602132222e-15, 1.356769839e-15, 1.112004733e-15, 8.901342791e-16, 6.999458227e-16, 5.427597109e-16, 4.161350708e-16, 3.160397673e-16, 2.38053562e-16, 1.779849453e-16, 1.321457818e-16, 9.743537623e-17], "Rf": [0, -3.663234872e-15, 1.540049879e-15, 3.394710461e-15, 3.283065015e-15, 2.538403792e-15, 1.713200724e-15, 1.006127755e-15, 4.640178188e-16, 7.48682901e-17, -1.911392645e-16, -3.648783488e-16, -4.724510238e-16, -5.340083027e-16, -5.643335934e-16, -5.739261577e-16, -5.700756954e-16, -5.577573154e-16, -5.403184848e-16, -5.199823898e-16, -4.982060664e-16], "phif": [0, 1.500848292e-14, 1.736869027e-14, 1.525108568e-14, 1.048428721e-14, 6.077775087e-15, 2.835884126e-15, 7.396379577e-16, -4.71748858e-16, -1.076773374e-15, -1.300327486e-15, -1.302961652e-15, -1.190750936e-15, -1.029507466e-15, -8.575016362e-16, -6.951846181e-16, -5.520309021e-16, -4.31100043e-16, -3.319509584e-16, -2.524311303e-16, -1.897279096e-16], "nf": [0, 1.497721984e-30, 1.051148381e-13, 2.253406825e-13, 3.165798303e-13, 3.58845552e-13, 3.604997631e-13, 3.359331294e-13, 2.977502476e-13, 2.548828345e-13, 2.128592653e-13, 1.74659934e-13, 1.415662193e-13, 1.138253536e-13, 9.111495629e-14, 7.284352302e-14, 5.833203109e-14, 4.691552981e-14, 3.799383782e-14, 3.105155735e-14, 2.566070799e-14], "delf": [0, -1.788741107e-14, -1.312243067e-13, -2.452560743e-13, -3.262575888e-13, -3.592496902e-13, -3.539624219e-13, -3.247564449e-13, -2.83773301e-13, -2.394332186e-13, -1.96835065e-13, -1.586376857e-13, -1.258969655e-13, -9.870895232e-14, -7.665351534e-14, -5.907808462e-14, -4.526691982e-14, -3.453406395e-14, -2.626820099e-14, -1.99488255e-14, -1.514640282e-14], "Sf": [0, 0, 0, 0, 0, 0, 0, 0, 0, 0, 0, 0, 0, 0, 0, 0, 0, 0, 0, 0, 0], "zf": [0, 0, 0, 0, 0, 0, 0, 0, 0, 0, 0, 0, 0, 0, 0, 0, 0, 0, 0, 0, 0], "a": [0, 0, 1.345066487e-15, 4.307945385e-15, 7.367266304e-15, 9.932236089e-15, 1.184781879e-14, 1.314670269e-14, 1.392906073e-14, 1.430739564e-14, 1.438372348e-14, 1.424221469e-14, 1.394875192e-14, 1.355320341e-14, 1.3092437e-14, 1.259321737e-14, 1.207467271e-14, 1.155026753e-14, 1.102932291e-14, 1.051816033e-14, 1.002094838e-14], "ns": [0, 9.697304159e-31, 0, 0, 0, 0, 0, 0, 0, 0, 0, 0, 0, 0, 0, 0, 0, 0, 0, 0, 0], "eps_m": [0, 0, 0, 0, 0, 0, 0, 0, 0, 0, 0, 0, 0, 0, 0, 0, 0, 0, 0, 0, 0], "lam": [0, 0, -1.025022811e-15, -2.830341995e-15, -3.921573255e-15, -4.206426324e-15, -3.950116366e-15, -3.42322338e-15, -2.814048688e-15, -2.230063306e-15, -1.721302335e-15, -1.303035236e-15, -9.721209951e-16, -7.17251111e-16, -5.24726678e-16, -3.813736954e-16, -2.757823262e-16, -1.986429703e-16, -1.426434052e-16, -1.021873413e-16, -7.306996937e-17], "interest": [0, 0.808458726, 0.5313308978, 0.3542161178, 0.2390744869, 0.1630514447, 0.1121652808, 0.07770217425, 0.05413077092, 0.03787783745, 0.02659752563, 0.01872743727, 0.01321390137, 0.009338788479, 0.006608361401, 0.004680737976, 0.003317832759, 0.00235309296, 0.001669592173, 0.001185016034, 0.0008412919807], "inflation": [0, -0.1789408916, -0.2808088549, -0.3395213354, -0.3738472608, -0.2152991306, -0.1257594688, -0.07463780917, -0.04507332693, -0.02772190609, -0.01736972307, -0.01108303013, -0.007194147985, -0.004743550673, -0.003171360188, -0.00214568263, -0.001466342871, -0.001010386527, -0.0007008748314, -0.0004887775827, -0.0003423058193], "inflationq": [0, -0.7157635664, -0.4074718533, -0.234849922, -0.1373037013, -0.08157104586, -0.0493132061, -0.03036328338, -0.01904577237, -0.01216536249, -0.007904474048, -0.005216511603, -0.003490243795, -0.002362973247, -0.001615712108, -0.00111380137, -0.0007728847599, -0.0005391478704, -0.0003776653255, -0.0002654123748, -0.0001869977065], "outputgap": [0, -0.8662464749, -0.5622638301, -0.3707186251, -0.2478386703, -0.1676772871, -0.1145861244, -0.0789539834, -0.05476699675, -0.0381929634, -0.02674738552, -0.01879387621, -0.01323945594, -0.009345237291, -0.006606612144, -0.004676071452, -0.003312665768, -0.00234842061, -0.001665731039, -0.001181979902, -0.0008389764669], "output": [0, -0.8662464749, -0.5622638301, -0.3707186251, -0.2478386703, -0.1676772871, -0.1145861244, -0.0789539834, -0.05476699675, -0.03819296339, -0.02674738552, -0.01879387621, -0.01323945594, -0.009345237291, -0.006606612144, -0.004676071452, -0.003312665768, -0.00234842061, -0.001665731039, -0.001181979902, -0.0008389764669], "AUX_ENDO_LEAD_75": [0, -0.4074718533, -0.234849922, -0.1373037013, -0.08157104586, -0.0493132061, -0.03036328338, -0.01904577237, -0.01216536249, -0.007904474048, -0.005216511603, -0.003490243795, -0.002362973247, -0.001615712108, -0.00111380137, -0.0007728847599, -0.0005391478704, -0.0003776653255, -0.0002654123748, -0.0001869977065, -0.0001320090973],