{"interest_": {"y": [0, -0.598099662, -0.35647265, -0.2136666588, -0.1446034018, -0.1405596037, -0.1154789466, -0.08833861057, -0.06744549609, -0.05409374942, -0.04345685609, -0.03448381022, -0.02720738928, -0.0215698258, -0.01714799512, -0.01362291328, -0.01080876611, -0.008577006131, -0.006809522869, -0.005406951409, -0.004292644668], "yg": [0, -0.598099662, -0.35647265, -0.2136666588, -0.1446034018, -0.1405596037, -0.1154789466, -0.08833861057, -0.06744549609, -0.05409374942, -0.04345685609, -0.03448381022, -0.02720738928, -0.0215698258, -0.01714799512, -0.01362291328, -0.01080876611, -0.008577006131, -0.006809522869, -0.005406951409, -0.004292644668], "R": [0, 0.1580566618, 0.08587040631, 0.02441795162, -0.03398225913, -0.004686914053, 0.004265484041, 0.00301726685, -0.0009060359357, -0.0006948108229, 1.542719365e-05, 0.0001944081043, 2.053167174e-05, -3.752380991e-05, -1.341841494e-05, 7.08127896e-06, 4.16511969e-06, -7.968585853e-07, -1.167967945e-06, -7.771429862e-09, 2.662937863e-07], "pi": [0, -0.1374470436, -0.0835703502, -0.05693558493, -0.04464530535, -0.03802605723, -0.02976757119, -0.02287485199, -0.01787584763, -0.01425778261, -0.01133170415, -0.008957618677, -0.007082012835, -0.005617031809, -0.004459354487, -0.003538500257, -0.002807065885, -0.002227594863, -0.001768280121, -0.001403739428, -0.001114314512], "phi": [0, -0.9843480993, -0.3196800642, 0.006681799791, 0.133535417, 0.01707809573, 0.001351408519, 0.01419707598, 0.02332069862, 0.01756088737, 0.01247395915, 0.01012068772, 0.00881697838, 0.007221259882, 0.005703359547, 0.004520575497, 0.003629527586, 0.002908336294, 0.002315460512, 0.001839205366, 0.001462459794], "n": [0, 0.1374470436, -7.313433848, -8.610213872, -7.259632554, -5.191573665, -4.298180929, -3.649015027, -2.997785637, -2.376361628, -1.890931479, -1.515678477, -1.213769586, -0.9666446418, -0.7683553221, -0.6110097612, -0.4859831754, -0.3862797924, -0.3068551005, -0.2437225726, -0.1935771653], "del": [0, -1.211257962, 6.546717113, 8.066972857, 6.853994743, 4.838363286, 4.010152734, 3.422350674, 2.820216564, 2.234489194, 1.777470645, 1.42544514, 1.14223502, 0.9098461008, 0.7232107189, 0.5751416564, 0.4575042603, 0.3636693306, 0.2889011334, 0.2294658353, 0.1822573078], "S": [0, 0, 0, 0, 0, 0, 0, 0, 0, 0, 0, 0, 0, 0, 0, 0, 0, 0, 0, 0, 0], "z": [0, -0.05471239693, -0.02720412112, -0.01273673263, -0.006999508687, -0.008556161757, -0.00712146772, -0.005177762836, -0.003760642843, -0.003039395499, -0.002463661663, -0.001946425971, -0.001521151344, -0.001202270867, -0.000956239232, -0.0007595050307, -0.0006017469713, -0.000476997543, -0.0003785780874, -0.0003005680606, -0.0002385709106], "yf": [0, 3.047352728e-16, 4.918019018e-16, -6.793104798e-16, -7.823651201e-16, -3.974775283e-16, 6.144874718e-17, 2.830632377e-16, 4.2671821e-16, 5.51965286e-16, 6.552363543e-16, 7.22136952e-16, 7.60577004e-16, 7.804286835e-16, 7.871696759e-16, 7.834262987e-16, 7.717076198e-16, 7.543532986e-16, 7.331538214e-16, 7.093640678e-16, 6.839176001e-16], "ygf": [0, 2.668847573e-16, -3.350612138e-16, -1.380708561e-15, -1.332391844e-15, -9.932081407e-16, -7.100802863e-16, -5.695239364e-16, -4.550192963e-16, -3.47495828e-16, -2.588672497e-16, -1.94851157e-16, -1.479340118e-16, -1.121071592e-16, -8.465489418e-17, -6.406239716e-17, -4.870493966e-17, -3.716621418e-17, -2.843998808e-17, -2.183470117e-17, -1.683034977e-17], "Rf": [0, -1.729045868e-15, 1.451659418e-15, 1.823793104e-15, 1.512296161e-15, 9.937698778e-16, 8.195192878e-16, 6.932131115e-16, 5.565887994e-16, 4.217339494e-16, 3.206185538e-16, 2.451509604e-16, 1.855563827e-16, 1.373782621e-16, 9.962930597e-17, 7.054854424e-17, 4.812987123e-17, 3.079465374e-17, 1.746672232e-17, 7.31061043e-18, -3.637846227e-19], "phif": [0, -8.003340103e-16, -1.190506317e-15, 5.478979861e-16, 9.660535658e-16, 7.584732609e-16, 3.433471615e-16, 1.942792749e-16, 1.177059552e-16, 4.96481272e-17, -1.206321729e-17, -4.678422592e-17, -6.170722647e-17, -6.648573422e-17, -6.622074614e-17, -6.237863086e-17, -5.633748105e-17, -4.942361451e-17, -4.251686103e-17, -3.602916941e-17, -3.014957283e-17], "nf": [0, 1.345474169e-31, -5.443058769e-15, -8.615464827e-15, 1.961349662e-15, 1.298301065e-14, 1.979727563e-14, 2.198521769e-14, 2.232949729e-14, 2.164528988e-14, 2.019766621e-14, 1.822940445e-14, 1.608170838e-14, 1.397073657e-14, 1.199944885e-14, 1.021293419e-14, 8.633343577e-15, 7.264106202e-15, 6.094321193e-15, 5.10529199e-15, 4.275777905e-15], "delf": [0, 1.916048878e-15, 3.6753294e-15, 6.146973522e-15, -3.807749199e-15, -1.375800095e-14, -2.007589002e-14, -2.193775557e-14, -2.200146319e-14, -2.107882262e-14, -1.947615822e-14, -1.741717096e-14, -1.521920001e-14, -1.30843379e-14, -1.110942477e-14, -9.333975393e-15, -7.775110502e-15, -6.432566481e-15, -5.29307512e-15, -4.336328975e-15, -3.539933994e-15], "Sf": [0, 0, 0, 0, 0, 0, 0, 0, 0, 0, 0, 0, 0, 0, 0, 0, 0, 0, 0, 0, 0], "zf": [0, 0, 0, 0, 0, 0, 0, 0, 0, 0, 0, 0, 0, 0, 0, 0, 0, 0, 0, 0, 0], "a": [0, 0, -9.194015944e-16, -8.544620994e-16, -5.032831982e-16, -7.608600845e-17, 1.466992375e-16, 3.119321951e-16, 4.525235904e-16, 5.692455152e-16, 6.508098419e-16, 7.047381516e-16, 7.388913201e-16, 7.58161821e-16, 7.652275133e-16, 7.627043861e-16, 7.529811934e-16, 7.379624025e-16, 7.19074469e-16, 6.974341385e-16, 6.739319671e-16], "ns": [0, 3.372527272e-31, 0, 0, 0, 0, 0, 0, 0, 0, 0, 0, 0, 0, 0, 0, 0, 0, 0, 0, 0], "eps_m": [0, 0, 0, 0, 0, 0, 0, 0, 0, 0, 0, 0, 0, 0, 0, 0, 0, 0, 0, 0, 0], "lam": [0, 0, 2.699650066e-15, 3.699866453e-15, 3.656355152e-15, 2.995522086e-15, 2.549194559e-15, 2.174917556e-15, 1.81716998e-15, 1.476450516e-15, 1.191063169e-15, 9.597455409e-16, 7.714415618e-16, 6.172750123e-16, 4.925151567e-16, 3.925087324e-16, 3.125914638e-16, 2.487338021e-16, 1.977770559e-16, 1.571903434e-16, 1.249012438e-16], "interest": [0, 0.6322266472, 0.3434816252, 0.09767180646, -0.1359290365, -0.01874765621, 0.01706193616, 0.0120690674, -0.003624143743, -0.002779243292, 6.17087746e-05, 0.0007776324173, 8.212668694e-05, -0.0001500952397, -5.367365976e-05, 2.832511584e-05, 1.666047876e-05, -3.187434341e-06, -4.671871779e-06, -3.108571935e-08, 1.065175145e-06], "inflation": [0, -0.1374470436, -0.2210173938, -0.2779529787, -0.3225982841, -0.2231772977, -0.1693745187, -0.1353137858, -0.108544328, -0.08477605342, -0.06634018638, -0.05242295307, -0.04162911828, -0.03298836747, -0.02611601781, -0.02069689939, -0.01642195244, -0.01303251549, -0.01034144113, -0.008206680297, -0.006513928924], "inflationq": [0, -0.5497881745, -0.3342814008, -0.2277423397, -0.1785812214, -0.1521042289, -0.1190702848, -0.09149940795, -0.07150339051, -0.05703113045, -0.04532681661, -0.03583047471, -0.02832805134, -0.02246812724, -0.01783741795, -0.01415400103, -0.01122826354, -0.008910379451, -0.007073120484, -0.005614957711, -0.004457258049], "outputgap": [0, -0.598099662, -0.35647265, -0.2136666588, -0.1446034018, -0.1405596037, -0.1154789466, -0.08833861057, -0.06744549609, -0.05409374942, -0.04345685609, -0.03448381022, -0.02720738928, -0.0215698258, -0.01714799512, -0.01362291328, -0.01080876611, -0.008577006131, -0.006809522869, -0.005406951409, -0.004292644668], "output": [0, -0.598099662, -0.35647265, -0.2136666588, -0.1446034018, -0.1405596037, -0.1154789466, -0.08833861057, -0.06744549609, -0.05409374942, -0.04345685609, -0.03448381022, -0.02720738928, -0.0215698258, -0.01714799512, -0.01362291328, -0.01080876611, -0.008577006131, -0.006809522869, -0.005406951409, -0.004292644668], "AUX_ENDO_LEAD_75": [0, -0.3342814008, -0.2277423397, -0.1785812214, -0.1521042289, -0.1190702848, -0.09149940795, -0.07150339051, -0.05703113045, -0.04532681661, -0.03583047471, -0.02832805134, -0.02246812724, -0.01783741795, -0.01415400103, -0.01122826354, -0.008910379451, -0.007073120484, -0.005614957711, -0.004457258049, -0.003538357987],