{"interest_": {"y": [0, -0.5426670191, -0.3861675132, -0.2783642364, -0.2027602116, -0.1489175093, -0.1100807812, -0.08177765494, -0.06098202195, -0.04560496978, -0.03417882581, -0.02565675116, -0.01928271063, -0.01450517286, -0.01091858252, -0.008222874364, -0.006194976673, -0.004668454884, -0.003518792038, -0.002652640274, -0.001999911105], "yg": [0, -0.5426670191, -0.3861675132, -0.2783642364, -0.2027602116, -0.1489175093, -0.1100807812, -0.08177765494, -0.06098202195, -0.04560496978, -0.03417882581, -0.02565675116, -0.01928271063, -0.01450517286, -0.01091858252, -0.008222874364, -0.006194976673, -0.004668454884, -0.003518792038, -0.002652640274, -0.001999911105], "R": [0, 0.06543397216, 0.04640985759, 0.0333632458, 0.02424884105, 0.01777906265, 0.01312492549, 0.009740410924, 0.007257854434, 0.005424566689, 0.004063682612, 0.003049454264, 0.002291303363, 0.001723291046, 0.001297010504, 0.0009766917444, 0.0007357688657, 0.0005544356008, 0.0004178822652, 0.0003150109692, 0.0002374916691], "pi": [0, -0.1380829846, -0.09106553371, -0.06139341928, -0.04224077893, -0.02959386134, -0.02105766546, -0.01517820073, -0.01105522206, -0.008119197743, -0.006001577279, -0.004458392033, -0.003324586276, -0.002486234399, -0.001863299301, -0.00139869765, -0.001051205946, -0.0007907529236, -0.0005952272449, -0.0004482694993, -0.0003377181999], "phi": [0, -0.7316343548, -0.337779668, -0.1354811414, -0.03571016443, 0.01011020839, 0.02826839527, 0.03282394183, 0.03116647794, 0.02707804293, 0.0224127999, 0.01801283324, 0.01420320439, 0.01105629231, 0.008530395752, 0.006540403422, 0.004992221158, 0.003798219382, 0.002883022185, 0.002184606959, 0.001653313354], "n": [0, 0.1380829846, -5.461491215, -7.220646809, -7.174214869, -6.373941228, -5.343917738, -4.329425356, -3.43186631, -2.681134647, -2.073815958, -1.592867753, -1.217374319, -0.9270682364, -0.7041602375, -0.5338386058, -0.4041550359, -0.3056650387, -0.2310043164, -0.1744843274, -0.131739931], "del": [0, -1.152543216, 4.650030797, 6.582817847, 6.678777708, 5.992269464, 5.051598689, 4.106474176, 3.262334103, 2.552504538, 1.976375751, 1.51914103, 1.161638017, 0.8849590628, 0.6723612669, 0.5098336801, 0.3860383918, 0.2919948651, 0.2206907128, 0.1667039147, 0.1258709571], "S": [0, 0, 0, 0, 0, 0, 0, 0, 0, 0, 0, 0, 0, 0, 0, 0, 0, 0, 0, 0, 0], "z": [0, -0.04792810622, -0.03028604862, -0.01957504815, -0.0129428562, -0.008746772536, -0.006031246737, -0.004233530889, -0.003017216294, -0.002177636237, -0.001587769167, -0.00116705162, -0.0008632142209, -0.0006415680905, -0.0004785886281, -0.000358003763, -0.0002683605516, -0.0002014779512, -0.0001514404405, -0.0001139284814, -8.576342136e-05], "yf": [0, 5.425514763e-16, 2.971366923e-15, 4.76548575e-15, 5.875083349e-15, 6.538386263e-15, 6.912693317e-15, 7.097393865e-15, 7.154384351e-15, 7.122609418e-15, 7.027377239e-15, 6.88595097e-15, 6.710760188e-15, 6.511194127e-15, 6.294593476e-15, 6.066808807e-15, 5.832533156e-15, 5.595519836e-15, 5.358741862e-15, 5.12451992e-15, 4.894630953e-15], "ygf": [0, 5.148095524e-16, 2.387332196e-15, 3.177089353e-15, 3.067290655e-15, 2.602028482e-15, 2.05484783e-15, 1.549156796e-15, 1.129608333e-15, 8.025469529e-16, 5.578780376e-16, 3.80235583e-16, 2.542305845e-16, 1.665721897e-16, 1.066336497e-16, 6.631465822e-17, 3.96402254e-17, 2.230902488e-17, 1.128339221e-17, 4.452083268e-18, 3.682304746e-19], "Rf": [0, 2.076410789e-15, 2.541301981e-15, 2.278776113e-15, 1.882607773e-15, 1.481985226e-15, 1.124914817e-15, 8.244970965e-16, 5.796155438e-16, 3.840055042e-16, 2.301124711e-16, 1.106477557e-16, 1.914503614e-17, -4.990542674e-17, -1.010930697e-16, -1.381853575e-16, -1.642422125e-16, -1.817275658e-16, -1.926106512e-16, -1.984546737e-16, -2.004926782e-16], "phif": [0, -1.543810886e-15, -4.28895534e-15, -4.725804822e-15, -4.107290867e-15, -3.14452443e-15, -2.19237459e-15, -1.397402606e-15, -7.960045491e-16, -3.732695634e-16, -9.540212273e-17, 7.40349484e-17, 1.670633751e-16, 2.090655242e-16, 2.188638343e-16, 2.097248123e-16, 1.905905315e-16, 1.672220843e-16, 1.431403991e-16, 1.203476122e-16, 9.985396445e-17], "nf": [0, 2.66101332e-31, -1.182903045e-14, -4.089465453e-14, -6.898516186e-14, -8.825781083e-14, -9.742932413e-14, -9.809580461e-14, -9.272294829e-14, -8.368094938e-14, -7.287026635e-14, -6.164932395e-14, -5.089617429e-14, -4.11143443e-14, -3.253958261e-14, -2.522991086e-14, -1.91344876e-14, -1.414275468e-14, -1.011750735e-14, -6.915849143e-15, -4.401522418e-15], "delf": [0, 9.901442421e-16, 1.342788689e-14, 3.902236183e-14, 6.64685727e-14, 8.634442691e-14, 9.659722595e-14, 9.844923925e-14, 9.418947117e-14, 8.611167975e-14, 7.609153231e-14, 6.548910073e-14, 5.51970147e-14, 4.573889048e-14, 3.737197544e-14, 3.017498029e-14, 2.411582496e-14, 1.910031804e-14, 1.500513984e-14, 1.169892227e-14, 9.054812271e-15], "Sf": [0, 0, 0, 0, 0, 0, 0, 0, 0, 0, 0, 0, 0, 0, 0, 0, 0, 0, 0, 0, 0], "zf": [0, 0, 0, 0, 0, 0, 0, 0, 0, 0, 0, 0, 0, 0, 0, 0, 0, 0, 0, 0, 0], "a": [0, 0, 1.00488204e-15, 2.339059029e-15, 3.615384475e-15, 4.679988185e-15, 5.493664611e-15, 6.069547571e-15, 6.441224768e-15, 6.647116011e-15, 6.723386922e-15, 6.701221065e-15, 6.606220538e-15, 6.458766153e-15, 6.274741501e-15, 6.066330943e-15, 5.842761606e-15, 5.610940904e-15, 5.375980567e-15, 5.141615769e-15, 4.910534362e-15], "ns": [0, 6.851159372e-31, 0, 0, 0, 0, 0, 0, 0, 0, 0, 0, 0, 0, 0, 0, 0, 0, 0, 0, 0], "eps_m": [0, 0, 0, 0, 0, 0, 0, 0, 0, 0, 0, 0, 0, 0, 0, 0, 0, 0, 0, 0, 0], "lam": [0, 0, -2.872264994e-15, -4.368156135e-15, -4.822131112e-15, -4.638466701e-15, -4.13163161e-15, -3.506546534e-15, -2.880998439e-15, -2.313938555e-15, -1.828476397e-15, -1.427793468e-15, -1.105174898e-15, -8.498899489e-16, -6.503942233e-16, -4.959109105e-16, -3.770852463e-16, -2.861415239e-16, -2.167955887e-16, -1.640649105e-16, -1.240516902e-16], "interest": [0, 0.2617358886, 0.1856394304, 0.1334529832, 0.0969953642, 0.07111625059, 0.05249970195, 0.03896164369, 0.02903141773, 0.02169826676, 0.01625473045, 0.01219781705, 0.009165213451, 0.006893164185, 0.005188042016, 0.003906766978, 0.002943075463, 0.002217742403, 0.001671529061, 0.001260043877, 0.0009499666765], "inflation": [0, -0.1380829846, -0.2291485183, -0.2905419376, -0.3327827165, -0.2242935933, -0.154285725, -0.1080705064, -0.07688494958, -0.05541028599, -0.04035419781, -0.02963438911, -0.02190375333, -0.01627078999, -0.01213251201, -0.009072817625, -0.006799437295, -0.00510395582, -0.003835883764, -0.002885455614, -0.002171967868], "inflationq": [0, -0.5523319384, -0.3642621348, -0.2455736771, -0.1689631157, -0.1183754454, -0.08423066183, -0.06071280291, -0.04422088824, -0.03247679097, -0.02400630912, -0.01783356813, -0.0132983451, -0.009944937594, -0.007453197204, -0.005594790598, -0.004204823784, -0.003163011694, -0.002380908979, -0.001793077997, -0.001350872799], "outputgap": [0, -0.5426670191, -0.3861675132, -0.2783642364, -0.2027602116, -0.1489175093, -0.1100807812, -0.08177765494, -0.06098202195, -0.04560496978, -0.03417882581, -0.02565675116, -0.01928271063, -0.01450517286, -0.01091858252, -0.008222874364, -0.006194976673, -0.004668454884, -0.003518792038, -0.002652640274, -0.001999911105], "output": [0, -0.5426670191, -0.3861675132, -0.2783642364, -0.2027602116, -0.1489175093, -0.1100807812, -0.08177765494, -0.06098202195, -0.04560496978, -0.03417882581, -0.02565675116, -0.01928271063, -0.01450517286, -0.01091858252, -0.008222874364, -0.006194976673, -0.004668454884, -0.003518792038, -0.002652640274, -0.001999911105], "AUX_ENDO_LEAD_75": [0, -0.3642621348, -0.2455736771, -0.1689631157, -0.1183754454, -0.08423066183, -0.06071280291, -0.04422088824, -0.03247679097, -0.02400630912, -0.01783356813, -0.0132983451, -0.009944937594, -0.007453197204, -0.005594790598, -0.004204823784, -0.003163011694, -0.002380908979, -0.001793077997, -0.001350872799, -0.001017999105],