{"interest_": {"a": [0, 0, 0, 0, 0, 0, 0, 0, 0, 0, 0, 0, 0, 0, 0, 0, 0, 0, 0, 0, 0], "lambda": [0, 0.3583050382, 0.1642687642, 0.07531076604, 0.03452702349, 0.01582928197, 0.007257103059, 0.003327096257, 0.001525342745, 0.0006993096415, 0.0003206059597, 0.0001469852198, 6.738694088e-05, 3.089426138e-05, 1.416380346e-05, 6.493546679e-06, 2.977035695e-06, 1.364853749e-06, 6.257317505e-07, 2.868733912e-07, 1.315201642e-07], "y": [0, -0.1630561176, -0.1381204417, -0.08794745591, -0.04988989922, -0.0265913631, -0.01363626832, -0.006813305257, -0.003341882067, -0.001616935972, -0.0007742615031, -0.0003677770923, -0.0001735889294, -8.151805254e-05, -3.81245354e-05, -1.77707255e-05, -8.260702264e-06, -3.831323735e-06, -1.773655513e-06, -8.198137663e-07, -3.784414861e-07], "z": [0, 3.39356564e-17, 8.010214514e-17, 4.018123792e-17, 2.053977952e-17, 1.029440341e-17, 5.060672827e-18, 2.452672696e-18, 1.175965794e-18, 5.591521969e-19, 2.641285834e-19, 1.241156963e-19, 5.807699042e-20, 2.708256744e-20, 1.259371353e-20, 5.842670522e-21, 2.705428748e-21, 1.250745194e-21, 5.774639106e-22, 2.663169836e-22, 1.227069523e-22], "r": [0, 0.1637359499, 0.07506649165, 0.0344150333, 0.01577793887, 0.007233564267, 0.003316304647, 0.001520395217, 0.0006970413943, 0.0003195660576, 0.0001465084656, 6.716836783e-05, 3.079405423e-05, 1.411786242e-05, 6.472484523e-06, 2.967379525e-06, 1.360426775e-06, 6.23702157e-07, 2.859429025e-07, 1.310935717e-07, 6.01012454e-08], "pi": [0, -0.0660914374, -0.030300324, -0.01389150653, -0.006368709252, -0.002919802646, -0.001338614648, -0.0006137021547, -0.0002813582948, -0.0001289917095, -5.913762425e-05, -2.711227424e-05, -1.242991114e-05, -5.698625261e-06, -2.612595498e-06, -1.197772256e-06, -5.491314587e-07, -2.517551709e-07, -1.154198418e-07, -5.291545682e-08, -2.425965525e-08], "e": [0, 0, 0, 0, 0, 0, 0, 0, 0, 0, 0, 0, 0, 0, 0, 0, 0, 0, 0, 0, 0], "g": [0, -0.1630561176, 0.0249356759, 0.05017298576, 0.03805755668, 0.02329853612, 0.01295509478, 0.006822963063, 0.003471423189, 0.001724946095, 0.0008426744689, 0.0004064844108, 0.0001941881628, 9.207087691e-05, 4.339351714e-05, 2.035380989e-05, 9.510023241e-06, 4.429378529e-06, 2.057668222e-06, 9.538417469e-07, 4.413722802e-07], "q": [0, 7.57748231e-17, 9.739569125e-17, 7.538971559e-17, 5.022356492e-17, 3.05551546e-17, 1.749552909e-17, 9.59422341e-18, 5.094678613e-18, 2.639153705e-18, 1.340666901e-18, 6.704148986e-19, 3.309650412e-19, 1.616591182e-19, 7.826304687e-20, 3.760618208e-20, 1.795564097e-20, 8.526819062e-21, 4.030455168e-21, 1.897508787e-21, 8.902538088e-22], "x": [0, -0.1630561176, -0.1381204417, -0.08794745591, -0.04988989922, -0.0265913631, -0.01363626832, -0.006813305257, -0.003341882067, -0.001616935972, -0.0007742615031, -0.0003677770923, -0.0001735889294, -8.151805254e-05, -3.81245354e-05, -1.77707255e-05, -8.260702264e-06, -3.831323735e-06, -1.773655513e-06, -8.198137663e-07, -3.784414861e-07], "interest": [0, 0.6549437998, 0.3002659666, 0.1376601332, 0.0631117555, 0.02893425707, 0.01326521859, 0.006081580867, 0.002788165577, 0.00127826423, 0.0005860338625, 0.0002686734713, 0.0001231762169, 5.64714497e-05, 2.588993809e-05, 1.18695181e-05, 5.441707101e-06, 2.494808628e-06, 1.14377161e-06, 5.24374287e-07, 2.404049816e-07], "inflation": [0, -0.0660914374, -0.09639176139, -0.1102832679, -0.1166519772, -0.05348034243, -0.02451863308, -0.0112408287, -0.005153477743, -0.002362666807, -0.001083189783, -0.0004965999028, -0.0002276715191, -0.0001043784349, -4.785340613e-05, -2.193890415e-05, -1.005812447e-05, -4.611254383e-06, -2.114078727e-06, -9.692219282e-07, -4.443501248e-07], "inflationq": [0, -0.2643657496, -0.121201296, -0.05556602614, -0.02547483701, -0.01167921058, -0.005354458591, -0.002454808619, -0.001125433179, -0.000515966838, -0.000236550497, -0.0001084490969, -4.971964454e-05, -2.279450105e-05, -1.045038199e-05, -4.791089023e-06, -2.196525835e-06, -1.007020684e-06, -4.616793671e-07, -2.116618273e-07, -9.7038621e-08], "output": [0, -0.1630561176, -0.1381204417, -0.08794745591, -0.04988989922, -0.0265913631, -0.01363626832, -0.006813305257, -0.003341882067, -0.001616935972, -0.0007742615031, -0.0003677770923, -0.0001735889294, -8.151805254e-05, -3.81245354e-05, -1.77707255e-05, -8.260702264e-06, -3.831323735e-06, -1.773655513e-06, -8.198137663e-07, -3.784414861e-07], "outputgap": [0, -0.1630561176, -0.1381204417, -0.08794745591, -0.04988989922, -0.0265913631, -0.01363626832, -0.006813305257, -0.003341882067, -0.001616935972, -0.0007742615031, -0.0003677770923, -0.0001735889294, -8.151805254e-05, -3.81245354e-05, -1.77707255e-05, -8.260702264e-06, -3.831323735e-06, -1.773655513e-06, -8.198137663e-07, -3.784414861e-07], "AUX_ENDO_LEAD_74": [0, -0.121201296, -0.05556602614, -0.02547483701, -0.01167921058, -0.005354458591, -0.002454808619, -0.001125433179, -0.000515966838, -0.000236550497, -0.0001084490969, -4.971964454e-05, -2.279450105e-05, -1.045038199e-05, -4.791089023e-06, -2.196525835e-06, -1.007020684e-06, -4.616793671e-07, -2.116618273e-07, -9.7038621e-08, -4.448839022e-08], "AUX_ENDO_LEAD_78": [0, -0.05556602614, -0.02547483701, -0.01167921058, -0.005354458591, -0.002454808619, -0.001125433179, -0.000515966838, -0.000236550497, -0.0001084490969, -4.971964454e-05, -2.279450105e-05, -1.045038199e-05, -4.791089023e-06, -2.196525835e-06, -1.007020684e-06, -4.616793671e-07, -2.116618273e-07, -9.7038621e-08, -4.448839022e-08, -2.039617673e-08], "AUX_ENDO_LEAD_82": [0, -0.02547483701, -0.01167921058, -0.005354458591, -0.002454808619, -0.001125433179, -0.000515966838, -0.000236550497, -0.0001084490969, -4.971964454e-05, -2.279450105e-05, -1.045038199e-05, -4.791089023e-06, -2.196525835e-06, -1.007020684e-06, -4.616793671e-07, -2.116618273e-07, -9.7038621e-08, -4.448839022e-08, -2.039617673e-08, -9.350844644e-09], "AUX_ENDO_LEAD_109": [0, -0.1381204417, -0.08794745591, -0.04988989922, -0.0265913631, -0.01363626832, -0.006813305257, -0.003341882067, -0.001616935972, -0.0007742615031, -0.0003677770923, -0.0001735889294, -8.151805254e-05, -3.81245354e-05, -1.77707255e-05, -8.260702264e-06, -3.831323735e-06, -1.773655513e-06, -8.198137663e-07, -3.784414861e-07, -1.745066998e-07], "AUX_ENDO_LEAD_113": [0, -0.08794745591, -0.04988989922, -0.0265913631, -0.01363626832, -0.006813305257, -0.003341882067, -0.001616935972, -0.0007742615031, -0.0003677770923, -0.0001735889294, -8.151805254e-05, -3.81245354e-05, -1.77707255e-05, -8.260702264e-06, -3.831323735e-06, -1.773655513e-06, -8.198137663e-07, -3.784414861e-07, -1.745066998e-07, -8.039546547e-08], "AUX_ENDO_LEAD_117": [0, -0.04988989922, -0.0265913631, -0.01363626832, -0.006813305257, -0.003341882067, -0.001616935972, -0.0007742615031, -0.0003677770923, -0.0001735889294, -8.151805254e-05, -3.81245354e-05, -1.77707255e-05, -8.260702264e-06, -3.831323735e-06, -1.773655513e-06, -8.198137663e-07, -3.784414861e-07, -1.745066998e-07, -8.039546547e-08, -3.701010898e-08], "AUX_ENDO_LEAD_144": [0, -0.1381204417, -0.08794745591, -0.04988989922, -0.0265913631, -0.01363626832, -0.006813305257, -0.003341882067, -0.001616935972, -0.0007742615031, -0.0003677770923, -0.0001735889294, -8.151805254e-05, -3.81245354e-05, -1.77707255e-05, -8.260702264e-06, -3.831323735e-06, -1.773655513e-06, -8.198137663e-07, -3.784414861e-07, -1.745066998e-07], "AUX_ENDO_LEAD_148": [0, -0.08794745591, -0.04988989922, -0.0265913631, -0.01363626832, -0.006813305257, -0.003341882067, -0.001616935972, -0.0007742615031, -0.0003677770923, -0.0001735889294, -8.151805254e-05, -3.81245354e-05, -1.77707255e-05, -8.260702264e-06, -3.831323735e-06, -1.773655513e-06, -8.198137663e-07, -3.784414861e-07, -1.745066998e-07, -8.039546547e-08],