{"interest_": {"a": [0, 0, 0, 0, 0, 0, 0, 0, 0, 0, 0, 0, 0, 0, 0, 0, 0, 0, 0, 0, 0], "lambda": [0, 0.4754756514, 0.2553871525, 0.130768039, 0.06086341157, 0.02950413242, 0.01490021323, 0.007777109422, 0.004130479944, 0.002210157733, 0.001185402977, 0.000636000733, 0.0003411520852, 0.0001829444918, 9.808701521e-05, 5.258509993e-05, 2.819009354e-05, 1.511209359e-05, 8.101244861e-06, 4.342894749e-06, 2.328131086e-06], "y": [0, -0.2239693736, -0.2057987378, -0.1398052603, -0.08243702417, -0.04578931606, -0.02479149333, -0.01330072556, -0.007119316016, -0.003810854491, -0.002041027549, -0.001093649173, -0.0005861733899, -0.0003142175923, -0.0001684443592, -9.030011798e-05, -4.840835986e-05, -2.595083204e-05, -1.391173172e-05, -7.457795831e-06, -3.997969617e-06], "z": [0, 4.139569627e-17, 2.346870136e-17, 5.832091179e-17, 7.550784939e-17, 4.590994121e-17, 2.55826811e-17, 1.36650314e-17, 7.257040464e-18, 3.86037429e-18, 2.060337289e-18, 1.10222372e-18, 5.904226607e-19, 3.164500647e-19, 1.696425951e-19, 9.094603826e-20, 4.875616499e-20, 2.613775936e-20, 1.401205882e-20, 7.511603181e-21, 4.026817999e-21], "r": [0, 0.1693440581, 0.09938057781, 0.05772706488, 0.02526012882, 0.01145108343, 0.005458124893, 0.002758206555, 0.001444328492, 0.0007694449059, 0.0004124546609, 0.0002214056618, 0.0001188286231, 6.374551003e-05, 3.418393686e-05, 1.83276504e-05, 9.825424965e-06, 5.267216376e-06, 2.823627109e-06, 1.513678725e-06, 8.114486348e-07], "pi": [0, -0.09822603817, -0.05074444081, -0.02523853565, -0.01217756258, -0.006099150321, -0.003152835765, -0.001664978915, -0.0008884229224, -0.0004759937198, -0.0002553098493, -0.0001369475835, -7.344298605e-05, -3.93789702e-05, -2.111196657e-05, -1.131797842e-05, -6.067355992e-06, -3.252574986e-06, -1.743632349e-06, -9.347230029e-07, -5.010849384e-07], "e": [0, 0, 0, 0, 0, 0, 0, 0, 0, 0, 0, 0, 0, 0, 0, 0, 0, 0, 0, 0, 0], "g": [0, -0.2239693736, 0.01817063574, 0.06599347751, 0.05736823613, 0.03664770811, 0.02099782273, 0.01149076777, 0.006181409548, 0.003308461525, 0.001769826941, 0.0009473783762, 0.0005074757834, 0.0002719557976, 0.0001457732331, 7.814424117e-05, 4.189175813e-05, 2.245752781e-05, 1.203910033e-05, 6.453935885e-06, 3.459826214e-06], "q": [0, 2.990900376e-17, 1.957052792e-17, 9.757505296e-18, 4.716718769e-18, 2.283575463e-18, 1.131318482e-18, 5.734222546e-19, 2.958947892e-19, 1.545597396e-19, 8.137919842e-20, 4.307211765e-20, 2.287777289e-20, 1.218178564e-20, 6.498149455e-21, 3.470904218e-21, 1.855748954e-21, 9.929054319e-22, 5.315272116e-22, 2.846494878e-22, 1.524814936e-22], "x": [0, -0.2239693736, -0.2057987378, -0.1398052603, -0.08243702417, -0.04578931606, -0.02479149333, -0.01330072556, -0.007119316016, -0.003810854491, -0.002041027549, -0.001093649173, -0.0005861733899, -0.0003142175923, -0.0001684443592, -9.030011798e-05, -4.840835986e-05, -2.595083204e-05, -1.391173172e-05, -7.457795831e-06, -3.997969617e-06], "interest": [0, 0.6773762324, 0.3975223113, 0.2309082595, 0.1010405153, 0.04580433372, 0.02183249957, 0.01103282622, 0.005777313968, 0.003077779624, 0.001649818644, 0.0008856226472, 0.0004753144926, 0.0002549820401, 0.0001367357474, 7.331060161e-05, 3.930169986e-05, 2.10688655e-05, 1.129450843e-05, 6.0547149e-06, 3.245794539e-06], "inflation": [0, -0.09822603817, -0.148970479, -0.1742090146, -0.1863865772, -0.09425968936, -0.04666808432, -0.02309452758, -0.01180538792, -0.006182231322, -0.003284705406, -0.001756674075, -0.0009416941387, -0.0005050793891, -0.0002708815063, -0.0001452519012, -7.787627118e-05, -4.174987597e-05, -2.238154175e-05, -1.199828633e-05, -6.432015276e-06], "inflationq": [0, -0.3929041527, -0.2029777632, -0.1009541426, -0.04871025033, -0.02439660128, -0.01261134306, -0.006659915659, -0.00355369169, -0.001903974879, -0.001021239397, -0.0005477903339, -0.0002937719442, -0.0001575158808, -8.444786629e-05, -4.527191369e-05, -2.426942397e-05, -1.301029994e-05, -6.974529397e-06, -3.738892012e-06, -2.004339754e-06], "output": [0, -0.2239693736, -0.2057987378, -0.1398052603, -0.08243702417, -0.04578931606, -0.02479149333, -0.01330072556, -0.007119316016, -0.003810854491, -0.002041027549, -0.001093649173, -0.0005861733899, -0.0003142175923, -0.0001684443592, -9.030011798e-05, -4.840835986e-05, -2.595083204e-05, -1.391173172e-05, -7.457795831e-06, -3.997969617e-06], "outputgap": [0, -0.2239693736, -0.2057987378, -0.1398052603, -0.08243702417, -0.04578931606, -0.02479149333, -0.01330072556, -0.007119316016, -0.003810854491, -0.002041027549, -0.001093649173, -0.0005861733899, -0.0003142175923, -0.0001684443592, -9.030011798e-05, -4.840835986e-05, -2.595083204e-05, -1.391173172e-05, -7.457795831e-06, -3.997969617e-06], "AUX_ENDO_LEAD_74": [0, -0.2029777632, -0.1009541426, -0.04871025033, -0.02439660128, -0.01261134306, -0.006659915659, -0.00355369169, -0.001903974879, -0.001021239397, -0.0005477903339, -0.0002937719442, -0.0001575158808, -8.444786629e-05, -4.527191369e-05, -2.426942397e-05, -1.301029994e-05, -6.974529397e-06, -3.738892012e-06, -2.004339754e-06, -1.074484149e-06], "AUX_ENDO_LEAD_78": [0, -0.1009541426, -0.04871025033, -0.02439660128, -0.01261134306, -0.006659915659, -0.00355369169, -0.001903974879, -0.001021239397, -0.0005477903339, -0.0002937719442, -0.0001575158808, -8.444786629e-05, -4.527191369e-05, -2.426942397e-05, -1.301029994e-05, -6.974529397e-06, -3.738892012e-06, -2.004339754e-06, -1.074484149e-06, -5.760083938e-07], "AUX_ENDO_LEAD_82": [0, -0.04871025033, -0.02439660128, -0.01261134306, -0.006659915659, -0.00355369169, -0.001903974879, -0.001021239397, -0.0005477903339, -0.0002937719442, -0.0001575158808, -8.444786629e-05, -4.527191369e-05, -2.426942397e-05, -1.301029994e-05, -6.974529397e-06, -3.738892012e-06, -2.004339754e-06, -1.074484149e-06, -5.760083938e-07, -3.087860435e-07], "AUX_ENDO_LEAD_109": [0, -0.2057987378, -0.1398052603, -0.08243702417, -0.04578931606, -0.02479149333, -0.01330072556, -0.007119316016, -0.003810854491, -0.002041027549, -0.001093649173, -0.0005861733899, -0.0003142175923, -0.0001684443592, -9.030011798e-05, -4.840835986e-05, -2.595083204e-05, -1.391173172e-05, -7.457795831e-06, -3.997969617e-06, -2.14322799e-06], "AUX_ENDO_LEAD_113": [0, -0.1398052603, -0.08243702417, -0.04578931606, -0.02479149333, -0.01330072556, -0.007119316016, -0.003810854491, -0.002041027549, -0.001093649173, -0.0005861733899, -0.0003142175923, -0.0001684443592, -9.030011798e-05, -4.840835986e-05, -2.595083204e-05, -1.391173172e-05, -7.457795831e-06, -3.997969617e-06, -2.14322799e-06, -1.148939662e-06], "AUX_ENDO_LEAD_117": [0, -0.08243702417, -0.04578931606, -0.02479149333, -0.01330072556, -0.007119316016, -0.003810854491, -0.002041027549, -0.001093649173, -0.0005861733899, -0.0003142175923, -0.0001684443592, -9.030011798e-05, -4.840835986e-05, -2.595083204e-05, -1.391173172e-05, -7.457795831e-06, -3.997969617e-06, -2.14322799e-06, -1.148939662e-06, -6.159224984e-07], "AUX_ENDO_LEAD_144": [0, -0.2057987378, -0.1398052603, -0.08243702417, -0.04578931606, -0.02479149333, -0.01330072556, -0.007119316016, -0.003810854491, -0.002041027549, -0.001093649173, -0.0005861733899, -0.0003142175923, -0.0001684443592, -9.030011798e-05, -4.840835986e-05, -2.595083204e-05, -1.391173172e-05, -7.457795831e-06, -3.997969617e-06, -2.14322799e-06], "AUX_ENDO_LEAD_148": [0, -0.1398052603, -0.08243702417, -0.04578931606, -0.02479149333, -0.01330072556, -0.007119316016, -0.003810854491, -0.002041027549, -0.001093649173, -0.0005861733899, -0.0003142175923, -0.0001684443592, -9.030011798e-05, -4.840835986e-05, -2.595083204e-05, -1.391173172e-05, -7.457795831e-06, -3.997969617e-06, -2.14322799e-06, -1.148939662e-06], "AUX_ENDO_LEAD_152": [0, -0.08243702417, -0.04578931606, -0.02479149333, -0.01330072556, -0.007119316016, -0.003810854491, -0.002041027549, -0.001093649173, -0.0005861733899, -0.0003142175923, -0.0001684443592, -9.030011798e-05, -4.840835986e-05, -2.595083204e-05, -1.391173172e-05, -7.457795831e-06, -3.997969617e-06, -2.14322799e-06, -1.148939662e-06, -6.159224984e-07],