{"interest_": {"a": [0, 0, 0, 0, 0, 0, 0, 0, 0, 0, 0, 0, 0, 0, 0, 0, 0, 0, 0, 0, 0], "lambda": [0, 0.563100596, 0.3401430918, 0.2181479102, 0.1444944178, 0.0972711746, 0.06599666352, 0.04494474768, 0.03066192183, 0.02093525879, 0.01429964817, 0.009769021685, 0.006674421622, 0.004560300323, 0.003115884286, 0.002128986824, 0.001454676401, 0.0009939410795, 0.0006791336882, 0.0004640343057, 0.0003170625794], "y": [0, -0.276618128, -0.2774505833, -0.2178536548, -0.1578955113, -0.1107768824, -0.07661532087, -0.0526448115, -0.0360653337, -0.02467272308, -0.01686789366, -0.01152848404, -0.007878102423, -0.005383219299, -0.003678315413, -0.002513330023, -0.001717303691, -0.001173392475, -0.0008017497709, -0.0005478152097, -0.0003743080654], "z": [0, 2.692465883e-17, 1.59127198e-16, 8.615234334e-17, 4.354986885e-17, 2.984372797e-17, 2.041933743e-17, 1.396092242e-17, 9.541988287e-18, 6.520705332e-18, 4.455720709e-18, 3.044571862e-18, 2.080306971e-18, 1.421429451e-18, 9.712290092e-19, 6.636166245e-19, 4.534323792e-19, 3.098187113e-19, 2.116911404e-19, 1.446430887e-19, 9.883088298e-20], "r": [0, 0.1224530956, 0.05541853257, 0.02883336812, 0.01681302751, 0.01056448979, 0.006923193565, 0.004636037515, 0.003137500981, 0.002134122508, 0.001455105009, 0.0009932490003, 0.0006783458898, 0.0004633953329, 0.0003165937914, 0.0002163100344, 0.0001477957525, 0.0001009839592, 6.899938922e-05, 4.714538947e-05, 3.221319023e-05], "pi": [0, -0.1566838125, -0.1005044086, -0.06657664908, -0.04482012422, -0.03041021572, -0.02071002129, -0.01412872228, -0.009646788332, -0.006589162059, -0.004501488115, -0.003075521476, -0.002101351063, -0.001435775409, -0.000981020704, -0.0006703036702, -0.0004580003883, -0.0003129395696, -0.0002138234321, -0.0001460999932, -9.982633691e-05], "e": [0, 0, 0, 0, 0, 0, 0, 0, 0, 0, 0, 0, 0, 0, 0, 0, 0, 0, 0, 0, 0], "g": [0, -0.276618128, -0.0008324552806, 0.05959692849, 0.05995814351, 0.04711862892, 0.03416156155, 0.02397050937, 0.0165794778, 0.01139261063, 0.007804829417, 0.005339409621, 0.003650381616, 0.002494883124, 0.001704903886, 0.00116498539, 0.0007960263317, 0.0005439112158, 0.0003716427045, 0.0002539345611, 0.0001735071443], "q": [0, 1.36254599e-17, -1.953330327e-17, -2.705953416e-17, -2.668487377e-17, -2.144087773e-17, -1.590387756e-17, -1.13563131e-17, -7.950486967e-18, -5.506830035e-18, -3.791689873e-18, -2.602063689e-18, -1.782321943e-18, -1.219526521e-18, -8.339370387e-19, -5.70066718e-19, -3.896126154e-19, -2.662514081e-19, -1.819379355e-19, -1.243194078e-19, -8.494653758e-20], "x": [0, -0.276618128, -0.2774505833, -0.2178536548, -0.1578955113, -0.1107768824, -0.07661532087, -0.0526448115, -0.0360653337, -0.02467272308, -0.01686789366, -0.01152848404, -0.007878102423, -0.005383219299, -0.003678315413, -0.002513330023, -0.001717303691, -0.001173392475, -0.0008017497709, -0.0005478152097, -0.0003743080654], "interest": [0, 0.4898123823, 0.2216741303, 0.1153334725, 0.06725211006, 0.04225795918, 0.02769277426, 0.01854415006, 0.01255000392, 0.00853649003, 0.005820420036, 0.003972996001, 0.002713383559, 0.001853581331, 0.001266375166, 0.0008652401377, 0.0005911830099, 0.0004039358368, 0.0002759975569, 0.0001885815579, 0.0001288527609], "inflation": [0, -0.1566838125, -0.2571882211, -0.3237648702, -0.3685849944, -0.2423113976, -0.1625170103, -0.1100690835, -0.07489574762, -0.05107469396, -0.03486616078, -0.02381295998, -0.01626752271, -0.01111413606, -0.007593668652, -0.005188450847, -0.003545100172, -0.002422264332, -0.00165506706, -0.001130863383, -0.0007726893318], "inflationq": [0, -0.62673525, -0.4020176345, -0.2663065963, -0.1792804969, -0.1216408629, -0.08284008515, -0.0565148891, -0.03858715333, -0.02635664824, -0.01800595246, -0.0123020859, -0.008405404254, -0.005743101637, -0.003924082816, -0.002681214681, -0.001832001553, -0.001251758278, -0.0008552937283, -0.000584399973, -0.0003993053476], "output": [0, -0.276618128, -0.2774505833, -0.2178536548, -0.1578955113, -0.1107768824, -0.07661532087, -0.0526448115, -0.0360653337, -0.02467272308, -0.01686789366, -0.01152848404, -0.007878102423, -0.005383219299, -0.003678315413, -0.002513330023, -0.001717303691, -0.001173392475, -0.0008017497709, -0.0005478152097, -0.0003743080654], "outputgap": [0, -0.276618128, -0.2774505833, -0.2178536548, -0.1578955113, -0.1107768824, -0.07661532087, -0.0526448115, -0.0360653337, -0.02467272308, -0.01686789366, -0.01152848404, -0.007878102423, -0.005383219299, -0.003678315413, -0.002513330023, -0.001717303691, -0.001173392475, -0.0008017497709, -0.0005478152097, -0.0003743080654], "AUX_ENDO_LEAD_74": [0, -0.4020176345, -0.2663065963, -0.1792804969, -0.1216408629, -0.08284008515, -0.0565148891, -0.03858715333, -0.02635664824, -0.01800595246, -0.0123020859, -0.008405404254, -0.005743101637, -0.003924082816, -0.002681214681, -0.001832001553, -0.001251758278, -0.0008552937283, -0.000584399973, -0.0003993053476, -0.0002728350014], "AUX_ENDO_LEAD_78": [0, -0.2663065963, -0.1792804969, -0.1216408629, -0.08284008515, -0.0565148891, -0.03858715333, -0.02635664824, -0.01800595246, -0.0123020859, -0.008405404254, -0.005743101637, -0.003924082816, -0.002681214681, -0.001832001553, -0.001251758278, -0.0008552937283, -0.000584399973, -0.0003993053476, -0.0002728350014, -0.0001864210933], "AUX_ENDO_LEAD_82": [0, -0.1792804969, -0.1216408629, -0.08284008515, -0.0565148891, -0.03858715333, -0.02635664824, -0.01800595246, -0.0123020859, -0.008405404254, -0.005743101637, -0.003924082816, -0.002681214681, -0.001832001553, -0.001251758278, -0.0008552937283, -0.000584399973, -0.0003993053476, -0.0002728350014, -0.0001864210933, -0.0001273767082], "AUX_ENDO_LEAD_109": [0, -0.2774505833, -0.2178536548, -0.1578955113, -0.1107768824, -0.07661532087, -0.0526448115, -0.0360653337, -0.02467272308, -0.01686789366, -0.01152848404, -0.007878102423, -0.005383219299, -0.003678315413, -0.002513330023, -0.001717303691, -0.001173392475, -0.0008017497709, -0.0005478152097, -0.0003743080654, -0.00025575505], "AUX_ENDO_LEAD_113": [0, -0.2178536548, -0.1578955113, -0.1107768824, -0.07661532087, -0.0526448115, -0.0360653337, -0.02467272308, -0.01686789366, -0.01152848404, -0.007878102423, -0.005383219299, -0.003678315413, -0.002513330023, -0.001717303691, -0.001173392475, -0.0008017497709, -0.0005478152097, -0.0003743080654, -0.00025575505, -0.0001747508188], "AUX_ENDO_LEAD_117": [0, -0.1578955113, -0.1107768824, -0.07661532087, -0.0526448115, -0.0360653337, -0.02467272308, -0.01686789366, -0.01152848404, -0.007878102423, -0.005383219299, -0.003678315413, -0.002513330023, -0.001717303691, -0.001173392475, -0.0008017497709, -0.0005478152097, -0.0003743080654, -0.00025575505, -0.0001747508188, -0.0001194027161], "AUX_ENDO_LEAD_144": [0, -0.2774505833, -0.2178536548, -0.1578955113, -0.1107768824, -0.07661532087, -0.0526448115, -0.0360653337, -0.02467272308, -0.01686789366, -0.01152848404, -0.007878102423, -0.005383219299, -0.003678315413, -0.002513330023, -0.001717303691, -0.001173392475, -0.0008017497709, -0.0005478152097, -0.0003743080654, -0.00025575505], "AUX_ENDO_LEAD_148": [0, -0.2178536548, -0.1578955113, -0.1107768824, -0.07661532087, -0.0526448115, -0.0360653337, -0.02467272308, -0.01686789366, -0.01152848404, -0.007878102423, -0.005383219299, -0.003678315413, -0.002513330023, -0.001717303691, -0.001173392475, -0.0008017497709, -0.0005478152097, -0.0003743080654, -0.00025575505, -0.0001747508188], "AUX_ENDO_LEAD_152": [0, -0.1578955113, -0.1107768824, -0.07661532087, -0.0526448115, -0.0360653337, -0.02467272308, -0.01686789366, -0.01152848404, -0.007878102423, -0.005383219299, -0.003678315413, -0.002513330023, -0.001717303691, -0.001173392475, -0.0008017497709, -0.0005478152097, -0.0003743080654, -0.00025575505, -0.0001747508188, -0.0001194027161],