{"interest_": {"a": [0, 0, 0, 0, 0, 0, 0, 0, 0, 0, 0, 0, 0, 0, 0, 0, 0, 0, 0, 0, 0], "lambda": [0, 0.2118481989, -0.01884682066, -0.009420411769, -0.003440962569, 0.001681805495, 0.000251732888, -8.625308289e-05, -6.069492674e-05, 6.404232864e-06, 5.469916209e-06, 1.09469057e-07, -7.466963382e-07, -9.913293955e-08, 5.324971026e-08, 1.478618296e-08, -5.987943138e-09, -2.725937399e-09, 9.911197628e-11, 2.367273453e-10, -1.576050453e-11], "y": [0, -0.07592564879, -0.02093187186, -0.004209926686, -0.0006047497831, -0.0008946169405, -0.0004260758224, -0.0001249771841, -2.709536536e-05, -1.370881935e-05, -7.34587406e-06, -2.782916613e-06, -7.910050967e-07, -2.787195512e-07, -1.299861653e-07, -5.502686123e-08, -1.875871656e-08, -6.297124475e-09, -2.516807297e-09, -1.062030503e-09, -4.008850006e-10], "z": [0, 8.569813696e-18, 4.94962867e-17, -1.27493877e-17, 9.259117365e-18, -1.726591832e-18, -9.218138178e-20, -1.077594794e-19, 7.49431948e-20, 1.030166795e-21, -2.601915972e-21, -1.692437787e-21, 4.784614585e-22, 1.570561623e-22, -4.822575272e-24, -2.234830513e-23, 3.107007412e-25, 2.271561322e-24, 4.379357706e-25, -1.912420271e-25, -4.789563179e-26], "r": [0, 0.2336846347, -0.008320037497, -0.00581490508, -0.005302553922, 0.001418452192, 0.0003515564865, -2.060651172e-05, -6.821846295e-05, 4.54813244e-07, 5.428023211e-06, 9.347905724e-07, -6.436027063e-07, -1.583429999e-07, 3.782732112e-08, 2.161763477e-08, -3.016972833e-09, -2.852646085e-09, -1.55323902e-10, 2.584598149e-10, 2.702673569e-11], "pi": [0, -0.01819909121, 0.002989615173, 0.00110637139, 0.0001645441206, -0.0001797858579, -1.162041489e-05, 1.357051558e-05, 4.951644426e-06, -1.119303343e-06, -4.79503411e-07, 6.757605876e-08, 7.862517719e-08, 3.960692272e-09, -5.960350138e-09, -6.362061801e-10, 8.435086772e-10, 2.450329061e-10, -2.759670952e-11, -1.770853298e-11, 5.971965102e-12], "e": [0, 0, 0, 0, 0, 0, 0, 0, 0, 0, 0, 0, 0, 0, 0, 0, 0, 0, 0, 0, 0], "g": [0, -0.07592564879, 0.05499377693, 0.01672194517, 0.003605176903, -0.0002898671573, 0.000468541118, 0.0003010986384, 9.788181873e-05, 1.338654601e-05, 6.362945288e-06, 4.562957448e-06, 1.991911516e-06, 5.122855455e-07, 1.487333859e-07, 7.495930407e-08, 3.626814467e-08, 1.246159209e-08, 3.780317178e-09, 1.454776794e-09, 6.611455023e-10], "q": [0, -3.155218753e-17, -5.005533075e-17, -2.803303655e-17, -1.013605524e-17, -2.231246566e-18, -9.083898545e-19, -4.931333684e-19, -2.127253743e-19, -6.596325682e-20, -2.19144845e-20, -9.576070744e-21, -4.25737863e-21, -1.569100954e-21, -5.389871636e-22, -2.071518303e-22, -8.72559899e-23, -3.450971253e-23, -1.262827704e-23, -4.696381488e-24, -1.867701354e-24], "x": [0, -0.07592564879, -0.02093187186, -0.004209926686, -0.0006047497831, -0.0008946169405, -0.0004260758224, -0.0001249771841, -2.709536536e-05, -1.370881935e-05, -7.34587406e-06, -2.782916613e-06, -7.910050967e-07, -2.787195512e-07, -1.299861653e-07, -5.502686123e-08, -1.875871656e-08, -6.297124475e-09, -2.516807297e-09, -1.062030503e-09, -4.008850006e-10], "interest": [0, 0.9347385388, -0.03328014999, -0.02325962032, -0.02121021569, 0.005673808769, 0.001406225946, -8.242604687e-05, -0.0002728738518, 1.819252976e-06, 2.171209284e-05, 3.739162289e-06, -2.574410825e-06, -6.333719998e-07, 1.513092845e-07, 8.64705391e-08, -1.206789133e-08, -1.141058434e-08, -6.21295608e-10, 1.03383926e-09, 1.081069428e-10], "inflation": [0, -0.01819909121, -0.01520947604, -0.01410310465, -0.01393856053, 0.004080744826, 0.001079509238, -1.329163655e-05, -0.0001728841127, 5.782441767e-06, 1.692335325e-05, 3.42041373e-06, -1.452605518e-06, -3.293414828e-07, 1.442015781e-07, 7.598931314e-08, -1.792355368e-09, -5.508014735e-09, 4.247386937e-10, 1.043236341e-09, 2.056996287e-10], "inflationq": [0, -0.07279636485, 0.01195846069, 0.004425485561, 0.0006581764825, -0.0007191434314, -4.648165957e-05, 5.428206231e-05, 1.98065777e-05, -4.477213372e-06, -1.918013644e-06, 2.70304235e-07, 3.145007088e-07, 1.584276909e-08, -2.384140055e-08, -2.54482472e-09, 3.374034709e-09, 9.801316244e-10, -1.103868381e-10, -7.083413193e-11, 2.388786041e-11], "output": [0, -0.07592564879, -0.02093187186, -0.004209926686, -0.0006047497831, -0.0008946169405, -0.0004260758224, -0.0001249771841, -2.709536536e-05, -1.370881935e-05, -7.34587406e-06, -2.782916613e-06, -7.910050967e-07, -2.787195512e-07, -1.299861653e-07, -5.502686123e-08, -1.875871656e-08, -6.297124475e-09, -2.516807297e-09, -1.062030503e-09, -4.008850006e-10], "outputgap": [0, -0.07592564879, -0.02093187186, -0.004209926686, -0.0006047497831, -0.0008946169405, -0.0004260758224, -0.0001249771841, -2.709536536e-05, -1.370881935e-05, -7.34587406e-06, -2.782916613e-06, -7.910050967e-07, -2.787195512e-07, -1.299861653e-07, -5.502686123e-08, -1.875871656e-08, -6.297124475e-09, -2.516807297e-09, -1.062030503e-09, -4.008850006e-10], "AUX_ENDO_LEAD_74": [0, 0.01195846069, 0.004425485561, 0.0006581764825, -0.0007191434314, -4.648165957e-05, 5.428206231e-05, 1.98065777e-05, -4.477213372e-06, -1.918013644e-06, 2.70304235e-07, 3.145007088e-07, 1.584276909e-08, -2.384140055e-08, -2.54482472e-09, 3.374034709e-09, 9.801316244e-10, -1.103868381e-10, -7.083413193e-11, 2.388786041e-11, 1.760654711e-11], "AUX_ENDO_LEAD_78": [0, 0.004425485561, 0.0006581764825, -0.0007191434314, -4.648165957e-05, 5.428206231e-05, 1.98065777e-05, -4.477213372e-06, -1.918013644e-06, 2.70304235e-07, 3.145007088e-07, 1.584276909e-08, -2.384140055e-08, -2.54482472e-09, 3.374034709e-09, 9.801316244e-10, -1.103868381e-10, -7.083413193e-11, 2.388786041e-11, 1.760654711e-11, 2.255237543e-12], "AUX_ENDO_LEAD_82": [0, 0.0006581764825, -0.0007191434314, -4.648165957e-05, 5.428206231e-05, 1.98065777e-05, -4.477213372e-06, -1.918013644e-06, 2.70304235e-07, 3.145007088e-07, 1.584276909e-08, -2.384140055e-08, -2.54482472e-09, 3.374034709e-09, 9.801316244e-10, -1.103868381e-10, -7.083413193e-11, 2.388786041e-11, 1.760654711e-11, 2.255237543e-12, -6.099673702e-13], "AUX_ENDO_LEAD_109": [0, -0.02093187186, -0.004209926686, -0.0006047497831, -0.0008946169405, -0.0004260758224, -0.0001249771841, -2.709536536e-05, -1.370881935e-05, -7.34587406e-06, -2.782916613e-06, -7.910050967e-07, -2.787195512e-07, -1.299861653e-07, -5.502686123e-08, -1.875871656e-08, -6.297124475e-09, -2.516807297e-09, -1.062030503e-09, -4.008850006e-10, -1.404911914e-10], "AUX_ENDO_LEAD_113": [0, -0.004209926686, -0.0006047497831, -0.0008946169405, -0.0004260758224, -0.0001249771841, -2.709536536e-05, -1.370881935e-05, -7.34587406e-06, -2.782916613e-06, -7.910050967e-07, -2.787195512e-07, -1.299861653e-07, -5.502686123e-08, -1.875871656e-08, -6.297124475e-09, -2.516807297e-09, -1.062030503e-09, -4.008850006e-10, -1.404911914e-10, -5.218107749e-11], "AUX_ENDO_LEAD_117": [0, -0.0006047497831, -0.0008946169405, -0.0004260758224, -0.0001249771841, -2.709536536e-05, -1.370881935e-05, -7.34587406e-06, -2.782916613e-06, -7.910050967e-07, -2.787195512e-07, -1.299861653e-07, -5.502686123e-08, -1.875871656e-08, -6.297124475e-09, -2.516807297e-09, -1.062030503e-09, -4.008850006e-10, -1.404911914e-10, -5.218107749e-11, -2.095696476e-11], "AUX_ENDO_LEAD_144": [0, -0.02093187186, -0.004209926686, -0.0006047497831, -0.0008946169405, -0.0004260758224, -0.0001249771841, -2.709536536e-05, -1.370881935e-05, -7.34587406e-06, -2.782916613e-06, -7.910050967e-07, -2.787195512e-07, -1.299861653e-07, -5.502686123e-08, -1.875871656e-08, -6.297124475e-09, -2.516807297e-09, -1.062030503e-09, -4.008850006e-10, -1.404911914e-10], "AUX_ENDO_LEAD_148": [0, -0.004209926686, -0.0006047497831, -0.0008946169405, -0.0004260758224, -0.0001249771841, -2.709536536e-05, -1.370881935e-05, -7.34587406e-06, -2.782916613e-06, -7.910050967e-07, -2.787195512e-07, -1.299861653e-07, -5.502686123e-08, -1.875871656e-08, -6.297124475e-09, -2.516807297e-09, -1.062030503e-09, -4.008850006e-10, -1.404911914e-10, -5.218107749e-11],