{"mean":[[1742.56,569.011,2551.12,3.05648,16.2159,394.101,407.655,4.12123,5.76185,535.599,3.02122,3.98523,5.51495],[1743.12,571.334,2552.61,3.12186,15.8888,394.126,407.875,4.23806,5.81865,538.995,4.11208,3.99695,5.36528],[1743.67,573.244,2554.96,3.04057,15.6182,393.788,407.246,4.29663,5.8013,541.942,4.10825,3.65113,5.28658],[1744.24,575.015,2556.79,3.06837,15.4695,392.939,404.987,4.33532,5.82236,544.446,3.905,3.77661,5.24965],[1744.91,576.941,2557.0,3.1638,15.3804,391.834,402.803,4.38066,5.85316,547.051,3.90876,3.99227,5.2254],[1745.65,578.878,2557.9,3.16633,15.2088,390.914,402.102,4.43022,5.86109,550.084,4.13065,4.01131,5.23241],[1746.44,580.696,2559.78,3.11913,15.0655,390.031,401.71,4.46753,5.85417,553.157,4.1968,3.98512,5.27053],[1747.26,582.496,2561.65,3.10566,15.0253,389.023,400.871,4.49385,5.8573,556.064,4.094,4.0963,5.31797],[1748.11,584.367,2563.14,3.10973,15.0189,388.012,400.113,4.51865,5.86848,558.923,4.03933,4.22301,5.36458],[1748.95,586.257,2564.79,3.08928,14.9997,387.117,399.715,4.5421,5.87711,561.785,4.04985,4.26785,5.4132],[1749.79,588.123,2566.68,3.05757,15.0025,386.238,399.302,4.56078,5.88398,564.575,4.01103,4.29164,5.46259],[1750.62,589.995,2568.53,3.03863,15.0427,385.319,398.71,4.5766,5.89455,567.282,3.93333,4.34848,5.50747],[1751.45,591.894,2570.25,3.02586,15.0945,384.41,398.12,4.59275,5.90732,569.965,3.88589,4.40343,5.54665],[1752.26,593.8,2572.03,3.00665,15.1438,383.544,397.612,4.60919,5.91873,572.65,3.86623,4.43049,5.58226],[1753.07,595.701,2573.9,2.985,15.2001,382.69,397.085,4.62498,5.92914,575.324,3.83891,4.45116,5.61503],[1753.88,597.603,2575.75,2.96747,15.2665,381.834,396.504,4.64069,5.94026,577.988,3.8067,4.48123,5.64442],[1754.68,599.513,2577.6,2.95149,15.3349,380.992,395.931,4.65717,5.9517,580.659,3.78782,4.5102,5.67096],[1755.48,601.425,2579.49,2.9333,15.4015,380.173,395.389,4.67428,5.96257,583.344,3.77896,4.53121,5.69587],[1756.28,603.334,2581.42,2.91415,15.4693,379.366,394.848,4.69168,5.97316,586.038,3.76876,4.55114,5.71978],[1757.08,605.242,2583.37,2.89585,15.5393,378.567,394.302,4.70947,5.98402,588.741,3.75782,4.57432,5.74278]],"horizon":20,"q16":[[1741.63,568.151,2542.59,2.64953,14.1431,388.049,395.632,3.84712,5.47866,530.485,0.932416,2.41742,5.21907],[1741.31,569.629,2537.88,2.50109,13.26,385.645,388.985,3.79139,5.3322,531.145,1.53933,1.80932,4.8459],[1741.38,570.982,2534.15,2.33162,13.0191,383.331,383.503,3.70365,5.17525,531.154,1.43714,1.44726,4.54331],[1741.12,572.299,2532.69,2.27489,12.4167,379.947,377.067,3.67854,5.12422,531.504,0.748488,1.16993,4.3426],[1741.0,573.635,2528.94,2.24087,11.6824,377.32,370.043,3.67053,5.03462,532.601,1.18101,1.49799,4.16477],[1741.07,574.767,2526.4,2.11212,11.3719,374.138,364.789,3.60948,4.95352,533.858,1.09408,1.13444,3.97082],[1741.51,576.297,2522.62,1.97734,10.8913,372.287,359.997,3.60606,4.91873,535.365,1.02271,1.20706,3.81777],[1741.91,577.733,2522.44,1.90466,10.7923,368.571,355.662,3.5613,4.82582,537.415,0.72276,0.785643,3.65701],[1742.75,578.996,2523.62,1.82771,10.7609,367.072,353.227,3.5041,4.70867,537.703,0.905794,1.12415,3.6221],[1743.26,580.464,2524.08,1.62933,10.4986,363.508,351.335,3.43684,4.55116,538.513,0.814237,1.14974,3.52227],[1743.47,582.131,2524.52,1.54771,10.3161,359.425,347.107,3.41977,4.59298,539.623,0.480324,1.10327,3.45381],[1743.82,583.415,2521.63,1.51231,10.0122,358.202,342.297,3.37027,4.50772,540.399,0.919925,1.38458,3.55981],[1744.19,584.996,2521.33,1.44418,10.2344,357.433,340.361,3.41026,4.50147,540.198,0.876202,1.49052,3.54825],[1745.08,586.449,2522.41,1.26762,10.1909,355.202,341.894,3.30226,4.34549,540.061,0.41403,1.28706,3.48055],[1745.28,588.113,2521.34,1.12124,9.9336,354.123,338.437,3.27524,4.33688,540.619,0.369892,1.51399,3.41782],[1745.46,589.684,2520.98,1.18481,9.88532,353.113,332.705,3.27336,4.34244,542.211,0.12771,1.45135,3.32988],[1745.89,591.104,2519.34,1.04456,9.73822,351.374,331.583,3.20228,4.29117,544.041,-0.0888866,1.31002,3.33314],[1746.28,592.091,2518.0,0.951431,9.64239,348.493,322.19,3.16991,4.29085,543.143,0.373379,1.28297,3.37273],[1746.68,593.243,2516.87,0.857413,9.18158,344.956,320.154,3.08781,4.13521,544.707,0.514394,1.26894,3.34077],[1747.44,594.65,2512.44,0.722721,9.60207,343.784,318.583,3.08241,4.11188,545.975,0.112194,1.31362,3.30436]],"q84":[[1743.68,569.882,2559.78,3.4349,18.1585,400.188,420.296,4.40596,6.05735,541.179,5.255,5.67302,5.80568],[1745.06,573.031,2567.23,3.63362,18.4136,403.284,427.489,4.66845,6.28685,547.621,6.92083,5.88922,5.91602],[1746.26,575.486,2576.5,3.67736,18.7322,404.524,431.893,4.83295,6.41416,553.173,6.90649,6.06307,6.06292],[1747.26,577.827,2579.9,3.87657,18.874,405.427,435.607,4.93728,6.53002,557.889,6.83383,6.38708,6.17826],[1748.69,580.264,2587.38,4.0423,19.1029,406.063,436.97,5.04831,6.66398,563.238,7.25608,6.57733,6.38976],[1750.17,582.965,2591.54,4.20733,19.0815,406.884,440.63,5.20802,6.77846,566.649,7.62342,6.53634,6.47944],[1751.48,584.961,2593.32,4.19196,19.0316,408.541,442.651,5.4082,6.83603,571.692,7.40633,6.80781,6.6188],[1752.38,587.201,2596.23,4.36039,19.1901,409.318,441.329,5.54231,6.98377,576.344,7.61594,7.09001,6.74863],[1753.89,589.854,2601.89,4.46555,19.6254,408.882,447.47,5.56756,7.10011,581.167,8.06946,7.23828,6.87726],[1755.11,592.273,2603.7,4.48721,19.8804,410.786,448.215,5.75582,7.15322,586.433,7.68179,7.06422,7.0232],[1756.14,594.7,2611.42,4.4933,19.6447,410.573,451.855,5.90259,7.25527,588.174,7.80018,7.20819,7.17841],[1757.66,597.148,2616.95,4.54029,19.8792,412.259,455.309,5.96124,7.28014,593.934,7.50359,7.49048,7.31006],[1759.25,599.776,2624.39,4.51094,20.272,414.804,456.51,6.05816,7.37823,600.982,7.81086,7.58494,7.46725],[1759.72,602.04,2627.98,4.52652,20.6889,415.766,457.704,6.0876,7.49431,606.278,7.5799,7.49918,7.53308],[1760.69,604.344,2629.95,4.69847,20.7555,414.934,457.092,6.10605,7.61554,609.683,7.51513,7.20864,7.66116],[1762.06,606.454,2632.07,4.81558,20.8927,416.589,461.559,6.32137,7.68378,611.266,7.49874,7.62626,7.59282],[1763.64,608.941,2639.89,4.73847,21.3385,417.285,463.855,6.39793,7.75879,615.73,7.84067,7.70877,7.56525],[1764.65,611.802,2644.27,4.86411,22.2591,418.053,467.081,6.49472,7.861,620.368,7.82003,7.83817,7.83163],[1766.07,614.234,2647.7,4.96346,21.9173,417.91,467.822,6.61264,8.04271,623.563,8.12294,7.6888,7.7827],[1767.89,617.101,2652.99,5.09981,22.4012,419.945,474.539,6.74856,8.13365,631.217,8.41818,7.78151,7.86572]],