{"mean":[[2.25251,8.43524,-2.62216,3.05648,16.2159,-9.4492,-4.71193,4.12123,5.76185,17.632,3.02122,3.98523,5.51495],[2.25829,9.29058,5.97536,3.12186,15.8888,0.0990093,0.882939,4.23806,5.81865,13.5866,4.11208,3.99695,5.36528],[2.19734,7.64074,9.40456,3.04057,15.6182,-1.34961,-2.5186,4.29663,5.8013,11.7868,4.10825,3.65113,5.28658],[2.26871,7.08321,7.29584,3.06837,15.4695,-3.39848,-9.03509,4.33532,5.82236,10.0145,3.905,3.77661,5.24965],[2.68213,7.70522,0.841309,3.1638,15.3804,-4.4189,-8.73494,4.38066,5.85316,10.4212,3.90876,3.99227,5.2254],[2.97802,7.74674,3.619,3.16633,15.2088,-3.68094,-2.80555,4.43022,5.86109,12.1337,4.13065,4.01131,5.23241],[3.15935,7.27095,7.50635,3.11913,15.0655,-3.53156,-1.56881,4.46753,5.85417,12.2901,4.1968,3.98512,5.27053],[3.28442,7.20066,7.47539,3.10566,15.0253,-4.03197,-3.35634,4.49385,5.8573,11.6275,4.094,4.0963,5.31797],[3.36471,7.48367,5.96263,3.10973,15.0189,-4.04462,-3.03076,4.51865,5.86848,11.4353,4.03933,4.22301,5.36458],[3.38159,7.56027,6.60171,3.08928,14.9997,-3.58066,-1.59342,4.5421,5.87711,11.4486,4.04985,4.26785,5.4132],[3.35897,7.46469,7.58923,3.05757,15.0025,-3.51352,-1.64936,4.56078,5.88398,11.1623,4.01103,4.29164,5.46259],[3.32563,7.4882,7.37189,3.03863,15.0427,-3.67859,-2.36755,4.5766,5.89455,10.8283,3.93333,4.34848,5.50747],[3.2951,7.59546,6.904,3.02586,15.0945,-3.63492,-2.36037,4.59275,5.90732,10.7307,3.88589,4.40343,5.54665],[3.2648,7.62518,7.1183,3.00665,15.1438,-3.46536,-2.03404,4.60919,5.91873,10.7407,3.86623,4.43049,5.58226],[3.23692,7.60094,7.44985,2.985,15.2001,-3.4147,-2.10713,4.62498,5.92914,10.6956,3.83891,4.45116,5.61503],[3.21688,7.61065,7.43642,2.96747,15.2665,-3.42434,-2.32187,4.64069,5.94026,10.6532,3.8067,4.48123,5.64442],[3.20522,7.64074,7.38602,2.95149,15.3349,-3.36719,-2.29292,4.65717,5.9517,10.6841,3.78782,4.5102,5.67096],[3.19876,7.64548,7.5435,2.9333,15.4015,-3.27777,-2.16969,4.67428,5.96257,10.7412,3.77896,4.53121,5.69587],[3.19639,7.635,7.72718,2.91415,15.4693,-3.22663,-2.1621,4.69168,5.97316,10.7768,3.76876,4.55114,5.71978],[3.19852,7.63522,7.80629,2.89585,15.5393,-3.19393,-2.18706,4.70947,5.98402,10.8105,3.75782,4.57432,5.74278]],"q16":[[-1.46376,4.9919,-36.7227,2.64953,14.1431,-33.6583,-52.8007,3.84712,5.47866,-2.82141,0.932416,2.41742,5.21907],[-2.78491,4.37832,-36.689,2.50109,13.26,-23.9637,-51.3719,3.79139,5.3322,-8.67867,1.53933,1.80932,4.8459],[-2.99728,2.41366,-37.0678,2.33162,13.0191,-28.7142,-58.789,3.70365,5.17525,-12.3657,1.43714,1.44726,4.54331],[-2.81547,2.2391,-37.181,2.27489,12.4167,-30.3131,-64.7982,3.67854,5.12422,-12.2957,0.748488,1.16993,4.3426],[-2.9431,2.07342,-45.2726,2.24087,11.6824,-29.636,-65.4704,3.67053,5.03462,-11.1068,1.18101,1.49799,4.16477],[-2.66788,1.78634,-43.954,2.11212,11.3719,-31.826,-61.5896,3.60948,4.95352,-15.0126,1.09408,1.13444,3.97082],[-3.00624,2.13633,-39.6177,1.97734,10.8913,-29.3748,-59.2134,3.60606,4.91873,-12.8009,1.02271,1.20706,3.81777],[-3.2315,1.92561,-45.1291,1.90466,10.7923,-37.6411,-61.375,3.5613,4.82582,-15.386,0.72276,0.785643,3.65701],[-1.95472,1.25021,-41.3368,1.82771,10.7609,-29.283,-60.4244,3.5041,4.70867,-13.0444,0.905794,1.12415,3.6221],[-2.07314,2.70674,-41.4387,1.62933,10.4986,-35.361,-62.9069,3.43684,4.55116,-14.1033,0.814237,1.14974,3.52227],[-2.56479,2.15981,-36.9156,1.54771,10.3161,-30.9501,-57.7096,3.41977,4.59298,-13.9333,0.480324,1.10327,3.45381],[-2.1358,1.65781,-39.7186,1.51231,10.0122,-31.3112,-63.0305,3.37027,4.50772,-12.5967,0.919925,1.38458,3.55981],[-2.00978,2.00679,-39.643,1.44418,10.2344,-29.0932,-62.5608,3.41026,4.50147,-15.7944,0.876202,1.49052,3.54825],[-2.12954,2.04951,-44.5148,1.26762,10.1909,-33.7467,-60.8511,3.30226,4.34549,-18.3759,0.41403,1.28706,3.48055],[-2.85212,1.60703,-41.5796,1.12124,9.9336,-30.0895,-58.6936,3.27524,4.33688,-16.4828,0.369892,1.51399,3.41782],[-3.14397,1.50335,-45.6867,1.18481,9.88532,-32.9961,-57.9047,3.27336,4.34244,-15.3347,0.12771,1.45135,3.32988],[-3.23475,1.68799,-41.2354,1.04456,9.73822,-31.2167,-61.4256,3.20228,4.29117,-15.589,-0.0888866,1.31002,3.33314],[-2.8322,1.31423,-39.5576,0.951431,9.64239,-32.3183,-60.6066,3.16991,4.29085,-15.9416,0.373379,1.28297,3.37273],[-2.30494,2.24772,-46.4031,0.857413,9.18158,-30.916,-67.1982,3.08781,4.13521,-13.2283,0.514394,1.26894,3.34077],[-2.07346,2.429,-39.6564,0.722721,9.60207,-30.6427,-59.8232,3.08241,4.11188,-15.3324,0.112194,1.31362,3.30436]],"q84":[[6.75102,11.9177,32.027,3.4349,18.1585,14.8987,45.8515,4.40596,6.05735,39.9523,5.255,5.67302,5.80568],[7.52221,14.4079,52.4403,3.63362,18.4136,27.5461,52.9771,4.66845,6.28685,34.5596,6.92083,5.88922,5.91602],[6.97333,12.1999,53.5429,3.67736,18.7322,25.8863,52.818,4.83295,6.41416,34.0019,6.90649,6.06307,6.06292],[7.06265,12.7281,48.9736,3.87657,18.874,23.4084,46.8342,4.93728,6.53002,32.7228,6.83383,6.38708,6.17826],[7.72168,12.7622,44.6305,4.0423,19.1029,24.5176,56.9103,5.04831,6.66398,35.5608,7.25608,6.57733,6.38976],[8.75656,13.5291,47.2327,4.20733,19.0815,26.6501,50.9836,5.20802,6.77846,34.5862,7.62342,6.53634,6.47944],[8.4019,12.5506,54.3542,4.19196,19.0316,22.6068,56.9653,5.4082,6.83603,39.3553,7.40633,6.80781,6.6188],[8.00637,13.1643,47.0435,4.36039,19.1901,24.8674,49.602,5.54231,6.98377,38.2242,7.61594,7.09001,6.74863],[8.91926,13.5968,57.7641,4.46555,19.6254,21.3866,59.7232,5.56756,7.10011,38.0808,8.06946,7.23828,6.87726],[8.92034,13.4677,55.2406,4.48721,19.8804,23.9923,61.6958,5.75582,7.15322,37.2387,7.68179,7.06422,7.0232],[9.00201,13.1396,60.8634,4.4933,19.6447,27.3188,60.8773,5.90259,7.25527,36.5096,7.80018,7.20819,7.17841],[9.42537,13.3613,59.8748,4.54029,19.8792,28.584,59.0178,5.96124,7.28014,37.8695,7.50359,7.49048,7.31006],[9.67064,13.8131,64.4026,4.51094,20.272,29.5197,69.4126,6.05816,7.37823,37.306,7.81086,7.58494,7.46725],[9.43475,13.6801,53.1704,4.52652,20.6889,28.2242,58.7204,6.0876,7.49431,35.9856,7.5799,7.49918,7.53308],[8.59395,14.1433,62.6835,4.69847,20.7555,23.1854,56.9715,6.10605,7.61554,32.8002,7.51513,7.20864,7.66116],[9.80426,13.1568,56.9429,4.81558,20.8927,28.3166,63.502,6.32137,7.68378,37.6287,7.49874,7.62626,7.59282],[9.08743,13.6336,57.6068,4.73847,21.3385,27.7316,61.6455,6.39793,7.75879,36.3681,7.84067,7.70877,7.56525],[9.29675,14.2094,56.2014,4.86411,22.2591,27.0605,58.6866,6.49472,7.861,36.0936,7.82003,7.83817,7.83163],[9.36487,13.6769,62.904,4.96346,21.9173,24.9435,65.8999,6.61264,8.04271,35.6265,8.12294,7.6888,7.7827],[9.92509,13.6772,63.5463,5.09981,22.4012,25.5853,65.2774,6.74856,8.13365,41.4304,8.41818,7.78151,7.86572]],