{"mean":[[1742.71,568.793,2548.74,3.08179,16.2346,392.034,16.4636,433.186,400.835,4.00038,5.73614,534.166,1.51105,3.3596,5.44105],[1743.15,570.969,2548.02,3.15495,15.9639,390.061,16.5476,432.486,397.869,4.01584,5.73171,537.172,1.57396,3.68362,5.27192],[1743.58,572.862,2548.1,3.13603,15.5538,388.798,16.3021,432.371,396.162,4.0297,5.68098,540.243,1.81183,3.5399,5.19972],[1744.11,574.556,2549.36,3.17846,15.1984,387.737,15.9518,432.588,393.444,4.04778,5.6639,543.266,2.44372,3.67789,5.16701],[1744.79,576.304,2549.76,3.24354,15.0053,386.184,15.7233,432.956,391.136,4.07379,5.64611,546.623,2.80996,3.86867,5.14933],[1745.55,578.081,2550.92,3.2361,14.8162,384.762,15.5621,433.413,390.057,4.10175,5.61977,550.234,3.09901,4.00481,5.16309],[1746.34,579.816,2552.74,3.18984,14.6866,383.514,15.4369,434.034,389.444,4.12165,5.59147,553.736,3.19703,4.1327,5.20675],[1747.15,581.559,2554.66,3.15587,14.6462,382.335,15.3775,434.792,388.676,4.13412,5.57695,556.975,3.15159,4.32332,5.26131],[1747.95,583.349,2556.37,3.12587,14.6495,381.224,15.3768,435.625,387.961,4.1444,5.57363,560.022,3.03431,4.50259,5.31704],[1748.74,585.161,2558.09,3.08283,14.6581,380.217,15.3989,436.512,387.411,4.15428,5.57606,562.924,2.90307,4.6251,5.37418],[1749.51,586.97,2559.81,3.0364,14.6808,379.251,15.4327,437.441,386.829,4.16324,5.5837,565.676,2.76424,4.71451,5.43174],[1750.26,588.785,2561.42,2.99715,14.7253,378.267,15.4847,438.389,386.121,4.17172,5.59658,568.31,2.63109,4.79292,5.48633],[1750.98,590.614,2562.92,2.9616,14.7819,377.264,15.5533,439.335,385.381,4.18058,5.612,570.881,2.52177,4.85308,5.53674],[1751.69,592.448,2564.4,2.92547,14.8442,376.259,15.6314,440.274,384.657,4.18976,5.62769,573.422,2.43996,4.89278,5.58345],[1752.39,594.285,2565.88,2.89064,14.9147,375.247,15.7169,441.204,383.923,4.19889,5.64333,575.94,2.37729,4.9231,5.62627],[1753.08,596.125,2567.35,2.85881,14.9937,374.23,15.8102,442.121,383.168,4.20804,5.659,578.445,2.32796,4.95112,5.66451],[1753.75,597.971,2568.82,2.82868,15.0769,373.218,15.9088,443.02,382.416,4.21746,5.67434,580.947,2.28998,4.97607,5.69813],[1754.41,599.819,2570.31,2.79907,15.161,372.218,16.009,443.899,381.676,4.22728,5.6891,583.452,2.26058,4.99797,5.72766],[1755.07,601.669,2571.83,2.77018,15.2449,371.233,16.1086,444.758,380.942,4.23758,5.70339,585.962,2.23664,5.01937,5.75368],[1755.72,603.52,2573.37,2.74208,15.3278,370.261,16.2064,445.595,380.215,4.24852,5.7173,588.48,2.21686,5.04167,5.77679]],"horizon":20,"q16":[[1741.84,568.009,2538.8,2.71688,14.3805,386.026,15.1202,428.561,386.663,3.68082,5.44509,528.592,-2.26225,1.68913,5.1439],[1741.47,569.307,2532.57,2.57062,13.7644,381.002,14.4217,424.979,374.59,3.55416,5.29178,527.841,-3.98775,1.60869,4.75442],[1740.78,570.7,2524.16,2.49058,12.7751,377.849,13.9453,422.331,367.077,3.3789,5.0452,527.651,-3.8931,1.0237,4.48747],[1740.6,571.707,2523.72,2.3575,11.9546,374.65,13.2126,420.176,360.246,3.26096,4.90359,528.909,-3.11723,0.949369,4.18655],[1740.86,572.943,2523.08,2.38461,11.7331,369.972,12.9531,417.767,355.417,3.21605,4.77311,530.456,-2.34625,1.04456,4.01703],[1741.48,574.136,2518.79,2.26959,11.2838,367.25,12.47,416.245,350.413,3.12029,4.63816,532.126,-2.61772,1.13191,3.83417],[1741.83,575.437,2521.09,2.15553,11.2412,365.382,12.1146,415.519,347.963,3.07277,4.54802,534.235,-2.75,1.23085,3.81521],[1742.06,576.769,2519.49,2.04549,10.8394,363.112,11.9295,414.768,345.546,2.93353,4.3903,535.816,-2.50887,1.31872,3.65817],[1742.38,578.109,2519.7,1.89469,10.6449,360.436,11.5086,414.11,344.208,2.86687,4.27039,537.474,-2.56638,1.67284,3.40137],[1742.57,579.692,2517.47,1.72867,10.1786,358.449,11.1045,413.258,340.221,2.84049,4.14371,538.349,-3.02003,1.624,3.35331],[1743.15,580.844,2520.38,1.63548,9.71511,356.007,10.6083,414.577,343.088,2.85854,4.07238,539.475,-3.27598,1.42698,3.29599],[1744.05,581.895,2524.84,1.4472,9.10487,354.938,10.5917,412.728,337.882,2.74665,3.98109,541.173,-4.44162,1.66154,3.38269],[1744.27,583.392,2522.68,1.40353,9.26383,352.515,10.3995,411.136,334.624,2.64417,3.97678,541.497,-4.18325,1.81805,3.40211],[1744.56,584.74,2519.68,1.27887,9.47195,349.21,10.3032,409.042,328.916,2.52447,3.89124,542.855,-4.01228,1.42644,3.42429],[1744.7,586.343,2516.5,1.19895,8.94835,345.485,9.90251,407.355,324.311,2.44846,3.84389,543.492,-3.40724,1.74677,3.34142],[1745.25,587.469,2515.35,1.07858,9.24939,345.328,9.77058,406.342,322.749,2.24813,3.77176,545.534,-4.23706,1.62003,3.3751],[1745.23,588.922,2512.59,0.961488,9.18545,343.257,9.57296,406.043,322.643,2.28958,3.68593,546.529,-3.33278,1.55858,3.3103],[1745.43,590.311,2513.19,1.00312,9.09927,341.284,9.57316,406.095,319.884,2.26299,3.65811,547.844,-4.26037,1.59786,3.28883],[1744.65,591.659,2513.43,0.670936,9.65327,339.637,9.8869,406.079,312.337,2.3066,3.71104,548.885,-3.90016,1.56238,3.17017],[1745.53,593.115,2511.05,0.664612,9.12581,335.454,9.92143,404.748,306.945,2.26164,3.52588,547.499,-4.94967,1.69872,3.16264]],"q84":[[1743.79,569.662,2557.57,3.50927,18.3049,397.486,17.7626,437.581,416.539,4.27387,6.02058,540.18,5.6785,5.20391,5.74871],[1745.08,572.784,2564.54,3.74626,18.6745,397.552,18.7862,440.111,421.235,4.54832,6.2346,545.478,6.18534,5.91409,5.80174],[1746.13,575.519,2570.48,3.89031,18.3245,399.285,18.8018,443.121,425.854,4.66485,6.31907,550.368,6.35236,6.12822,5.9437],[1747.33,577.467,2577.86,3.9695,18.232,400.63,18.7452,445.43,426.877,4.81341,6.37728,556.333,7.54786,6.14156,6.03434],[1748.48,579.891,2578.09,4.12753,18.2597,401.364,18.5397,449.351,425.676,4.94718,6.53521,560.751,8.3041,6.54345,6.22557],[1749.88,582.022,2582.52,4.2426,18.676,401.978,18.8027,451.678,430.242,5.1145,6.55902,566.692,8.32997,6.98075,6.42592],[1751.25,584.262,2586.24,4.31616,19.1942,401.695,19.1196,454.86,430.925,5.21788,6.62469,572.16,9.00153,7.07842,6.64562],[1752.29,586.693,2590.71,4.44737,19.0634,402.028,19.329,457.963,436.468,5.40334,6.78498,576.463,9.10673,7.11146,6.87094],[1753.3,589.22,2595.57,4.53177,18.9441,403.353,19.6745,459.93,439.714,5.62648,6.89679,581.211,8.97341,7.18379,7.03034],[1754.48,591.924,2600.51,4.40153,19.3108,402.799,19.8317,464.119,440.364,5.63435,6.971,587.419,9.8005,7.80309,7.22766],[1756.05,594.334,2603.79,4.34587,19.8711,403.609,20.2468,467.961,437.902,5.79459,7.10888,590.894,10.0036,7.78111,7.31262],[1756.95,596.028,2607.79,4.38274,19.5468,405.618,20.5972,471.864,441.282,5.92926,7.24031,597.247,9.40984,7.3309,7.42509],[1757.87,598.453,2610.37,4.43184,20.0083,405.729,20.9327,475.298,439.374,5.94848,7.31969,600.824,8.60525,7.75907,7.49011],[1758.73,601.067,2612.09,4.35871,20.4564,404.502,21.4756,477.307,441.229,5.99979,7.27572,605.879,9.62413,8.01884,7.72337],[1760.38,603.574,2621.29,4.34714,20.4129,407.587,21.6311,480.038,445.335,6.11712,7.3054,613.069,8.98403,8.17862,7.94644],[1761.66,606.023,2625.67,4.33481,20.7267,407.346,22.2747,482.623,447.697,6.21928,7.56986,617.579,9.30506,8.26939,8.18338],[1762.78,608.49,2627.49,4.48458,21.5971,408.518,22.7885,486.944,445.569,6.3415,7.82197,620.16,10.0047,8.29969,8.22234],[1764.22,611.795,2632.94,4.33167,22.5322,407.937,23.2142,490.582,450.442,6.51703,7.89831,624.013,9.60141,8.43402,8.45113],[1765.57,614.24,2636.66,4.52867,22.151,407.702,23.7399,494.04,453.124,6.63593,8.06099,627.213,9.62792,8.46882,8.47383],[1766.56,617.03,2642.17,4.47374,23.1811,408.928,24.2427,498.997,456.131,6.76691,8.18414,636.048,9.94159,8.76199,8.34297]],