{"mean":[[1742.77,568.831,2549.06,3.06324,16.1241,392.46,16.388,433.291,402.05,3.96548,5.70632,533.739,1.727,3.21816,5.41827],[1743.3,570.981,2549.46,3.10605,15.8017,391.142,16.412,433.01,400.373,3.94951,5.68639,536.172,1.76641,3.38787,5.21138],[1743.72,572.861,2550.01,3.0856,15.4531,390.263,16.1794,433.429,399.001,3.9259,5.63372,538.247,1.64686,3.0738,5.07064],[1744.14,574.618,2551.01,3.1608,15.1405,389.506,15.8694,434.15,395.778,3.9053,5.62701,540.004,1.98879,3.08168,4.94147],[1744.65,576.465,2550.58,3.27637,14.9173,388.248,15.6289,434.881,392.753,3.89815,5.61597,542.14,2.27063,3.12241,4.80461],[1745.19,578.319,2550.9,3.31623,14.6092,387.135,15.3738,435.567,390.891,3.9003,5.58994,544.701,2.63437,3.08181,4.68905],[1745.76,580.092,2551.88,3.32252,14.321,386.087,15.0969,436.291,389.327,3.89985,5.55537,547.326,2.87363,3.05218,4.60039],[1746.37,581.857,2552.9,3.3481,14.1083,384.994,14.8607,437.036,387.533,3.89649,5.53039,549.844,2.99367,3.13095,4.52479],[1746.99,583.661,2553.7,3.37431,13.9196,383.922,14.6655,437.76,385.892,3.89379,5.51053,552.321,3.05164,3.22179,4.45698],[1747.61,585.465,2554.63,3.37837,13.7215,382.96,14.4753,438.476,384.553,3.89183,5.4908,554.769,3.08759,3.2758,4.40012],[1748.23,587.248,2555.67,3.37402,13.5408,382.025,14.2899,439.196,383.257,3.88944,5.47313,557.141,3.0843,3.32729,4.35387],[1748.85,589.027,2556.62,3.37345,13.3887,381.064,14.1252,439.903,381.916,3.88737,5.45956,559.446,3.05415,3.39609,4.31497],[1749.46,590.814,2557.5,3.37036,13.2501,380.099,13.9791,440.588,380.652,3.88663,5.44795,561.725,3.02236,3.46031,4.28281],[1750.08,592.595,2558.4,3.35985,13.1195,379.145,13.8437,441.259,379.493,3.88702,5.43678,563.99,2.99534,3.51111,4.2582],[1750.69,594.369,2559.3,3.34603,13.0046,378.185,13.7208,441.922,378.373,3.88802,5.42671,566.233,2.96599,3.55951,4.24056],[1751.3,596.141,2560.18,3.33169,12.9074,377.209,13.6143,442.578,377.271,3.88965,5.41822,568.454,2.93427,3.6095,4.22848],[1751.91,597.914,2561.04,3.31522,12.8234,376.225,13.5228,443.226,376.212,3.892,5.41085,570.662,2.90397,3.65532,4.22119],[1752.51,599.686,2561.89,3.29592,12.751,375.24,13.4438,443.868,375.191,3.89489,5.4043,572.857,2.87463,3.69532,4.21821],[1753.11,601.455,2562.73,3.27522,12.6914,374.247,13.3771,444.507,374.185,3.89814,5.39877,575.035,2.84403,3.73237,4.21876],[1753.71,603.225,2563.55,3.25395,12.6441,373.245,13.3226,445.142,373.186,3.90174,5.39426,577.198,2.81249,3.76714,4.22196]],"horizon":20,"q16":[[1741.75,567.902,2539.64,2.63575,14.3097,386.68,15.0974,428.831,388.228,3.69977,5.40724,528.649,-2.28103,1.65226,5.13178],[1741.55,569.175,2534.2,2.50818,13.2385,383.788,14.1654,426.463,379.793,3.4723,5.17237,527.868,-2.61321,1.40664,4.67957],[1741.11,570.383,2528.31,2.32449,12.1903,380.193,13.215,424.297,370.232,3.25349,4.99808,526.559,-4.23223,0.551187,4.24425],[1740.94,571.659,2524.87,2.24657,11.6537,376.951,12.6223,423.356,363.459,3.1334,4.86418,525.497,-3.42832,0.550001,3.86724],[1740.64,572.882,2522.88,2.22351,11.1099,373.501,11.866,421.701,357.656,3.00715,4.69662,526.604,-3.38419,0.482982,3.58059],[1740.67,574.187,2519.62,2.19341,10.1864,370.419,11.2297,419.388,352.267,2.95746,4.56726,527.445,-3.52602,0.596584,3.39272],[1740.7,575.555,2518.73,2.1705,9.90262,368.292,10.9681,419.083,347.158,2.85268,4.47798,528.533,-4.08556,0.389417,3.09314],[1740.85,576.98,2514.39,2.04459,9.31593,366.466,10.5917,416.224,338.626,2.8342,4.38925,528.648,-3.38401,0.248276,2.95799],[1741.42,578.293,2514.98,2.02008,9.39321,365.267,9.92532,415.506,335.967,2.69657,4.33501,531.572,-2.78326,0.1966,2.78312],[1741.79,579.785,2511.26,1.86967,9.02811,361.401,9.44609,414.243,331.536,2.6102,4.26155,532.873,-3.61836,0.290572,2.66666],[1741.81,581.1,2505.38,1.81931,8.64334,359.123,8.86657,412.454,325.394,2.45685,4.11781,533.227,-3.61965,0.184133,2.45344],[1741.91,582.442,2509.13,1.76355,8.55734,356.353,8.85312,412.031,319.59,2.2599,3.9937,535.029,-3.18065,0.423059,2.51989],[1742.34,584.064,2506.31,1.67365,8.514,354.551,8.8663,409.705,319.291,2.26699,3.84554,535.882,-3.22498,0.436993,2.2543],[1742.4,585.325,2506.95,1.54715,8.4557,351.272,8.62786,410.545,318.06,2.28465,3.79764,534.678,-2.84729,0.448439,2.1201],[1742.62,587.06,2506.03,1.38383,7.79358,350.992,8.16842,406.907,313.876,2.28038,3.66854,536.531,-3.4166,0.685767,2.23752],[1742.91,588.282,2503.71,1.40352,7.78915,350.245,8.14323,405.093,311.803,2.32795,3.5614,539.164,-3.77145,0.487211,2.16199],[1743.31,589.834,2500.65,1.2616,7.089,348.84,7.83721,404.925,301.789,2.38496,3.52098,539.398,-3.78403,0.210508,2.11917],[1743.57,591.348,2502.34,1.15281,7.14046,344.445,7.30159,404.328,297.915,2.23245,3.42514,541.705,-3.19779,0.549681,2.1302],[1743.8,592.093,2500.48,1.15287,6.79185,342.853,6.78711,402.872,297.591,2.2035,3.35964,541.483,-3.8208,0.609297,2.10721],[1744.04,593.761,2497.75,1.14995,6.95487,340.151,6.69736,401.152,295.157,2.10047,3.3168,541.159,-3.40012,0.809531,2.1116]],"q84":[[1743.75,569.789,2558.5,3.4371,18.0898,397.705,17.8321,437.532,415.678,4.28354,6.01443,539.372,5.75713,4.93386,5.74948],[1745.16,572.786,2564.79,3.59959,18.7163,398.82,18.6607,440.228,424.0,4.44507,6.11138,545.249,6.64649,5.64374,5.81967],[1746.51,575.08,2572.34,3.72272,18.7274,401.484,18.9135,443.482,432.108,4.54885,6.1952,551.052,6.70631,5.51371,5.97069],[1747.62,577.292,2577.18,3.89401,18.9193,404.004,19.0938,447.058,432.15,4.60526,6.32126,554.084,7.24245,5.8821,5.92857],[1748.79,579.704,2579.29,4.13743,18.8404,403.724,18.8861,449.594,433.037,4.69146,6.39755,560.268,8.04009,5.87446,5.98486],[1750.4,581.869,2585.93,4.27665,19.0014,404.477,18.8328,453.533,436.472,4.80957,6.50376,564.076,7.95031,5.79476,6.01657],[1751.31,584.235,2589.75,4.32199,19.0325,405.192,19.4252,456.583,439.368,4.86658,6.56341,567.816,8.62065,5.76336,6.08478],[1752.51,586.197,2591.62,4.35313,18.4729,405.721,19.0174,459.77,440.461,5.01532,6.61956,571.905,8.26134,5.86006,6.21803],[1753.55,588.233,2594.12,4.50126,18.5622,406.032,18.5857,462.524,438.978,5.06253,6.70653,576.667,8.80183,5.90761,6.19774],[1754.17,590.387,2596.78,4.59123,18.3658,404.359,18.8445,465.632,439.092,5.11444,6.63414,580.394,9.39394,6.19329,6.19168],[1755.01,592.684,2600.41,4.69677,18.774,406.452,19.0742,468.82,444.116,5.20368,6.74029,582.88,8.83678,6.52939,6.38647],[1756.06,595.012,2605.45,4.67061,18.6902,406.809,19.3828,470.086,448.297,5.25776,6.75355,586.266,9.66899,6.5063,6.30025],[1756.56,597.395,2609.62,4.81041,18.3778,407.067,19.2605,474.117,451.335,5.36491,6.8777,590.873,9.26186,6.5058,6.48023],[1758.19,599.685,2614.61,4.79257,18.1612,406.913,19.4185,477.002,448.755,5.42997,6.94032,593.709,9.51939,6.49758,6.40456],[1759.09,601.705,2619.65,4.86817,18.175,405.185,19.3675,478.548,448.493,5.46375,7.10905,598.209,9.95008,6.83142,6.47537],[1760.21,603.884,2619.73,4.88558,18.517,406.892,19.2414,482.567,452.463,5.65739,7.14144,601.415,10.0395,6.89165,6.59936],[1760.3,605.975,2621.52,4.90392,18.8237,409.382,19.3177,484.644,456.281,5.54831,7.05544,605.838,10.0011,7.06733,6.57433],[1761.66,608.326,2625.72,4.73928,19.6119,409.116,19.7639,486.522,456.974,5.62487,7.15903,607.78,9.55316,6.69909,6.73973],[1763.24,610.348,2631.61,4.71174,19.3961,412.05,19.9376,487.476,462.726,5.63799,7.17238,611.165,9.00355,7.0393,6.7486],[1764.1,612.668,2635.37,4.77421,19.5715,411.196,20.1159,490.729,463.475,5.66945,7.38329,614.882,9.70986,7.41928,6.82684]],