{"mean":[[3.11584,7.71395,-10.8336,3.06324,16.1241,-16.0117,16.388,-1.44398,-27.1326,3.96548,5.70632,10.1948,1.727,3.21816,5.41827],[2.09129,8.59974,1.57064,3.10605,15.8017,-5.27517,16.412,-1.12505,-6.70552,3.94951,5.68639,9.7315,1.76641,3.38787,5.21138],[1.6901,7.52043,2.21501,3.0856,15.4531,-3.51456,16.1794,1.67468,-5.48965,3.9259,5.63372,8.30016,1.64686,3.0738,5.07064],[1.68145,7.02804,4.00499,3.1608,15.1405,-3.02805,15.8694,2.88267,-12.8894,3.9053,5.62701,7.02666,1.98879,3.08168,4.94147],[2.03715,7.38675,-1.70574,3.27637,14.9173,-5.03344,15.6289,2.92627,-12.0999,3.89815,5.61597,8.54464,2.27063,3.12241,4.80461],[2.16922,7.41524,1.26773,3.31623,14.6092,-4.44849,15.3738,2.74499,-7.45026,3.9003,5.58994,10.2448,2.63437,3.08181,4.68905],[2.29628,7.09249,3.92529,3.32252,14.321,-4.19255,15.0969,2.89294,-6.25568,3.89985,5.55537,10.5005,2.87363,3.05218,4.60039],[2.41642,7.06004,4.06738,3.3481,14.1083,-4.37437,14.8607,2.98051,-7.17716,3.89649,5.53039,10.0718,2.99367,3.13095,4.52479],[2.48561,7.21656,3.20966,3.37431,13.9196,-4.28507,14.6655,2.89742,-6.56327,3.89379,5.51053,9.90721,3.05164,3.22179,4.45698],[2.48652,7.21758,3.7141,3.37837,13.7215,-3.85144,14.4753,2.86503,-5.35589,3.89183,5.4908,9.79166,3.08759,3.2758,4.40012],[2.47541,7.12917,4.13702,3.37402,13.5408,-3.73775,14.2899,2.87685,-5.18439,3.88944,5.47313,9.48924,3.0843,3.32729,4.35387],[2.47044,7.11943,3.83002,3.37345,13.3887,-3.84415,14.1252,2.82913,-5.36282,3.88737,5.45956,9.21776,3.05415,3.39609,4.31497],[2.46305,7.14463,3.51046,3.37036,13.2501,-3.86224,13.9791,2.74089,-5.05782,3.88663,5.44795,9.11623,3.02236,3.46031,4.28281],[2.45151,7.12679,3.57979,3.35985,13.1195,-3.81378,13.8437,2.68325,-4.63299,3.88702,5.43678,9.06104,2.99534,3.51111,4.2582],[2.44349,7.09498,3.63651,3.34603,13.0046,-3.84101,13.7208,2.65385,-4.48187,3.88802,5.42671,8.96915,2.96599,3.55951,4.24056],[2.43821,7.08868,3.51802,3.33169,12.9074,-3.90551,13.6143,2.62261,-4.40803,3.88965,5.41822,8.88497,2.93427,3.6095,4.22848],[2.4304,7.09185,3.41822,3.31522,12.8234,-3.93296,13.5228,2.59108,-4.23671,3.892,5.41085,8.83209,2.90397,3.65532,4.22119],[2.41925,7.0857,3.40351,3.29592,12.751,-3.94273,13.4438,2.57068,-4.08176,3.89489,5.4043,8.77893,2.87463,3.69532,4.21821],[2.40677,7.07863,3.36774,3.27522,12.6914,-3.97095,13.3771,2.55592,-4.02417,3.89814,5.39877,8.71339,2.84403,3.73237,4.21876],[2.39321,7.07865,3.28471,3.25395,12.6441,-4.00594,13.3226,2.53832,-3.9985,3.90174,5.39426,8.65301,2.81249,3.76714,4.22196]],"q16":[[-0.961412,3.9956,-48.5342,2.63575,14.3097,-39.1329,15.0974,-19.2877,-82.4192,3.69977,5.40724,-10.1663,-2.28103,1.65226,5.13178],[-2.49254,3.63178,-38.0886,2.50818,13.2385,-29.6228,14.1654,-17.979,-63.8653,3.4723,5.17237,-11.5401,-2.61321,1.40664,4.67957],[-3.78643,2.35704,-43.951,2.32449,12.1903,-29.7344,13.215,-16.7918,-71.3998,3.25349,4.99808,-18.3378,-4.23223,0.551187,4.24425],[-3.20285,1.85912,-42.1219,2.24657,11.6537,-31.8649,12.6223,-16.3606,-78.4518,3.1334,4.86418,-19.7233,-3.42832,0.550001,3.86724],[-3.55064,2.16019,-51.3182,2.22351,11.1099,-33.4068,11.866,-18.2097,-67.7251,3.00715,4.69662,-14.996,-3.38419,0.482982,3.58059],[-3.03016,2.03586,-45.8857,2.19341,10.1864,-30.6945,11.2297,-17.8159,-72.1709,2.95746,4.56726,-15.9325,-3.52602,0.596584,3.39272],[-2.77039,1.36334,-47.1055,2.1705,9.90262,-31.7826,10.9681,-15.5853,-75.0721,2.85268,4.47798,-16.9898,-4.08556,0.389417,3.09314],[-2.80452,1.61173,-49.8477,2.04459,9.31593,-31.1623,10.5917,-16.8507,-76.8484,2.8342,4.38925,-18.6252,-3.38401,0.248276,2.95799],[-2.56387,1.28735,-48.3428,2.02008,9.39321,-35.8563,9.92532,-15.924,-71.2884,2.69657,4.33501,-13.888,-2.78326,0.1966,2.78312],[-2.86875,1.91966,-49.015,1.86967,9.02811,-32.5818,9.44609,-17.672,-78.3312,2.6102,4.26155,-14.5551,-3.61836,0.290572,2.66666],[-3.26094,0.559072,-46.0826,1.81931,8.64334,-29.453,8.86657,-17.1427,-72.83,2.45685,4.11781,-17.4995,-3.61965,0.184133,2.45344],[-3.7686,1.15041,-46.8126,1.76355,8.55734,-32.6301,8.85312,-18.6641,-75.5011,2.2599,3.9937,-19.0068,-3.18065,0.423059,2.51989],[-3.8159,1.59819,-48.9301,1.67365,8.514,-29.3703,8.8663,-20.1804,-64.8775,2.26699,3.84554,-17.1589,-3.22498,0.436993,2.2543],[-3.38112,0.967463,-41.3859,1.54715,8.4557,-28.7463,8.62786,-19.6528,-64.8017,2.28465,3.79764,-15.0191,-2.84729,0.448439,2.1201],[-2.8329,2.0405,-43.9309,1.38383,7.79358,-30.4466,8.16842,-20.6774,-70.8234,2.28038,3.66854,-16.9192,-3.4166,0.685767,2.23752],[-2.65816,2.02655,-47.5818,1.40352,7.78915,-29.302,8.14323,-19.3345,-68.6127,2.32795,3.5614,-17.6025,-3.77145,0.487211,2.16199],[-3.07529,1.14813,-49.9839,1.2616,7.089,-30.3034,7.83721,-20.6165,-81.0093,2.38496,3.52098,-19.3553,-3.78403,0.210508,2.11917],[-3.59919,0.997358,-47.5974,1.15281,7.14046,-33.135,7.30159,-19.2978,-72.652,2.23245,3.42514,-18.2857,-3.19779,0.549681,2.1302],[-2.79098,0.373449,-48.6717,1.15287,6.79185,-32.9809,6.78711,-21.1174,-67.9931,2.2035,3.35964,-15.8573,-3.8208,0.609297,2.10721],[-3.53903,0.866583,-51.745,1.14995,6.95487,-32.8125,6.69736,-22.9024,-73.6256,2.10047,3.3168,-21.1198,-3.40012,0.809531,2.1116]],"q84":[[7.01363,11.5437,26.9044,3.4371,18.0898,4.96675,17.8321,15.5193,27.3812,4.28354,6.01443,32.7255,5.75713,4.93386,5.74948],[6.98294,13.3865,50.1796,3.59959,18.7163,15.8823,18.6607,18.7344,56.0322,4.44507,6.11138,34.3359,6.64649,5.64374,5.81967],[7.29378,11.8361,50.5951,3.72272,18.7274,26.108,18.9135,22.8566,58.1949,4.54885,6.1952,32.6932,6.70631,5.51371,5.97069],[7.00247,11.9,49.028,3.89401,18.9193,24.9142,19.0938,23.6935,53.4272,4.60526,6.32126,32.4477,7.24245,5.8821,5.92857],[8.27578,12.8377,50.1182,4.13743,18.8404,22.3791,18.8861,23.3631,59.5468,4.69146,6.39755,35.764,8.04009,5.87446,5.98486],[7.76181,12.3487,50.2632,4.27665,19.0014,23.4814,18.8328,22.5046,51.9562,4.80957,6.50376,37.0266,7.95031,5.79476,6.01657],[7.5231,12.5138,56.6215,4.32199,19.0325,23.015,19.4252,26.8291,54.9478,4.86658,6.56341,36.4929,8.62065,5.76336,6.08478],[7.53962,12.4008,52.0315,4.35313,18.4729,23.282,19.0174,23.8267,55.1819,5.01532,6.61956,34.7935,8.26134,5.86006,6.21803],[8.00437,12.6935,55.1945,4.50126,18.5622,22.9418,18.5857,23.4373,70.99,5.06253,6.70653,36.5672,8.80183,5.90761,6.19774],[7.41123,12.5508,57.3183,4.59123,18.3658,25.5566,18.8445,22.5993,66.8354,5.11444,6.63414,37.7265,9.39394,6.19329,6.19168],[7.84155,13.3249,55.836,4.69677,18.774,23.6773,19.0742,23.2993,61.6096,5.20368,6.74029,36.6686,8.83678,6.52939,6.38647],[8.09294,13.0993,57.8833,4.67061,18.6902,25.3384,19.3828,23.7675,58.7516,5.25776,6.75355,35.0275,9.66899,6.5063,6.30025],[8.80977,13.5505,50.3132,4.81041,18.3778,25.1982,19.2605,24.5488,68.8368,5.36491,6.8777,37.6826,9.26186,6.5058,6.48023],[8.11786,13.3185,57.3669,4.79257,18.1612,23.2804,19.4185,26.4492,58.9937,5.42997,6.94032,36.2845,9.51939,6.49758,6.40456],[8.0054,12.2086,53.8489,4.86817,18.175,24.9469,19.3675,26.861,66.3787,5.46375,7.10905,37.5138,9.95008,6.83142,6.47537],[8.33215,12.2828,60.0964,4.88558,18.517,24.3337,19.2414,24.8594,63.5595,5.65739,7.14144,35.8393,10.0395,6.89165,6.59936],[8.9157,13.0237,57.6718,4.90392,18.8237,25.739,19.3177,24.5889,66.7671,5.54831,7.05544,39.0034,10.0011,7.06733,6.57433],[8.49972,12.6757,57.8754,4.73928,19.6119,28.0179,19.7639,23.4461,62.0999,5.62487,7.15903,37.0581,9.55316,6.69909,6.73973],[8.87387,12.6593,53.5147,4.71174,19.3961,28.1485,19.9376,23.6849,68.4176,5.63799,7.17238,37.8648,9.00355,7.0393,6.7486],[8.59367,13.8363,57.0087,4.77421,19.5715,28.3231,20.1159,23.5053,62.5923,5.66945,7.38329,32.9846,9.70986,7.41928,6.82684]],