{"interest_": {"Yhat": [0, -1.702028501, -1.194329932, -0.8514037949, -0.617631788, -0.4568250627, -0.3452302092, -0.2671162883, -0.2119714756, -0.1727090266, -0.1445100324, -0.1240706644, -0.1091082484, -0.09803427742, -0.08973600123, -0.08342924892, -0.07855840214, -0.07472785773, -0.07165470588, -0.06913582463, -0.06702485009], "chat": [0, -5.002128971, -3.793091378, -2.856070858, -2.139023103, -1.595452505, -1.186300231, -0.8799744092, -0.6515603193, -0.4817551187, -0.3557960819, -0.2625013081, -0.1934630728, -0.142395057, -0.1046174365, -0.07665795315, -0.05594687047, -0.04058599889, -0.02917511002, -0.02068223427, -0.01434718436], "c1hat": [0, -0.4765937351, -0.1443311507, 0.02853503375, 0.1101647117, 0.1407006132, 0.1435999843, 0.1324183908, 0.1148632511, 0.09521009528, 0.07573835928, 0.05758106271, 0.04122488652, 0.02680231762, 0.01426057391, 0.003457861719, -0.005782947887, -0.01364537758, -0.02030459775, -0.02592068706, -0.03063629331], "c2hat": [0, -2.040985556, -1.56684469, -1.239627478, -1.006452597, -0.8347109084, -0.7041129891, -0.601880882, -0.5198377333, -0.4526434034, -0.3967223793, -0.3496102239, -0.3095533295, -0.2752622099, -0.2457580712, -0.2202762334, -0.1982043601, -0.179042137, -0.1623742867, -0.1478519741, -0.1351795776], "Ihat": [0, -2.3691312, -1.821121433, -1.399982836, -1.079526134, -0.8374301989, -0.6554739034, -0.5191970041, -0.4173465269, -0.3412884406, -0.2844673782, -0.2419456139, -0.2100264845, -0.1859554436, -0.1676874029, -0.1537082361, -0.1428992893, -0.1344353649, -0.1277083878, -0.1222705652, -0.1177922234], "Khat": [0, -0.07107393601, -0.1235753609, -0.1618675852, -0.1893973416, -0.2088383274, -0.2222373946, -0.2311461829, -0.2367321932, -0.2398688807, -0.2412068356, -0.2412289989, -0.2402929235, -0.2386627991, -0.2365335372, -0.2340487782, -0.2313142935, -0.2284079257, -0.2253869395, -0.2222934483, -0.2191584116], "Xhat": [0, 1.903490746, 0.8834588762, 0.5133825271, 0.2963904497, 0.1698617406, 0.09655775532, 0.0544023897, 0.03035800313, 0.01676086703, 0.009132185358, 0.004873331341, 0.002490177001, 0.001133462016, 0.0003275326752, -0.0001889427035, -0.0005559130101, -0.0008457353078, -0.001093984182, -0.001316857484, -0.001520829553], "qhat": [0, -0.688147607, -0.317242571, -0.1109744865, -0.001503727421, 0.05172426817, 0.07286221299, 0.07621629007, 0.07019260093, 0.05967132759, 0.04743360858, 0.03501791449, 0.02323302887, 0.01246448806, 0.002856921042, -0.005578068952, -0.01289860745, -0.01919587256, -0.02457324952, -0.02913484459, -0.03297948495], "bhat": [0, -8.32051057, -6.713873275, -5.293861664, -4.108369678, -3.15323655, -2.401865122, -1.820656397, -1.376547914, -1.040269751, -0.7873676617, -0.5981345879, -0.4570697145, -0.3521880703, -0.2743387516, -0.216600318, -0.1737751819, -0.1419819299, -0.1183345633, -0.1006944624, -0.08748100615], "b2hat": [0, -2.827075324, -2.730529142, -2.559073658, -2.351930447, -2.133016465, -1.916566078, -1.710695801, -1.519674076, -1.345371546, -1.188189816, -1.047656549, -0.9228059639, -0.8124207111, -0.715183889, -0.6297726927, -0.554914163, -0.489416402, -0.4321840209, -0.3822235918, -0.3386429028], "hhat": [0, -7.671005414, -6.430032604, -5.210728259, -4.129558045, -3.223199392, -2.489263005, -1.908404137, -1.455872398, -1.107175096, -0.8405428727, -0.6377237929, -0.4839567714, -0.367586735, -0.2795633949, -0.2129425201, -0.162441739, -0.1240679005, -0.09481580801, -0.07243058364, -0.05522343424], "h2hat": [0, -2.177570169, -2.446688471, -2.475940253, -2.373118814, -2.202979307, -2.003963962, -1.798443541, -1.598998559, -1.41227689, -1.241365027, -1.087245754, -0.9496930208, -0.8278193758, -0.7204085323, -0.6261148948, -0.5435807201, -0.4715023726, -0.4086652656, -0.3539597131, -0.3063853309], "pihat": [0, -0.3278688456, -0.1661473635, -0.09122943766, -0.04764050918, -0.02242457466, -0.007924015417, 0.0003675339203, 0.005087951888, 0.007771394435, 0.009303066183, 0.01018880009, 0.01071423673, 0.01103836053, 0.01124813066, 0.01139014534, 0.01148881591, 0.01155666671, 0.01160007519, 0.01162239887, 0.01162562485], "Rhat": [0, 0.1661152209, 0.0816367468, 0.03398916878, 0.008111326869, -0.005024644383, -0.01081405951, -0.01246718781, -0.01188176143, -0.01016866982, -0.007968496477, -0.00564193945, -0.003384208369, -0.001293613045, 0.0005874331406, 0.002248006308, 0.003694237018, 0.004940855015, 0.006006309554, 0.006910018605, 0.007670877572], "rrhat": [0, 0.3322625844, 0.1728661845, 0.08162967796, 0.03053590153, 0.002899371034, -0.01118159343, -0.0175551397, -0.01965315587, -0.019471736, -0.01815729657, -0.01635617618, -0.0144225689, -0.01254174371, -0.0108027122, -0.009240809606, -0.007862429696, -0.00665922017, -0.005616089311, -0.004715606242, -0.003940321394], "Yhatf": [0, 2.490119648e-15, 2.262494605e-15, 1.585979493e-15, 1.260598856e-15, 9.896682454e-16, 7.754951116e-16, 6.125217673e-16, 4.923673682e-16, 4.063557135e-16, 3.466555603e-16, 3.066877366e-16, 2.811660547e-16, 2.659729047e-16, 2.579757051e-16, 2.548372976e-16, 2.548442998e-16, 2.567620491e-16, 2.597170702e-16, 2.631045058e-16, 2.665166891e-16], "chatf": [0, 1.646726199e-14, 1.80597975e-14, 1.445281631e-14, 1.151904092e-14, 9.032228627e-15, 6.999349441e-15, 5.376328844e-15, 4.101091618e-15, 3.110090827e-15, 2.345776232e-15, 1.759266907e-15, 1.310621202e-15, 9.680160971e-16, 7.065312258e-16, 5.068865966e-16, 3.542931178e-16, 2.374742393e-16, 1.478663499e-16, 7.898237458e-17, 2.591443093e-17], "c1hatf": [0, -1.116483963e-15, -2.426687846e-15, -2.801216274e-15, -2.723729216e-15, -2.582957189e-15, -2.406426653e-15, -2.212224765e-15, -2.012206733e-15, -1.814065641e-15, -1.622692747e-15, -1.441081753e-15, -1.270936666e-15, -1.113084857e-15, -9.677605788e-16, -8.34801302e-16, -7.137846531e-16, -6.041243989e-16, -5.051378782e-16, -4.160933171e-16, -3.362428468e-16], "c2hatf": [0, -1.309348506e-15, -2.466216952e-15, -2.046203963e-15, -1.320526933e-15, -6.888336262e-16, -1.670074116e-16, 2.477288749e-16, 5.666067862e-16, 8.038125517e-16, 9.736582794e-16, 1.089248573e-15, 1.161962241e-15, 1.201359855e-15, 1.215298167e-15, 1.210131153e-15, 1.19093406e-15, 1.161718851e-15, 1.12562709e-15, 1.085095725e-15, 1.041996047e-15], "Ihatf": [0, 7.754611785e-15, 8.906860655e-15, 7.453503254e-15, 6.237749283e-15, 5.17106798e-15, 4.274120433e-15, 3.539145562e-15, 2.94650135e-15, 2.473255993e-15, 2.097348014e-15, 1.799345441e-15, 1.562956068e-15, 1.374930414e-15, 1.224705417e-15, 1.103970271e-15, 1.006242914e-15, 9.264952447e-16, 8.608388368e-16, 8.062700099e-16, 7.604675391e-16], "Khatf": [0, 2.326383536e-16, 4.884684182e-16, 6.893354113e-16, 8.461562261e-16, 9.6595239e-16, 1.055605143e-15, 1.121227669e-15, 1.167966024e-15, 1.200011087e-15, 1.220702788e-15, 1.232664326e-15, 1.237935653e-15, 1.238092704e-15, 1.234347877e-15, 1.227631766e-15, 1.218658086e-15, 1.207974441e-15, 1.196001565e-15, 1.18306343e-15, 1.169410205e-15], "qhatf": [0, -1.433280941e-15, -2.657880237e-15, -2.85580062e-15, -2.650043947e-15, -2.417083081e-15, -2.175221586e-15, -1.935627076e-15, -1.704974153e-15, -1.487083115e-15, -1.283953414e-15, -1.09642147e-15, -9.24583427e-16, -7.680695326e-16, -6.262239568e-16, -4.98223642e-16, -3.831573664e-16, -2.800784926e-16, -1.880400775e-16, -1.061180049e-16, -3.342588723e-17], "bhatf": [0, -1.980862958e-14, -3.42348076e-14, -3.441269856e-14, -3.304821981e-14, -3.096624451e-14, -2.849906965e-14, -2.58732925e-14, -2.323956093e-14, -2.069446771e-14, -1.829656592e-14, -1.607800537e-14, -1.405292904e-14, -1.222348575e-14, -1.05840989e-14, -9.124466229e-15, -7.831641099e-15, -6.691453086e-15, -5.689456402e-15, -4.811543542e-15, -4.044323795e-15], "b2hatf": [0, -5.930292088e-16, -8.24301397e-15, -3.79553382e-15, -8.646023016e-17, 2.652043272e-15, 4.578235389e-15, 5.85335251e-15, 6.623117011e-15, 7.011061562e-15, 7.117807933e-15, 7.023082843e-15, 6.788753884e-15, 6.462014157e-15, 6.078310992e-15, 5.663863884e-15, 5.237744084e-15, 4.813547909e-15, 4.400719175e-15, 4.005580924e-15, 3.632132628e-15],