{"interest_": {"Yhat": [0, -0.5764779639, -0.3514518426, -0.2313014921, -0.1622239737, -0.1195751845, -0.09161460493, -0.07243616021, -0.05886083327, -0.04904659936, -0.04184917885, -0.03651573254, -0.032529591, -0.02952592434, -0.02724242778, -0.02548843451, -0.02412446054, -0.02304809731, -0.02218401448, -0.02147675271, -0.02088547347], "chat": [0, -1.656468751, -1.178601703, -0.8522427074, -0.6223746478, -0.4572291011, -0.3371246858, -0.2491340304, -0.1843903246, -0.1366305668, -0.1013471511, -0.07525827404, -0.05595804258, -0.04167549857, -0.03110395061, -0.02327793392, -0.01748353749, -0.01319262347, -0.01001438783, -0.007659610628, -0.005914237409], "c1hat": [0, -0.1864221088, -0.01989018552, 0.04134013121, 0.05890132123, 0.0589859217, 0.05263907936, 0.04444384011, 0.03623675681, 0.02869597209, 0.02201872282, 0.01620930168, 0.01120052834, 0.006904194931, 0.003231323792, 9.969084601e-05, -0.002563940186, -0.004823708723, -0.006735338834, -0.008347057083, -0.009700524015], "c2hat": [0, -0.6740730878, -0.4553388732, -0.3403577439, -0.2727801492, -0.2280479537, -0.1952807181, -0.1695089848, -0.1483400178, -0.130522998, -0.1153287553, -0.1022792495, -0.09102760445, -0.08130326056, -0.07288555055, -0.0655898947, -0.05925977564, -0.05376150273, -0.04898043626, -0.04481806076, -0.04118961161], "Ihat": [0, -0.7812772985, -0.562907101, -0.4162895891, -0.3140996349, -0.2410793634, -0.188061821, -0.1491720375, -0.1204509445, -0.0991346736, -0.0832486253, -0.07136159533, -0.06242714705, -0.05567619423, -0.05054176694, -0.04660515033, -0.04355679604, -0.04116772057, -0.03926847486, -0.03773363675, -0.03647035685], "Khat": [0, -0.02343831896, -0.03962238242, -0.05092239862, -0.05881771571, -0.06428556514, -0.06799885281, -0.07043404835, -0.07193455524, -0.07275055879, -0.07306550078, -0.07301438362, -0.07269676652, -0.07218614935, -0.07153681788, -0.07078886786, -0.0699719057, -0.06910778015, -0.06821260099, -0.06729823206, -0.0663733958], "Xhat": [0, 0.6545175175, 0.2251997455, 0.09801408333, 0.0433334621, 0.01973031054, 0.009460811805, 0.004923306589, 0.002859594046, 0.001871812044, 0.001359084078, 0.001062130125, 0.0008682200417, 0.000727614212, 0.0006177495115, 0.0005278749561, 0.0004524481321, 0.0003882865293, 0.0003333297171, 0.0002860938289, 0.0002454246673], "qhat": [0, -0.2536468322, -0.07377254632, -0.001312244023, 0.02528683774, 0.0324974636, 0.03172024829, 0.02786714332, 0.02304839129, 0.01815944358, 0.01356622554, 0.009402568915, 0.005700318793, 0.002446892199, -0.0003888684278, -0.00284486971, -0.004960264025, -0.006772870562, -0.008317995262, -0.009627946182, -0.0107319075], "bhat": [0, -2.876100975, -2.218817451, -1.683064125, -1.265491097, -0.9474697907, -0.7082965335, -0.5296860968, -0.3968368593, -0.2982510006, -0.2251867417, -0.1710752946, -0.1310132152, -0.1013540556, -0.07939214305, -0.06312253435, -0.05106077344, -0.04210838318, -0.03545283814, -0.03049333021, -0.02678574191], "b2hat": [0, -0.9945772645, -0.874927688, -0.781219218, -0.6999523455, -0.6263208563, -0.5588073776, -0.4970064947, -0.4407908894, -0.3900241255, -0.3444868533, -0.3038794516, -0.2678466306, -0.2360037224, -0.207958204, -0.1833253035, -0.1617383727, -0.1428551591, -0.1263610701, -0.1119703289, -0.09942571134], "hhat": [0, -2.635796506, -2.156274891, -1.690789773, -1.29790396, -0.9855368813, -0.7443589161, -0.5609415713, -0.4225370876, -0.3184944754, -0.2403987318, -0.1817843867, -0.1377564409, -0.1046380583, -0.07967890628, -0.06082590136, -0.04654767142, -0.03570201803, -0.0274366102, -0.02111488964, -0.01626091119], "h2hat": [0, -0.7542727949, -0.8123851272, -0.7889448658, -0.7323652086, -0.6643879469, -0.5948697602, -0.5282619693, -0.4664911177, -0.4102676003, -0.3596988434, -0.3145885437, -0.2745898562, -0.2392877251, -0.2082449672, -0.1810286705, -0.1572252707, -0.136448794, -0.1183448422, -0.1025918884, -0.08890088063], "pihat": [0, -0.09093950731, -0.03511119904, -0.01594096386, -0.007604129671, -0.003923913307, -0.002252924228, -0.00145542547, -0.001043274398, -0.0008058847566, -0.0006517382722, -0.00054048844, -0.0004538608797, -0.0003831703631, -0.0003239563736, -0.0002736695696, -0.0002306669723, -0.0001937695363, -0.0001620622315, -0.000134799425, -0.0001113566041], "Rhat": [0, 0.1314207242, 0.04528935287, 0.00995706035, -0.003839312841, -0.008599766568, -0.009650664723, -0.009250357693, -0.008346669482, -0.007328987537, -0.006349909583, -0.00546263422, -0.004679503769, -0.003996827513, -0.003405302515, -0.002894298004, -0.002453538073, -0.002073692343, -0.001746517674, -0.001464823536, -0.0012223754], "rrhat": [0, 0.1665319233, 0.06123031673, 0.01756119002, 8.460046604e-05, -0.00634684234, -0.008195239253, -0.008207083295, -0.007540784726, -0.006677249265, -0.005809421143, -0.005008773341, -0.004296333406, -0.003672871139, -0.003131632946, -0.002663631032, -0.002259768537, -0.001911630111, -0.001611718249, -0.001353466932, -0.001131172383], "Yhatf": [0, -1.368780872e-16, -1.454286504e-15, -1.369072953e-15, -1.219700489e-15, -1.065028824e-15, -9.218188681e-16, -7.951190096e-16, -6.852888974e-16, -5.909624591e-16, -5.102745005e-16, -4.413489315e-16, -3.824758752e-16, -3.321602135e-16, -2.891192404e-16, -2.522621589e-16, -2.20664937e-16, -1.935458445e-16, -1.702435361e-16, -1.501981183e-16, -1.32935077e-16], "chatf": [0, -7.193310635e-16, -4.406755985e-16, -6.586409146e-16, -7.216352119e-16, -7.16940565e-16, -6.801257497e-16, -6.293306476e-16, -5.740370009e-16, -5.192362568e-16, -4.67493233e-16, -4.200182036e-16, -3.772518845e-16, -3.391989138e-16, -3.056243561e-16, -2.761717485e-16, -2.504342885e-16, -2.279971966e-16, -2.084620415e-16, -1.914597272e-16, -1.766564022e-16], "c1hatf": [0, -3.952024057e-16, -5.646015431e-16, -4.854345004e-16, -4.15826603e-16, -3.62857354e-16, -3.21285e-16, -2.876405033e-16, -2.595952312e-16, -2.355775074e-16, -2.145260085e-16, -1.957256556e-16, -1.786961175e-16, -1.631152586e-16, -1.487664224e-16, -1.35502229e-16, -1.232198937e-16, -1.118445977e-16, -1.013184661e-16, -9.159342781e-17, -8.262673373e-17], "c2hatf": [0, 8.955141829e-16, 9.514790001e-16, 8.927788356e-16, 8.20599324e-16, 7.451705126e-16, 6.748856434e-16, 6.116280448e-16, 5.550395271e-16, 5.041768847e-16, 4.581021855e-16, 4.160520756e-16, 3.774522332e-16, 3.418836166e-16, 3.090408887e-16, 2.786965e-16, 2.506734699e-16, 2.248262154e-16, 2.010277636e-16, 1.791616577e-16, 1.591171502e-16], "Ihatf": [0, -3.539340581e-16, -1.932140929e-16, -3.18422819e-16, -3.590466427e-16, -3.627567895e-16, -3.489997337e-16, -3.274711752e-16, -3.031415699e-16, -2.785956708e-16, -2.551616845e-16, -2.334811479e-16, -2.138109532e-16, -1.961911372e-16, -1.80541811e-16, -1.667206606e-16, -1.545574486e-16, -1.438746017e-16, -1.34499177e-16, -1.262694287e-16, -1.190379977e-16], "Khatf": [0, -1.061802174e-17, -1.237660431e-17, -1.85133311e-17, -2.591853904e-17, -3.330929379e-17, -4.013636991e-17, -4.619305537e-17, -5.14341502e-17, -5.588992584e-17, -5.962403636e-17, -6.271242439e-17, -6.523263201e-17, -6.725846838e-17, -6.885752826e-17, -7.009026068e-17, -7.100988241e-17, -7.166273929e-17, -7.208888679e-17, -7.232275694e-17, -7.239383507e-17], "qhatf": [0, -5.82466054e-16, -7.330594657e-16, -5.902297364e-16, -4.863483319e-16, -4.131552092e-16, -3.585794619e-16, -3.160045532e-16, -2.815655499e-16, -2.528754705e-16, -2.283935951e-16, -2.07092637e-16, -1.882714423e-16, -1.714427839e-16, -1.562625749e-16, -1.424835143e-16, -1.299240063e-16, -1.184470651e-16, -1.079459413e-16, -9.83343555e-17, -8.953991143e-17], "bhatf": [0, -4.391325405e-15, -4.280466563e-15, -3.514128885e-15, -2.870323508e-15, -2.338478008e-15, -1.899205262e-15, -1.536849732e-15, -1.238365501e-15, -9.927811394e-16, -7.9087798e-16, -6.249463053e-16, -4.88574303e-16, -3.764575906e-16, -2.842275777e-16, -2.082992116e-16, -1.457383089e-16, -9.414781449e-17, -5.157161101e-17, -1.64140741e-17, 1.262660137e-17],