{"interest_": {"Yhat": [0, -0.7610957332, -0.4721173455, -0.2971687003, -0.2116256745, -0.2049972948, -0.1742632115, -0.1405405748, -0.1140639136, -0.09677272921, -0.08319000142, -0.07186127881, -0.06268796035, -0.05556117139, -0.04997799375, -0.0455320631, -0.04197083253, -0.03912046417, -0.03682969143, -0.0349726923, -0.03345222183], "chat": [0, -2.224512258, -1.598735819, -1.146673823, -0.8515674418, -0.6991928999, -0.5538705625, -0.4288982753, -0.3308641941, -0.258583946, -0.2023947121, -0.1578298706, -0.1227326022, -0.09547235019, -0.07428602709, -0.05776346563, -0.04487717014, -0.03485549883, -0.0270781, -0.02104991942, -0.01638428282], "c1hat": [0, -0.2258702558, -0.01543672189, 0.08324189962, 0.1023964285, 0.05300687843, 0.0406979009, 0.0394596309, 0.03685868406, 0.02984240197, 0.02328539821, 0.01787709757, 0.01306672869, 0.008468429607, 0.004209886772, 0.0003846170857, -0.003017082108, -0.006037813912, -0.00870383603, -0.01103635563, -0.01306067835], "c2hat": [0, -0.8989806968, -0.6207167729, -0.4528926654, -0.3716201405, -0.3676569019, -0.3316177843, -0.2887692261, -0.2516633823, -0.2233227105, -0.1984594579, -0.1759877333, -0.1561346474, -0.1389916771, -0.1241371146, -0.1111963569, -0.09992031509, -0.09011585823, -0.0815945546, -0.07418314614, -0.06773213174], "Ihat": [0, -1.050126679, -0.7651413799, -0.56265184, -0.4330265429, -0.368182578, -0.3043208874, -0.248767718, -0.2050544869, -0.1727622977, -0.1474508299, -0.127162348, -0.1109968812, -0.0982651029, -0.0881935471, -0.08016434731, -0.07373071838, -0.06855793046, -0.06437582077, -0.06096835662, -0.05816682191], "Khat": [0, -0.03150380038, -0.05351292776, -0.06878709513, -0.07971427856, -0.08836832754, -0.09484690434, -0.09946452875, -0.1026322275, -0.1047361296, -0.1060175706, -0.1066519139, -0.1067822629, -0.1065267481, -0.1059767521, -0.10520238, -0.1042582301, -0.1031872211, -0.1020228791, -0.1007912434, -0.0995125108], "Xhat": [0, 0.8544177001, 0.2992096135, 0.106564775, 0.04465383652, 0.09144748235, 0.08307767094, 0.06054190997, 0.04311778701, 0.03510505717, 0.02863304527, 0.0224315058, 0.01716538019, 0.01323154185, 0.01024168685, 0.007880921247, 0.006011944611, 0.00456272207, 0.003449565341, 0.002594372972, 0.001937900257], "qhat": [0, -0.3194595078, -0.09123203903, 0.02233359968, 0.0532192274, 0.01285325551, 0.00781570564, 0.01252041556, 0.01476289708, 0.01167844412, 0.008329372266, 0.005552057743, 0.002905260918, 8.849256509e-05, -0.002700422211, -0.005310801879, -0.007706312144, -0.009892413219, -0.01186512645, -0.01362094436, -0.01516495441], "bhat": [0, -3.827736758, -2.946580207, -2.174494984, -1.59535904, -1.278449535, -1.016371722, -0.7962092648, -0.6200442341, -0.4883827783, -0.3871566, -0.3076056754, -0.2449557649, -0.1961202819, -0.1580982648, -0.1284057301, -0.1051769591, -0.08701988865, -0.07283684926, -0.06175530283, -0.05309126763], "b2hat": [0, -1.299107728, -1.144740989, -0.9823335402, -0.8639322458, -0.8461348668, -0.7924798954, -0.7220272495, -0.6510658347, -0.5884736987, -0.5301639113, -0.4752754073, -0.4244511438, -0.3783211224, -0.3367294974, -0.2993586902, -0.2659252231, -0.2361613177, -0.2097669676, -0.1864293585, -0.1658453461], "hhat": [0, -3.526071185, -2.870235185, -2.208559682, -1.657601845, -1.298574218, -1.030130407, -0.8135731087, -0.6387389603, -0.5032691543, -0.3981169584, -0.3153213052, -0.2496425566, -0.1976784026, -0.1566127326, -0.1241011171, -0.09830527769, -0.07782078433, -0.06154842449, -0.04861467114, -0.03832679756], "h2hat": [0, -0.9974421553, -1.068395968, -1.016398239, -0.9261750514, -0.86625955, -0.806238581, -0.7393910935, -0.6697605609, -0.6033600747, -0.5411242697, -0.482991037, -0.4291379354, -0.3798792431, -0.3352439652, -0.2950540772, -0.2590535417, -0.2269622133, -0.1984785428, -0.1732887268, -0.1510808761], "pihat": [0, -0.146479104, -0.07388038859, -0.04868508091, -0.03993764753, -0.03646955545, -0.02890940729, -0.02199855946, -0.01697176316, -0.01340486846, -0.01049665089, -0.008120183003, -0.006257385948, -0.004832347624, -0.003733980082, -0.002883739355, -0.00222958951, -0.001730872994, -0.00135276702, -0.001067352856, -0.0008532011881], "Rhat": [0, 0.1365531454, 0.0499935406, -0.02078311862, -0.08585910556, -0.04121838482, -0.02323682947, -0.01957271, -0.02042115055, -0.01705365465, -0.01352848364, -0.01106775483, -0.00943064671, -0.007992522917, -0.006709009041, -0.005631288703, -0.004751604798, -0.004018789137, -0.003399872458, -0.002877523905, -0.002438221824], "rrhat": [0, 0.2104335339, 0.09867862151, 0.01915452891, -0.0493895501, -0.01230897753, -0.001238270001, -0.002600946841, -0.007016282096, -0.006557003759, -0.005408300634, -0.004810368879, -0.004598299087, -0.004258542835, -0.003825269686, -0.003401699194, -0.003020731804, -0.002666022118, -0.002332519602, -0.002024322717, -0.001744419047], "Yhatf": [0, -2.436612031e-17, -4.504528946e-16, -1.757197132e-16, -5.072496304e-17, 6.948533974e-17, 9.193758461e-17, 1.266776406e-16, 1.550961932e-16, 1.737584417e-16, 1.785977409e-16, 1.75248031e-16, 1.662017708e-16, 1.529573747e-16, 1.365458353e-16, 1.181985667e-16, 9.893753872e-17, 7.952432353e-17, 6.050540276e-17, 4.228538494e-17, 2.514885843e-17], "chatf": [0, 4.625775333e-16, -3.034877611e-17, 8.215865162e-16, 1.278786513e-15, 1.789267814e-15, 1.846819626e-15, 1.944705458e-15, 2.020327765e-15, 2.06007715e-15, 2.040063038e-15, 1.983405623e-15, 1.901872433e-15, 1.802706265e-15, 1.690530827e-15, 1.570837146e-15, 1.448305578e-15, 1.326471753e-15, 1.207860211e-15, 1.094318389e-15, 9.871311651e-16], "c1hatf": [0, -1.017729256e-15, -8.59968351e-16, -4.212425945e-16, -1.840779209e-16, -1.088825618e-16, -1.780521242e-17, 3.862048418e-17, 6.436436848e-17, 6.637735746e-17, 5.894352919e-17, 4.610579134e-17, 3.003926944e-17, 1.241060856e-17, -5.112189562e-18, -2.15526529e-17, -3.642117476e-17, -4.94964929e-17, -6.069357239e-17, -7.003611099e-17, -7.762553929e-17], "c2hatf": [0, 1.94194838e-15, 2.189820585e-15, 1.398848551e-15, 7.327006879e-16, 2.714558764e-16, -2.098162575e-17, -1.971287288e-16, -3.03845887e-16, -3.617856205e-16, -3.850314216e-16, -3.849472451e-16, -3.706419384e-16, -3.481866777e-16, -3.215701153e-16, -2.934835732e-16, -2.657471087e-16, -2.395036466e-16, -2.154013553e-16, -1.937515363e-16, -1.746436276e-16], "Ihatf": [0, -1.574236543e-16, -4.056166403e-16, -1.516066842e-17, 3.933551979e-16, 4.732398421e-16, 4.154471383e-16, 4.270741962e-16, 4.635679486e-16, 4.806315098e-16, 4.744410086e-16, 4.577939297e-16, 4.350212722e-16, 4.063805462e-16, 3.727959049e-16, 3.362551402e-16, 2.984814835e-16, 2.606570336e-16, 2.23641466e-16, 1.881139626e-16, 1.545749892e-16], "Khatf": [0, -4.72270963e-18, -1.907840398e-16, -2.847542221e-16, -4.384799558e-16, -5.143462931e-16, -5.624416681e-16, -5.890541894e-16, -6.054702931e-16, -6.100277167e-16, -6.056429958e-16, -5.948973116e-16, -5.800725655e-16, -5.624802804e-16, -5.431509829e-16, -5.229039153e-16, -5.02374924e-16, -4.820116019e-16, -4.621238166e-16, -4.429211197e-16, -4.245377773e-16], "qhatf": [0, 7.065028994e-16, 8.575734483e-16, 1.043441864e-15, 1.053113367e-15, 9.810313518e-16, 8.659185599e-16, 7.759193471e-16, 6.932908514e-16, 6.123523902e-16, 5.341002117e-16, 4.627321876e-16, 3.987793444e-16, 3.417531952e-16, 2.911987796e-16, 2.468436774e-16, 2.082796747e-16, 1.749880154e-16, 1.464274339e-16, 1.220816451e-16, 1.014616387e-16], "bhatf": [0, 5.761651559e-15, 9.616130241e-15, 9.305439474e-15, 9.951049006e-15, 9.154944598e-15, 8.855604765e-15, 8.522156907e-15, 8.166775827e-15, 7.693800527e-15, 7.181816907e-15, 6.648184044e-15, 6.106276328e-15, 5.562912264e-15, 5.02980288e-15, 4.516047307e-15, 4.027998653e-15, 3.56962236e-15, 3.143457119e-15, 2.750779854e-15, 2.391794952e-15],