{"interest_": {"y": [0, -0.3909913056, -0.1983006809, -0.1005729781, -0.05100801413, -0.02586994592, -0.01312056769, -0.00665441269, -0.003374946062, -0.001711685381, -0.0008681225687, -0.000440289321, -0.0002233033596, -0.0001132536903, -5.74393435e-05, -2.913174989e-05, -1.477487032e-05, -7.493432214e-06, -3.800475071e-06, -1.927502692e-06, -9.775795288e-07], "R": [0, 0.1428104495, 0.07242976753, 0.03673450537, 0.01863079133, 0.009449055651, 0.004792316715, 0.002430539129, 0.001232706603, 0.0006251969167, 0.0003170837113, 0.00016081666, 8.156205191e-05, 4.136616389e-05, 2.097984878e-05, 1.064043685e-05, 5.396554456e-06, 2.736992888e-06, 1.388132026e-06, 7.040246727e-07, 3.57063111e-07], "pi": [0, -0.5562825012, -0.2821321016, -0.1430901072, -0.07257160269, -0.0368064405, -0.01866727497, -0.009467559208, -0.00480170124, -0.002435298718, -0.001235120544, -0.0006264212048, -0.0003177046386, -0.0001611315782, -8.172177031e-05, -4.144716893e-05, -2.102093244e-05, -1.066127342e-05, -5.407122226e-06, -2.742352588e-06, -1.390850327e-06], "z": [0, -1.577412991e-16, -6.625134563e-17, -2.782556517e-17, -1.168673737e-17, -4.908429695e-18, -2.061540472e-18, -8.658469983e-19, -3.636557393e-19, -1.527354105e-19, -6.414887241e-20, -2.694252641e-20, -1.131586109e-20, -4.752661659e-21, -1.996117897e-21, -8.383695166e-22, -3.52115197e-22, -1.478883827e-22, -6.211312075e-23, -2.608751071e-23, -1.09567545e-23], "deltaq": [0, 0, 2.742368382e-17, 1.43951325e-17, 8.226522128e-18, 4.459241089e-18, 2.350569931e-18, 1.21972532e-18, 6.271620233e-19, 3.207305147e-19, 1.634877715e-19, 8.317145027e-20, 4.226135981e-20, 2.145834371e-20, 1.089070427e-20, 5.52583564e-21, 2.803290089e-21, 1.421982281e-21, 7.212627158e-22, 3.658275221e-22, 1.855449941e-22], "deltay_star": [0, 0, 0, 0, 0, 0, 0, 0, 0, 0, 0, 0, 0, 0, 0, 0, 0, 0, 0, 0, 0], "y_bar": [0, -1.660293489e-17, -1.391153475e-16, -9.030469469e-17, -7.716121402e-17, -3.91341727e-17, -1.984784055e-17, -1.006631155e-17, -5.105372947e-18, -2.589313156e-18, -1.313232684e-18, -6.66037663e-19, -3.377970818e-19, -1.713219459e-19, -8.689006134e-20, -4.406839251e-20, -2.235034927e-20, -1.133551926e-20, -5.749082284e-21, -2.915785888e-21, -1.478811213e-21], "y_star": [0, 0, 0, 0, 0, 0, 0, 0, 0, 0, 0, 0, 0, 0, 0, 0, 0, 0, 0, 0, 0], "deltae": [0, -0.5562825012, -0.2821321016, -0.1430901072, -0.07257160269, -0.0368064405, -0.01866727497, -0.009467559208, -0.00480170124, -0.002435298718, -0.001235120544, -0.0006264212048, -0.0003177046386, -0.0001611315782, -8.172177031e-05, -4.144716893e-05, -2.102093244e-05, -1.066127342e-05, -5.407122226e-06, -2.742352588e-06, -1.390850327e-06], "pi_star": [0, 0, 0, 0, 0, 0, 0, 0, 0, 0, 0, 0, 0, 0, 0, 0, 0, 0, 0, 0, 0], "interest": [0, 0.571241798, 0.2897190701, 0.1469380215, 0.07452316532, 0.03779622261, 0.01916926686, 0.009722156517, 0.004930826413, 0.002500787667, 0.001268334845, 0.0006432666398, 0.0003262482077, 0.0001654646556, 8.39193951e-05, 4.256174741e-05, 2.158621782e-05, 1.094797155e-05, 5.552528105e-06, 2.816098691e-06, 1.428252444e-06], "inflation": [0, -0.5562825012, -0.8384146028, -0.98150471, -1.054076313, -0.534600252, -0.2711354254, -0.1375128774, -0.06974297591, -0.03537183413, -0.01793967971, -0.009098541707, -0.004614545105, -0.002340377965, -0.001186979192, -0.000602005156, -0.0003053214499, -0.0001548511451, -7.853649702e-05, -3.983168068e-05, -2.020159856e-05], "inflationq": [0, -2.225130005, -1.128528406, -0.5723604288, -0.2902864107, -0.147225762, -0.07466909986, -0.03787023683, -0.01920680496, -0.009741194872, -0.004940482174, -0.002505684819, -0.001270818554, -0.0006445263129, -0.0003268870812, -0.0001657886757, -8.408372975e-05, -4.264509369e-05, -2.16284889e-05, -1.096941035e-05, -5.56340131e-06], "output": [0, -0.3909913056, -0.1983006809, -0.1005729781, -0.05100801413, -0.02586994592, -0.01312056769, -0.00665441269, -0.003374946062, -0.001711685381, -0.0008681225687, -0.000440289321, -0.0002233033596, -0.0001132536903, -5.74393435e-05, -2.913174989e-05, -1.477487032e-05, -7.493432214e-06, -3.800475071e-06, -1.927502692e-06, -9.775795288e-07], "outputgap": [0, -0.3909913056, -0.1983006809, -0.1005729781, -0.05100801413, -0.02586994592, -0.01312056769, -0.00665441269, -0.003374946062, -0.001711685381, -0.0008681225687, -0.000440289321, -0.0002233033596, -0.0001132536903, -5.74393435e-05, -2.913174989e-05, -1.477487032e-05, -7.493432214e-06, -3.800475071e-06, -1.927502692e-06, -9.775795288e-07], "AUX_ENDO_LEAD_75": [0, -1.128528406, -0.5723604288, -0.2902864107, -0.147225762, -0.07466909986, -0.03787023683, -0.01920680496, -0.009741194872, -0.004940482174, -0.002505684819, -0.001270818554, -0.0006445263129, -0.0003268870812, -0.0001657886757, -8.408372975e-05, -4.264509369e-05, -2.16284889e-05, -1.096941035e-05, -5.56340131e-06, -2.821613299e-06], "AUX_ENDO_LEAD_79": [0, -0.5723604288, -0.2902864107, -0.147225762, -0.07466909986, -0.03787023683, -0.01920680496, -0.009741194872, -0.004940482174, -0.002505684819, -0.001270818554, -0.0006445263129, -0.0003268870812, -0.0001657886757, -8.408372975e-05, -4.264509369e-05, -2.16284889e-05, -1.096941035e-05, -5.56340131e-06, -2.821613299e-06, -1.431049311e-06], "AUX_ENDO_LEAD_83": [0, -0.2902864107, -0.147225762, -0.07466909986, -0.03787023683, -0.01920680496, -0.009741194872, -0.004940482174, -0.002505684819, -0.001270818554, -0.0006445263129, -0.0003268870812, -0.0001657886757, -8.408372975e-05, -4.264509369e-05, -2.16284889e-05, -1.096941035e-05, -5.56340131e-06, -2.821613299e-06, -1.431049311e-06, -7.257912096e-07], "AUX_ENDO_LEAD_110": [0, -0.1983006809, -0.1005729781, -0.05100801413, -0.02586994592, -0.01312056769, -0.00665441269, -0.003374946062, -0.001711685381, -0.0008681225687, -0.000440289321, -0.0002233033596, -0.0001132536903, -5.74393435e-05, -2.913174989e-05, -1.477487032e-05, -7.493432214e-06, -3.800475071e-06, -1.927502692e-06, -9.775795288e-07, -4.958030611e-07], "AUX_ENDO_LEAD_114": [0, -0.1005729781, -0.05100801413, -0.02586994592, -0.01312056769, -0.00665441269, -0.003374946062, -0.001711685381, -0.0008681225687, -0.000440289321, -0.0002233033596, -0.0001132536903, -5.74393435e-05, -2.913174989e-05, -1.477487032e-05, -7.493432214e-06, -3.800475071e-06, -1.927502692e-06, -9.775795288e-07, -4.958030611e-07, -2.514584933e-07], "AUX_ENDO_LEAD_118": [0, -0.05100801413, -0.02586994592, -0.01312056769, -0.00665441269, -0.003374946062, -0.001711685381, -0.0008681225687, -0.000440289321, -0.0002233033596, -0.0001132536903, -5.74393435e-05, -2.913174989e-05, -1.477487032e-05, -7.493432214e-06, -3.800475071e-06, -1.927502692e-06, -9.775795288e-07, -4.958030611e-07, -2.514584933e-07, -1.275332462e-07], "AUX_ENDO_LEAD_145": [0, -0.1983006809, -0.1005729781, -0.05100801413, -0.02586994592, -0.01312056769, -0.00665441269, -0.003374946062, -0.001711685381, -0.0008681225687, -0.000440289321, -0.0002233033596, -0.0001132536903, -5.74393435e-05, -2.913174989e-05, -1.477487032e-05, -7.493432214e-06, -3.800475071e-06, -1.927502692e-06, -9.775795288e-07, -4.958030611e-07], "AUX_ENDO_LEAD_149": [0, -0.1005729781, -0.05100801413, -0.02586994592, -0.01312056769, -0.00665441269, -0.003374946062, -0.001711685381, -0.0008681225687, -0.000440289321, -0.0002233033596, -0.0001132536903, -5.74393435e-05, -2.913174989e-05, -1.477487032e-05, -7.493432214e-06, -3.800475071e-06, -1.927502692e-06, -9.775795288e-07, -4.958030611e-07, -2.514584933e-07], "AUX_ENDO_LEAD_153": [0, -0.05100801413, -0.02586994592, -0.01312056769, -0.00665441269, -0.003374946062, -0.001711685381, -0.0008681225687, -0.000440289321, -0.0002233033596, -0.0001132536903, -5.74393435e-05, -2.913174989e-05, -1.477487032e-05, -7.493432214e-06, -3.800475071e-06, -1.927502692e-06, -9.775795288e-07, -4.958030611e-07, -2.514584933e-07, -1.275332462e-07],