{"interest_": {"y": [0, -0.2489674516, -0.1112791572, -0.03911382606, -0.007838322884, -0.006600374569, -0.004615485761, -0.002383497692, -0.0008448007585, -0.0003440356721, -0.0001893764966, -0.0001096053067, -5.166404296e-05, -2.188926316e-05, -9.888453747e-06, -5.115307213e-06, -2.623045958e-06, -1.239207645e-06, -5.613432707e-07, -2.654145517e-07, -1.316880753e-07], "R": [0, 0.1817794854, 0.1155367727, 0.05286345757, -0.007914009701, -0.001646727512, 0.002137861118, 0.002284005043, 0.0005879759398, 6.576182679e-05, 3.335812831e-05, 6.215260716e-05, 3.631172353e-05, 1.247397544e-05, 3.468689356e-06, 2.026709348e-06, 1.423146381e-06, 7.359967854e-07, 2.875571419e-07, 1.160303666e-07, 6.101439686e-08], "pi": [0, -0.2967966651, -0.1218658797, -0.04361014978, -0.01610872063, -0.01064406943, -0.00602402254, -0.002784364368, -0.001109298608, -0.0005163662853, -0.0002753095911, -0.0001425620701, -6.562583797e-05, -2.935089448e-05, -1.399152891e-05, -7.057578166e-06, -3.469499185e-06, -1.628646014e-06, -7.5890426e-07, -3.650574051e-07, -1.788779617e-07], "z": [0, 0, 0, 0, 0, 0, 0, 0, 0, 0, 0, 0, 0, 0, 0, 0, 0, 0, 0, 0, 0], "deltaq": [0, 0, 2.495337822e-17, -9.919230815e-17, -1.342769264e-16, -6.164565131e-17, -2.498575344e-17, -1.156903404e-17, -7.21680885e-18, -3.899653485e-18, -1.798657396e-18, -7.742121042e-19, -3.736677483e-19, -1.938393627e-19, -9.68754549e-20, -4.491304254e-20, -2.066897659e-20, -9.966560598e-21, -4.944694746e-21, -2.3988153e-21, -1.130979973e-21], "deltay_star": [0, 0, 0, 0, 0, 0, 0, 0, 0, 0, 0, 0, 0, 0, 0, 0, 0, 0, 0, 0, 0], "y_bar": [0, -3.419536685e-17, 1.75289062e-16, -1.367003232e-16, 4.864199515e-17, -3.323324471e-17, -1.416800167e-17, -7.059662316e-18, -5.383229814e-19, -6.197504697e-19, -5.042190489e-19, -3.379702612e-19, -1.144465647e-19, -4.016688543e-20, -2.002689805e-20, -1.337367133e-20, -6.735485348e-21, -2.816346849e-21, -1.165688283e-21, -5.987232624e-22, -3.217215163e-22], "y_star": [0, 0, 0, 0, 0, 0, 0, 0, 0, 0, 0, 0, 0, 0, 0, 0, 0, 0, 0, 0, 0], "deltae": [0, -0.2967966651, -0.1218658797, -0.04361014978, -0.01610872063, -0.01064406943, -0.00602402254, -0.002784364368, -0.001109298608, -0.0005163662853, -0.0002753095911, -0.0001425620701, -6.562583797e-05, -2.935089448e-05, -1.399152891e-05, -7.057578166e-06, -3.469499185e-06, -1.628646014e-06, -7.5890426e-07, -3.650574051e-07, -1.788779617e-07], "pi_star": [0, 0, 0, 0, 0, 0, 0, 0, 0, 0, 0, 0, 0, 0, 0, 0, 0, 0, 0, 0, 0], "interest": [0, 0.7271179416, 0.4621470906, 0.2114538303, -0.0316560388, -0.006586910046, 0.008551444473, 0.00913602017, 0.002351903759, 0.0002630473072, 0.0001334325133, 0.0002486104286, 0.0001452468941, 4.989590175e-05, 1.387475742e-05, 8.106837393e-06, 5.692585523e-06, 2.943987142e-06, 1.150228568e-06, 4.641214666e-07, 2.440575875e-07], "inflation": [0, -0.2967966651, -0.4186625448, -0.4622726946, -0.4783814153, -0.1922288196, -0.07638696238, -0.03556117697, -0.02056175495, -0.0104340518, -0.004685338852, -0.002043536555, -0.0009998637845, -0.0005128483937, -0.0002515303315, -0.0001160258395, -5.386950074e-05, -2.614725228e-05, -1.291462762e-05, -6.222106864e-06, -2.931485641e-06], "inflationq": [0, -1.18718666, -0.4874635189, -0.1744405991, -0.06443488254, -0.04257627773, -0.02409609016, -0.01113745747, -0.004437194433, -0.002065465141, -0.001101238364, -0.0005702482805, -0.0002625033519, -0.0001174035779, -5.596611565e-05, -2.823031266e-05, -1.387799674e-05, -6.514584055e-06, -3.03561704e-06, -1.46022962e-06, -7.15511847e-07], "output": [0, -0.2489674516, -0.1112791572, -0.03911382606, -0.007838322884, -0.006600374569, -0.004615485761, -0.002383497692, -0.0008448007585, -0.0003440356721, -0.0001893764966, -0.0001096053067, -5.166404296e-05, -2.188926316e-05, -9.888453747e-06, -5.115307213e-06, -2.623045958e-06, -1.239207645e-06, -5.613432707e-07, -2.654145517e-07, -1.316880753e-07], "outputgap": [0, -0.2489674516, -0.1112791572, -0.03911382606, -0.007838322884, -0.006600374569, -0.004615485761, -0.002383497692, -0.0008448007585, -0.0003440356721, -0.0001893764966, -0.0001096053067, -5.166404296e-05, -2.188926316e-05, -9.888453747e-06, -5.115307213e-06, -2.623045958e-06, -1.239207645e-06, -5.613432707e-07, -2.654145517e-07, -1.316880753e-07], "AUX_ENDO_LEAD_75": [0, -0.4874635189, -0.1744405991, -0.06443488254, -0.04257627773, -0.02409609016, -0.01113745747, -0.004437194433, -0.002065465141, -0.001101238364, -0.0005702482805, -0.0002625033519, -0.0001174035779, -5.596611565e-05, -2.823031266e-05, -1.387799674e-05, -6.514584055e-06, -3.03561704e-06, -1.46022962e-06, -7.15511847e-07, -3.459558495e-07], "AUX_ENDO_LEAD_79": [0, -0.1744405991, -0.06443488254, -0.04257627773, -0.02409609016, -0.01113745747, -0.004437194433, -0.002065465141, -0.001101238364, -0.0005702482805, -0.0002625033519, -0.0001174035779, -5.596611565e-05, -2.823031266e-05, -1.387799674e-05, -6.514584055e-06, -3.03561704e-06, -1.46022962e-06, -7.15511847e-07, -3.459558495e-07, -1.640618215e-07], "AUX_ENDO_LEAD_83": [0, -0.06443488254, -0.04257627773, -0.02409609016, -0.01113745747, -0.004437194433, -0.002065465141, -0.001101238364, -0.0005702482805, -0.0002625033519, -0.0001174035779, -5.596611565e-05, -2.823031266e-05, -1.387799674e-05, -6.514584055e-06, -3.03561704e-06, -1.46022962e-06, -7.15511847e-07, -3.459558495e-07, -1.640618215e-07, -7.783673816e-08], "AUX_ENDO_LEAD_110": [0, -0.1112791572, -0.03911382606, -0.007838322884, -0.006600374569, -0.004615485761, -0.002383497692, -0.0008448007585, -0.0003440356721, -0.0001893764966, -0.0001096053067, -5.166404296e-05, -2.188926316e-05, -9.888453747e-06, -5.115307213e-06, -2.623045958e-06, -1.239207645e-06, -5.613432707e-07, -2.654145517e-07, -1.316880753e-07, -6.480252952e-08], "AUX_ENDO_LEAD_114": [0, -0.03911382606, -0.007838322884, -0.006600374569, -0.004615485761, -0.002383497692, -0.0008448007585, -0.0003440356721, -0.0001893764966, -0.0001096053067, -5.166404296e-05, -2.188926316e-05, -9.888453747e-06, -5.115307213e-06, -2.623045958e-06, -1.239207645e-06, -5.613432707e-07, -2.654145517e-07, -1.316880753e-07, -6.480252952e-08, -3.071914902e-08], "AUX_ENDO_LEAD_118": [0, -0.007838322884, -0.006600374569, -0.004615485761, -0.002383497692, -0.0008448007585, -0.0003440356721, -0.0001893764966, -0.0001096053067, -5.166404296e-05, -2.188926316e-05, -9.888453747e-06, -5.115307213e-06, -2.623045958e-06, -1.239207645e-06, -5.613432707e-07, -2.654145517e-07, -1.316880753e-07, -6.480252952e-08, -3.071914902e-08, -1.43921065e-08], "AUX_ENDO_LEAD_145": [0, -0.1112791572, -0.03911382606, -0.007838322884, -0.006600374569, -0.004615485761, -0.002383497692, -0.0008448007585, -0.0003440356721, -0.0001893764966, -0.0001096053067, -5.166404296e-05, -2.188926316e-05, -9.888453747e-06, -5.115307213e-06, -2.623045958e-06, -1.239207645e-06, -5.613432707e-07, -2.654145517e-07, -1.316880753e-07, -6.480252952e-08], "AUX_ENDO_LEAD_149": [0, -0.03911382606, -0.007838322884, -0.006600374569, -0.004615485761, -0.002383497692, -0.0008448007585, -0.0003440356721, -0.0001893764966, -0.0001096053067, -5.166404296e-05, -2.188926316e-05, -9.888453747e-06, -5.115307213e-06, -2.623045958e-06, -1.239207645e-06, -5.613432707e-07, -2.654145517e-07, -1.316880753e-07, -6.480252952e-08, -3.071914902e-08], "AUX_ENDO_LEAD_153": [0, -0.007838322884, -0.006600374569, -0.004615485761, -0.002383497692, -0.0008448007585, -0.0003440356721, -0.0001893764966, -0.0001096053067, -5.166404296e-05, -2.188926316e-05, -9.888453747e-06, -5.115307213e-06, -2.623045958e-06, -1.239207645e-06, -5.613432707e-07, -2.654145517e-07, -1.316880753e-07, -6.480252952e-08, -3.071914902e-08, -1.43921065e-08], "AUX_ENDO_LAG_2_1": [0, 0, -0.2967966651, -0.1218658797, -0.04361014978, -0.01610872063, -0.01064406943, -0.00602402254, -0.002784364368, -0.001109298608, -0.0005163662853, -0.0002753095911, -0.0001425620701, -6.562583797e-05, -2.935089448e-05, -1.399152891e-05, -7.057578166e-06, -3.469499185e-06, -1.628646014e-06, -7.5890426e-07, -3.650574051e-07],