{"interest_": {"c_t": [0, 0.4401573711, -0.1867631674, -0.1034712352, -0.03926950197, 0.01674082629, -0.07522323476, -0.03769989955, -0.01610414902, -0.009952286685, -0.02220871283, -0.0112148526, -0.006111500474, -0.005438015239, -0.006380260589, -0.003459763962, -0.002296120232, -0.002087119741, -0.001881388438, -0.001124821879, -0.0008332896431], "r_t": [0, 0.1018585974, 0.03901545538, -0.009662460139, -0.05388779147, 0.04702290522, 0.01629146111, -0.0001481858657, -0.002385763326, 0.01284221237, 0.004104221347, 0.0007134252071, 0.001340036296, 0.003269256792, 0.001098028043, 0.0005031952463, 0.0007260107111, 0.0008480948744, 0.0003403912983, 0.0002377847888, 0.0002701854915], "pi_t": [0, -0.8990673819, 0.7287794382, -0.04427636116, -0.073864222, -0.1098982796, 0.1389871058, -0.02123182576, -0.02174393683, -0.008537632744, 0.02509867661, -0.006889626705, -0.004389924802, 0.0006665550368, 0.004211511841, -0.001822465326, -0.0006604469906, 0.0005170123746, 0.0006423660869, -0.0004161742509, -5.374674133e-05], "z_t": [0, -2.372379503, -1.801005182, -1.367243054, -1.037949999, -0.7879656395, -0.5981885364, -0.4541181478, -0.3447463059, -0.261716109, -0.1986832488, -0.1508314934, -0.1145045694, -0.08692678892, -0.06599095753, -0.0500974032, -0.03803172384, -0.02887199673, -0.02191833757, -0.01663942833, -0.01263191517], "zbar_t": [0, 0.8990673819, -2.731669665, -1.997140182, -1.437577507, -0.9982398173, -0.9336836855, -0.6699987263, -0.483601374, -0.362582126, -0.3045630289, -0.2199206958, -0.1621493848, -0.1246934809, -0.0991656799, -0.07251448698, -0.05438901921, -0.04197774259, -0.03246151855, -0.02403645379, -0.01820615775], "fo_t": [0, -0.3708706308, -0.2815485333, -0.2137391454, -0.1622612554, -0.1231815144, -0.09351394658, -0.07099163724, -0.05389369546, -0.04091369727, -0.03105986481, -0.0235792702, -0.01790033411, -0.01358913847, -0.01031627103, -0.007831654793, -0.005945444384, -0.004513517358, -0.003426462049, -0.002601217802, -0.001974729016], "CapG_t": [0, 0.1560986165, 0.118503146, 0.08996232677, 0.06829539838, 0.05184682305, 0.03935981031, 0.02988022084, 0.02268373551, 0.01722048339, 0.01307302741, 0.009924461924, 0.007534210466, 0.005719637894, 0.00434209533, 0.003296325932, 0.002502424203, 0.00189972933, 0.001442190189, 0.001094846737, 0.0008311590125], "co_t": [0, 0.1832091127, 0.1390842323, 0.1055865736, 0.08015663188, 0.06085134296, 0.04619564277, 0.03506968141, 0.0266233433, 0.02021125846, 0.01534349123, 0.01164809724, 0.0088427178, 0.006712998533, 0.005096210655, 0.003868816795, 0.002937033832, 0.002229665661, 0.001692663207, 0.001284994728, 0.0009755109214], "ho_t": [0, 6.812448759, 5.171708939, 3.926131796, 2.980544687, 2.262696706, 1.717739061, 1.304031247, 0.989962559, 0.7515355572, 0.5705324711, 0.4331229184, 0.3288076724, 0.2496161782, 0.189497528, 0.1438581072, 0.1092106839, 0.08290790148, 0.06293999899, 0.04778125177, 0.03627340403], "omeg_t": [0, 0.4401573704, 0.3341479529, 0.2536702892, 0.1925752043, 0.1461945135, 0.1109843956, 0.08425442667, 0.06396221567, 0.04855727013, 0.03686252639, 0.02798439321, 0.02124450775, 0.01612788654, 0.01224357592, 0.009294779076, 0.007056183338, 0.005356741048, 0.004066600048, 0.003087182139, 0.002343651556], "n_t": [0, 0.4589100108, -0.1725269947, -0.09266376492, -0.03106495115, 0.02296935561, -0.07049481125, -0.03411029033, -0.01337907727, -0.007883533379, -0.02063820703, -0.01002259434, -0.00520639099, -0.004750896325, -0.005858630392, -0.003063765485, -0.001995495781, -0.001858899008, -0.001708133386, -0.0009932943388, -0.000733439777], "y_t": [0, 0.4589100103, -0.1725269945, -0.09266376483, -0.03106495111, 0.02296935558, -0.07049481118, -0.03411029029, -0.01337907726, -0.007883533371, -0.02063820701, -0.01002259433, -0.005206390985, -0.004750896321, -0.005858630386, -0.003063765482, -0.001995495779, -0.001858899006, -0.001708133384, -0.0009932943379, -0.0007334397763], "ni_t": [0, -0.4401573711, 0.1867631674, 0.1034712352, 0.03926950197, -0.01674082629, 0.07522323476, 0.03769989955, 0.01610414902, 0.009952286685, 0.02220871283, 0.0112148526, 0.006111500474, 0.005438015239, 0.006380260589, 0.003459763962, 0.002296120232, 0.002087119741, 0.001881388438, 0.001124821879, 0.0008332896431], "rl_t": [0, 0.1208517697, 0.05343422858, 0.001283631485, -0.04557800635, 0.05333132553, 0.02108053385, 0.003487465327, 0.0003742614114, 0.01493750072, 0.005694871243, 0.00192097593, 0.00225675516, 0.003965189074, 0.001626348929, 0.0009042729919, 0.001030491124, 0.001079242889, 0.0005158686053, 0.0003709993661, 0.0003713160833], "del_t": [0, 0.01899317425, 0.01441877469, 0.01094609275, 0.008309785979, 0.006308420966, 0.004789073233, 0.003635651567, 0.002760025022, 0.002095288567, 0.00159065006, 0.001207550847, 0.0009167189577, 0.0006959323541, 0.0005283209397, 0.0004010777869, 0.0003044804441, 0.0002311480381, 0.0001754773251, 0.000133214591, 0.0001011306023], "lagz_t": [0, 0, -2.372379503, -1.801005182, -1.367243054, -1.037949999, -0.7879656395, -0.5981885364, -0.4541181478, -0.3447463059, -0.261716109, -0.1986832488, -0.1508314934, -0.1145045694, -0.08692678892, -0.06599095753, -0.0500974032, -0.03803172384, -0.02887199673, -0.02191833757, -0.01663942833], "dumnum_t": [0, 0.5454626404, 0.4140910173, 0.3143594882, 0.2386477148, 0.1811707687, 0.1375368056, 0.1044118294, 0.07926481832, 0.06017433537, 0.04568168346, 0.03467950407, 0.02632713892, 0.01998639583, 0.01517278407, 0.01151850359, 0.008744336425, 0.006638312102, 0.005039511709, 0.003825773448, 0.00290435733], "dumden_t": [0, -0.1390842323, -0.1055865736, -0.08015663188, -0.06085134296, -0.04619564277, -0.03506968141, -0.0266233433, -0.02021125846, -0.01534349123, -0.01164809724, -0.0088427178, -0.006712998533, -0.005096210655, -0.003868816795, -0.002937033832, -0.002229665661, -0.001692663207, -0.001284994728, -0.0009755109214, -0.000740564577], "a_t": [0, 4.278250594e-18, 3.850425535e-18, 3.465382981e-18, 3.118844683e-18, 2.806960215e-18, 2.526264193e-18, 2.273637774e-18, 2.046273997e-18, 1.841646597e-18, 1.657481937e-18, 1.491733744e-18, 1.342560369e-18, 1.208304332e-18, 1.087473899e-18, 9.787265091e-19, 8.808538582e-19, 7.927684724e-19, 7.134916252e-19, 6.421424626e-19, 5.779282164e-19], "mu_t": [0, 0, -4.440892099e-16, -1.33226763e-15, -1.776356839e-15, -2.220446049e-15, -2.664535259e-15, -2.664535259e-15, -2.664535259e-15, -2.220446049e-15, -2.220446049e-15, -2.220446049e-15, -2.220446049e-15, -1.776356839e-15, -1.776356839e-15, -1.776356839e-15, -1.33226763e-15, -1.33226763e-15, -1.33226763e-15, -1.33226763e-15, -8.881784197e-16], "gam_t": [0, 0, 0, 0, 0, 0, 0, 0, 0, 0, 0, 0, 0, 0, 0, 0, 0, 0, 0, 0, 0], "std_t": [0, 0, 0, 0, 0, 0, 0, 0, 0, 0, 0, 0, 0, 0, 0, 0, 0, 0, 0, 0, 0], "pol_t": [0, 0, 0, 0, 0, 0, 0, 0, 0, 0, 0, 0, 0, 0, 0, 0, 0, 0, 0, 0, 0], "Util": [0, -0.01496177317, -0.01566134719, -0.01157292741, -0.008461165581, -0.006038788942, -0.005310752099, -0.003871380274, -0.002835590797, -0.002133875926, -0.001740989516, -0.001275050778, -0.0009481173345, -0.0007263641101, -0.0005700259277, -0.000421306981, -0.0003171084187, -0.000243576332, -0.0001873652376, -0.000139732735, -0.0001059085098], "Welf": [0, -0.07533852681, -0.06098661983, -0.04578310367, -0.03455573359, -0.02635814951, -0.02052460663, -0.01536752983, -0.01161227228, -0.008865334833, -0.006799453441, -0.00510955952, -0.003873241153, -0.002954670524, -0.00225081456, -0.001697766295, -0.001289352842, -0.0009820650744, -0.0007459482247, -0.0005642252395, -0.0004287803076], "interest": [0, 0.4074343895, 0.1560618215, -0.03864984056, -0.2155511659, 0.1880916209, 0.06516584445, -0.0005927434628, -0.009543053305, 0.05136884947, 0.01641688539, 0.002853700829, 0.005360145186, 0.01307702717, 0.004392112173, 0.002012780985, 0.002904042844, 0.003392379498, 0.001361565193, 0.0009511391551, 0.001080741966],