{"interest_": {"c_t": [0, 0.4904381009, -0.1936614738, -0.1136920694, -0.04746755805, 0.01365601527, -0.07356594466, -0.04089000857, -0.01956577043, -0.01148599897, -0.02131220807, -0.01234741961, -0.007239499331, -0.005782758056, -0.006198881101, -0.003864039952, -0.002615455183, -0.00216005327, -0.001878763543, -0.001257721535, -0.0009179495372], "r_t": [0, 0.0990605841, 0.04187460763, -0.007053576425, -0.05504642416, 0.04214389232, 0.01703556015, 0.001456364218, -0.002261985804, 0.01087525157, 0.00442407209, 0.001224389848, 0.001216311617, 0.002732205536, 0.001232269354, 0.0006175132488, 0.000643290383, 0.0007272938154, 0.0003835687286, 0.0002543253784, 0.0002389282443], "pi_t": [0, -1.001769835, 0.7831601589, -0.03809479671, -0.07327808783, -0.1161699975, 0.1293658523, -0.01564037592, -0.01986787392, -0.01034175727, 0.02070146067, -0.004540716364, -0.003883530435, -0.0002404296575, 0.003148328583, -0.001102571794, -0.0006310715204, 0.0001878884711, 0.000446004089, -0.0002374732792, -8.544661963e-05], "z_t": [0, -2.643358922, -2.006739354, -1.52344156, -1.156539928, -0.8780019163, -0.6665462578, -0.5060170212, -0.3841492215, -0.2916317402, -0.2213959236, -0.1680755154, -0.1275966532, -0.09686661306, -0.07353751433, -0.05582693404, -0.04238172303, -0.03217462105, -0.02442577047, -0.01854313257, -0.01407725361], "zbar_t": [0, 1.001769835, -3.014820203, -2.222081908, -1.609235154, -1.122287996, -1.019865292, -0.7443266159, -0.5421121703, -0.4048161042, -0.332506199, -0.2447622606, -0.1815459648, -0.1383965164, -0.1086831201, -0.08082432706, -0.06072285084, -0.04644751498, -0.03573908199, -0.02679464494, -0.02026776224], "fo_t": [0, -0.4132360892, -0.3137134174, -0.2381595082, -0.1808018026, -0.1372579753, -0.1042011281, -0.07910560411, -0.0600540198, -0.04559076868, -0.03461080865, -0.02627523309, -0.0199471755, -0.01514315056, -0.01149611427, -0.008727420534, -0.006625531675, -0.005029856166, -0.003818478921, -0.002898846565, -0.002200696032], "CapG_t": [0, 0.1739204423, 0.1320339093, 0.100235212, 0.07609482886, 0.0577683518, 0.04385557496, 0.03329351433, 0.02527519246, 0.01918798203, 0.01456679924, 0.01105856986, 0.008395253167, 0.00637336262, 0.004838418837, 0.003673146851, 0.002788515886, 0.002116937102, 0.001607099574, 0.001220049966, 0.000926216362], "co_t": [0, 0.2041264959, 0.1549652179, 0.1176438049, 0.08931078238, 0.06780141007, 0.05147229805, 0.03907584599, 0.02966492267, 0.02252050124, 0.01709672334, 0.01297919374, 0.009853319073, 0.007480271793, 0.005678742936, 0.004311089517, 0.00327281813, 0.002484601275, 0.001886216481, 0.001431945096, 0.00108707923], "ho_t": [0, 7.590336033, 5.762299854, 4.374522806, 3.320974313, 2.521159655, 1.913970241, 1.453014713, 1.103074495, 0.8374129543, 0.6357326355, 0.48262447, 0.3663904701, 0.2781499593, 0.2111610594, 0.1603055887, 0.1216980151, 0.09238858729, 0.07013796448, 0.05324612276, 0.04042246751], "omeg_t": [0, 0.4904381008, 0.3723223035, 0.2826531853, 0.2145797403, 0.1629009239, 0.1236682969, 0.09388435149, 0.07127349278, 0.05410817349, 0.04107690424, 0.03118405133, 0.02367376695, 0.01797223959, 0.01364385298, 0.01035790354, 0.007863333471, 0.005969549054, 0.004531858661, 0.003440417817, 0.002611836697], "n_t": [0, 0.511331734, -0.1777998072, -0.1016504847, -0.03832603669, 0.02059591683, -0.0682974306, -0.0368903495, -0.01652937867, -0.009180883757, -0.0195622507, -0.01101891735, -0.006230950033, -0.005017105101, -0.005617625977, -0.003422772774, -0.002280461624, -0.001905738673, -0.001685697401, -0.001111152931, -0.0008066801279], "y_t": [0, 0.511331732, -0.1777998065, -0.1016504843, -0.03832603653, 0.02059591675, -0.06829743033, -0.03689034935, -0.0165293786, -0.009180883721, -0.01956225062, -0.0110189173, -0.006230950009, -0.005017105081, -0.005617625954, -0.00342277276, -0.002280461614, -0.001905738666, -0.001685697394, -0.001111152927, -0.0008066801247], "ni_t": [0, -0.4904381009, 0.1936614738, 0.1136920694, 0.04746755805, -0.01365601527, 0.07356594466, 0.04089000857, 0.01956577043, 0.01148599897, 0.02131220807, 0.01234741961, 0.007239499331, 0.005782758056, 0.006198881101, 0.003864039952, 0.002615455183, 0.00216005327, 0.001878763543, 0.001257721535, 0.0009179495372], "rl_t": [0, 0.1202223517, 0.05793983121, 0.005142541391, -0.04578758687, 0.04917285543, 0.02237168645, 0.005507352026, 0.0008133728391, 0.01320994893, 0.006196487132, 0.002569941151, 0.002237803905, 0.003507684319, 0.001820983883, 0.00106444333, 0.0009825830057, 0.0009848721, 0.0005791125416, 0.0004027749372, 0.0003516256041], "del_t": [0, 0.02116176771, 0.01606522371, 0.01219611791, 0.009258837366, 0.007028963167, 0.005336126336, 0.004050987839, 0.003075358667, 0.002334697378, 0.001772415055, 0.001345551313, 0.001021492296, 0.0007754787883, 0.0005887145327, 0.0004469300843, 0.0003392926252, 0.0002575782865, 0.0001955438145, 0.0001484495599, 0.0001126973607], "lagz_t": [0, 0, -2.643358922, -2.006739354, -1.52344156, -1.156539928, -0.8780019163, -0.6665462578, -0.5060170212, -0.3841492215, -0.2916317402, -0.2213959236, -0.1680755154, -0.1275966532, -0.09686661306, -0.07353751433, -0.05582693404, -0.04238172303, -0.03217462105, -0.02442577047, -0.01854313257], "dumnum_t": [0, 0.6077513199, 0.4613821003, 0.3502640566, 0.2659073888, 0.2018669576, 0.1532498537, 0.1163415646, 0.08832217018, 0.06705089254, 0.05090253303, 0.03864330171, 0.02933655123, 0.02227121389, 0.01690747368, 0.01283552248, 0.009744249222, 0.007397470033, 0.00561588293, 0.004263368551, 0.003236590155], "dumden_t": [0, -0.1549652179, -0.1176438049, -0.08931078238, -0.06780141007, -0.05147229805, -0.03907584599, -0.02966492267, -0.02252050124, -0.01709672334, -0.01297919374, -0.009853319073, -0.007480271793, -0.005678742936, -0.004311089517, -0.00327281813, -0.002484601275, -0.001886216481, -0.001431945096, -0.00108707923, -0.0008252699457], "a_t": [0, -3.909933667e-17, -3.5189403e-17, -3.16704627e-17, -2.850341643e-17, -2.565307479e-17, -2.308776731e-17, -2.077899058e-17, -1.870109152e-17, -1.683098237e-17, -1.514788413e-17, -1.363309572e-17, -1.226978615e-17, -1.104280753e-17, -9.938526779e-18, -8.944674101e-18, -8.050206691e-18, -7.245186022e-18, -6.520667419e-18, -5.868600677e-18, -5.28174061e-18], "mu_t": [0, 0, 4.440892099e-16, 8.881784197e-16, 8.881784197e-16, 8.881784197e-16, 1.33226763e-15, 1.33226763e-15, 1.33226763e-15, 8.881784197e-16, 8.881784197e-16, 8.881784197e-16, 8.881784197e-16, 8.881784197e-16, 8.881784197e-16, 8.881784197e-16, 4.440892099e-16, 4.440892099e-16, 4.440892099e-16, 4.440892099e-16, 4.440892099e-16], "gam_t": [0, 0, 0, 0, 0, 0, 0, 0, 0, 0, 0, 0, 0, 0, 0, 0, 0, 0, 0, 0, 0], "std_t": [0, 0, 0, 0, 0, 0, 0, 0, 0, 0, 0, 0, 0, 0, 0, 0, 0, 0, 0, 0, 0], "pol_t": [0, 0, 0, 0, 0, 0, 0, 0, 0, 0, 0, 0, 0, 0, 0, 0, 0, 0, 0, 0, 0], "Util": [0, -0.01866543799, -0.01663645254, -0.01248454008, -0.009308532089, -0.00685015215, -0.005566129067, -0.004160413606, -0.003108420701, -0.002345122117, -0.001835202441, -0.001376518644, -0.001035701479, -0.0007875156477, -0.0006057346656, -0.0004561823593, -0.0003449309695, -0.0002626191032, -0.0002004117902, -0.0001514105985, -0.0001147846237], "Welf": [0, -0.08392794246, -0.06592172169, -0.04978310015, -0.03767531321, -0.02865331426, -0.02202339607, -0.01662350202, -0.0125889782, -0.009576320705, -0.007304240998, -0.005524281371, -0.00418965932, -0.003185816001, -0.00242252561, -0.001835142368, -0.001392888898, -0.001058543362, -0.0008039638975, -0.0006096485932, -0.0004628666613], "interest": [0, 0.3962423364, 0.1674984305, -0.0282143057, -0.2201856967, 0.1685755693, 0.06814224061, 0.005825456871, -0.009047943216, 0.04350100627, 0.01769628836, 0.004897559392, 0.004865246467, 0.01092882215, 0.004929077418, 0.002470052995, 0.002573161532, 0.002909175261, 0.001534274914, 0.001017301514, 0.0009557129771],