{"interest_": {"c_t": [0, 0.1987420187, -0.1361039141, -0.03910168281, 0.0005336556051, 0.02920322056, -0.09099674164, -0.0001234923898, 0.007234456535, -0.006122593695, -0.03798863235, 0.01284427889, 0.0010444165, -0.00971186217, -0.01103213513, 0.00981032351, -0.003121102648, -0.005522978077, -0.001134653925, 0.004478179196, -0.003414263399], "r_t": [0, 0.09776843134, 0.009998819948, -0.02262745911, -0.04597600866, 0.07826346893, -0.009543131362, -0.01457299523, 0.0005514499506, 0.0337592286, -0.01605508379, -0.003481939326, 0.007861386114, 0.009627322994, -0.01087680425, 0.002311470405, 0.00490833559, 0.0006680403665, -0.004832414725, 0.003145341046, 0.001568423717], "pi_t": [0, -0.4059508498, 0.4326143696, -0.08700341083, -0.0622627988, -0.07464557619, 0.1984634355, -0.1004163812, -0.02193094497, 0.01390850021, 0.06562526915, -0.06688799592, 0.008317922865, 0.01861766522, 0.01094759649, -0.0317192635, 0.01524289669, 0.007310211294, -0.003720283749, -0.01044524812, 0.01103778382], "z_t": [0, -1.071178203, -0.8131983751, -0.61734975, -0.4686688072, -0.3557958105, -0.2701068539, -0.2050550069, -0.1556700817, -0.1181788979, -0.08971699246, -0.06810978048, -0.05170639498, -0.03925355913, -0.02979983141, -0.0226229161, -0.01717447092, -0.01303821515, -0.009898124386, -0.007514285509, -0.005704564225], "zbar_t": [0, 0.4059508498, -1.336958344, -0.8865220815, -0.6125779842, -0.407450083, -0.5356543138, -0.2687330418, -0.1893556455, -0.1669811589, -0.193447021, -0.06349008099, -0.06561224952, -0.07081985114, -0.06108228541, -0.01000036822, -0.02872937085, -0.02811737034, -0.01522928619, -0.0008823715405, -0.01429772226], "fo_t": [0, -0.1674571693, -0.1271272121, -0.09651021846, -0.0732669433, -0.05562151913, -0.04222577474, -0.03205622672, -0.02433588669, -0.01847489377, -0.01402544766, -0.01064759449, -0.008083254954, -0.006136504485, -0.004658604448, -0.003536637957, -0.002684883101, -0.00203826273, -0.001547372734, -0.001174707397, -0.0008917938824], "CapG_t": [0, 0.07047849219, 0.05350463204, 0.04061871286, 0.03083620553, 0.02340969226, 0.01777176186, 0.01349165601, 0.01024235992, 0.007775616067, 0.005902956604, 0.004481303538, 0.003402037807, 0.002582699714, 0.001960688924, 0.001488481572, 0.00112999947, 0.0008578532915, 0.0006512500932, 0.0004944046676, 0.0003753335162], "co_t": [0, 0.08271901214, 0.06279717641, 0.04767326454, 0.03619175695, 0.02747542631, 0.02085831492, 0.01583485149, 0.01202122617, 0.009126064703, 0.006928166649, 0.005259604601, 0.003992894824, 0.003031256237, 0.002301216242, 0.001746997153, 0.001326254819, 0.001006843005, 0.0007643575038, 0.0005802715755, 0.0004405204583], "ho_t": [0, 3.075862067, 2.335079299, 1.772704753, 1.345771056, 1.02165898, 0.7756052445, 0.5888104533, 0.4470028428, 0.3393478176, 0.2576201581, 0.195575574, 0.1484736508, 0.1127156362, 0.08556949078, 0.06496115144, 0.04931607358, 0.0374389167, 0.02842222351, 0.02157708707, 0.01638051679], "omeg_t": [0, 0.1987420186, 0.1508774982, 0.1145405462, 0.08695489282, 0.06601289772, 0.05011452029, 0.03804506689, 0.02888238984, 0.02192642869, 0.01664572375, 0.01263680995, 0.009593392825, 0.00728294461, 0.005528938867, 0.00419736324, 0.003186480993, 0.002419057071, 0.001836457537, 0.001394169748, 0.001058401483], "n_t": [0, 0.2072088311, -0.1296762272, -0.03422202361, 0.004238110113, 0.03201550368, -0.0888617616, 0.001497304497, 0.008464904825, -0.005188483434, -0.03727949082, 0.01338263258, 0.00145311446, -0.009401593983, -0.01079659114, 0.009989139683, -0.002985352106, -0.005419921348, -0.001056417115, 0.00453757365, -0.003369173353], "y_t": [0, 0.2072088301, -0.1296762266, -0.03422202345, 0.004238110093, 0.03201550352, -0.08886176118, 0.001497304489, 0.008464904785, -0.005188483409, -0.03727949064, 0.01338263251, 0.001453114453, -0.009401593938, -0.01079659109, 0.009989139635, -0.002985352091, -0.005419921322, -0.00105641711, 0.004537573628, -0.003369173337], "ni_t": [0, -0.1987420187, 0.1361039141, 0.03910168281, -0.0005336556051, -0.02920322056, 0.09099674164, 0.0001234923898, -0.007234456535, 0.006122593695, 0.03798863235, -0.01284427889, -0.0010444165, 0.00971186217, 0.01103213513, -0.00981032351, 0.003121102648, 0.005522978077, 0.001134653925, -0.004478179196, 0.003414263399], "rl_t": [0, 0.1063439007, 0.01650899515, -0.01768517792, -0.04222401389, 0.08111184286, -0.007380752542, -0.01293139822, 0.001797688921, 0.03470532657, -0.01533684165, -0.002936676794, 0.008275329009, 0.009941572941, -0.01063823746, 0.002492581376, 0.005045828258, 0.0007724196514, -0.004753173882, 0.003205497726, 0.001614092417], "del_t": [0, 0.008575469425, 0.006510175239, 0.004942281222, 0.003751994793, 0.002848373951, 0.002162378833, 0.001641597021, 0.001246238978, 0.0009460979694, 0.0007182421441, 0.0005452625343, 0.0004139428975, 0.0003142499489, 0.0002385667897, 0.0001811109718, 0.0001374926688, 0.0001043792855, 7.924084302e-05, 6.015668089e-05, 4.566869998e-05], "lagz_t": [0, 0, -1.071178203, -0.8131983751, -0.61734975, -0.4686688072, -0.3557958105, -0.2701068539, -0.2050550069, -0.1556700817, -0.1181788979, -0.08971699246, -0.06810978048, -0.05170639498, -0.03925355913, -0.02979983141, -0.0226229161, -0.01717447092, -0.01303821515, -0.009898124386, -0.007514285509], "dumnum_t": [0, 0.2462814549, 0.1869676572, 0.1419388429, 0.1077546532, 0.08180329815, 0.06210200022, 0.04714551259, 0.03579110752, 0.02717126883, 0.0206274095, 0.01565955673, 0.0118881491, 0.009025037694, 0.006851470483, 0.005201379825, 0.003948692827, 0.00299769972, 0.0022757413, 0.001727657605, 0.001311572971], "dumden_t": [0, -0.06279717641, -0.04767326454, -0.03619175695, -0.02747542631, -0.02085831492, -0.01583485149, -0.01202122617, -0.009126064703, -0.006928166649, -0.005259604601, -0.003992894824, -0.003031256237, -0.002301216242, -0.001746997153, -0.001326254819, -0.001006843005, -0.0007643575038, -0.0005802715755, -0.0004405204583, -0.000334426639], "a_t": [0, 4.449125018e-18, 4.004212516e-18, 3.603791264e-18, 3.243412138e-18, 2.919070924e-18, 2.627163832e-18, 2.364447449e-18, 2.128002704e-18, 1.915202433e-18, 1.72368219e-18, 1.551313971e-18, 1.396182574e-18, 1.256564317e-18, 1.130907885e-18, 1.017817096e-18, 9.160353868e-19, 8.244318481e-19, 7.419886633e-19, 6.677897969e-19, 6.010108173e-19], "mu_t": [0, 0, 0, 0, 0, 0, 0, 0, 0, 0, 0, 0, 0, 0, 0, 0, 0, 0, 0, 0, 0], "gam_t": [0, 0, 0, 0, 0, 0, 0, 0, 0, 0, 0, 0, 0, 0, 0, 0, 0, 0, 0, 0, 0], "std_t": [0, 0, 0, 0, 0, 0, 0, 0, 0, 0, 0, 0, 0, 0, 0, 0, 0, 0, 0, 0, 0], "pol_t": [0, 0, 0, 0, 0, 0, 0, 0, 0, 0, 0, 0, 0, 0, 0, 0, 0, 0, 0, 0, 0], "Util": [0, -0.004852983441, -0.00868930728, -0.005476508958, -0.00363053968, -0.0022539162, -0.003684775037, -0.001594683123, -0.001082815981, -0.00102460009, -0.001359315103, -0.0003049536712, -0.0003833548935, -0.0004742368401, -0.0004238421144, -4.600420327e-06, -0.0001878166245, -0.0001975829558, -9.666126954e-05, 1.974317265e-05, -0.0001038501689], "Welf": [0, -0.03474127181, -0.03019019027, -0.02171806362, -0.01640561077, -0.01290411222, -0.01075777375, -0.007144443149, -0.005605818208, -0.004568689118, -0.003579887907, -0.002243002832, -0.001957625415, -0.001590172244, -0.001127207479, -0.0007104700653, -0.0007129996413, -0.0005304878958, -0.0003362676161, -0.0002420266127, -0.0002644139246], "interest": [0, 0.3910737253, 0.03999527979, -0.09050983645, -0.1839040346, 0.3130538757, -0.03817252545, -0.05829198093, 0.002205799802, 0.1350369144, -0.06422033514, -0.0139277573, 0.03144554445, 0.03850929197, -0.04350721701, 0.009245881619, 0.01963334236, 0.002672161466, -0.0193296589, 0.01258136418, 0.00627369487], "inflation": [0, -0.4059508498, 0.02666351986, -0.06033989097, -0.1226026898, 0.2087025838, -0.0254483503, -0.03886132062, 0.001470533202, 0.09002460961, -0.04281355676, -0.009285171535, 0.0209636963, 0.02567286132, -0.02900481134, 0.00616392108, 0.01308889491, 0.001781440977, -0.01288643927, 0.008387576122, 0.004182463247],