{"interest_": {"lambda": [0, 0.825538784, 0.4136061745, 0.1948193536, 0.08189058916, 0.02679929622, 0.003135808311, -0.003616209276, -0.001428082766, 0.005330298615, 0.01427043568, 0.02409361168, 0.03410020135, 0.04391963493, 0.05336180497, 0.06233531133, 0.07080249154, 0.07875469585, 0.08619870349, 0.09314926973, 0.09962504633], "c": [0, -0.835204624, -0.4181337761, -0.1965649054, -0.08214872569, -0.02628048976, -0.002229111598, 0.004698558843, 0.002571079654, -0.004188225557, -0.01316152502, -0.0230340312, -0.03309734394, -0.04297613108, -0.0524777282, -0.06150938929, -0.07003276992, -0.0780389012, -0.0855344405, -0.09253412749, -0.09905665452], "b": [0, 0, 0, 0, 0, 0, 0, 0, 0, 0, 0, 0, 0, 0, 0, 0, 0, 0, 0, 0, 0], "m": [0, -1.350654099, -0.6595768212, -0.2896498058, -0.09591435162, 0.001385860408, 0.04612223132, 0.06241692743, 0.06352358309, 0.05671501288, 0.04597326534, 0.0334701325, 0.0203819526, 0.007338023304, -0.005332636987, -0.01746551115, -0.02898588701, -0.03986777754, -0.05011134173, -0.05973048638, -0.06874607015], "e": [0, 0, 0, 0, 0, 0, 0, 0, 0, 0, 0, 0, 0, 0, 0, 0, 0, 0, 0, 0, 0], "r": [0, 0.1310992167, 0.06140852905, 0.02367517694, 0.00350114388, -0.007036648612, -0.01229766153, -0.01468006715, -0.01550263573, -0.01549010569, -0.0150403193, -0.01437124675, -0.01360190323, -0.01279688222, -0.01199086394, -0.01120210263, -0.01043984804, -0.009708428566, -0.009009496998, -0.008343265168, -0.007709182098], "h": [0, -1.933326132, -1.148185787, -0.7123916964, -0.469027876, -0.3317242906, -0.2529382336, -0.2064970368, -0.1779899238, -0.1594798721, -0.1465931196, -0.1369172781, -0.1291196789, -0.1224621181, -0.116533774, -0.1111042018, -0.1060424163, -0.1012723495, -0.09674832733, -0.09244156569, -0.08833273128], "w": [0, -1.809394861, -0.9979098497, -0.5573504795, -0.3205755778, -0.1956114556, -0.1318542972, -0.101468681, -0.08914973813, -0.08648848434, -0.08887064364, -0.09376985195, -0.0998082982, -0.1062397459, -0.1126650233, -0.1188754585, -0.1247667317, -0.1302914826, -0.1354332471, -0.1401921326, -0.1445769523], "y": [0, -1.279088569, -0.7879089648, -0.5200816698, -0.3749697481, -0.2971956054, -0.2562909667, -0.2354966621, -0.225598279, -0.2215334516, -0.2205246007, -0.2210512503, -0.2222844296, -0.223775395, -0.2252843256, -0.2266860559, -0.2279182075, -0.2289526553, -0.2297798371, -0.2304001302, -0.2308191178], "k": [0, -0.08353796668, -0.1440996556, -0.1910783255, -0.2296891689, -0.2628458374, -0.292193329, -0.3186765528, -0.342853334, -0.3650667635, -0.3855401275, -0.4044292259, -0.4218512341, -0.4379006521, -0.4526581443, -0.4661954635, -0.4785782176, -0.489867446, -0.500120539, -0.5093917931, -0.5177327645], "a": [0, 0, 0, 0, 0, 0, 0, 0, 0, 0, 0, 0, 0, 0, 0, 0, 0, 0, 0, 0, 0], "i": [0, -3.341518667, -2.506005525, -2.023246449, -1.735512063, -1.555955908, -1.436745504, -1.351522278, -1.285747803, -1.231390512, -1.184001323, -1.141104065, -1.101309554, -1.063827953, -1.028200339, -0.9941509141, -0.9615056289, -0.9301473532, -0.8999911634, -0.8709707047, -0.8430306501], "cost": [0, -2.463632424, -1.358186672, -0.7496605061, -0.4146337057, -0.2301401408, -0.1285015641, -0.07246905571, -0.04154138287, -0.02443490483, -0.01493916253, -0.009635879727, -0.006643547495, -0.004926469043, -0.00391447179, -0.003293604418, -0.002890940547, -0.002611176782, -0.002401737331, -0.002233568067, -0.002090565751], "z": [0, -3.742720993, -2.06255767, -1.12564252, -0.5985251283, -0.2976465773, -0.1219466934, -0.01577238874, 0.05153689087, 0.09688497758, 0.1296030003, 0.1548529974, 0.1755012488, 0.1931493701, 0.2087018547, 0.2226784839, 0.2353863155, 0.2470143856, 0.2576858716, 0.2674868407, 0.2764821096], "mu": [0, -1.855457688, 0.4102438853, 0.2125487235, 0.1044818667, 0.04571006296, 0.01403623439, -0.002754983003, -0.01138528497, -0.01555282457, -0.01729171616, -0.01772027615, -0.01745283699, -0.01682639895, -0.01602537247, -0.01515023175, -0.01425529828, -0.01336953426, -0.01250798512, -0.01167807539, -0.01088307235], "pi": [0, -0.5048035891, -0.2808333928, -0.1573782919, -0.08925358746, -0.05159014906, -0.03070013652, -0.01904967911, -0.01249194064, -0.008744254351, -0.006549968621, -0.005217143303, -0.004364657092, -0.003782469647, -0.003354712181, -0.003017357583, -0.00273492242, -0.00248764373, -0.002264420929, -0.00205893075, -0.001867488573], "q": [0, -1.96548128, -1.424895418, -1.105314144, -0.9084359244, -0.7801100956, -0.6904877839, -0.6230972879, -0.5688313093, -0.5226375683, -0.4816973081, -0.4444227078, -0.4099050087, -0.3776107063, -0.347214276, -0.3185060472, -0.2913414393, -0.2656129656, -0.2412347706, -0.2181340675, -0.1962463757], "x": [0, 0, 0, 0, 0, 0, 0, 0, 0, 0, 0, 0, 0, 0, 0, 0, 0, 0, 0, 0, 0], "f": [0, -2.035194941, 0.5155730461, 0.3187838767, 0.2090347207, 0.1472508493, 0.1119237945, 0.09121330504, 0.0786004215, 0.07049501247, 0.06491900781, 0.06078167309, 0.05748073164, 0.05468282673, 0.05220268882, 0.04993662847, 0.0478259289, 0.04583669497, 0.04394875952, 0.04214957483, 0.04043084788], "n": [0, -4.516648691, -3.949877352, -3.584629523, -3.332400245, -3.144391804, -2.993664148, -2.865310698, -2.751051164, -2.6462554, -2.548305271, -2.455692917, -2.367524345, -2.283246093, -2.202494678, -2.125013632, -2.050607735, -1.979117725, -1.910406288, -1.844350253, -1.780836214], "rp": [0, 0.1036404367, 0.0999970557, 0.09610595625, 0.09215955639, 0.08826030656, 0.08446128746, 0.08078854801, 0.07725339385, 0.07385914488, 0.07060484909, 0.06748732131, 0.06450226031, 0.06164485886, 0.05891013482, 0.0562931091, 0.05378889928, 0.05139276716, 0.04910014108, 0.04690662448, 0.0448079971], "lambda_f": [0, 3.420045528e-15, 9.025782524e-15, 6.868677219e-15, 5.85222047e-15, 5.195317133e-15, 4.708109841e-15, 4.320444032e-15, 3.993460119e-15, 3.705531251e-15, 3.444523484e-15, 3.203535701e-15, 2.9785547e-15, 2.767164373e-15, 2.567835033e-15, 2.37953204e-15, 2.201500188e-15, 2.033144809e-15, 1.873966132e-15, 1.723522948e-15, 1.58141241e-15], "c_f": [0, -2.653744143e-15, 2.756637708e-15, 1.721740704e-15, 1.651211024e-15, 1.790774269e-15, 1.897215786e-15, 1.982912332e-15, 2.054777706e-15, 2.116716449e-15, 2.1709743e-15, 2.218881468e-15, 2.261261718e-15, 2.298657541e-15, 2.331454093e-15, 2.359947437e-15, 2.384382122e-15, 2.404971894e-15, 2.421911127e-15, 2.435381144e-15, 2.445553737e-15], "m_f": [0, 1.938664153e-14, -5.529291384e-16, 1.278328635e-15, 1.499571466e-15, 1.780121347e-15, 1.988352043e-15, 2.152863707e-15, 2.289558565e-15, 2.407345398e-15, 2.511279247e-15, 2.604289513e-15, 2.688131148e-15, 2.763908246e-15, 2.832362311e-15, 2.894030985e-15, 2.949335502e-15, 2.998628906e-15, 3.042222681e-15, 3.080401488e-15, 3.113431375e-15], "r_f": [0, -5.605736995e-15, 8.41955945e-16, 1.129239084e-16, 3.869597033e-17, 2.82861619e-18, -2.306693028e-17, -4.311791199e-17, -5.961098921e-17, -7.381924286e-17, -8.64573589e-17, -9.793217075e-17, -1.084805704e-16, -1.18245429e-16, -1.273173985e-16, -1.35757935e-16, -1.436119854e-16, -1.509149854e-16, -1.576967255e-16, -1.639834934e-16, -1.697992665e-16], "h_f": [0, 3.336924255e-15, 8.31418559e-15, 6.514173035e-15, 5.8326862e-15, 5.515712328e-15, 5.269782854e-15, 5.06520159e-15, 4.885556929e-15, 4.72175059e-15, 4.568711135e-15, 4.423585125e-15, 4.284741539e-15, 4.151223791e-15, 4.022448105e-15, 3.89803747e-15, 3.777730223e-15, 3.661329701e-15, 3.548676497e-15, 3.439633162e-15, 3.334075748e-15], "w_f": [0, -1.479094822e-15, -3.901478911e-15, -2.834451933e-15, -2.273697764e-15, -1.869543532e-15, -1.565813122e-15, -1.322011772e-15, -1.115652963e-15, -9.341686452e-16, -7.704565773e-16, -6.204294734e-16, -4.816658979e-16, -3.526675497e-16, -2.324502937e-16, -1.203188841e-16, -1.574279297e-17, 8.171231176e-17, 1.724224542e-16, 2.567263747e-16, 3.349372687e-16],