{"interest_": {"lambda": [0, 0.2900217895, 0.1345832508, 0.04047136363, -0.007209316976, -0.01864609301, -0.01714021206, -0.01236534564, -0.007466750511, -0.003028472728, 0.0009958289605, 0.004712602451, 0.008184062735, 0.01143903152, 0.01449200006, 0.0173529739, 0.02003087984, 0.02253435146, 0.02487177663, 0.02705123718, 0.02908047625], "c": [0, -0.2974952468, -0.1404988738, -0.04422034203, 0.005787791666, 0.0181213508, 0.01685993592, 0.01209766203, 0.007161765738, 0.002686147414, -0.001368294581, -0.005110075269, -0.008603547293, -0.0118785727, -0.01495002871, -0.01782805814, -0.02052165875, -0.02303952525, -0.02539010747, -0.02758154926, -0.02962165427], "b": [0, 0, 0, 0, 0, 0, 0, 0, 0, 0, 0, 0, 0, 0, 0, 0, 0, 0, 0, 0, 0], "m": [0, -0.6960317078, -0.4559608288, -0.2441418128, -0.07001777463, -0.009861535145, 0.001913672846, -0.002177080455, -0.009102132828, -0.01556900713, -0.02123073887, -0.0263060764, -0.03097336671, -0.0353179502, -0.03937528556, -0.04316283738, -0.04669338635, -0.04997888758, -0.05303109445, -0.05586145942, -0.05848101121], "e": [0, 0, 0, 0, 0, 0, 0, 0, 0, 0, 0, 0, 0, 0, 0, 0, 0, 0, 0, 0, 0], "r": [0, 0.1013636066, 0.08023446947, 0.05084794819, 0.01928035789, 0.007117156196, 0.003801426668, 0.003630632384, 0.004136553559, 0.004643008822, 0.005051806262, 0.005390982584, 0.005689531064, 0.005961562047, 0.006212310213, 0.006443637777, 0.006656506896, 0.006851746811, 0.007030197749, 0.007192701219, 0.007340077484], "h": [0, -0.6620144854, -0.370525041, -0.1896818834, -0.09183275816, -0.05935855826, -0.05065058766, -0.04841117667, -0.04698644294, -0.04530146769, -0.04341113416, -0.04148019291, -0.03959592634, -0.0377871132, -0.03605793762, -0.0344055184, -0.0328259579, -0.03131570987, -0.02987162839, -0.02849082434, -0.02717057273], "w": [0, -0.6269163069, -0.3231408393, -0.1369991406, -0.03952372804, -0.01156105998, -0.008635515914, -0.01227076182, -0.01644431997, -0.0200251257, -0.02308744994, -0.025821581, -0.02833415128, -0.03066862778, -0.03284163102, -0.03486170034, -0.03673577904, -0.03847069605, -0.04007323832, -0.04155001738, -0.0429073897], "y": [0, -0.4379887835, -0.2543672622, -0.1411186094, -0.08099373486, -0.06309928374, -0.06046883374, -0.06186447943, -0.06360665658, -0.06499873875, -0.06608285393, -0.06697414826, -0.06773759607, -0.06839985908, -0.06897123641, -0.0694570717, -0.06986171138, -0.07018941521, -0.07044440435, -0.07063078178, -0.0707524846], "k": [0, -0.02726919352, -0.04617339033, -0.05980254747, -0.07041271158, -0.07966431721, -0.08816679949, -0.09610054944, -0.1035085335, -0.110407942, -0.1168169404, -0.1227568889, -0.1282503102, -0.1333194589, -0.1379857586, -0.1422696739, -0.1461907257, -0.1497675384, -0.1530178853, -0.1559587284, -0.1586062548], "a": [0, 0, 0, 0, 0, 0, 0, 0, 0, 0, 0, 0, 0, 0, 0, 0, 0, 0, 0, 0, 0], "i": [0, -1.090767741, -0.7834370659, -0.5913396757, -0.484209112, -0.4404769366, -0.4197636085, -0.4055167976, -0.3924199103, -0.3794848742, -0.3667678787, -0.3544148804, -0.3424937422, -0.3310162559, -0.3199714494, -0.3093423676, -0.2991117457, -0.2892632369, -0.2797814146, -0.2706516068, -0.2618597851], "cost": [0, -0.8509420088, -0.4392986181, -0.1855624147, -0.05036275134, -0.007820334496, 0.001182730165, 0.001182540937, 0.0001758936706, -0.0003278546448, -0.0004157301803, -0.0003276256538, -0.0001924815469, -5.588190219e-05, 7.166777047e-05, 0.0001898529562, 0.0002999744435, 0.0004030092857, 0.0004995376447, 0.0005899400568, 0.000674522169], "z": [0, -1.288930792, -0.6663966868, -0.2805076337, -0.07155393873, -0.000506906659, 0.02037821363, 0.02748486099, 0.03266978653, 0.03818194007, 0.04390935787, 0.04951516649, 0.05482681128, 0.05979456925, 0.06441989023, 0.06871853989, 0.07270793692, 0.07640431973, 0.07982267173, 0.08297704361, 0.08588076594], "mu": [0, -0.8277753143, 0.1859959468, 0.1979415984, 0.1772913058, 0.06799982134, 0.02039824514, 0.004485539787, 0.001604175138, 0.002107957037, 0.003005578773, 0.003693242225, 0.004195152562, 0.00459991635, 0.004957195237, 0.005285732236, 0.005590994739, 0.005874477282, 0.006136965113, 0.006379293321, 0.006602388506], "pi": [0, -0.1317436065, -0.05407493211, -0.01387741765, 0.003167267584, 0.007843581857, 0.008623037149, 0.008576293087, 0.008529227512, 0.008574831343, 0.00866731051, 0.008768579753, 0.008862442868, 0.008944499849, 0.009014530588, 0.009073284056, 0.009121543713, 0.009159978513, 0.009189171987, 0.009209658291, 0.009221940295], "q": [0, -0.6415895852, -0.4447779425, -0.3206668091, -0.2496359413, -0.2176717772, -0.2000464031, -0.1866652689, -0.174295048, -0.1623292836, -0.1507909148, -0.1397551083, -0.1292492171, -0.1192669292, -0.1097887008, -0.1007919574, -0.09225450663, -0.0841552511, -0.07647416197, -0.06919215494, -0.06229100155], "x": [0, 0, 0, 0, 0, 0, 0, 0, 0, 0, 0, 0, 0, 0, 0, 0, 0, 0, 0, 0, 0], "f": [0, -0.6669820661, 0.1881184687, 0.1256864095, 0.07801627795, 0.0404826313, 0.02627170738, 0.02178134578, 0.02048858341, 0.01983097887, 0.01917564402, 0.01846008564, 0.0177264219, 0.01700611955, 0.01631170087, 0.01564592938, 0.01500823567, 0.01439733418, 0.01381195848, 0.01325096656, 0.01271331046], "n": [0, -1.446952349, -1.242725675, -1.102745484, -1.011616635, -0.9587072451, -0.9205039694, -0.8872224501, -0.8556430256, -0.8251168853, -0.7956283107, -0.7672234777, -0.7399063925, -0.7136499455, -0.6884150123, -0.6641602408, -0.6408453703, -0.6184319243, -0.5968831688, -0.5761639675, -0.5562406679], "rp": [0, 0.03267992994, 0.03157452238, 0.03033559734, 0.02904585527, 0.02777758833, 0.0265562122, 0.02538717853, 0.02426925665, 0.02319994571, 0.02217685913, 0.02119788218, 0.02026108834, 0.01936466941, 0.01850690322, 0.0176861416, 0.0169008058, 0.01614938366, 0.0154304271, 0.01474254953, 0.01408442329], "lambda_f": [0, 1.489162803e-16, 8.784075704e-16, 4.850766053e-16, 2.838877304e-16, 2.088619358e-16, 1.872650117e-16, 1.804545816e-16, 1.754703997e-16, 1.694654297e-16, 1.624249192e-16, 1.547238488e-16, 1.466142303e-16, 1.382252783e-16, 1.29627354e-16, 1.20869442e-16, 1.119933047e-16, 1.030372554e-16, 9.403673648e-17, 8.50243069e-17, 7.602967141e-17], "c_f": [0, 8.311114029e-17, 1.586394995e-17, -2.421949117e-16, -3.964693548e-16, -3.746928017e-16, -3.400781888e-16, -3.090890059e-16, -2.835011027e-16, -2.606122898e-16, -2.388790421e-16, -2.177124029e-16, -1.969751276e-16, -1.766691312e-16, -1.568211328e-16, -1.374536752e-16, -1.185825408e-16, -1.002189045e-16, -8.237100725e-17, -6.504495403e-17, -4.82450548e-17], "m_f": [0, 2.951301198e-15, 1.665549651e-16, 2.507891463e-20, -4.565434438e-17, 5.648902982e-17, 1.090472695e-16, 1.316709625e-16, 1.40832614e-16, 1.464064357e-16, 1.517121816e-16, 1.574881152e-16, 1.637155055e-16, 1.702632482e-16, 1.770294353e-16, 1.839456358e-16, 1.909615531e-16, 1.98035405e-16, 2.051300546e-16, 2.12211809e-16, 2.19250074e-16], "r_f": [0, -7.294912901e-16, -3.831148923e-17, -6.160207201e-17, -8.922818402e-17, -1.096695836e-16, -1.142331423e-16, -1.121050518e-16, -1.079268487e-16, -1.035226672e-16, -9.934424698e-17, -9.54295464e-17, -9.173888794e-17, -8.823941147e-17, -8.491199267e-17, -8.17449599e-17, -7.872953437e-17, -7.585793099e-17, -7.312279989e-17, -7.051712389e-17, -6.803421743e-17], "h_f": [0, 2.938867859e-16, 4.239589948e-16, 1.304972961e-16, -3.325919169e-17, -2.64512874e-17, -2.301927693e-18, 1.946847157e-17, 3.58271079e-17, 4.894134042e-17, 6.028217156e-17, 7.050263056e-17, 7.98289706e-17, 8.834190794e-17, 9.608758676e-17, 1.031085146e-16, 1.094479103e-16, 1.151485114e-16, 1.202514073e-16, 1.247955727e-16, 1.288178018e-16], "w_f": [0, -4.036483887e-17, -4.462815567e-16, -2.526794167e-16, -1.543295004e-16, -1.046476644e-16, -8.482688897e-17, -7.446138499e-17, -6.609759755e-17, -5.762728895e-17, -4.880398114e-17, -3.975958136e-17, -3.062186032e-17, -2.146669873e-17, -1.233863227e-17, -3.268732738e-18, 5.71735007e-18, 1.459680085e-17, 2.334902719e-17, 3.195553498e-17, 4.039984955e-17],