{"interest_": {"lambda": [0, 0.3919965812, 0.1490974907, 0.02829629408, -0.01307400167, 0.009767929736, 0.006446990047, -0.000579304169, -0.002638009604, 0.001307550655, 0.005529961807, 0.009302364648, 0.01310529902, 0.01718280934, 0.02123448081, 0.02509542597, 0.02874998192, 0.03221732163, 0.03549028492, 0.03856021936, 0.04142871181], "c": [0, -0.403104879, -0.1546773258, -0.02928453878, 0.01641516316, -0.009022237163, -0.006464293809, 0.0006718952434, 0.003060080114, -0.0009446284122, -0.005257182957, -0.009059758273, -0.01285617659, -0.0169404525, -0.02100663901, -0.02488023664, -0.02854389642, -0.03201972825, -0.03530135232, -0.03837968842, -0.04125604826], "b": [0, 0, 0, 0, 0, 0, 0, 0, 0, 0, 0, 0, 0, 0, 0, 0, 0, 0, 0, 0, 0], "m": [0, -0.9954761856, -0.452232746, -0.08198458489, 0.1945890143, 0.03074325093, -0.007387050133, 0.005609492046, 0.02556780039, 0.01840889693, 0.009289272922, 0.003877692434, 0.0004287552348, -0.004016308513, -0.008856537211, -0.01340485278, -0.01755399117, -0.02148268224, -0.02522615885, -0.02875252947, -0.03204843271], "e": [0, 0, 0, 0, 0, 0, 0, 0, 0, 0, 0, 0, 0, 0, 0, 0, 0, 0, 0, 0, 0], "r": [0, 0.1506634849, 0.07568012845, 0.01340370898, -0.04531666717, -0.01011393859, 0.0002346934804, -0.001255826427, -0.005724604714, -0.004922368017, -0.003699739862, -0.00329050612, -0.003378884332, -0.003287121693, -0.003090252108, -0.002918644615, -0.002795168174, -0.002679988136, -0.002562520743, -0.002448567818, -0.002341861314], "h": [0, -0.9023958424, -0.4493512409, -0.2147895244, -0.1202733782, -0.1441049765, -0.1223977013, -0.09489633063, -0.07689333598, -0.07050087539, -0.06541133731, -0.06024333363, -0.05579586961, -0.05248405249, -0.04974311627, -0.04724678942, -0.04493671094, -0.04282056145, -0.04086055273, -0.03901709537, -0.03726986811], "w": [0, -0.8512194813, -0.3777691781, -0.137601173, -0.04813227492, -0.08310193916, -0.06873431973, -0.04771277134, -0.03649246849, -0.0371849505, -0.03881733151, -0.0399597736, -0.04149942481, -0.04389157467, -0.04654840297, -0.04913898495, -0.0516179582, -0.05400840431, -0.05628393294, -0.0584157449, -0.06039508568], "y": [0, -0.5970250893, -0.3099642151, -0.1631876509, -0.1067727176, -0.1276052644, -0.1181778896, -0.1044440086, -0.09650719724, -0.09586731553, -0.09581173047, -0.09544926846, -0.09532031285, -0.09571697477, -0.09628504078, -0.09682270559, -0.09730228148, -0.09773886016, -0.09811705271, -0.09841955391, -0.09864111447], "k": [0, -0.03745104649, -0.0623017186, -0.0803778091, -0.09534696219, -0.1099278087, -0.123110509, -0.1348539189, -0.1454608049, -0.1552470145, -0.1642797841, -0.1725938697, -0.180240915, -0.1872783542, -0.1937477237, -0.1996813047, -0.2051086782, -0.2100582477, -0.2145562754, -0.2186269791, -0.2222930775], "a": [0, 0, 0, 0, 0, 0, 0, 0, 0, 0, 0, 0, 0, 0, 0, 0, 0, 0, 0, 0, 0], "i": [0, -1.49804186, -1.031477931, -0.7853453383, -0.6791439329, -0.6785808232, -0.6372358214, -0.5928469039, -0.5591293577, -0.5369091895, -0.5165577981, -0.4968432094, -0.4784756817, -0.461738482, -0.4460531352, -0.4310909642, -0.4167762441, -0.4030914579, -0.3899793573, -0.377384421, -0.3652709151], "cost": [0, -1.156590234, -0.5171562039, -0.1892030465, -0.0616329355, -0.09960165119, -0.07295413137, -0.03816509337, -0.01687860723, -0.01181851036, -0.008416938349, -0.004753838768, -0.001974981574, -0.0006586523947, -6.478463512e-06, 0.0004369312202, 0.000747612336, 0.0009098944049, 0.0009725670378, 0.00098671364, 0.0009761606729], "z": [0, -1.753615324, -0.7896693725, -0.2900889787, -0.08802784399, -0.1318599534, -0.08120421228, -0.01949859294, 0.02146811443, 0.03777497899, 0.05101834567, 0.06407667685, 0.07529857529, 0.08386528785, 0.09098683494, 0.09736194935, 0.1031266356, 0.1082797125, 0.112913762, 0.1171234352, 0.1209620253], "mu": [0, -1.193143217, 0.451007834, 0.325127093, 0.2486070125, -0.1863204992, -0.05156517935, 0.006204941444, 0.01664377648, -0.008937947912, -0.009819580871, -0.00533891751, -0.002936508944, -0.003746437765, -0.004075678918, -0.00377762252, -0.003413227052, -0.003256519535, -0.003150501454, -0.003018956927, -0.002875978603], "pi": [0, -0.1976670312, -0.0922356056, -0.04512106812, -0.02796658676, -0.02247473577, -0.01343487828, -0.006791600736, -0.003314531862, -0.001779044455, -0.0006999568644, 7.266297783e-05, 0.0005124282556, 0.0006986259834, 0.0007645497801, 0.0007706930479, 0.0007359113422, 0.0006721715282, 0.0005929751557, 0.0005074136989, 0.0004199246346], "q": [0, -0.8811482219, -0.5846866134, -0.4252942571, -0.352194234, -0.343058157, -0.3101625731, -0.2762989475, -0.2495588131, -0.2302499399, -0.2125230029, -0.1956138068, -0.1799196818, -0.1655768689, -0.1522113262, -0.139605294, -0.1276952434, -0.116453471, -0.1058295966, -0.09577551519, -0.08625596316], "x": [0, 0, 0, 0, 0, 0, 0, 0, 0, 0, 0, 0, 0, 0, 0, 0, 0, 0, 0, 0, 0], "f": [0, -0.9153714476, 0.2884209945, 0.1646958923, 0.0834621628, 0.0174204968, 0.04187666034, 0.04393682657, 0.03737138416, 0.02982236686, 0.02806455886, 0.0270957648, 0.02570526695, 0.02412738264, 0.0229051867, 0.02190126339, 0.02096422503, 0.0200571127, 0.01920425902, 0.01840521447, 0.01764784474], "n": [0, -2.002454125, -1.692100136, -1.507859377, -1.406170439, -1.370979315, -1.312095281, -1.251930931, -1.199017883, -1.154234336, -1.111759159, -1.070783898, -1.031705667, -0.9946851797, -0.9593449678, -0.9254480508, -0.8929099313, -0.8616836785, -0.8316989415, -0.802886713, -0.775190848], "rp": [0, 0.04552190397, 0.04389469576, 0.04209186705, 0.04026242821, 0.03855572065, 0.03691053236, 0.03531267873, 0.03376792712, 0.03228697001, 0.03086816764, 0.02950820132, 0.02820489296, 0.02695685818, 0.02576220855, 0.02461878099, 0.02352445241, 0.02247722231, 0.02147514892, 0.02051633719, 0.01959895591], "lambda_f": [0, 8.048346132e-16, 4.944431528e-16, 3.734850964e-16, 2.200245728e-16, 3.949240596e-16, 3.522783168e-16, 3.180583076e-16, 2.879356711e-16, 2.719636827e-16, 2.476649195e-16, 2.208931003e-16, 1.944144138e-16, 1.696200689e-16, 1.454915681e-16, 1.219706468e-16, 9.923662564e-17, 7.742413331e-17, 5.64900072e-17, 3.638915561e-17, 1.70977405e-17], "c_f": [0, -3.803996114e-16, 7.337038773e-16, 3.23807819e-16, 3.36572708e-16, 4.486861587e-16, 5.68117603e-16, 6.145233337e-16, 6.27691369e-16, 6.362152452e-16, 6.438869414e-16, 6.462907092e-16, 6.444591979e-16, 6.408877466e-16, 6.367580479e-16, 6.321766641e-16, 6.272383953e-16, 6.221528044e-16, 6.170783309e-16, 6.120770977e-16, 6.071743675e-16], "m_f": [0, -1.600751547e-15, 2.463928295e-15, 2.142861307e-15, 1.828439127e-15, 1.694106683e-15, 1.947788817e-15, 2.006667175e-15, 1.970945351e-15, 1.919254986e-15, 1.889561532e-15, 1.856272206e-15, 1.81538665e-15, 1.77163334e-15, 1.729326228e-15, 1.688258849e-15, 1.647957486e-15, 1.608561008e-15, 1.570396761e-15, 1.533543924e-15, 1.497965031e-15], "r_f": [0, 3.103914604e-16, -4.400442037e-16, -4.62646037e-16, -3.794317016e-16, -3.167457759e-16, -3.508897768e-16, -3.540618561e-16, -3.416275019e-16, -3.263127434e-16, -3.168095773e-16, -3.077318143e-16, -2.977992941e-16, -2.875799269e-16, -2.778703685e-16, -2.685910023e-16, -2.595972277e-16, -2.50871058e-16, -2.42455451e-16, -2.343547444e-16, -2.265529842e-16], "h_f": [0, 1.600168415e-16, 1.102807807e-15, 6.9688388e-16, 5.62156332e-16, 6.863962821e-16, 7.578355104e-16, 7.633890637e-16, 7.386605114e-16, 7.180209144e-16, 6.967540845e-16, 6.713214021e-16, 6.430848213e-16, 6.149253927e-16, 5.875680525e-16, 5.609532165e-16, 5.351161581e-16, 5.102394732e-16, 4.864118889e-16, 4.636297986e-16, 4.418645436e-16], "w_f": [0, -4.492246299e-16, -1.127385258e-16, -7.667646332e-17, 6.938073683e-18, -7.209057606e-17, -2.676816226e-17, 4.016490176e-18, 2.649843674e-17, 4.000650526e-17, 5.797622885e-17, 7.652343293e-17, 9.413061978e-17, 1.103914016e-16, 1.260775485e-16, 1.412519282e-16, 1.558267203e-16, 1.697586259e-16, 1.830992045e-16, 1.958869018e-16, 2.081416346e-16],