{"interest_": {"x": [0, -0.4420899794, -0.3882680993, -0.3349526989, -0.285407154, -0.2410668016, -0.2023295213, -0.1690318332, -0.1407314361, -0.1168713051, -0.09687189151, -0.08018016636, -0.06629317503, -0.05476689232, -0.04521691249, -0.03731488169, -0.03078296901, -0.02538768948, -0.02093379938, -0.01725863047, -0.0142270236], "pi_H": [0, -0.1533178206, -0.1264515983, -0.1042710208, -0.08596721174, -0.07086778667, -0.05841501915, -0.04814703249, -0.03968178965, -0.03270358028, -0.02695168522, -0.02221091011, -0.01830370631, -0.01508362894, -0.0124299154, -0.01024299854, -0.008440797287, -0.006955652408, -0.005731796774, -0.004723267756, -0.003892185132], "r": [0, 0.19205559, 0.1172850988, 0.07099616518, 0.04244573129, 0.02492461544, 0.01424604392, 0.007799959756, 0.003961423804, 0.001720607636, 0.0004514447546, -0.0002329661267, -0.000570690832, -0.0007073512221, -0.0007312985124, -0.0006955264263, -0.0006313019829, -0.0005566267804, -0.0004814747518, -0.0004110223643, -0.0003476306426], "pi": [0, -0.5439996486, -0.163675368, -0.09531337079, -0.05377619954, -0.02881019258, -0.01403544519, -0.005490193348, -0.0007207957312, 0.001786949071, 0.002962982317, 0.00337465492, 0.003364937989, 0.003138485233, 0.002815130967, 0.002463069051, 0.002119366725, 0.001802595128, 0.001520561985, 0.001275008867, 0.001064433489], "x_star": [0, 0.01032922389, 0.1072571484, 0.150199369, 0.1624669269, 0.1581035469, 0.1454481848, 0.1293481999, 0.1125308041, 0.09645005041, 0.08180754039, 0.06887054949, 0.0576647157, 0.04808934026, 0.03998517997, 0.03317327077, 0.02747625279, 0.02272926541, 0.018784745, 0.01551376147, 0.0128054816], "pi_F_star": [0, 0.003162848512, -0.002307956445, -0.004978208211, -0.006028060483, -0.006172935154, -0.005841440006, -0.005286022879, -0.004651645766, -0.004018284031, -0.003427126427, -0.002896642944, -0.00243236854, -0.00203280135, -0.00169290837, -0.001406166259, -0.001165712172, -0.0009649597558, -0.0007978987261, -0.0006592114893, -0.00054428772], "r_star": [0, 0.357558976, 0.2066249669, 0.1151675251, 0.06040992271, 0.02818755685, 0.009710565599, -0.0004598896034, -0.005676090336, -0.007993353056, -0.008662693669, -0.008437899801, -0.007766656768, -0.006909284599, -0.00601231911, -0.00515395688, -0.004371995482, -0.003680905131, -0.003082170289, -0.002570478975, -0.002137362816], "pi_star": [0, 0.3938446765, 0.03491581331, -0.01393585819, -0.03821907268, -0.04823052924, -0.05022101397, -0.04794286202, -0.04361263968, -0.03850881338, -0.03334179396, -0.02848220798, -0.02410101284, -0.02025491552, -0.01693795474, -0.01411223385, -0.01172587618, -0.009723207292, -0.008050257485, -0.006657488113, -0.00550090634], "r_bar": [0, -1.613914051e-16, -9.694666243e-17, -8.139977165e-17, -5.250389659e-17, -2.107955303e-17, -8.669595584e-18, -1.990151329e-18, 1.425388448e-18, 3.004930784e-18, 3.573278848e-18, 3.604518872e-18, 3.368691076e-18, 3.017246195e-18, 2.632935033e-18, 2.25896648e-18, 1.916046667e-18, 1.612317179e-18, 1.349125774e-18, 1.124349775e-18, 9.342835434e-19], "r_bar_star": [0, -3.305951245e-16, -3.351465744e-16, -2.761641069e-16, -1.932994962e-16, -1.278998076e-16, -9.163279524e-17, -6.758370875e-17, -5.11096048e-17, -3.945654558e-17, -3.096343861e-17, -2.460769294e-17, -1.974437767e-17, -1.595536646e-17, -1.296129712e-17, -1.056961126e-17, -8.643461109e-18, -7.082786456e-18, -5.812562713e-18, -4.775327843e-18, -3.926301822e-18], "a": [0, 0, -2.416146667e-32, -2.657761334e-32, -2.192653101e-32, -1.607945607e-32, -1.105462605e-32, -7.296053192e-33, -4.681634132e-33, -2.942741454e-33, -1.820821275e-33, -1.112724112e-33, -6.73198088e-34, -4.039188528e-34, -2.406683165e-34, -1.425496951e-34, -8.400249892e-35, -4.928146603e-35, -2.879885671e-35, -1.677109891e-35, -9.736554644e-36], "a_star": [0, 4.77243945e-16, 2.624841698e-16, 1.443662934e-16, 7.940146135e-17, 4.367080375e-17, 2.401894206e-17, 1.321041813e-17, 7.265729973e-18, 3.996151485e-18, 2.197883317e-18, 1.208835824e-18, 6.648597034e-19, 3.656728368e-19, 2.011200603e-19, 1.106160331e-19, 6.083881823e-20, 3.346135003e-20, 1.840374251e-20, 1.012205838e-20, 5.567132111e-21], "mc": [0, -2.322721508, -1.917519171, -1.582305783, -1.305256206, -1.076442746, -0.8875698426, -0.7317297859, -0.6031853812, -0.4971808004, -0.4097794296, -0.3377263101, -0.2783323206, -0.2293771948, -0.1890286384, -0.1557750739, -0.1283698406, -0.1057849764, -0.08717298403, -0.07183523192, -0.05919585681], "mc_star": [0, -0.3658695922, 0.1338471048, 0.3828194999, 0.4860601568, 0.5073305088, 0.4849164279, 0.4414426067, 0.3899659745, 0.3377486445, 0.2885855472, 0.2442333177, 0.2052815281, 0.1716789185, 0.1430470269, 0.1188635087, 0.09856617142, 0.08160926393, 0.06749143113, 0.05576721306, 0.04604929834], "y": [0, -0.4420899794, -0.3882680993, -0.3349526989, -0.285407154, -0.2410668016, -0.2023295213, -0.1690318332, -0.1407314361, -0.1168713051, -0.09687189151, -0.08018016636, -0.06629317503, -0.05476689232, -0.04521691249, -0.03731488169, -0.03078296901, -0.02538768948, -0.02093379938, -0.01725863047, -0.0142270236], "y_star": [0, 0.01032922389, 0.1072571484, 0.150199369, 0.1624669269, 0.1581035469, 0.1454481848, 0.1293481999, 0.1125308041, 0.09645005041, 0.08180754039, 0.06887054949, 0.0576647157, 0.04808934026, 0.03998517997, 0.03317327077, 0.02747625279, 0.02272926541, 0.018784745, 0.01551376147, 0.0128054816], "y_bar": [0, -5.616412846e-17, 1.945178167e-16, 1.368561764e-16, 3.061135911e-17, 1.487800454e-17, -1.903668402e-18, -1.065217e-17, -1.458340742e-17, -1.571725369e-17, -1.530391499e-17, -1.410341797e-17, -1.256693382e-17, -1.095333051e-17, -9.403431512e-18, -7.98690463e-18, -6.731579933e-18, -5.641573018e-18, -4.70832995e-18, -3.917233065e-18, -3.251448604e-18], "y_bar_star": [0, 3.44411866e-16, 1.935468581e-16, 9.383267834e-17, 4.043927722e-17, 1.255557441e-17, -1.378203422e-18, -7.773281833e-18, -1.017455334e-17, -1.053133054e-17, -9.90553083e-18, -8.866606894e-18, -7.711848364e-18, -6.589227687e-18, -5.565807468e-18, -4.665718979e-18, -3.891129934e-18, -3.23370933e-18, -2.68079427e-18, -2.218615159e-18, -1.833899698e-18], "p": [0, -0.5439996486, -0.7076750166, -0.8029883874, -0.856764587, -0.8855747795, -0.8996102247, -0.9051004181, -0.9058212138, -0.9040342647, -0.9010712824, -0.8976966275, -0.8943316895, -0.8911932043, -0.8883780733, -0.8859150043, -0.8837956375, -0.8819930424, -0.8804724804, -0.8791974716, -0.8781330381], "p_star": [0, 0.3938446765, 0.4287604898, 0.4148246316, 0.3766055589, 0.3283750297, 0.2781540157, 0.2302111537, 0.186598514, 0.1480897006, 0.1147479067, 0.0862656987, 0.06216468586, 0.04190977034, 0.0249718156, 0.01085958175, -0.0008662944342, -0.01058950173, -0.01863975921, -0.02529724732, -0.03079815366], "e": [0, -0.5905715891, -0.7560749751, -0.8454148432, -0.8895862032, -0.9075503946, -0.910813336, -0.9062778577, -0.8980180083, -0.8883804942, -0.8786665335, -0.8695523951, -0.8613474614, -0.8541514954, -0.8479495621, -0.8426685415, -0.838210111, -0.8344694175, -0.8313451392, -0.8287444436, -0.826584987], "s": [0, -0.43409092, -0.4754506642, -0.4654977197, -0.4297299284, -0.3829992683, -0.3336886306, -0.2862921426, -0.2430021494, -0.204679339, -0.1714408195, -0.1430124139, -0.1189361425, -0.09868934896, -0.08175040855, -0.06763255567, -0.0558990401, -0.04616765395, -0.03810947755, -0.03144472575, -0.02593737173], "q": [0, 0.347272736, 0.3803605313, 0.3723981758, 0.3437839427, 0.3063994146, 0.2669509045, 0.2290337141, 0.1944017195, 0.1637434712, 0.1371526556, 0.1144099311, 0.09514891399, 0.07895147917, 0.06540032684, 0.05410604454, 0.04471923208, 0.03693412316, 0.03048758204, 0.0251557806, 0.02074989738], "interest": [0, 0.76822236, 0.4691403951, 0.2839846607, 0.1697829252, 0.09969846177, 0.05698417569, 0.03119983902, 0.01584569522, 0.006882430544, 0.001805779018, -0.0009318645069, -0.002282763328, -0.002829404888, -0.00292519405, -0.002782105705, -0.002525207932, -0.002226507122, -0.001925899007, -0.001644089457, -0.00139052257],