{"interest_": {"x": [0, -0.1057452337, -0.08034173251, -0.06373817799, -0.05186661795, -0.04280688547, -0.03560010799, -0.02972669581, -0.02487519171, -0.0208386797, -0.01746733682, -0.01464586409, -0.01228208228, -0.01030065394, -0.008639253855, -0.00724598424, -0.006077480759, -0.005097443658, -0.004275458033, -0.003586027172, -0.003007771752], "pi_H": [0, -0.0289627678, -0.02318104663, -0.01895756638, -0.01568855036, -0.01306610557, -0.01091870729, -0.009140370914, -0.007658749574, -0.006420390833, -0.005383619077, -0.004514858242, -0.003786548967, -0.00317583907, -0.002663676289, -0.00223413079, -0.001873863388, -0.001571695447, -0.001318255088, -0.001105683492, -0.0009273898872], "r": [0, 0.07927449535, 0.03275782166, 0.01273993071, 0.004248705635, 0.000751802378, -0.0005976873429, -0.00103784373, -0.001104861237, -0.001029079833, -0.0009078608393, -0.000781002401, -0.000663598135, -0.00056031957, -0.0004715954923, -0.0003962612679, -0.0003326742192, -0.0002791656969, -0.0002342090709, -0.0001964683825, -0.0001647988548], "pi": [0, -0.1349552664, -0.01739557666, -0.007737757947, -0.003496580084, -0.001625137288, -0.0007918834039, -0.0004146776102, -0.000238816607, -0.0001526959655, -0.0001072758021, -8.089246148e-05, -6.387989421e-05, -5.184560797e-05, -4.272816287e-05, -3.550738933e-05, -2.963726923e-05, -2.47950924e-05, -2.076927181e-05, -1.740814926e-05, -1.459579611e-05], "x_star": [0, 0.01699669681, 0.03570048094, 0.03931122025, 0.03706417767, 0.03287498639, 0.02835465176, 0.02412349565, 0.02038253416, 0.01716090076, 0.01442210785, 0.01210893872, 0.01016177783, 0.008525544603, 0.007151822042, 0.005999031473, 0.005031875572, 0.004220563867, 0.003540028881, 0.002969210024, 0.002490427349], "pi_F_star": [0, -0.01229303944, -0.006598719695, -0.003913151708, -0.002573832483, -0.001849387433, -0.001416012638, -0.001128637938, -0.0009208529632, -0.0007610981099, -0.0006334486253, -0.0005291543208, -0.000442888298, -0.0003710616546, -0.000311048185, -0.0002608128955, -0.0002187222076, -0.0001834379662, -0.0001538517764, -0.0001290400813, -0.0001082309168], "r_star": [0, 0.08942852232, 0.03533578251, 0.01230801495, 0.002753236792, -0.0009975295104, -0.002281169149, -0.002544317082, -0.002409673922, -0.00214151302, -0.001848785563, -0.001573640702, -0.001329924566, -0.001119856051, -0.0009411924874, -0.0007902602195, -0.0006631949101, -0.0005564132922, -0.0004667604855, -0.0003915250689, -0.0003284043301], "pi_star": [0, 0.0936994592, -0.01238418966, -0.01513296015, -0.01476580276, -0.01329035571, -0.01154283652, -0.009854331241, -0.008340785931, -0.007028792977, -0.0059097919, -0.004963120102, -0.004165557371, -0.003495055117, -0.002931996311, -0.002459436296, -0.002062948326, -0.00173033832, -0.001451337592, -0.001217315424, -0.001021025008], "r_bar": [0, 2.963724749e-18, -3.666830247e-17, 4.640847466e-18, -9.958097946e-18, -5.334640972e-18, -4.126239153e-18, -3.308781817e-18, -2.708796751e-18, -2.242976877e-18, -1.868615713e-18, -1.561760572e-18, -1.307505103e-18, -1.095611101e-18, -9.184804597e-19, -7.701723785e-19, -6.458927699e-19, -5.417030517e-19, -4.543357608e-19, -3.810660507e-19, -3.196153332e-19], "r_bar_star": [0, 2.746455368e-18, -3.131273981e-17, 2.483546679e-17, -3.476948849e-18, 5.948419249e-18, 5.974987279e-18, 5.442115366e-18, 4.752664153e-18, 4.06845556e-18, 3.448302773e-18, 2.907937023e-18, 2.44587632e-18, 2.054466573e-18, 1.724487409e-18, 1.446981923e-18, 1.213903142e-18, 1.018268248e-18, 8.541184475e-19, 7.164112669e-19, 6.008978835e-19], "a": [0, 0, 0, 0, 0, 0, 0, 0, 0, 0, 0, 0, 0, 0, 0, 0, 0, 0, 0, 0, 0], "a_star": [0, 0, 0, 0, 0, 0, 0, 0, 0, 0, 0, 0, 0, 0, 0, 0, 0, 0, 0, 0, 0], "mc": [0, -0.4965301353, -0.3643807634, -0.2828726027, -0.2273206666, -0.1863235612, -0.1543822089, -0.1286594451, -0.1075510445, -0.09005019744, -0.07546041056, -0.06326213655, -0.05304784027, -0.04448803575, -0.03731175471, -0.03129407634, -0.02624737673, -0.02201473567, -0.01846473278, -0.01548722509, -0.0129898678], "mc_star": [0, -0.0003808738315, 0.09766498076, 0.1247183654, 0.1233043069, 0.111588591, 0.09716243057, 0.08305328311, 0.07034157768, 0.05929626258, 0.0498645469, 0.04188055312, 0.03515203419, 0.02949454012, 0.02474322813, 0.0207554091, 0.01740946869, 0.01460255825, 0.01224804459, 0.01027310303, 0.008616581588], "y": [0, -0.1057452337, -0.08034173251, -0.06373817799, -0.05186661795, -0.04280688547, -0.03560010799, -0.02972669581, -0.02487519171, -0.0208386797, -0.01746733682, -0.01464586409, -0.01228208228, -0.01030065394, -0.008639253855, -0.00724598424, -0.006077480759, -0.005097443658, -0.004275458033, -0.003586027172, -0.003007771752], "y_star": [0, 0.01699669681, 0.03570048094, 0.03931122025, 0.03706417767, 0.03287498639, 0.02835465176, 0.02412349565, 0.02038253416, 0.01716090076, 0.01442210785, 0.01210893872, 0.01016177783, 0.008525544603, 0.007151822042, 0.005999031473, 0.005031875572, 0.004220563867, 0.003540028881, 0.002969210024, 0.002490427349], "y_bar": [0, 3.609160608e-17, -1.170801865e-17, -2.883739471e-17, 1.091810283e-17, 1.739251462e-18, 1.353080756e-18, 1.088716e-18, 8.929869748e-19, 7.401798442e-19, 6.169755567e-19, 5.158058778e-19, 4.31896885e-19, 3.619319868e-19, 3.034297264e-19, 2.544399772e-19, 2.133843813e-19, 1.789641266e-19, 1.501007719e-19, 1.258945532e-19, 1.055928813e-19], "y_bar_star": [0, -5.336154917e-18, -2.200973761e-18, -2.546979315e-18, -2.442452261e-18, -2.182348781e-18, -1.888865036e-18, -1.609803347e-18, -1.361368105e-18, -1.146715096e-18, -9.639326896e-19, -8.094262311e-19, -6.793108668e-19, -5.699482143e-19, -4.78120607e-19, -4.01056728e-19, -3.364004684e-19, -2.821618106e-19, -2.366655873e-19, -1.985041146e-19, -1.664955467e-19], "p": [0, -0.1349552664, -0.1523508431, -0.160088601, -0.1635851811, -0.1652103184, -0.1660022018, -0.1664168794, -0.166655696, -0.166808392, -0.1669156678, -0.1669965603, -0.1670604402, -0.1671122858, -0.1671550139, -0.1671905213, -0.1672201586, -0.1672449537, -0.167265723, -0.1672831311, -0.1672977269], "p_star": [0, 0.0936994592, 0.08131526953, 0.06618230939, 0.05141650663, 0.03812615091, 0.02658331439, 0.01672898315, 0.008388197215, 0.001359404238, -0.004550387662, -0.009513507764, -0.01367906513, -0.01717412025, -0.02010611656, -0.02256555286, -0.02462850118, -0.02635883951, -0.0278101771, -0.02902749252, -0.03004851753], "e": [0, -0.1344391713, -0.1445931983, -0.1471711591, -0.1467392434, -0.1452437745, -0.1434944426, -0.1418109608, -0.1403044875, -0.1389996748, -0.1378872416, -0.1369463169, -0.1361536786, -0.1354873521, -0.1349278157, -0.1344582187, -0.1340642197, -0.133733699, -0.1334564514, -0.1332239, -0.1330288433], "s": [0, -0.1177694429, -0.111341143, -0.09887468914, -0.0853280555, -0.07261586852, -0.06136384198, -0.0516686272, -0.04342425723, -0.03646015183, -0.03059754819, -0.02567091954, -0.02153462057, -0.01806351672, -0.01515135214, -0.01270843725, -0.01065929712, -0.008940518948, -0.007498868041, -0.006289673216, -0.005275457559], "q": [0, 0.09421555434, 0.08907291437, 0.07909975131, 0.0682624444, 0.05809269481, 0.04909107358, 0.04133490176, 0.03473940579, 0.02916812146, 0.02447803855, 0.02053673563, 0.01722769646, 0.01445081338, 0.01212108171, 0.0101667498, 0.008527437695, 0.007152415158, 0.005999094433, 0.005031738573, 0.004220366047], "interest": [0, 0.3170979814, 0.1310312866, 0.05095972285, 0.01699482254, 0.003007209512, -0.002390749372, -0.004151374919, -0.004419444949, -0.004116319332, -0.003631443357, -0.003124009604, -0.00265439254, -0.00224127828, -0.001886381969, -0.001585045071, -0.001330696877, -0.001116662788, -0.0009368362837, -0.00078587353, -0.0006591954192], "inflation": [0, -0.1349552664, -0.1523508431, -0.160088601, -0.1635851811, -0.03025505198, -0.01365135872, -0.006328278386, -0.003070514909, -0.001598073587, -0.0009134659848, -0.0005796808361, -0.0004047441233, -0.0003038937658, -0.0002393461265, -0.0001939610544, -0.0001597184294, -0.0001326679138, -0.0001107090228, -9.26097827e-05, -7.756830959e-05],