{"interest_": {"a": [0, 0, 0, 0, 0, 0, 0, 0, 0, 0, 0, 0, 0, 0, 0, 0, 0, 0, 0, 0, 0], "lambda": [0, 0.9802422469, 0.6254581511, 0.4006900737, 0.2573175379, 0.1654851941, 0.106518321, 0.0685982671, 0.04419112792, 0.02847319438, 0.01834781546, 0.01182389345, 0.007619970246, 0.004910841558, 0.003164932407, 0.002039747663, 0.001314590597, 0.000847238788, 0.000546036747, 0.0003519154597, 0.000226806282], "y": [0, -0.487602892, -0.500976316, -0.394376807, -0.281553064, -0.1919435305, -0.1277210323, -0.08385262149, -0.05463106155, -0.03543470906, -0.02292370146, -0.01480718944, -0.009555766344, -0.006163457142, -0.003974151505, -0.002562017306, -0.001651470303, -0.001064462621, -0.0006860769023, -0.0004421859353, -0.0002849908767], "z": [0, 2.302159568e-17, 1.829970441e-16, 1.340291673e-16, 1.078599249e-16, 6.755678581e-17, 4.278997604e-17, 2.729064944e-17, 1.747863937e-17, 1.122272904e-17, 7.216829239e-18, 4.645010204e-18, 2.991304777e-18, 1.926964782e-18, 1.241565495e-18, 8.000454954e-19, 5.155715848e-19, 3.322619731e-19, 2.141325218e-19, 1.380037093e-19, 8.894110753e-20], "r": [0, 0.1803591713, 0.1127433358, 0.07132313746, 0.04545440785, 0.02909862787, 0.01867862689, 0.01200942187, 0.007728943329, 0.004977015272, 0.003206026652, 0.002065637413, 0.001331048419, 0.0008577584416, 0.0005527831541, 0.0003562506635, 0.0002295953829, 0.0001479702925, 9.53648301e-05, 6.146152448e-05, 3.961131297e-05], "pi": [0, -0.2722223968, -0.1744249245, -0.1120247416, -0.0720493984, -0.04637793593, -0.02986824524, -0.01924142699, -0.01239771731, -0.00798899021, -0.005148363645, -0.003317895362, -0.002138285789, -0.001378080269, -0.000888150709, -0.0005724015904, -0.0003689064024, -0.000237756426, -0.0001532317485, -9.875645722e-05, -6.36476532e-05], "e": [0, 0, 0, 0, 0, 0, 0, 0, 0, 0, 0, 0, 0, 0, 0, 0, 0, 0, 0, 0, 0], "g": [0, -0.487602892, -0.01337342395, 0.1065995089, 0.1128237431, 0.08960953347, 0.06422249816, 0.04386841084, 0.02922155995, 0.01919635249, 0.0125110076, 0.00811651202, 0.005251423093, 0.003392309202, 0.002189305637, 0.001412134199, 0.0009105470032, 0.0005870076819, 0.0003783857187, 0.0002438909671, 0.0001571950586], "q": [0, -4.48261383e-17, -1.266857574e-16, -1.327844913e-16, -1.032030848e-16, -7.37294161e-17, -5.046261734e-17, -3.372083008e-17, -2.22189794e-17, -1.451676883e-17, -9.435442323e-18, -6.113116291e-18, -3.952750604e-18, -2.552696319e-18, -1.647269747e-18, -1.062483934e-18, -6.850948883e-19, -4.416708629e-19, -2.847061893e-19, -1.835118645e-19, -1.182802501e-19], "x": [0, -0.487602892, -0.500976316, -0.394376807, -0.281553064, -0.1919435305, -0.1277210323, -0.08385262149, -0.05463106155, -0.03543470906, -0.02292370146, -0.01480718944, -0.009555766344, -0.006163457142, -0.003974151505, -0.002562017306, -0.001651470303, -0.001064462621, -0.0006860769023, -0.0004421859353, -0.0002849908767], "interest": [0, 0.7214366852, 0.4509733431, 0.2852925498, 0.1818176314, 0.1163945115, 0.07471450756, 0.04803768749, 0.03091577332, 0.01990806109, 0.01282410661, 0.008262549652, 0.005324193675, 0.003431033767, 0.002211132616, 0.001425002654, 0.0009183815318, 0.0005918811699, 0.0003814593204, 0.0002458460979, 0.0001584452519], "inflation": [0, -0.2722223968, -0.4466473213, -0.5586720628, -0.6307214612, -0.4048770004, -0.2603203211, -0.1675370066, -0.1078853255, -0.06949637975, -0.04477649816, -0.02885296653, -0.01859353501, -0.01198262506, -0.007722412129, -0.004976918357, -0.003207538971, -0.002067215128, -0.001332296167, -0.0008586510342, -0.000553392285], "inflationq": [0, -1.088889587, -0.697699698, -0.4480989662, -0.2881975936, -0.1855117437, -0.1194729809, -0.07696570797, -0.04959086926, -0.03195596084, -0.02059345458, -0.01327158145, -0.008553143156, -0.005512321076, -0.003552602836, -0.002289606361, -0.00147562561, -0.0009510257042, -0.0006129269941, -0.0003950258289, -0.0002545906128], "output": [0, -0.487602892, -0.500976316, -0.394376807, -0.281553064, -0.1919435305, -0.1277210323, -0.08385262149, -0.05463106155, -0.03543470906, -0.02292370146, -0.01480718944, -0.009555766344, -0.006163457142, -0.003974151505, -0.002562017306, -0.001651470303, -0.001064462621, -0.0006860769023, -0.0004421859353, -0.0002849908767], "outputgap": [0, -0.487602892, -0.500976316, -0.394376807, -0.281553064, -0.1919435305, -0.1277210323, -0.08385262149, -0.05463106155, -0.03543470906, -0.02292370146, -0.01480718944, -0.009555766344, -0.006163457142, -0.003974151505, -0.002562017306, -0.001651470303, -0.001064462621, -0.0006860769023, -0.0004421859353, -0.0002849908767], "AUX_ENDO_LEAD_74": [0, -0.697699698, -0.4480989662, -0.2881975936, -0.1855117437, -0.1194729809, -0.07696570797, -0.04959086926, -0.03195596084, -0.02059345458, -0.01327158145, -0.008553143156, -0.005512321076, -0.003552602836, -0.002289606361, -0.00147562561, -0.0009510257042, -0.0006129269941, -0.0003950258289, -0.0002545906128, -0.0001640814059], "AUX_ENDO_LEAD_78": [0, -0.4480989662, -0.2881975936, -0.1855117437, -0.1194729809, -0.07696570797, -0.04959086926, -0.03195596084, -0.02059345458, -0.01327158145, -0.008553143156, -0.005512321076, -0.003552602836, -0.002289606361, -0.00147562561, -0.0009510257042, -0.0006129269941, -0.0003950258289, -0.0002545906128, -0.0001640814059, -0.0001057490326], "AUX_ENDO_LEAD_82": [0, -0.2881975936, -0.1855117437, -0.1194729809, -0.07696570797, -0.04959086926, -0.03195596084, -0.02059345458, -0.01327158145, -0.008553143156, -0.005512321076, -0.003552602836, -0.002289606361, -0.00147562561, -0.0009510257042, -0.0006129269941, -0.0003950258289, -0.0002545906128, -0.0001640814059, -0.0001057490326, -6.815433253e-05], "AUX_ENDO_LEAD_109": [0, -0.500976316, -0.394376807, -0.281553064, -0.1919435305, -0.1277210323, -0.08385262149, -0.05463106155, -0.03543470906, -0.02292370146, -0.01480718944, -0.009555766344, -0.006163457142, -0.003974151505, -0.002562017306, -0.001651470303, -0.001064462621, -0.0006860769023, -0.0004421859353, -0.0002849908767, -0.0001836764045], "AUX_ENDO_LEAD_113": [0, -0.394376807, -0.281553064, -0.1919435305, -0.1277210323, -0.08385262149, -0.05463106155, -0.03543470906, -0.02292370146, -0.01480718944, -0.009555766344, -0.006163457142, -0.003974151505, -0.002562017306, -0.001651470303, -0.001064462621, -0.0006860769023, -0.0004421859353, -0.0002849908767, -0.0001836764045, -0.0001183787174], "AUX_ENDO_LEAD_117": [0, -0.281553064, -0.1919435305, -0.1277210323, -0.08385262149, -0.05463106155, -0.03543470906, -0.02292370146, -0.01480718944, -0.009555766344, -0.006163457142, -0.003974151505, -0.002562017306, -0.001651470303, -0.001064462621, -0.0006860769023, -0.0004421859353, -0.0002849908767, -0.0001836764045, -0.0001183787174, -7.629439144e-05], "AUX_ENDO_LEAD_144": [0, -0.500976316, -0.394376807, -0.281553064, -0.1919435305, -0.1277210323, -0.08385262149, -0.05463106155, -0.03543470906, -0.02292370146, -0.01480718944, -0.009555766344, -0.006163457142, -0.003974151505, -0.002562017306, -0.001651470303, -0.001064462621, -0.0006860769023, -0.0004421859353, -0.0002849908767, -0.0001836764045], "AUX_ENDO_LEAD_148": [0, -0.394376807, -0.281553064, -0.1919435305, -0.1277210323, -0.08385262149, -0.05463106155, -0.03543470906, -0.02292370146, -0.01480718944, -0.009555766344, -0.006163457142, -0.003974151505, -0.002562017306, -0.001651470303, -0.001064462621, -0.0006860769023, -0.0004421859353, -0.0002849908767, -0.0001836764045, -0.0001183787174], "AUX_ENDO_LEAD_152": [0, -0.281553064, -0.1919435305, -0.1277210323, -0.08385262149, -0.05463106155, -0.03543470906, -0.02292370146, -0.01480718944, -0.009555766344, -0.006163457142, -0.003974151505, -0.002562017306, -0.001651470303, -0.001064462621, -0.0006860769023, -0.0004421859353, -0.0002849908767, -0.0001836764045, -0.0001183787174, -7.629439144e-05],