{"interest_": {"a": [0, 0, 0, 0, 0, 0, 0, 0, 0, 0, 0, 0, 0, 0, 0, 0, 0, 0, 0, 0, 0], "lambda": [0, 0.4892016394, 0.2247662027, 0.08514160799, 0.0213584618, 0.003067803464, -0.000577094523, -0.0006489082083, -0.0003079774758, -0.0001075749851, -2.973416297e-05, -6.211324162e-06, -7.127104375e-07, 1.172163656e-07, 9.173078219e-08, 2.21659199e-08, -3.03597486e-09, -6.069234686e-09, -3.822781986e-09, -1.784024634e-09, -7.063899571e-10], "y": [0, -0.2209344523, -0.1835687946, -0.1064435556, -0.04975126405, -0.02035352334, -0.007579540604, -0.002651261391, -0.0008976615318, -0.0003039167421, -0.0001060435587, -3.879146006e-05, -1.483083517e-05, -5.821731742e-06, -2.29958901e-06, -9.010568736e-07, -3.478835093e-07, -1.322478584e-07, -4.965791799e-08, -1.851150584e-08, -6.887787495e-09], "z": [0, 4.126265379e-17, 1.459507989e-16, 7.876712314e-17, 4.181749851e-17, 1.471392308e-17, 4.424795033e-18, 1.088737006e-18, 2.180792255e-19, 3.443468459e-20, 6.322307661e-21, 3.488622696e-21, 2.571646271e-21, 1.538750716e-21, 7.636033629e-22, 3.308377031e-22, 1.298464593e-22, 4.749246055e-23, 1.661733189e-23, 5.716010411e-24, 1.986522832e-24], "r": [0, 0.231186546, 0.1288383021, 0.06150805678, 0.01815123386, 0.003812471705, 0.0001818209604, -0.0002957555506, -0.0001860063413, -7.419743491e-05, -2.285199575e-05, -5.44883838e-06, -8.514504828e-07, 1.567078113e-08, 6.892230287e-08, 2.677797622e-08, 4.30740019e-09, -1.578367294e-09, -1.752578111e-09, -9.697176066e-10, -4.18251898e-10], "pi": [0, -0.08212583105, -0.03324889067, -0.01078629259, -0.002275089403, -0.0001394244744, 0.0001675737179, 0.000110007275, 4.517518195e-05, 1.439614936e-05, 3.643387254e-06, 6.708430532e-07, 4.97753449e-08, -2.152367964e-08, -9.814802319e-09, -6.425594277e-10, 1.576081468e-09, 1.274140364e-09, 6.680854066e-10, 2.86179241e-10, 1.079170699e-10], "e": [0, 0, 0, 0, 0, 0, 0, 0, 0, 0, 0, 0, 0, 0, 0, 0, 0, 0, 0, 0, 0], "g": [0, -0.2209344523, 0.03736565765, 0.07712523907, 0.05669229152, 0.02939774071, 0.01277398273, 0.004928279213, 0.001753599859, 0.0005937447897, 0.0001978731834, 6.725209862e-05, 2.396062489e-05, 9.00910343e-06, 3.522142732e-06, 1.398532136e-06, 5.531733644e-07, 2.156356509e-07, 8.258994037e-08, 3.114641215e-08, 1.162371835e-08], "q": [0, 1.424537641e-17, 1.393239618e-16, 1.411300763e-16, -1.318085776e-17, -3.729411012e-17, -2.646720413e-17, -1.331054012e-17, -5.617697409e-18, -2.111258248e-18, -7.340217649e-19, -2.440979687e-19, -8.059565843e-20, -2.745909089e-20, -9.909993719e-21, -3.789547186e-21, -1.502467379e-21, -6.015035663e-22, -2.386148975e-22, -9.297002812e-23, -3.553676143e-23], "x": [0, -0.2209344523, -0.1835687946, -0.1064435556, -0.04975126405, -0.02035352334, -0.007579540604, -0.002651261391, -0.0008976615318, -0.0003039167421, -0.0001060435587, -3.879146006e-05, -1.483083517e-05, -5.821731742e-06, -2.29958901e-06, -9.010568736e-07, -3.478835093e-07, -1.322478584e-07, -4.965791799e-08, -1.851150584e-08, -6.887787495e-09], "interest": [0, 0.9247461841, 0.5153532084, 0.2460322271, 0.07260493546, 0.01524988682, 0.0007272838415, -0.001183022202, -0.0007440253652, -0.0002967897396, -9.1407983e-05, -2.179535352e-05, -3.405801931e-06, 6.268312452e-08, 2.756892115e-07, 1.071119049e-07, 1.722960076e-08, -6.313469175e-09, -7.010312445e-09, -3.878870426e-09, -1.673007592e-09], "inflation": [0, -0.08212583105, -0.1153747217, -0.1261610143, -0.1284361037, -0.04644969714, -0.01303323275, -0.002136932884, 0.0001833317005, 0.0003371523242, 0.0001732219936, 6.388556162e-05, 1.876015502e-05, 4.342481972e-06, 6.892799161e-07, 1.779430351e-08, -3.040495992e-08, -7.607139915e-09, 2.875747811e-09, 3.80448648e-09, 2.336322082e-09], "inflationq": [0, -0.3285033242, -0.1329955627, -0.04314517034, -0.009100357612, -0.0005576978975, 0.0006702948715, 0.0004400291002, 0.0001807007278, 5.758459745e-05, 1.457354902e-05, 2.683372213e-06, 1.991013796e-07, -8.609471856e-08, -3.925920928e-08, -2.570237711e-09, 6.304325871e-09, 5.096561457e-09, 2.672341626e-09, 1.144716964e-09, 4.316682795e-10], "output": [0, -0.2209344523, -0.1835687946, -0.1064435556, -0.04975126405, -0.02035352334, -0.007579540604, -0.002651261391, -0.0008976615318, -0.0003039167421, -0.0001060435587, -3.879146006e-05, -1.483083517e-05, -5.821731742e-06, -2.29958901e-06, -9.010568736e-07, -3.478835093e-07, -1.322478584e-07, -4.965791799e-08, -1.851150584e-08, -6.887787495e-09], "outputgap": [0, -0.2209344523, -0.1835687946, -0.1064435556, -0.04975126405, -0.02035352334, -0.007579540604, -0.002651261391, -0.0008976615318, -0.0003039167421, -0.0001060435587, -3.879146006e-05, -1.483083517e-05, -5.821731742e-06, -2.29958901e-06, -9.010568736e-07, -3.478835093e-07, -1.322478584e-07, -4.965791799e-08, -1.851150584e-08, -6.887787495e-09], "AUX_ENDO_LEAD_74": [0, -0.1329955627, -0.04314517034, -0.009100357612, -0.0005576978975, 0.0006702948715, 0.0004400291002, 0.0001807007278, 5.758459745e-05, 1.457354902e-05, 2.683372213e-06, 1.991013796e-07, -8.609471856e-08, -3.925920928e-08, -2.570237711e-09, 6.304325871e-09, 5.096561457e-09, 2.672341626e-09, 1.144716964e-09, 4.316682795e-10, 1.49306395e-10], "AUX_ENDO_LEAD_78": [0, -0.04314517034, -0.009100357612, -0.0005576978975, 0.0006702948715, 0.0004400291002, 0.0001807007278, 5.758459745e-05, 1.457354902e-05, 2.683372213e-06, 1.991013796e-07, -8.609471856e-08, -3.925920928e-08, -2.570237711e-09, 6.304325871e-09, 5.096561457e-09, 2.672341626e-09, 1.144716964e-09, 4.316682795e-10, 1.49306395e-10, 4.904557001e-11], "AUX_ENDO_LEAD_82": [0, -0.009100357612, -0.0005576978975, 0.0006702948715, 0.0004400291002, 0.0001807007278, 5.758459745e-05, 1.457354902e-05, 2.683372213e-06, 1.991013796e-07, -8.609471856e-08, -3.925920928e-08, -2.570237711e-09, 6.304325871e-09, 5.096561457e-09, 2.672341626e-09, 1.144716964e-09, 4.316682795e-10, 1.49306395e-10, 4.904557001e-11, 1.591245571e-11], "AUX_ENDO_LEAD_109": [0, -0.1835687946, -0.1064435556, -0.04975126405, -0.02035352334, -0.007579540604, -0.002651261391, -0.0008976615318, -0.0003039167421, -0.0001060435587, -3.879146006e-05, -1.483083517e-05, -5.821731742e-06, -2.29958901e-06, -9.010568736e-07, -3.478835093e-07, -1.322478584e-07, -4.965791799e-08, -1.851150584e-08, -6.887787495e-09, -2.569106613e-09], "AUX_ENDO_LEAD_113": [0, -0.1064435556, -0.04975126405, -0.02035352334, -0.007579540604, -0.002651261391, -0.0008976615318, -0.0003039167421, -0.0001060435587, -3.879146006e-05, -1.483083517e-05, -5.821731742e-06, -2.29958901e-06, -9.010568736e-07, -3.478835093e-07, -1.322478584e-07, -4.965791799e-08, -1.851150584e-08, -6.887787495e-09, -2.569106613e-09, -9.629752733e-10], "AUX_ENDO_LEAD_117": [0, -0.04975126405, -0.02035352334, -0.007579540604, -0.002651261391, -0.0008976615318, -0.0003039167421, -0.0001060435587, -3.879146006e-05, -1.483083517e-05, -5.821731742e-06, -2.29958901e-06, -9.010568736e-07, -3.478835093e-07, -1.322478584e-07, -4.965791799e-08, -1.851150584e-08, -6.887787495e-09, -2.569106613e-09, -9.629752733e-10, -3.628768071e-10], "AUX_ENDO_LEAD_144": [0, -0.1835687946, -0.1064435556, -0.04975126405, -0.02035352334, -0.007579540604, -0.002651261391, -0.0008976615318, -0.0003039167421, -0.0001060435587, -3.879146006e-05, -1.483083517e-05, -5.821731742e-06, -2.29958901e-06, -9.010568736e-07, -3.478835093e-07, -1.322478584e-07, -4.965791799e-08, -1.851150584e-08, -6.887787495e-09, -2.569106613e-09], "AUX_ENDO_LEAD_148": [0, -0.1064435556, -0.04975126405, -0.02035352334, -0.007579540604, -0.002651261391, -0.0008976615318, -0.0003039167421, -0.0001060435587, -3.879146006e-05, -1.483083517e-05, -5.821731742e-06, -2.29958901e-06, -9.010568736e-07, -3.478835093e-07, -1.322478584e-07, -4.965791799e-08, -1.851150584e-08, -6.887787495e-09, -2.569106613e-09, -9.629752733e-10],