{"interest_": {"a": [0, 0, 0, 0, 0, 0, 0, 0, 0, 0, 0, 0, 0, 0, 0, 0, 0, 0, 0, 0, 0], "lambda": [0, 0.6638934285, 0.3747320754, 0.1935433296, 0.09874641285, 0.07687629606, 0.06452886015, 0.05045555472, 0.03696414877, 0.02672163624, 0.01956150403, 0.01448670935, 0.01075039294, 0.007957192895, 0.005877656382, 0.004340334586, 0.003206709251, 0.002370031189, 0.001751719206, 0.001294592044, 0.0009566950107], "y": [0, -0.3167941164, -0.2994251607, -0.2094438693, -0.1346722741, -0.09443295068, -0.07106443189, -0.05396525283, -0.04022687876, -0.0296156273, -0.0217801347, -0.0160730218, -0.01188755589, -0.00879277417, -0.006499396229, -0.004802339542, -0.003548408924, -0.002622216702, -0.001937905139, -0.001432170875, -0.001058393078], "z": [0, 3.164301315e-17, -5.30788943e-18, -4.801954103e-17, 1.15377179e-16, 7.831704148e-17, 4.760106014e-17, 2.976629143e-17, 2.219622698e-17, 1.730108312e-17, 1.313952983e-17, 9.688298009e-18, 7.090531313e-18, 5.215753004e-18, 3.856977025e-18, 2.855557484e-18, 2.111941122e-18, 1.560494638e-18, 1.152830365e-18, 8.518399327e-19, 6.295408152e-19], "r": [0, 0.1896835013, 0.1191033905, 0.05201027178, -0.01108472817, -0.01295266959, -0.004798447328, -0.0003527887894, 8.152337864e-05, -0.0003384414662, -0.0004748431083, -0.0003699886499, -0.0002420115002, -0.0001628708679, -0.0001194737811, -9.072844319e-05, -6.81811071e-05, -5.04134118e-05, -3.706876548e-05, -2.731446587e-05, -2.018648401e-05], "pi": [0, -0.1657378735, -0.09947785184, -0.06208535527, -0.04278664495, -0.03295484496, -0.0253001055, -0.01887175276, -0.01384419474, -0.01016098915, -0.007498573672, -0.005549637797, -0.004106305059, -0.003035211541, -0.002242407381, -0.001656795577, -0.001224353778, -0.0009048591699, -0.0006687253941, -0.0004941959282, -0.0003652114988], "e": [0, 0, 0, 0, 0, 0, 0, 0, 0, 0, 0, 0, 0, 0, 0, 0, 0, 0, 0, 0, 0], "g": [0, -0.3167941164, 0.01736895572, 0.08998129135, 0.07477159524, 0.04023932339, 0.0233685188, 0.01709917906, 0.01373837406, 0.01061125147, 0.007835492595, 0.005707112899, 0.004185465914, 0.003094781719, 0.002293377941, 0.001697056687, 0.001253930618, 0.0009261922218, 0.0006843115627, 0.0005057342644, 0.0003737777969], "q": [0, -7.342342834e-17, 7.60557971e-18, 1.588217797e-17, 1.785780493e-17, 2.815622e-17, 2.824130646e-17, 2.285893488e-17, 1.687419476e-17, 1.233678936e-17, 9.145595197e-18, 6.825770533e-18, 5.078341167e-18, 3.759648715e-18, 2.776998938e-18, 2.051211381e-18, 1.515985349e-18, 1.12066284e-18, 8.28335873e-19, 6.121680236e-19, 4.523851075e-19], "x": [0, -0.3167941164, -0.2994251607, -0.2094438693, -0.1346722741, -0.09443295068, -0.07106443189, -0.05396525283, -0.04022687876, -0.0296156273, -0.0217801347, -0.0160730218, -0.01188755589, -0.00879277417, -0.006499396229, -0.004802339542, -0.003548408924, -0.002622216702, -0.001937905139, -0.001432170875, -0.001058393078], "interest": [0, 0.7587340051, 0.4764135621, 0.2080410871, -0.04433891269, -0.05181067836, -0.01919378931, -0.001411155158, 0.0003260935146, -0.001353765865, -0.001899372433, -0.0014799546, -0.0009680460007, -0.0006514834716, -0.0004778951242, -0.0003629137728, -0.0002727244284, -0.0002016536472, -0.0001482750619, -0.0001092578635, -8.074593605e-05], "inflation": [0, -0.1657378735, -0.2652157253, -0.3273010806, -0.3700877256, -0.237304697, -0.1631269507, -0.1199133482, -0.09097089796, -0.06817704215, -0.05037551032, -0.03705339536, -0.02731550568, -0.02018972807, -0.01493356178, -0.01104071956, -0.008158768277, -0.006028415906, -0.004454733919, -0.00329213427, -0.002432991991], "inflationq": [0, -0.6629514939, -0.3979114074, -0.2483414211, -0.1711465798, -0.1318193799, -0.101200422, -0.07548701104, -0.05537677896, -0.0406439566, -0.02999429469, -0.02219855119, -0.01642522024, -0.01214084616, -0.008969629523, -0.006627182307, -0.004897415113, -0.00361943668, -0.002674901576, -0.001976783713, -0.001460845995], "output": [0, -0.3167941164, -0.2994251607, -0.2094438693, -0.1346722741, -0.09443295068, -0.07106443189, -0.05396525283, -0.04022687876, -0.0296156273, -0.0217801347, -0.0160730218, -0.01188755589, -0.00879277417, -0.006499396229, -0.004802339542, -0.003548408924, -0.002622216702, -0.001937905139, -0.001432170875, -0.001058393078], "outputgap": [0, -0.3167941164, -0.2994251607, -0.2094438693, -0.1346722741, -0.09443295068, -0.07106443189, -0.05396525283, -0.04022687876, -0.0296156273, -0.0217801347, -0.0160730218, -0.01188755589, -0.00879277417, -0.006499396229, -0.004802339542, -0.003548408924, -0.002622216702, -0.001937905139, -0.001432170875, -0.001058393078], "AUX_ENDO_LEAD_74": [0, -0.3979114074, -0.2483414211, -0.1711465798, -0.1318193799, -0.101200422, -0.07548701104, -0.05537677896, -0.0406439566, -0.02999429469, -0.02219855119, -0.01642522024, -0.01214084616, -0.008969629523, -0.006627182307, -0.004897415113, -0.00361943668, -0.002674901576, -0.001976783713, -0.001460845995, -0.001079571434], "AUX_ENDO_LEAD_78": [0, -0.2483414211, -0.1711465798, -0.1318193799, -0.101200422, -0.07548701104, -0.05537677896, -0.0406439566, -0.02999429469, -0.02219855119, -0.01642522024, -0.01214084616, -0.008969629523, -0.006627182307, -0.004897415113, -0.00361943668, -0.002674901576, -0.001976783713, -0.001460845995, -0.001079571434, -0.0007978131362], "AUX_ENDO_LEAD_82": [0, -0.1711465798, -0.1318193799, -0.101200422, -0.07548701104, -0.05537677896, -0.0406439566, -0.02999429469, -0.02219855119, -0.01642522024, -0.01214084616, -0.008969629523, -0.006627182307, -0.004897415113, -0.00361943668, -0.002674901576, -0.001976783713, -0.001460845995, -0.001079571434, -0.0007978131362, -0.000589592554], "AUX_ENDO_LEAD_109": [0, -0.2994251607, -0.2094438693, -0.1346722741, -0.09443295068, -0.07106443189, -0.05396525283, -0.04022687876, -0.0296156273, -0.0217801347, -0.0160730218, -0.01188755589, -0.00879277417, -0.006499396229, -0.004802339542, -0.003548408924, -0.002622216702, -0.001937905139, -0.001432170875, -0.001058393078, -0.000782157384], "AUX_ENDO_LEAD_113": [0, -0.2094438693, -0.1346722741, -0.09443295068, -0.07106443189, -0.05396525283, -0.04022687876, -0.0296156273, -0.0217801347, -0.0160730218, -0.01188755589, -0.00879277417, -0.006499396229, -0.004802339542, -0.003548408924, -0.002622216702, -0.001937905139, -0.001432170875, -0.001058393078, -0.000782157384, -0.0005780186608], "AUX_ENDO_LEAD_117": [0, -0.1346722741, -0.09443295068, -0.07106443189, -0.05396525283, -0.04022687876, -0.0296156273, -0.0217801347, -0.0160730218, -0.01188755589, -0.00879277417, -0.006499396229, -0.004802339542, -0.003548408924, -0.002622216702, -0.001937905139, -0.001432170875, -0.001058393078, -0.000782157384, -0.0005780186608, -0.0004271608755], "AUX_ENDO_LEAD_144": [0, -0.2994251607, -0.2094438693, -0.1346722741, -0.09443295068, -0.07106443189, -0.05396525283, -0.04022687876, -0.0296156273, -0.0217801347, -0.0160730218, -0.01188755589, -0.00879277417, -0.006499396229, -0.004802339542, -0.003548408924, -0.002622216702, -0.001937905139, -0.001432170875, -0.001058393078, -0.000782157384], "AUX_ENDO_LEAD_148": [0, -0.2094438693, -0.1346722741, -0.09443295068, -0.07106443189, -0.05396525283, -0.04022687876, -0.0296156273, -0.0217801347, -0.0160730218, -0.01188755589, -0.00879277417, -0.006499396229, -0.004802339542, -0.003548408924, -0.002622216702, -0.001937905139, -0.001432170875, -0.001058393078, -0.000782157384, -0.0005780186608], "AUX_ENDO_LEAD_152": [0, -0.1346722741, -0.09443295068, -0.07106443189, -0.05396525283, -0.04022687876, -0.0296156273, -0.0217801347, -0.0160730218, -0.01188755589, -0.00879277417, -0.006499396229, -0.004802339542, -0.003548408924, -0.002622216702, -0.001937905139, -0.001432170875, -0.001058393078, -0.000782157384, -0.0005780186608, -0.0004271608755],