{"interest_": {"y": [0, -0.4859567003, -0.2238956131, -0.08610641583, -0.02260676749, -0.003977722899, 7.0869559e-05, 0.0004133227286, 0.0002125350165, 7.316375868e-05, 1.851678751e-05, 2.83932093e-06, -2.594436557e-07, -4.078164814e-07, -1.912924682e-07, -6.248171954e-08, -1.48765364e-08, -1.92917991e-09, 3.949166247e-10, 3.928864064e-10, 1.704846638e-10], "m": [0, -0.0358485796, -0.01909322779, -0.008797292239, -0.002586064318, -0.0005629655599, -4.812880779e-05, 2.766156735e-05, 1.929015478e-05, 7.576039672e-06, 2.17646454e-06, 4.31193064e-07, 2.112713128e-08, -2.987448457e-08, -1.783485954e-08, -6.601307003e-09, -1.797957535e-09, -3.236418015e-10, -1.959473996e-13, 3.071689089e-11, 1.628780959e-11], "pi": [0, -0.08010899811, -0.03268868624, -0.01086927333, -0.002499911944, -0.0003065041826, 7.785884062e-05, 7.016786003e-05, 2.978144375e-05, 9.087800857e-06, 1.977714592e-06, 1.820016495e-07, -9.193569795e-08, -6.60269888e-08, -2.621607384e-08, -7.597577701e-09, -1.527482288e-09, -8.55077708e-11, 1.001746173e-10, 6.120068194e-11, 2.287531138e-11], "r": [0, 0.2251835631, 0.12434594, 0.05944692941, 0.01781676572, 0.003997742111, 0.0003936734358, -0.0001689134152, -0.0001273549282, -5.131936279e-05, -1.505914706e-05, -3.088183801e-06, -2.016494105e-07, 1.872980331e-07, 1.184047828e-07, 4.487686349e-08, 1.249326979e-08, 2.34340969e-09, 5.144225514e-11, -1.959191599e-10, -1.086678694e-10], "a": [0, 0, 9.166199727e-18, 1.371936589e-17, 1.582373456e-17, 1.598933445e-17, 1.551170035e-17, 1.487788792e-17, 1.424002696e-17, 1.362943862e-17, 1.304786579e-17, 1.249261446e-17, 1.196151972e-17, 1.145313939e-17, 1.096638773e-17, 1.050032134e-17, 1.005405973e-17, 9.626762791e-18, 9.217625495e-18, 8.82587642e-18, 8.450776664e-18], "e": [0, 0, -1.051699227e-16, -1.819500184e-16, -2.263814787e-16, -2.388606347e-16, -2.396549851e-16, -2.370679959e-16, -2.338582044e-16, -2.30660223e-16, -2.275514668e-16, -2.245116722e-16, -2.215224937e-16, -2.18575836e-16, -2.156688632e-16, -2.128005516e-16, -2.099703408e-16, -2.071777466e-16, -2.044222851e-16, -2.017034689e-16, -1.990208127e-16], "z": [0, 0, 0, 0, 0, 0, 0, 0, 0, 0, 0, 0, 0, 0, 0, 0, 0, 0, 0, 0, 0], "interest": [0, 0.9007342522, 0.4973837602, 0.2377877176, 0.07126706289, 0.01599096844, 0.001574693743, -0.0006756536607, -0.0005094197129, -0.0002052774512, -6.023658826e-05, -1.23527352e-05, -8.065976421e-07, 7.491921324e-07, 4.736191312e-07, 1.795074539e-07, 4.997307916e-08, 9.373638759e-09, 2.057690206e-10, -7.836766396e-10, -4.346714776e-10], "inflation": [0, -0.08010899811, -0.1127976843, -0.1236669577, -0.1261668696, -0.04636437569, -0.01359783061, -0.002658389426, -0.0001286960382, 0.0001868959452, 0.0001110148192, 4.102896084e-05, 1.11555814e-05, 2.001753555e-06, -2.177111062e-09, -1.917763383e-07, -1.013681226e-07, -3.54266416e-08, -9.110393143e-09, -1.45161476e-09, 9.874283985e-11], "inflationq": [0, -0.3204359924, -0.1307547449, -0.04347709331, -0.009999647777, -0.00122601673, 0.0003114353625, 0.0002806714401, 0.000119125775, 3.635120343e-05, 7.910858367e-06, 7.280065981e-07, -3.677427918e-07, -2.641079552e-07, -1.048642954e-07, -3.039031081e-08, -6.109929152e-09, -3.420310832e-10, 4.006984693e-10, 2.448027278e-10, 9.150124553e-11], "outputgap": [0, -0.4859567003, -0.2238956131, -0.08610641583, -0.02260676749, -0.003977722899, 7.0869559e-05, 0.0004133227286, 0.0002125350165, 7.316375868e-05, 1.851678751e-05, 2.83932093e-06, -2.594436557e-07, -4.078164814e-07, -1.912924682e-07, -6.248171954e-08, -1.48765364e-08, -1.92917991e-09, 3.949166246e-10, 3.928864063e-10, 1.704846636e-10], "output": [0, -0.4859567003, -0.2238956131, -0.08610641583, -0.02260676749, -0.003977722899, 7.0869559e-05, 0.0004133227286, 0.0002125350165, 7.316375868e-05, 1.851678751e-05, 2.83932093e-06, -2.594436557e-07, -4.078164814e-07, -1.912924682e-07, -6.248171954e-08, -1.48765364e-08, -1.92917991e-09, 3.949166247e-10, 3.928864064e-10, 1.704846638e-10], "AUX_ENDO_LEAD_90": [0, -0.1307547449, -0.04347709331, -0.009999647777, -0.00122601673, 0.0003114353625, 0.0002806714401, 0.000119125775, 3.635120343e-05, 7.910858367e-06, 7.280065981e-07, -3.677427918e-07, -2.641079552e-07, -1.048642954e-07, -3.039031081e-08, -6.109929152e-09, -3.420310832e-10, 4.006984693e-10, 2.448027278e-10, 9.150124553e-11, 2.515095643e-11], "AUX_ENDO_LEAD_94": [0, -0.04347709331, -0.009999647777, -0.00122601673, 0.0003114353625, 0.0002806714401, 0.000119125775, 3.635120343e-05, 7.910858367e-06, 7.280065981e-07, -3.677427918e-07, -2.641079552e-07, -1.048642954e-07, -3.039031081e-08, -6.109929152e-09, -3.420310832e-10, 4.006984693e-10, 2.448027278e-10, 9.150124553e-11, 2.515095643e-11, 4.607480724e-12], "AUX_ENDO_LEAD_98": [0, -0.009999647777, -0.00122601673, 0.0003114353625, 0.0002806714401, 0.000119125775, 3.635120343e-05, 7.910858367e-06, 7.280065981e-07, -3.677427918e-07, -2.641079552e-07, -1.048642954e-07, -3.039031081e-08, -6.109929152e-09, -3.420310832e-10, 4.006984693e-10, 2.448027278e-10, 9.150124553e-11, 2.515095643e-11, 4.607480724e-12, 4.520610272e-14], "AUX_ENDO_LEAD_125": [0, -0.2238956131, -0.08610641583, -0.02260676749, -0.003977722899, 7.0869559e-05, 0.0004133227286, 0.0002125350165, 7.316375868e-05, 1.851678751e-05, 2.83932093e-06, -2.594436557e-07, -4.078164814e-07, -1.912924682e-07, -6.248171954e-08, -1.48765364e-08, -1.92917991e-09, 3.949166246e-10, 3.928864063e-10, 1.704846636e-10, 5.288249012e-11], "AUX_ENDO_LEAD_129": [0, -0.08610641583, -0.02260676749, -0.003977722899, 7.0869559e-05, 0.0004133227286, 0.0002125350165, 7.316375868e-05, 1.851678751e-05, 2.83932093e-06, -2.594436557e-07, -4.078164814e-07, -1.912924682e-07, -6.248171954e-08, -1.48765364e-08, -1.92917991e-09, 3.949166246e-10, 3.928864063e-10, 1.704846636e-10, 5.288249012e-11, 1.177385569e-11], "AUX_ENDO_LEAD_133": [0, -0.02260676749, -0.003977722899, 7.0869559e-05, 0.0004133227286, 0.0002125350165, 7.316375868e-05, 1.851678751e-05, 2.83932093e-06, -2.594436557e-07, -4.078164814e-07, -1.912924682e-07, -6.248171954e-08, -1.48765364e-08, -1.92917991e-09, 3.949166246e-10, 3.928864063e-10, 1.704846636e-10, 5.288249012e-11, 1.177385569e-11, 1.199983042e-12], "AUX_ENDO_LEAD_160": [0, -0.2238956131, -0.08610641583, -0.02260676749, -0.003977722899, 7.0869559e-05, 0.0004133227286, 0.0002125350165, 7.316375868e-05, 1.851678751e-05, 2.83932093e-06, -2.594436557e-07, -4.078164814e-07, -1.912924682e-07, -6.248171954e-08, -1.48765364e-08, -1.92917991e-09, 3.949166247e-10, 3.928864064e-10, 1.704846638e-10, 5.288249023e-11], "AUX_ENDO_LEAD_164": [0, -0.08610641583, -0.02260676749, -0.003977722899, 7.0869559e-05, 0.0004133227286, 0.0002125350165, 7.316375868e-05, 1.851678751e-05, 2.83932093e-06, -2.594436557e-07, -4.078164814e-07, -1.912924682e-07, -6.248171954e-08, -1.48765364e-08, -1.92917991e-09, 3.949166247e-10, 3.928864064e-10, 1.704846638e-10, 5.288249023e-11, 1.17738558e-11], "AUX_ENDO_LEAD_168": [0, -0.02260676749, -0.003977722899, 7.0869559e-05, 0.0004133227286, 0.0002125350165, 7.316375868e-05, 1.851678751e-05, 2.83932093e-06, -2.594436557e-07, -4.078164814e-07, -1.912924682e-07, -6.248171954e-08, -1.48765364e-08, -1.92917991e-09, 3.949166247e-10, 3.928864064e-10, 1.704846638e-10, 5.288249023e-11, 1.17738558e-11, 1.199983152e-12], "AUX_ENDO_LAG_2_1": [0, 0, -0.08010899811, -0.03268868624, -0.01086927333, -0.002499911944, -0.0003065041826, 7.785884062e-05, 7.016786003e-05, 2.978144375e-05, 9.087800857e-06, 1.977714592e-06, 1.820016495e-07, -9.193569795e-08, -6.60269888e-08, -2.621607384e-08, -7.597577701e-09, -1.527482288e-09, -8.55077708e-11, 1.001746173e-10, 6.120068194e-11], "AUX_ENDO_LAG_2_2": [0, 0, 0, -0.08010899811, -0.03268868624, -0.01086927333, -0.002499911944, -0.0003065041826, 7.785884062e-05, 7.016786003e-05, 2.978144375e-05, 9.087800857e-06, 1.977714592e-06, 1.820016495e-07, -9.193569795e-08, -6.60269888e-08, -2.621607384e-08, -7.597577701e-09, -1.527482288e-09, -8.55077708e-11, 1.001746173e-10],