{"interest_": {"y": [0, -0.4285348319, -0.2637515131, -0.1475132063, -0.07305828745, -0.03533131432, -0.01686708282, -0.008018145374, -0.003804544417, -0.00180395935, -0.0008551181333, -0.0004052998604, -0.0001920910301, -9.103950477e-05, -4.314689595e-05, -2.044880722e-05, -9.691386323e-06, -4.593076012e-06, -2.176813791e-06, -1.031665472e-06, -4.889410481e-07], "m": [0, -0.02047794838, -0.01503010148, -0.009780394309, -0.004971823186, -0.002436618295, -0.001168304498, -0.0005564214593, -0.000264204754, -0.0001253113747, -5.940723399e-05, -2.81585016e-05, -1.334590622e-05, -6.325196566e-06, -2.99774685e-06, -1.420737621e-06, -6.73336266e-07, -3.191169062e-07, -1.512402868e-07, -7.167787486e-08, -3.397056177e-08], "pi": [0, -0.09573389365, -0.05385222803, -0.02809272591, -0.01370293074, -0.006577566433, -0.003132096869, -0.001487296909, -0.0007054167851, -0.0003344232556, -0.0001585137264, -7.512865188e-05, -3.560669023e-05, -1.687534115e-05, -7.997817611e-06, -3.790439991e-06, -1.796418147e-06, -8.513832731e-07, -4.034992597e-07, -1.912319047e-07, -9.063124603e-08], "r": [0, 0.109569129, 0.08683315409, 0.05954984532, 0.03051560547, 0.01501505619, 0.007208669776, 0.003435129995, 0.001631438467, 0.0007738514547, 0.0003668774379, 0.0001738989913, 8.242100673e-05, 3.906292878e-05, 1.851339643e-05, 8.774152413e-06, 4.158372199e-06, 1.970793806e-06, 9.340258104e-07, 4.426663501e-07, 2.097945102e-07], "a": [0, 0, 1.60059283e-17, 2.650030325e-17, 3.283971466e-17, 3.52426552e-17, 3.560943366e-17, 3.499036871e-17, 3.39292985e-17, 3.268960276e-17, 3.139624719e-17, 3.010739606e-17, 2.884939337e-17, 2.763351346e-17, 2.64639325e-17, 2.534151083e-17, 2.426558451e-17, 2.323481276e-17, 2.224757758e-17, 2.130217134e-17, 2.039688394e-17], "e": [0, 0, 4.187279895e-18, 7.12480945e-18, 9.205005575e-18, 1.019953493e-17, 1.061524969e-17, 1.073896576e-17, 1.07224179e-17, 1.063979161e-17, 1.052673561e-17, 1.040021979e-17, 1.026829103e-17, 1.013475335e-17, 1.000139746e-17, 9.869059603e-18, 9.738123733e-18, 9.608759589e-18, 9.481035552e-18, 9.354972123e-18, 9.230567271e-18], "z": [0, 0, 0, 0, 0, 0, 0, 0, 0, 0, 0, 0, 0, 0, 0, 0, 0, 0, 0, 0, 0], "interest": [0, 0.4382765161, 0.3473326164, 0.2381993813, 0.1220624219, 0.06006022474, 0.02883467911, 0.01374051998, 0.006525753868, 0.003095405819, 0.001467509752, 0.000695595965, 0.0003296840269, 0.0001562517151, 7.405358572e-05, 3.509660965e-05, 1.66334888e-05, 7.883175226e-06, 3.736103242e-06, 1.7706654e-06, 8.391780406e-07], "inflation": [0, -0.09573389365, -0.1495861217, -0.1776788476, -0.1913817783, -0.1022254511, -0.05150531996, -0.02489989096, -0.011902377, -0.005659233818, -0.002685650676, -0.001273482419, -0.0006036723241, -0.0002861244096, -0.0001356085009, -6.427028897e-05, -3.046001689e-05, -1.443605902e-05, -6.841740671e-06, -3.242532585e-06, -1.536745684e-06], "inflationq": [0, -0.3829355746, -0.2154089121, -0.1123709036, -0.05481172298, -0.02631026573, -0.01252838747, -0.005949187635, -0.00282166714, -0.001337693023, -0.0006340549055, -0.0003005146075, -0.0001424267609, -6.750136458e-05, -3.199127044e-05, -1.516175996e-05, -7.185672588e-06, -3.405533093e-06, -1.613997039e-06, -7.649276187e-07, -3.625249841e-07], "outputgap": [0, -0.4285348319, -0.2637515131, -0.1475132063, -0.07305828745, -0.03533131432, -0.01686708282, -0.008018145374, -0.003804544417, -0.00180395935, -0.0008551181333, -0.0004052998604, -0.0001920910301, -9.103950477e-05, -4.314689595e-05, -2.044880722e-05, -9.691386323e-06, -4.593076012e-06, -2.176813791e-06, -1.031665472e-06, -4.889410481e-07], "output": [0, -0.4285348319, -0.2637515131, -0.1475132063, -0.07305828745, -0.03533131432, -0.01686708282, -0.008018145374, -0.003804544417, -0.00180395935, -0.0008551181333, -0.0004052998604, -0.0001920910301, -9.103950477e-05, -4.314689595e-05, -2.044880722e-05, -9.691386323e-06, -4.593076012e-06, -2.176813791e-06, -1.031665472e-06, -4.889410481e-07], "AUX_ENDO_LEAD_90": [0, -0.2154089121, -0.1123709036, -0.05481172298, -0.02631026573, -0.01252838747, -0.005949187635, -0.00282166714, -0.001337693023, -0.0006340549055, -0.0003005146075, -0.0001424267609, -6.750136458e-05, -3.199127044e-05, -1.516175996e-05, -7.185672588e-06, -3.405533093e-06, -1.613997039e-06, -7.649276187e-07, -3.625249841e-07, -1.718128094e-07], "AUX_ENDO_LEAD_94": [0, -0.1123709036, -0.05481172298, -0.02631026573, -0.01252838747, -0.005949187635, -0.00282166714, -0.001337693023, -0.0006340549055, -0.0003005146075, -0.0001424267609, -6.750136458e-05, -3.199127044e-05, -1.516175996e-05, -7.185672588e-06, -3.405533093e-06, -1.613997039e-06, -7.649276187e-07, -3.625249841e-07, -1.718128094e-07, -8.14278813e-08], "AUX_ENDO_LEAD_98": [0, -0.05481172298, -0.02631026573, -0.01252838747, -0.005949187635, -0.00282166714, -0.001337693023, -0.0006340549055, -0.0003005146075, -0.0001424267609, -6.750136458e-05, -3.199127044e-05, -1.516175996e-05, -7.185672588e-06, -3.405533093e-06, -1.613997039e-06, -7.649276187e-07, -3.625249841e-07, -1.718128094e-07, -8.14278813e-08, -3.859141742e-08], "AUX_ENDO_LEAD_125": [0, -0.2637515131, -0.1475132063, -0.07305828745, -0.03533131432, -0.01686708282, -0.008018145374, -0.003804544417, -0.00180395935, -0.0008551181333, -0.0004052998604, -0.0001920910301, -9.103950477e-05, -4.314689595e-05, -2.044880722e-05, -9.691386323e-06, -4.593076012e-06, -2.176813791e-06, -1.031665472e-06, -4.889410481e-07, -2.317256437e-07], "AUX_ENDO_LEAD_129": [0, -0.1475132063, -0.07305828745, -0.03533131432, -0.01686708282, -0.008018145374, -0.003804544417, -0.00180395935, -0.0008551181333, -0.0004052998604, -0.0001920910301, -9.103950477e-05, -4.314689595e-05, -2.044880722e-05, -9.691386323e-06, -4.593076012e-06, -2.176813791e-06, -1.031665472e-06, -4.889410481e-07, -2.317256437e-07, -1.09822593e-07], "AUX_ENDO_LEAD_133": [0, -0.07305828745, -0.03533131432, -0.01686708282, -0.008018145374, -0.003804544417, -0.00180395935, -0.0008551181333, -0.0004052998604, -0.0001920910301, -9.103950477e-05, -4.314689595e-05, -2.044880722e-05, -9.691386323e-06, -4.593076012e-06, -2.176813791e-06, -1.031665472e-06, -4.889410481e-07, -2.317256437e-07, -1.09822593e-07, -5.204862834e-08], "AUX_ENDO_LEAD_160": [0, -0.2637515131, -0.1475132063, -0.07305828745, -0.03533131432, -0.01686708282, -0.008018145374, -0.003804544417, -0.00180395935, -0.0008551181333, -0.0004052998604, -0.0001920910301, -9.103950477e-05, -4.314689595e-05, -2.044880722e-05, -9.691386323e-06, -4.593076012e-06, -2.176813791e-06, -1.031665472e-06, -4.889410481e-07, -2.317256437e-07], "AUX_ENDO_LEAD_164": [0, -0.1475132063, -0.07305828745, -0.03533131432, -0.01686708282, -0.008018145374, -0.003804544417, -0.00180395935, -0.0008551181333, -0.0004052998604, -0.0001920910301, -9.103950477e-05, -4.314689595e-05, -2.044880722e-05, -9.691386323e-06, -4.593076012e-06, -2.176813791e-06, -1.031665472e-06, -4.889410481e-07, -2.317256437e-07, -1.09822593e-07], "AUX_ENDO_LEAD_168": [0, -0.07305828745, -0.03533131432, -0.01686708282, -0.008018145374, -0.003804544417, -0.00180395935, -0.0008551181333, -0.0004052998604, -0.0001920910301, -9.103950477e-05, -4.314689595e-05, -2.044880722e-05, -9.691386323e-06, -4.593076012e-06, -2.176813791e-06, -1.031665472e-06, -4.889410481e-07, -2.317256437e-07, -1.09822593e-07, -5.204862834e-08], "AUX_ENDO_LAG_2_1": [0, 0, -0.09573389365, -0.05385222803, -0.02809272591, -0.01370293074, -0.006577566433, -0.003132096869, -0.001487296909, -0.0007054167851, -0.0003344232556, -0.0001585137264, -7.512865188e-05, -3.560669023e-05, -1.687534115e-05, -7.997817611e-06, -3.790439991e-06, -1.796418147e-06, -8.513832731e-07, -4.034992597e-07, -1.912319047e-07], "AUX_ENDO_LAG_2_2": [0, 0, 0, -0.09573389365, -0.05385222803, -0.02809272591, -0.01370293074, -0.006577566433, -0.003132096869, -0.001487296909, -0.0007054167851, -0.0003344232556, -0.0001585137264, -7.512865188e-05, -3.560669023e-05, -1.687534115e-05, -7.997817611e-06, -3.790439991e-06, -1.796418147e-06, -8.513832731e-07, -4.034992597e-07],