{"interest_": {"y": [0, -0.5863918484, -0.3290942085, -0.1769187052, -0.103748889, -0.1019688192, -0.07956585437, -0.05545983807, -0.03795974046, -0.02840384716, -0.02140514619, -0.01571906218, -0.011357724, -0.008295719352, -0.006108622946, -0.00449014138, -0.003285219132, -0.002403474826, -0.001761695986, -0.001292059166, -0.0009469176748], "m": [0, -0.02896824913, -0.01584541368, -0.005753676018, 0.002686979043, -0.001016810023, -0.001803186617, -0.001262855086, -0.0004755060725, -0.0003538746981, -0.0003382063611, -0.0002731641545, -0.000181111424, -0.0001250713936, -9.402815906e-05, -7.149122807e-05, -5.217219377e-05, -3.762296123e-05, -2.74895675e-05, -2.028393871e-05, -1.49061358e-05], "pi": [0, -0.1536076445, -0.09651686766, -0.06455484556, -0.04741168705, -0.03728804337, -0.02735013705, -0.01960605638, -0.0142130154, -0.01051875346, -0.007753425665, -0.005669783081, -0.004140059834, -0.003034730172, -0.002227304999, -0.00163273609, -0.001195720034, -0.0008759828445, -0.0006420587699, -0.0004705950372, -0.0003448409742], "r": [0, 0.1575000634, 0.0850977233, 0.02364796543, -0.03458202629, -0.004750578094, 0.004364877044, 0.003090244958, -0.0009932679998, -0.0007586417824, 4.037813395e-08, 0.000198265164, 1.32644668e-05, -4.796940161e-05, -1.988875688e-05, 4.372456111e-06, 2.124152607e-06, -2.813277602e-06, -2.759624837e-06, -1.04393376e-06, -4.409548971e-07], "a": [0, 0, 7.007443008e-17, 1.058707959e-16, 9.780450985e-17, 9.948876624e-17, 1.016786782e-16, 1.01507343e-16, 9.918649473e-17, 9.654475818e-17, 9.379692313e-17, 9.084212901e-17, 8.768463836e-17, 8.445903718e-17, 8.124479741e-17, 7.807258102e-17, 7.495899355e-17, 7.192162901e-17, 6.897367115e-17, 6.612231927e-17, 6.33708343e-17], "e": [0, 0, -9.035073763e-18, 1.045711569e-16, 1.462622332e-16, 1.756214121e-16, 2.002885528e-16, 2.201142976e-16, 2.324346704e-16, 2.399464609e-16, 2.445928053e-16, 2.47281699e-16, 2.48347918e-16, 2.481968385e-16, 2.471949338e-16, 2.456008331e-16, 2.435790872e-16, 2.412504283e-16, 2.387081594e-16, 2.360217642e-16, 2.332408871e-16], "z": [0, 0, 0, 0, 0, 0, 0, 0, 0, 0, 0, 0, 0, 0, 0, 0, 0, 0, 0, 0, 0], "interest": [0, 0.6300002535, 0.3403908932, 0.09459186171, -0.1383281052, -0.01900231238, 0.01745950817, 0.01236097983, -0.003973071999, -0.003034567129, 1.615125358e-07, 0.0007930606561, 5.305786719e-05, -0.0001918776064, -7.955502752e-05, 1.748982444e-05, 8.496610428e-06, -1.125311041e-05, -1.103849935e-05, -4.175735038e-06, -1.763819588e-06], "inflation": [0, -0.1536076445, -0.2501245122, -0.3146793577, -0.3620910448, -0.2457714436, -0.176604713, -0.1316559238, -0.09845725219, -0.07168796228, -0.0520912509, -0.0381549776, -0.02808202204, -0.02059799875, -0.01507187809, -0.0110348311, -0.008090491295, -0.005931743968, -0.004346497738, -0.003184356686, -0.002333477626], "inflationq": [0, -0.6144305781, -0.3860674706, -0.2582193822, -0.1896467482, -0.1491521735, -0.1094005482, -0.07842422551, -0.05685206159, -0.04207501384, -0.03101370266, -0.02267913232, -0.01656023934, -0.01213892069, -0.008909219996, -0.00653094436, -0.004782880136, -0.003503931378, -0.00256823508, -0.001882380149, -0.001379363897], "outputgap": [0, -0.5863918484, -0.3290942085, -0.1769187052, -0.103748889, -0.1019688192, -0.07956585437, -0.05545983807, -0.03795974046, -0.02840384716, -0.02140514619, -0.01571906218, -0.011357724, -0.008295719352, -0.006108622946, -0.00449014138, -0.003285219132, -0.002403474826, -0.001761695986, -0.001292059166, -0.0009469176748], "output": [0, -0.5863918484, -0.3290942085, -0.1769187052, -0.103748889, -0.1019688192, -0.07956585437, -0.05545983807, -0.03795974046, -0.02840384716, -0.02140514619, -0.01571906218, -0.011357724, -0.008295719352, -0.006108622946, -0.00449014138, -0.003285219132, -0.002403474826, -0.001761695986, -0.001292059166, -0.0009469176748], "AUX_ENDO_LEAD_90": [0, -0.3860674706, -0.2582193822, -0.1896467482, -0.1491521735, -0.1094005482, -0.07842422551, -0.05685206159, -0.04207501384, -0.03101370266, -0.02267913232, -0.01656023934, -0.01213892069, -0.008909219996, -0.00653094436, -0.004782880136, -0.003503931378, -0.00256823508, -0.001882380149, -0.001379363897, -0.001010718428], "AUX_ENDO_LEAD_94": [0, -0.2582193822, -0.1896467482, -0.1491521735, -0.1094005482, -0.07842422551, -0.05685206159, -0.04207501384, -0.03101370266, -0.02267913232, -0.01656023934, -0.01213892069, -0.008909219996, -0.00653094436, -0.004782880136, -0.003503931378, -0.00256823508, -0.001882380149, -0.001379363897, -0.001010718428, -0.0007406622872], "AUX_ENDO_LEAD_98": [0, -0.1896467482, -0.1491521735, -0.1094005482, -0.07842422551, -0.05685206159, -0.04207501384, -0.03101370266, -0.02267913232, -0.01656023934, -0.01213892069, -0.008909219996, -0.00653094436, -0.004782880136, -0.003503931378, -0.00256823508, -0.001882380149, -0.001379363897, -0.001010718428, -0.0007406622872, -0.0005427874083], "AUX_ENDO_LEAD_125": [0, -0.3290942085, -0.1769187052, -0.103748889, -0.1019688192, -0.07956585437, -0.05545983807, -0.03795974046, -0.02840384716, -0.02140514619, -0.01571906218, -0.011357724, -0.008295719352, -0.006108622946, -0.00449014138, -0.003285219132, -0.002403474826, -0.001761695986, -0.001292059166, -0.0009469176748, -0.0006936772499], "AUX_ENDO_LEAD_129": [0, -0.1769187052, -0.103748889, -0.1019688192, -0.07956585437, -0.05545983807, -0.03795974046, -0.02840384716, -0.02140514619, -0.01571906218, -0.011357724, -0.008295719352, -0.006108622946, -0.00449014138, -0.003285219132, -0.002403474826, -0.001761695986, -0.001292059166, -0.0009469176748, -0.0006936772499, -0.0005082679418], "AUX_ENDO_LEAD_133": [0, -0.103748889, -0.1019688192, -0.07956585437, -0.05545983807, -0.03795974046, -0.02840384716, -0.02140514619, -0.01571906218, -0.011357724, -0.008295719352, -0.006108622946, -0.00449014138, -0.003285219132, -0.002403474826, -0.001761695986, -0.001292059166, -0.0009469176748, -0.0006936772499, -0.0005082679418, -0.0003725091045], "AUX_ENDO_LEAD_160": [0, -0.3290942085, -0.1769187052, -0.103748889, -0.1019688192, -0.07956585437, -0.05545983807, -0.03795974046, -0.02840384716, -0.02140514619, -0.01571906218, -0.011357724, -0.008295719352, -0.006108622946, -0.00449014138, -0.003285219132, -0.002403474826, -0.001761695986, -0.001292059166, -0.0009469176748, -0.0006936772499], "AUX_ENDO_LEAD_164": [0, -0.1769187052, -0.103748889, -0.1019688192, -0.07956585437, -0.05545983807, -0.03795974046, -0.02840384716, -0.02140514619, -0.01571906218, -0.011357724, -0.008295719352, -0.006108622946, -0.00449014138, -0.003285219132, -0.002403474826, -0.001761695986, -0.001292059166, -0.0009469176748, -0.0006936772499, -0.0005082679418], "AUX_ENDO_LEAD_168": [0, -0.103748889, -0.1019688192, -0.07956585437, -0.05545983807, -0.03795974046, -0.02840384716, -0.02140514619, -0.01571906218, -0.011357724, -0.008295719352, -0.006108622946, -0.00449014138, -0.003285219132, -0.002403474826, -0.001761695986, -0.001292059166, -0.0009469176748, -0.0006936772499, -0.0005082679418, -0.0003725091045], "AUX_ENDO_LAG_2_1": [0, 0, -0.1536076445, -0.09651686766, -0.06455484556, -0.04741168705, -0.03728804337, -0.02735013705, -0.01960605638, -0.0142130154, -0.01051875346, -0.007753425665, -0.005669783081, -0.004140059834, -0.003034730172, -0.002227304999, -0.00163273609, -0.001195720034, -0.0008759828445, -0.0006420587699, -0.0004705950372], "AUX_ENDO_LAG_2_2": [0, 0, 0, -0.1536076445, -0.09651686766, -0.06455484556, -0.04741168705, -0.03728804337, -0.02735013705, -0.01960605638, -0.0142130154, -0.01051875346, -0.007753425665, -0.005669783081, -0.004140059834, -0.003034730172, -0.002227304999, -0.00163273609, -0.001195720034, -0.0008759828445, -0.0006420587699], "AUX_ENDO_LAG_11_1": [0, 0, -0.5863918484, -0.3290942085, -0.1769187052, -0.103748889, -0.1019688192, -0.07956585437, -0.05545983807, -0.03795974046, -0.02840384716, -0.02140514619, -0.01571906218, -0.011357724, -0.008295719352, -0.006108622946, -0.00449014138, -0.003285219132, -0.002403474826, -0.001761695986, -0.001292059166],