{"interest_": {"y": [0, -0.5222980383, -0.3522501022, -0.2375657679, -0.1602199508, -0.1080561096, -0.07287558608, -0.04914901218, -0.03314725175, -0.02235528752, -0.01507693259, -0.01016823855, -0.006857699637, -0.004624994201, -0.003119205053, -0.002103665375, -0.001418761491, -0.0009568461751, -0.0006453196035, -0.0004352187442, -0.0002935217747], "m": [0, -0.01616396474, -0.01090135864, -0.0073521331, -0.004958451777, -0.003344096698, -0.002255337599, -0.001521052812, -0.001025833852, -0.0006918465183, -0.0004665975917, -0.0003146844087, -0.0002122305791, -0.0001431333027, -9.65324715e-05, -6.510377306e-05, -4.390751838e-05, -2.961226484e-05, -1.997120907e-05, -1.346905391e-05, -9.083847286e-06], "pi": [0, -0.1564145132, -0.1054896328, -0.07114469365, -0.04798165754, -0.03235996028, -0.02182431961, -0.01471883532, -0.009926729311, -0.006694820118, -0.004515144416, -0.00304511977, -0.002053700515, -0.001385064012, -0.0009341198014, -0.0006299924017, -0.0004248817182, -0.0002865502408, -0.0001932562335, -0.0001303365569, -8.790204468e-05], "r": [0, 0.06324265177, 0.04265233433, 0.02876573915, 0.0194002922, 0.01308401412, 0.008824167381, 0.005951226377, 0.004013647278, 0.002706898285, 0.001825595977, 0.001231224938, 0.0008303671052, 0.000560019139, 0.0003776901012, 0.0002547231026, 0.0001717912616, 0.0001158600742, 7.813876365e-05, 5.269862313e-05, 3.554119301e-05], "a": [0, 0, 1.22967265e-17, 2.006731769e-17, 2.480758754e-17, 2.752540429e-17, 2.889959417e-17, 2.938710815e-17, 2.929529607e-17, 2.883064848e-17, 2.813166774e-17, 2.72910357e-17, 2.637056266e-17, 2.541126803e-17, 2.444017772e-17, 2.347490718e-17, 2.252675128e-17, 2.160276697e-17, 2.070717689e-17, 1.984231496e-17, 1.900926315e-17], "e": [0, 0, -2.198908159e-33, -4.347461321e-33, -6.446531859e-33, -8.496978597e-33, -1.049964701e-32, -1.245536943e-32, -1.43649652e-32, -1.622924093e-32, -1.804899063e-32, -1.982499591e-32, -2.155802618e-32, -2.324883879e-32, -2.489817927e-32, -2.650678144e-32, -2.807536762e-32, -2.960464879e-32, -3.109532476e-32, -3.254808433e-32, -3.396360545e-32], "z": [0, 2.211675287e-16, 2.190443205e-16, 2.16941495e-16, 2.148588566e-16, 2.127962116e-16, 2.10753368e-16, 2.087301356e-16, 2.067263263e-16, 2.047417536e-16, 2.027762328e-16, 2.008295809e-16, 1.98901617e-16, 1.969921614e-16, 1.951010367e-16, 1.932280667e-16, 1.913730773e-16, 1.895358958e-16, 1.877163512e-16, 1.859142742e-16, 1.841294972e-16], "interest": [0, 0.2529706071, 0.1706093373, 0.1150629566, 0.07760116879, 0.0523360565, 0.03529666953, 0.02380490551, 0.01605458911, 0.01082759314, 0.007302383908, 0.00492489975, 0.003321468421, 0.002240076556, 0.001510760405, 0.00101889241, 0.0006871650463, 0.0004634402966, 0.0003125550546, 0.0002107944925, 0.000142164772], "inflation": [0, -0.1564145132, -0.2619041459, -0.3330488396, -0.3810304971, -0.2569759442, -0.1733106311, -0.1168847728, -0.07882984452, -0.05316470436, -0.03585552916, -0.02418181361, -0.01630878482, -0.01099902871, -0.007418004098, -0.00500287673, -0.003374057933, -0.002275544162, -0.001534680594, -0.001035024749, -0.0006980450759], "inflationq": [0, -0.6256580527, -0.4219585311, -0.2845787746, -0.1919266302, -0.1294398411, -0.08729727843, -0.05887534127, -0.03970691724, -0.02677928047, -0.01806057766, -0.01218047908, -0.00821480206, -0.005540256048, -0.003736479206, -0.002519969607, -0.001699526873, -0.001146200963, -0.0007730249338, -0.0005213462276, -0.0003516081787], "outputgap": [0, -0.5222980383, -0.3522501022, -0.2375657679, -0.1602199508, -0.1080561096, -0.07287558608, -0.04914901218, -0.03314725175, -0.02235528752, -0.01507693259, -0.01016823855, -0.006857699637, -0.004624994201, -0.003119205053, -0.002103665375, -0.001418761491, -0.0009568461751, -0.0006453196035, -0.0004352187442, -0.0002935217747], "output": [0, -0.5222980383, -0.3522501022, -0.2375657679, -0.1602199508, -0.1080561096, -0.07287558608, -0.04914901218, -0.03314725175, -0.02235528752, -0.01507693259, -0.01016823855, -0.006857699637, -0.004624994201, -0.003119205053, -0.002103665375, -0.001418761491, -0.0009568461751, -0.0006453196035, -0.0004352187442, -0.0002935217747], "AUX_ENDO_LEAD_90": [0, -0.4219585311, -0.2845787746, -0.1919266302, -0.1294398411, -0.08729727843, -0.05887534127, -0.03970691724, -0.02677928047, -0.01806057766, -0.01218047908, -0.00821480206, -0.005540256048, -0.003736479206, -0.002519969607, -0.001699526873, -0.001146200963, -0.0007730249338, -0.0005213462276, -0.0003516081787, -0.0002371328395], "AUX_ENDO_LEAD_94": [0, -0.2845787746, -0.1919266302, -0.1294398411, -0.08729727843, -0.05887534127, -0.03970691724, -0.02677928047, -0.01806057766, -0.01218047908, -0.00821480206, -0.005540256048, -0.003736479206, -0.002519969607, -0.001699526873, -0.001146200963, -0.0007730249338, -0.0005213462276, -0.0003516081787, -0.0002371328395, -0.0001599279738], "AUX_ENDO_LEAD_98": [0, -0.1919266302, -0.1294398411, -0.08729727843, -0.05887534127, -0.03970691724, -0.02677928047, -0.01806057766, -0.01218047908, -0.00821480206, -0.005540256048, -0.003736479206, -0.002519969607, -0.001699526873, -0.001146200963, -0.0007730249338, -0.0005213462276, -0.0003516081787, -0.0002371328395, -0.0001599279738, -0.0001078591934], "AUX_ENDO_LEAD_125": [0, -0.3522501022, -0.2375657679, -0.1602199508, -0.1080561096, -0.07287558608, -0.04914901218, -0.03314725175, -0.02235528752, -0.01507693259, -0.01016823855, -0.006857699637, -0.004624994201, -0.003119205053, -0.002103665375, -0.001418761491, -0.0009568461751, -0.0006453196035, -0.0004352187442, -0.0002935217747, -0.0001979580002], "AUX_ENDO_LEAD_129": [0, -0.2375657679, -0.1602199508, -0.1080561096, -0.07287558608, -0.04914901218, -0.03314725175, -0.02235528752, -0.01507693259, -0.01016823855, -0.006857699637, -0.004624994201, -0.003119205053, -0.002103665375, -0.001418761491, -0.0009568461751, -0.0006453196035, -0.0004352187442, -0.0002935217747, -0.0001979580002, -0.0001335075391], "AUX_ENDO_LEAD_133": [0, -0.1602199508, -0.1080561096, -0.07287558608, -0.04914901218, -0.03314725175, -0.02235528752, -0.01507693259, -0.01016823855, -0.006857699637, -0.004624994201, -0.003119205053, -0.002103665375, -0.001418761491, -0.0009568461751, -0.0006453196035, -0.0004352187442, -0.0002935217747, -0.0001979580002, -0.0001335075391, -9.004062981e-05], "AUX_ENDO_LEAD_160": [0, -0.3522501022, -0.2375657679, -0.1602199508, -0.1080561096, -0.07287558608, -0.04914901218, -0.03314725175, -0.02235528752, -0.01507693259, -0.01016823855, -0.006857699637, -0.004624994201, -0.003119205053, -0.002103665375, -0.001418761491, -0.0009568461751, -0.0006453196035, -0.0004352187442, -0.0002935217747, -0.0001979580002], "AUX_ENDO_LEAD_164": [0, -0.2375657679, -0.1602199508, -0.1080561096, -0.07287558608, -0.04914901218, -0.03314725175, -0.02235528752, -0.01507693259, -0.01016823855, -0.006857699637, -0.004624994201, -0.003119205053, -0.002103665375, -0.001418761491, -0.0009568461751, -0.0006453196035, -0.0004352187442, -0.0002935217747, -0.0001979580002, -0.0001335075391], "AUX_ENDO_LEAD_168": [0, -0.1602199508, -0.1080561096, -0.07287558608, -0.04914901218, -0.03314725175, -0.02235528752, -0.01507693259, -0.01016823855, -0.006857699637, -0.004624994201, -0.003119205053, -0.002103665375, -0.001418761491, -0.0009568461751, -0.0006453196035, -0.0004352187442, -0.0002935217747, -0.0001979580002, -0.0001335075391, -9.004062981e-05], "AUX_ENDO_LAG_2_1": [0, 0, -0.1564145132, -0.1054896328, -0.07114469365, -0.04798165754, -0.03235996028, -0.02182431961, -0.01471883532, -0.009926729311, -0.006694820118, -0.004515144416, -0.00304511977, -0.002053700515, -0.001385064012, -0.0009341198014, -0.0006299924017, -0.0004248817182, -0.0002865502408, -0.0001932562335, -0.0001303365569],