{"interest_": {"y": [0, -0.1735927394, -0.05686463089, -0.007747485042, 0.00702762649, 0.003810686446, 0.0006320023611, -0.0003141977786, -0.0002260828298, -4.952191366e-05, 1.289052467e-05, 1.288857515e-05, 3.554008743e-06, -4.199121446e-07, -7.110514887e-07, -2.395728371e-07, 4.635134577e-09, 3.786829727e-08, 1.541432294e-08, 8.829121828e-10, -1.934075049e-09], "R": [0, 0.2194471415, 0.1104869548, 0.04026777635, -0.004352444486, -0.006956943447, -0.002482111433, 1.950515698e-05, 0.0003740058975, 0.0001573444536, 1.067159733e-05, -1.899518426e-05, -9.687159785e-06, -1.27311657e-06, 9.096639278e-07, 5.777743019e-07, 1.094656405e-07, -4.000564372e-08, -3.342044069e-08, -8.222198759e-09, 1.510033769e-09], "pi": [0, -0.1602402839, -0.03797451708, 0.002168424581, 0.007684075949, 0.002741905386, 5.304017865e-05, -0.0003954468549, -0.0001748156158, -1.536564693e-05, 1.970568261e-05, 1.067589662e-05, 1.590427873e-06, -9.234325293e-07, -6.310640786e-07, -1.300926316e-07, 3.922003322e-08, 3.617621629e-08, 9.512329169e-09, -1.374176024e-09, -2.009868801e-09], "z": [0, 0, 0, 0, 0, 0, 0, 0, 0, 0, 0, 0, 0, 0, 0, 0, 0, 0, 0, 0, 0], "deltaq": [0, 0, -6.900114829e-18, -1.115801053e-18, 1.008150167e-18, 7.568926231e-19, 2.166895243e-19, -6.274024445e-21, -3.06446181e-20, -1.067568843e-20, 4.85509507e-22, 1.942002364e-21, 7.952848495e-22, 6.035003533e-23, -8.945863393e-23, -4.584577284e-23, -5.710117151e-24, 4.560701092e-24, 2.832932823e-24, 5.332818302e-25, -1.940490589e-25], "deltay_star": [0, 0, 0, 0, 0, 0, 0, 0, 0, 0, 0, 0, 0, 0, 0, 0, 0, 0, 0, 0, 0], "y_bar": [0, 1.412205138e-17, 2.894503959e-17, 7.600957549e-17, -1.722196798e-17, -1.019588726e-17, -3.361754269e-18, 4.000858149e-19, 6.169392319e-19, 2.132240857e-19, -3.760617775e-21, -3.316790294e-20, -1.361752297e-20, -8.093754437e-22, 1.693583353e-21, 8.421856155e-22, 1.044010855e-22, -8.176386873e-23, -5.042788079e-23, -9.19942781e-24, 3.642600929e-24], "y_star": [0, 0, 0, 0, 0, 0, 0, 0, 0, 0, 0, 0, 0, 0, 0, 0, 0, 0, 0, 0, 0], "deltae": [0, -0.1602402839, -0.03797451708, 0.002168424581, 0.007684075949, 0.002741905386, 5.304017865e-05, -0.0003954468549, -0.0001748156158, -1.536564693e-05, 1.970568261e-05, 1.067589662e-05, 1.590427873e-06, -9.234325293e-07, -6.310640786e-07, -1.300926316e-07, 3.922003322e-08, 3.617621629e-08, 9.512329169e-09, -1.374176024e-09, -2.009868801e-09], "pi_star": [0, 0, 0, 0, 0, 0, 0, 0, 0, 0, 0, 0, 0, 0, 0, 0, 0, 0, 0, 0, 0], "interest": [0, 0.8777885659, 0.4419478192, 0.1610711054, -0.01740977794, -0.02782777379, -0.009928445732, 7.80206279e-05, 0.00149602359, 0.0006293778142, 4.268638931e-05, -7.598073703e-05, -3.874863914e-05, -5.092466278e-06, 3.638655711e-06, 2.311097208e-06, 4.378625619e-07, -1.600225749e-07, -1.336817628e-07, -3.288879504e-08, 6.040135075e-09], "inflation": [0, -0.1602402839, -0.198214801, -0.1960463764, -0.1883623005, -0.02538011117, 0.01264744609, 0.01008357466, 0.002224683093, -0.000532587939, -0.000565922435, -0.0001597996835, 1.660636017e-05, 3.104857458e-05, 1.071182789e-05, -9.416136629e-08, -1.645369206e-06, -6.857604607e-07, -4.518405291e-08, 8.353440266e-08, 4.230450064e-08], "inflationq": [0, -0.6409611357, -0.1518980683, 0.008673698323, 0.0307363038, 0.01096762154, 0.0002121607146, -0.00158178742, -0.0006992624633, -6.146258773e-05, 7.882273044e-05, 4.270358648e-05, 6.361711493e-06, -3.693730117e-06, -2.524256314e-06, -5.203705264e-07, 1.568801329e-07, 1.447048652e-07, 3.804931668e-08, -5.496704098e-09, -8.039475205e-09], "output": [0, -0.1735927394, -0.05686463089, -0.007747485042, 0.00702762649, 0.003810686446, 0.0006320023611, -0.0003141977786, -0.0002260828298, -4.952191366e-05, 1.289052467e-05, 1.288857515e-05, 3.554008743e-06, -4.199121446e-07, -7.110514887e-07, -2.395728371e-07, 4.635134577e-09, 3.786829727e-08, 1.541432294e-08, 8.829121828e-10, -1.934075049e-09], "outputgap": [0, -0.1735927394, -0.05686463089, -0.007747485042, 0.00702762649, 0.003810686446, 0.0006320023611, -0.0003141977786, -0.0002260828298, -4.952191366e-05, 1.289052467e-05, 1.288857515e-05, 3.554008743e-06, -4.199121446e-07, -7.110514887e-07, -2.395728371e-07, 4.635134577e-09, 3.786829727e-08, 1.541432294e-08, 8.829121828e-10, -1.934075049e-09], "AUX_ENDO_LEAD_75": [0, -0.1518980683, 0.008673698323, 0.0307363038, 0.01096762154, 0.0002121607146, -0.00158178742, -0.0006992624633, -6.146258773e-05, 7.882273044e-05, 4.270358648e-05, 6.361711493e-06, -3.693730117e-06, -2.524256314e-06, -5.203705264e-07, 1.568801329e-07, 1.447048652e-07, 3.804931668e-08, -5.496704098e-09, -8.039475205e-09, -2.596279628e-09], "AUX_ENDO_LEAD_79": [0, 0.008673698323, 0.0307363038, 0.01096762154, 0.0002121607146, -0.00158178742, -0.0006992624633, -6.146258773e-05, 7.882273044e-05, 4.270358648e-05, 6.361711493e-06, -3.693730117e-06, -2.524256314e-06, -5.203705264e-07, 1.568801329e-07, 1.447048652e-07, 3.804931668e-08, -5.496704098e-09, -8.039475205e-09, -2.596279628e-09, 1.001976521e-10], "AUX_ENDO_LEAD_83": [0, 0.0307363038, 0.01096762154, 0.0002121607146, -0.00158178742, -0.0006992624633, -6.146258773e-05, 7.882273044e-05, 4.270358648e-05, 6.361711493e-06, -3.693730117e-06, -2.524256314e-06, -5.203705264e-07, 1.568801329e-07, 1.447048652e-07, 3.804931668e-08, -5.496704098e-09, -8.039475205e-09, -2.596279628e-09, 1.001976521e-10, 4.316455722e-10], "AUX_ENDO_LEAD_110": [0, -0.05686463089, -0.007747485042, 0.00702762649, 0.003810686446, 0.0006320023611, -0.0003141977786, -0.0002260828298, -4.952191366e-05, 1.289052467e-05, 1.288857515e-05, 3.554008743e-06, -4.199121446e-07, -7.110514887e-07, -2.395728371e-07, 4.635134577e-09, 3.786829727e-08, 1.541432294e-08, 8.829121828e-10, -1.934075049e-09, -9.550273282e-10], "AUX_ENDO_LEAD_114": [0, -0.007747485042, 0.00702762649, 0.003810686446, 0.0006320023611, -0.0003141977786, -0.0002260828298, -4.952191366e-05, 1.289052467e-05, 1.288857515e-05, 3.554008743e-06, -4.199121446e-07, -7.110514887e-07, -2.395728371e-07, 4.635134577e-09, 3.786829727e-08, 1.541432294e-08, 8.829121828e-10, -1.934075049e-09, -9.550273282e-10, -1.164579431e-10], "AUX_ENDO_LEAD_118": [0, 0.00702762649, 0.003810686446, 0.0006320023611, -0.0003141977786, -0.0002260828298, -4.952191366e-05, 1.289052467e-05, 1.288857515e-05, 3.554008743e-06, -4.199121446e-07, -7.110514887e-07, -2.395728371e-07, 4.635134577e-09, 3.786829727e-08, 1.541432294e-08, 8.829121828e-10, -1.934075049e-09, -9.550273282e-10, -1.164579431e-10, 9.35600747e-11], "AUX_ENDO_LEAD_145": [0, -0.05686463089, -0.007747485042, 0.00702762649, 0.003810686446, 0.0006320023611, -0.0003141977786, -0.0002260828298, -4.952191366e-05, 1.289052467e-05, 1.288857515e-05, 3.554008743e-06, -4.199121446e-07, -7.110514887e-07, -2.395728371e-07, 4.635134577e-09, 3.786829727e-08, 1.541432294e-08, 8.829121828e-10, -1.934075049e-09, -9.550273282e-10], "AUX_ENDO_LEAD_149": [0, -0.007747485042, 0.00702762649, 0.003810686446, 0.0006320023611, -0.0003141977786, -0.0002260828298, -4.952191366e-05, 1.289052467e-05, 1.288857515e-05, 3.554008743e-06, -4.199121446e-07, -7.110514887e-07, -2.395728371e-07, 4.635134577e-09, 3.786829727e-08, 1.541432294e-08, 8.829121828e-10, -1.934075049e-09, -9.550273282e-10, -1.164579431e-10], "AUX_ENDO_LEAD_153": [0, 0.00702762649, 0.003810686446, 0.0006320023611, -0.0003141977786, -0.0002260828298, -4.952191366e-05, 1.289052467e-05, 1.288857515e-05, 3.554008743e-06, -4.199121446e-07, -7.110514887e-07, -2.395728371e-07, 4.635134577e-09, 3.786829727e-08, 1.541432294e-08, 8.829121828e-10, -1.934075049e-09, -9.550273282e-10, -1.164579431e-10, 9.35600747e-11], "AUX_ENDO_LAG_2_1": [0, 0, -0.1602402839, -0.03797451708, 0.002168424581, 0.007684075949, 0.002741905386, 5.304017865e-05, -0.0003954468549, -0.0001748156158, -1.536564693e-05, 1.970568261e-05, 1.067589662e-05, 1.590427873e-06, -9.234325293e-07, -6.310640786e-07, -1.300926316e-07, 3.922003322e-08, 3.617621629e-08, 9.512329169e-09, -1.374176024e-09],