{"interest_": {"y": [0, -0.1810821375, -0.07596631976, -0.02136963567, 0.001544911332, 0.003554188321, 0.001607060522, 0.0002954982326, -7.838658575e-05, -8.1446955e-05, -2.972980521e-05, -3.377640069e-06, 2.521562351e-06, 1.744414885e-06, 5.179939321e-07, 1.261263682e-08, -6.712392516e-08, -3.547896376e-08, -8.288648031e-09, 8.709891236e-10, 1.612547561e-09], "R": [0, 0.1679361615, 0.1100702943, 0.05531190489, 0.008142370001, -0.003083313138, -0.002815311354, -0.0009568054679, -8.419162728e-05, 9.396065002e-05, 5.900891222e-05, 1.630810339e-05, -1.851815497e-07, -2.405119965e-06, -1.18096923e-06, -2.516675822e-07, 4.115266919e-08, 5.634353913e-08, 2.24436883e-08, 3.274855591e-09, -1.538983143e-09], "pi": [0, -0.1912651545, -0.0638767969, -0.01033231612, 0.004778226499, 0.003711291475, 0.001210707162, 7.709000569e-05, -0.0001322735595, -7.744256453e-05, -2.009169476e-05, 8.942203539e-07, 3.298533629e-06, 1.528669484e-06, 2.9951836e-07, -6.644683356e-08, -7.58237491e-08, -2.86342789e-08, -3.619534564e-09, 2.24384939e-09, 1.639489393e-09], "z": [0, 0, 0, 0, 0, 0, 0, 0, 0, 0, 0, 0, 0, 0, 0, 0, 0, 0, 0, 0, 0], "deltaq": [0, 0, -9.574244119e-17, -7.097069964e-17, -4.570237544e-17, -1.742835014e-17, -4.145200055e-18, -1.130239489e-19, 3.616936004e-19, 1.472645212e-19, 6.658319344e-21, -2.242795109e-20, -1.372640223e-20, -4.180104342e-21, -2.978814725e-22, 3.979425963e-22, 2.279177312e-22, 5.360761854e-23, -6.764593572e-24, -1.141579686e-23, -4.900239915e-24], "deltay_star": [0, 0, 0, 0, 0, 0, 0, 0, 0, 0, 0, 0, 0, 0, 0, 0, 0, 0, 0, 0, 0], "y_bar": [0, 1.124123088e-17, -2.447115751e-16, -1.833134496e-16, 6.988767706e-17, 3.971152389e-17, 1.360852938e-17, 5.964357785e-19, -1.529244352e-18, -8.691167049e-19, -2.165086445e-19, 1.40992676e-20, 3.785949208e-20, 1.698922854e-20, 3.160624612e-21, -8.232166697e-22, -8.613163335e-22, -3.155776378e-22, -3.624968885e-23, 2.655663971e-23, 1.846959274e-23], "y_star": [0, 0, 0, 0, 0, 0, 0, 0, 0, 0, 0, 0, 0, 0, 0, 0, 0, 0, 0, 0, 0], "deltae": [0, -0.1912651545, -0.0638767969, -0.01033231612, 0.004778226499, 0.003711291475, 0.001210707162, 7.709000569e-05, -0.0001322735595, -7.744256453e-05, -2.009169476e-05, 8.942203539e-07, 3.298533629e-06, 1.528669484e-06, 2.9951836e-07, -6.644683356e-08, -7.58237491e-08, -2.86342789e-08, -3.619534564e-09, 2.24384939e-09, 1.639489393e-09], "pi_star": [0, 0, 0, 0, 0, 0, 0, 0, 0, 0, 0, 0, 0, 0, 0, 0, 0, 0, 0, 0, 0], "interest": [0, 0.6717446459, 0.4402811772, 0.2212476195, 0.03256948, -0.01233325255, -0.01126124542, -0.003827221871, -0.0003367665091, 0.0003758426001, 0.0002360356489, 6.523241357e-05, -7.407261986e-07, -9.620479861e-06, -4.72387692e-06, -1.006670329e-06, 1.646106768e-07, 2.253741565e-07, 8.977475321e-08, 1.309942237e-08, -6.155932573e-09], "inflation": [0, -0.1912651545, -0.2551419514, -0.2654742675, -0.260696041, -0.06571959505, -0.0006320909874, 0.009777315141, 0.004866815083, 0.001078081043, -0.0001527178131, -0.0002289135984, -9.33415053e-05, -1.437027129e-05, 6.020941827e-06, 5.06027464e-06, 1.685917262e-06, 1.286134984e-07, -1.745243961e-07, -1.058337132e-07, -2.837047468e-08], "inflationq": [0, -0.765060618, -0.2555071876, -0.04132926449, 0.019112906, 0.0148451659, 0.004842828647, 0.0003083600228, -0.0005290942379, -0.0003097702581, -8.036677903e-05, 3.576881416e-06, 1.319413452e-05, 6.114677937e-06, 1.19807344e-06, -2.657873342e-07, -3.032949964e-07, -1.145371156e-07, -1.447813826e-08, 8.975397561e-09, 6.557957574e-09], "output": [0, -0.1810821375, -0.07596631976, -0.02136963567, 0.001544911332, 0.003554188321, 0.001607060522, 0.0002954982326, -7.838658575e-05, -8.1446955e-05, -2.972980521e-05, -3.377640069e-06, 2.521562351e-06, 1.744414885e-06, 5.179939321e-07, 1.261263682e-08, -6.712392516e-08, -3.547896376e-08, -8.288648031e-09, 8.709891236e-10, 1.612547561e-09], "outputgap": [0, -0.1810821375, -0.07596631976, -0.02136963567, 0.001544911332, 0.003554188321, 0.001607060522, 0.0002954982326, -7.838658575e-05, -8.1446955e-05, -2.972980521e-05, -3.377640069e-06, 2.521562351e-06, 1.744414885e-06, 5.179939321e-07, 1.261263682e-08, -6.712392516e-08, -3.547896376e-08, -8.288648031e-09, 8.709891236e-10, 1.612547561e-09], "AUX_ENDO_LEAD_75": [0, -0.2555071876, -0.04132926449, 0.019112906, 0.0148451659, 0.004842828647, 0.0003083600228, -0.0005290942379, -0.0003097702581, -8.036677903e-05, 3.576881416e-06, 1.319413452e-05, 6.114677937e-06, 1.19807344e-06, -2.657873342e-07, -3.032949964e-07, -1.145371156e-07, -1.447813826e-08, 8.975397561e-09, 6.557957574e-09, 2.018741686e-09], "AUX_ENDO_LEAD_79": [0, -0.04132926449, 0.019112906, 0.0148451659, 0.004842828647, 0.0003083600228, -0.0005290942379, -0.0003097702581, -8.036677903e-05, 3.576881416e-06, 1.319413452e-05, 6.114677937e-06, 1.19807344e-06, -2.657873342e-07, -3.032949964e-07, -1.145371156e-07, -1.447813826e-08, 8.975397561e-09, 6.557957574e-09, 2.018741686e-09, 8.326639479e-11], "AUX_ENDO_LEAD_83": [0, 0.019112906, 0.0148451659, 0.004842828647, 0.0003083600228, -0.0005290942379, -0.0003097702581, -8.036677903e-05, 3.576881416e-06, 1.319413452e-05, 6.114677937e-06, 1.19807344e-06, -2.657873342e-07, -3.032949964e-07, -1.145371156e-07, -1.447813826e-08, 8.975397561e-09, 6.557957574e-09, 2.018741686e-09, 8.326639479e-11, -2.444791146e-10], "AUX_ENDO_LEAD_110": [0, -0.07596631976, -0.02136963567, 0.001544911332, 0.003554188321, 0.001607060522, 0.0002954982326, -7.838658575e-05, -8.1446955e-05, -2.972980521e-05, -3.377640069e-06, 2.521562351e-06, 1.744414885e-06, 5.179939321e-07, 1.261263682e-08, -6.712392516e-08, -3.547896376e-08, -8.288648031e-09, 8.709891236e-10, 1.612547561e-09, 6.85844007e-10], "AUX_ENDO_LEAD_114": [0, -0.02136963567, 0.001544911332, 0.003554188321, 0.001607060522, 0.0002954982326, -7.838658575e-05, -8.1446955e-05, -2.972980521e-05, -3.377640069e-06, 2.521562351e-06, 1.744414885e-06, 5.179939321e-07, 1.261263682e-08, -6.712392516e-08, -3.547896376e-08, -8.288648031e-09, 8.709891236e-10, 1.612547561e-09, 6.85844007e-10, 1.155627428e-10], "AUX_ENDO_LEAD_118": [0, 0.001544911332, 0.003554188321, 0.001607060522, 0.0002954982326, -7.838658575e-05, -8.1446955e-05, -2.972980521e-05, -3.377640069e-06, 2.521562351e-06, 1.744414885e-06, 5.179939321e-07, 1.261263682e-08, -6.712392516e-08, -3.547896376e-08, -8.288648031e-09, 8.709891236e-10, 1.612547561e-09, 6.85844007e-10, 1.155627428e-10, -3.925512419e-11], "AUX_ENDO_LEAD_145": [0, -0.07596631976, -0.02136963567, 0.001544911332, 0.003554188321, 0.001607060522, 0.0002954982326, -7.838658575e-05, -8.1446955e-05, -2.972980521e-05, -3.377640069e-06, 2.521562351e-06, 1.744414885e-06, 5.179939321e-07, 1.261263682e-08, -6.712392516e-08, -3.547896376e-08, -8.288648031e-09, 8.709891236e-10, 1.612547561e-09, 6.85844007e-10], "AUX_ENDO_LEAD_149": [0, -0.02136963567, 0.001544911332, 0.003554188321, 0.001607060522, 0.0002954982326, -7.838658575e-05, -8.1446955e-05, -2.972980521e-05, -3.377640069e-06, 2.521562351e-06, 1.744414885e-06, 5.179939321e-07, 1.261263682e-08, -6.712392516e-08, -3.547896376e-08, -8.288648031e-09, 8.709891236e-10, 1.612547561e-09, 6.85844007e-10, 1.155627428e-10], "AUX_ENDO_LEAD_153": [0, 0.001544911332, 0.003554188321, 0.001607060522, 0.0002954982326, -7.838658575e-05, -8.1446955e-05, -2.972980521e-05, -3.377640069e-06, 2.521562351e-06, 1.744414885e-06, 5.179939321e-07, 1.261263682e-08, -6.712392516e-08, -3.547896376e-08, -8.288648031e-09, 8.709891236e-10, 1.612547561e-09, 6.85844007e-10, 1.155627428e-10, -3.925512419e-11], "AUX_ENDO_LAG_2_1": [0, 0, -0.1912651545, -0.0638767969, -0.01033231612, 0.004778226499, 0.003711291475, 0.001210707162, 7.709000569e-05, -0.0001322735595, -7.744256453e-05, -2.009169476e-05, 8.942203539e-07, 3.298533629e-06, 1.528669484e-06, 2.9951836e-07, -6.644683356e-08, -7.58237491e-08, -2.86342789e-08, -3.619534564e-09, 2.24384939e-09],