{"interest_": {"y": [0, -0.2019540593, -0.09830955295, -0.04785627106, -0.02329603391, -0.01134031516, -0.005520370908, -0.002687270551, -0.001308140908, -0.0006367920919, -0.0003099850833, -0.0001508981551, -7.34559643e-05, -3.575775124e-05, -1.740657529e-05, -8.473375785e-06, -4.124768714e-06, -2.007903034e-06, -9.774304629e-07, -4.758050034e-07, -2.316179102e-07], "R": [0, 0.09418590567, 0.04584891393, 0.02231886919, 0.01086463951, 0.005288815969, 0.002574551536, 0.001253270231, 0.0006100815038, 0.0002969825916, 0.0001445686505, 7.037481421e-05, 3.425787305e-05, 1.667644709e-05, 8.117955462e-06, 3.951753063e-06, 1.923680457e-06, 9.364316143e-07, 4.558471056e-07, 2.219025719e-07, 1.080203227e-07], "pi": [0, -0.2760572218, -0.1343823549, -0.06541621041, -0.03184406604, -0.01550142596, -0.007545964967, -0.003673312857, -0.001788138085, -0.0008704507174, -0.0004237281548, -0.0002062673344, -0.0001004092193, -4.887837115e-05, -2.379358372e-05, -1.158251826e-05, -5.638273358e-06, -2.744664481e-06, -1.336079795e-06, -6.503925092e-07, -3.166056531e-07], "z": [0, 0, 0, 0, 0, 0, 0, 0, 0, 0, 0, 0, 0, 0, 0, 0, 0, 0, 0, 0, 0], "deltaq": [0, 0, -1.773837803e-17, -2.070997842e-17, -1.174614227e-17, -6.233980349e-18, -3.194627097e-18, -1.604710846e-18, -7.965336959e-19, -3.92511852e-19, -1.925489234e-19, -9.418921295e-20, -4.599250443e-20, -2.243278182e-20, -1.093373556e-20, -5.326681093e-21, -2.594295183e-21, -1.263287752e-21, -6.150839577e-22, -2.99456807e-22, -1.457851874e-22], "deltay_star": [0, 0, 0, 0, 0, 0, 0, 0, 0, 0, 0, 0, 0, 0, 0, 0, 0, 0, 0, 0, 0], "y_bar": [0, -2.312775948e-17, 1.077793265e-16, 6.918566783e-17, 4.944191529e-17, 2.406791231e-17, 1.171605913e-17, 5.703279942e-18, 2.776309144e-18, 1.351484153e-18, 6.578912225e-19, 3.202559642e-19, 1.558979343e-19, 7.588981516e-20, 3.694252955e-20, 1.79833155e-20, 8.754128112e-21, 4.261436607e-21, 2.074431825e-21, 1.009816124e-21, 4.915700733e-22], "y_star": [0, 0, 0, 0, 0, 0, 0, 0, 0, 0, 0, 0, 0, 0, 0, 0, 0, 0, 0, 0, 0], "deltae": [0, -0.2760572218, -0.1343823549, -0.06541621041, -0.03184406604, -0.01550142596, -0.007545964967, -0.003673312857, -0.001788138085, -0.0008704507174, -0.0004237281548, -0.0002062673344, -0.0001004092193, -4.887837115e-05, -2.379358372e-05, -1.158251826e-05, -5.638273358e-06, -2.744664481e-06, -1.336079795e-06, -6.503925092e-07, -3.166056531e-07], "pi_star": [0, 0, 0, 0, 0, 0, 0, 0, 0, 0, 0, 0, 0, 0, 0, 0, 0, 0, 0, 0, 0], "interest": [0, 0.3767436227, 0.1833956557, 0.08927547676, 0.04345855806, 0.02115526388, 0.01029820614, 0.005013080925, 0.002440326015, 0.001187930366, 0.000578274602, 0.0002814992569, 0.0001370314922, 6.670578837e-05, 3.247182185e-05, 1.580701225e-05, 7.694721828e-06, 3.745726457e-06, 1.823388422e-06, 8.876102877e-07, 4.320812906e-07], "inflation": [0, -0.2760572218, -0.4104395767, -0.4758557871, -0.5076998532, -0.2471440573, -0.1203076674, -0.05856476983, -0.02850884187, -0.01387786663, -0.006755629815, -0.003288584292, -0.001600855426, -0.0007792830797, -0.0003793485086, -0.0001846636925, -8.989274649e-05, -4.375903982e-05, -2.130153589e-05, -1.036941014e-05, -5.047742438e-06], "inflationq": [0, -1.104228887, -0.5375294196, -0.2616648416, -0.1273762642, -0.06200570384, -0.03018385987, -0.01469325143, -0.007152552341, -0.00348180287, -0.001694912619, -0.0008250693375, -0.0004016368773, -0.0001955134846, -9.517433488e-05, -4.633007303e-05, -2.255309343e-05, -1.097865792e-05, -5.34431918e-06, -2.601570037e-06, -1.266422612e-06], "output": [0, -0.2019540593, -0.09830955295, -0.04785627106, -0.02329603391, -0.01134031516, -0.005520370908, -0.002687270551, -0.001308140908, -0.0006367920919, -0.0003099850833, -0.0001508981551, -7.34559643e-05, -3.575775124e-05, -1.740657529e-05, -8.473375785e-06, -4.124768714e-06, -2.007903034e-06, -9.774304629e-07, -4.758050034e-07, -2.316179102e-07], "outputgap": [0, -0.2019540593, -0.09830955295, -0.04785627106, -0.02329603391, -0.01134031516, -0.005520370908, -0.002687270551, -0.001308140908, -0.0006367920919, -0.0003099850833, -0.0001508981551, -7.34559643e-05, -3.575775124e-05, -1.740657529e-05, -8.473375785e-06, -4.124768714e-06, -2.007903034e-06, -9.774304629e-07, -4.758050034e-07, -2.316179102e-07], "AUX_ENDO_LEAD_75": [0, -0.5375294196, -0.2616648416, -0.1273762642, -0.06200570384, -0.03018385987, -0.01469325143, -0.007152552341, -0.00348180287, -0.001694912619, -0.0008250693375, -0.0004016368773, -0.0001955134846, -9.517433488e-05, -4.633007303e-05, -2.255309343e-05, -1.097865792e-05, -5.34431918e-06, -2.601570037e-06, -1.266422612e-06, -6.164839732e-07], "AUX_ENDO_LEAD_79": [0, -0.2616648416, -0.1273762642, -0.06200570384, -0.03018385987, -0.01469325143, -0.007152552341, -0.00348180287, -0.001694912619, -0.0008250693375, -0.0004016368773, -0.0001955134846, -9.517433488e-05, -4.633007303e-05, -2.255309343e-05, -1.097865792e-05, -5.34431918e-06, -2.601570037e-06, -1.266422612e-06, -6.164839732e-07, -3.000992603e-07], "AUX_ENDO_LEAD_83": [0, -0.1273762642, -0.06200570384, -0.03018385987, -0.01469325143, -0.007152552341, -0.00348180287, -0.001694912619, -0.0008250693375, -0.0004016368773, -0.0001955134846, -9.517433488e-05, -4.633007303e-05, -2.255309343e-05, -1.097865792e-05, -5.34431918e-06, -2.601570037e-06, -1.266422612e-06, -6.164839732e-07, -3.000992603e-07, -1.460858189e-07], "AUX_ENDO_LEAD_110": [0, -0.09830955295, -0.04785627106, -0.02329603391, -0.01134031516, -0.005520370908, -0.002687270551, -0.001308140908, -0.0006367920919, -0.0003099850833, -0.0001508981551, -7.34559643e-05, -3.575775124e-05, -1.740657529e-05, -8.473375785e-06, -4.124768714e-06, -2.007903034e-06, -9.774304629e-07, -4.758050034e-07, -2.316179102e-07, -1.127496684e-07], "AUX_ENDO_LEAD_114": [0, -0.04785627106, -0.02329603391, -0.01134031516, -0.005520370908, -0.002687270551, -0.001308140908, -0.0006367920919, -0.0003099850833, -0.0001508981551, -7.34559643e-05, -3.575775124e-05, -1.740657529e-05, -8.473375785e-06, -4.124768714e-06, -2.007903034e-06, -9.774304629e-07, -4.758050034e-07, -2.316179102e-07, -1.127496684e-07, -5.48855989e-08], "AUX_ENDO_LEAD_118": [0, -0.02329603391, -0.01134031516, -0.005520370908, -0.002687270551, -0.001308140908, -0.0006367920919, -0.0003099850833, -0.0001508981551, -7.34559643e-05, -3.575775124e-05, -1.740657529e-05, -8.473375785e-06, -4.124768714e-06, -2.007903034e-06, -9.774304629e-07, -4.758050034e-07, -2.316179102e-07, -1.127496684e-07, -5.48855989e-08, -2.671785213e-08], "AUX_ENDO_LEAD_145": [0, -0.09830955295, -0.04785627106, -0.02329603391, -0.01134031516, -0.005520370908, -0.002687270551, -0.001308140908, -0.0006367920919, -0.0003099850833, -0.0001508981551, -7.34559643e-05, -3.575775124e-05, -1.740657529e-05, -8.473375785e-06, -4.124768714e-06, -2.007903034e-06, -9.774304629e-07, -4.758050034e-07, -2.316179102e-07, -1.127496684e-07], "AUX_ENDO_LEAD_149": [0, -0.04785627106, -0.02329603391, -0.01134031516, -0.005520370908, -0.002687270551, -0.001308140908, -0.0006367920919, -0.0003099850833, -0.0001508981551, -7.34559643e-05, -3.575775124e-05, -1.740657529e-05, -8.473375785e-06, -4.124768714e-06, -2.007903034e-06, -9.774304629e-07, -4.758050034e-07, -2.316179102e-07, -1.127496684e-07, -5.48855989e-08], "AUX_ENDO_LEAD_153": [0, -0.02329603391, -0.01134031516, -0.005520370908, -0.002687270551, -0.001308140908, -0.0006367920919, -0.0003099850833, -0.0001508981551, -7.34559643e-05, -3.575775124e-05, -1.740657529e-05, -8.473375785e-06, -4.124768714e-06, -2.007903034e-06, -9.774304629e-07, -4.758050034e-07, -2.316179102e-07, -1.127496684e-07, -5.48855989e-08, -2.671785213e-08], "AUX_ENDO_LAG_2_1": [0, 0, -0.2760572218, -0.1343823549, -0.06541621041, -0.03184406604, -0.01550142596, -0.007545964967, -0.003673312857, -0.001788138085, -0.0008704507174, -0.0004237281548, -0.0002062673344, -0.0001004092193, -4.887837115e-05, -2.379358372e-05, -1.158251826e-05, -5.638273358e-06, -2.744664481e-06, -1.336079795e-06, -6.503925092e-07],