{"interest_": {"y": [0, -3.166762372, -1.564604047, -0.801913164, -0.4330399751, -0.2500429191, -0.1556804385, -0.1043046722, -0.07434711279, -0.05550419634, -0.04276406031, -0.03361807022, -0.02675573888, -0.02145121379, -0.0172726938, -0.01394305549, -0.01127161874, -0.009119651574, -0.007382093587, -0.005977247608, -0.004840521466], "yeff": [0, 4.405033558e-16, -6.100743549e-16, -1.054210067e-15, -8.756832853e-16, -9.475116308e-16, -9.344586519e-16, -8.879399988e-16, -8.308704653e-16, -7.730900232e-16, -7.185054045e-16, -6.683843367e-16, -6.228653126e-16, -5.81641529e-16, -5.442641356e-16, -5.102712059e-16, -4.792379219e-16, -4.507919582e-16, -4.246141779e-16, -4.004337114e-16, -3.780214072e-16], "yg": [0, -3.166762372, -1.564604047, -0.801913164, -0.4330399751, -0.2500429191, -0.1556804385, -0.1043046722, -0.07434711279, -0.05550419634, -0.04276406031, -0.03361807022, -0.02675573888, -0.02145121379, -0.0172726938, -0.01394305549, -0.01127161874, -0.009119651574, -0.007382093587, -0.005977247608, -0.004840521466], "R": [0, 0.1568016471, 0.08220010617, 0.04573701228, 0.02734993091, 0.01764241039, 0.01219183251, 0.00889915673, 0.006754175912, 0.005259614677, 0.004162004301, 0.003325500189, 0.002672383099, 0.002154733205, 0.001740728642, 0.001407846914, 0.001139358189, 0.0009224153378, 0.0007469397021, 0.0006049199353, 0.0004899377304], "pi": [0, -0.2311711302, -0.09954368499, -0.03983043511, -0.01328269793, -0.001929598053, 0.002544413493, 0.003971709895, 0.004105947222, 0.00373930928, 0.003221192914, 0.002698645885, 0.002227527176, 0.001823659084, 0.001486170006, 0.001207986513, 0.0009804170323, 0.0007950434434, 0.0006444060599, 0.0005221643455, 0.0004230437526], "z": [0, -2.55048538, -1.156011979, -0.5130968938, -0.2187038084, -0.08555089416, -0.02668469175, -0.001791913684, 0.007769965723, 0.0105834246, 0.01056813956, 0.009488514467, 0.008117542057, 0.006776096953, 0.005582086893, 0.004564959063, 0.003717835774, 0.003020850705, 0.002451261997, 0.00198755515, 0.001610864302], "phi": [0, -5.554250856, -1.70311429, -0.07891600538, 0.5411137598, 0.719761449, 0.7139398454, 0.6392002981, 0.5460864678, 0.4555106829, 0.3750949755, 0.306678987, 0.2497365755, 0.2029036164, 0.1646388399, 0.1334908402, 0.1081895558, 0.08766231196, 0.07101980957, 0.05753221143, 0.04660392826], "e": [0, -0.9093289293, -1.159571216, -1.13603642, -1.011731694, -0.862087094, -0.7181001384, -0.5908760455, -0.4828960169, -0.3931395326, -0.3193702946, -0.2591211281, -0.2100885602, -0.1702648663, -0.137957774, -0.1117658335, -0.09053958534, -0.07334132275, -0.05940841269, -0.04812168508, -0.03897894387], "q": [0, -0.3645181385, -0.1985533778, -0.1158408337, -0.07290309743, -0.04931587854, -0.0354168682, -0.02658077889, -0.02055030438, -0.01618978542, -0.01290160656, -0.01035161732, -0.008338897101, -0.006733143659, -0.005443904749, -0.004404935101, -0.003565842235, -0.002887327687, -0.002338266559, -0.001893776528, -0.001533855903], "d": [0, 19.78760605, 8.83950376, 3.815958881, 1.5352943, 0.5199151283, 0.08448178719, -0.08817744905, -0.1442768043, -0.1507550177, -0.1378773163, -0.1190147004, -0.0998136174, -0.08243608636, -0.06751147583, -0.05502768706, -0.0447321407, -0.03630730792, -0.02944345156, -0.02386524396, -0.01933830018], "L": [0, -2.788922178, -1.448745932, -0.7965447282, -0.469850435, -0.299006283, -0.204247775, -0.1477876857, -0.1114958521, -0.08649131762, -0.06828072532, -0.05448058634, -0.04374462157, -0.03525418089, -0.02847261488, -0.02302406503, -0.01863145246, -0.01508307416, -0.01221337315, -0.009891003488, -0.008010856722], "u": [0, -3.544602567, -1.680462162, -0.8072815997, -0.3962295153, -0.2010795553, -0.1071131021, -0.06082165873, -0.03719837348, -0.02451707505, -0.01724739531, -0.01275555409, -0.009766856194, -0.007648246688, -0.006072772719, -0.004862045953, -0.003911785009, -0.003156228992, -0.002550814025, -0.002063491729, -0.001670186211], "r": [0, -2.172645186, -1.040153864, -0.5077284581, -0.2555142682, -0.134514258, -0.07525202817, -0.04527492716, -0.02937877358, -0.02040369669, -0.01494852545, -0.01137400166, -0.008871340632, -0.00702687015, -0.005617834186, -0.004516050477, -0.003641997952, -0.002942571878, -0.002380017566, -0.00192620073, -0.001559470954], "w": [0, -1.817475403, -0.9312472356, -0.5026821285, -0.2901161005, -0.1805398201, -0.1209053244, -0.08614895982, -0.06429858853, -0.0495315907, -0.03893419055, -0.03098476681, -0.02484089036, -0.02000165923, -0.01614576, -0.01305219944, -0.01056024165, -0.008548189105, -0.006921420354, -0.005605131257, -0.004539586094], "yf": [0, 3.789401977e-16, -2.145383232e-15, -2.671832668e-15, -2.54568115e-15, -2.555313684e-15, -2.428441943e-15, -2.248948196e-15, -2.05577169e-15, -1.866641192e-15, -1.689226925e-15, -1.526409479e-15, -1.378788837e-15, -1.245892122e-15, -1.126763027e-15, -1.020254011e-15, -9.25173223e-16, -8.403587829e-16, -7.647156968e-16, -6.972329116e-16, -6.369894789e-16], "ygf": [0, -2.266851319e-16, -2.116502457e-15, -1.384219588e-15, -1.144538293e-15, -1.037194644e-15, -9.643452301e-16, -9.006260844e-16, -8.373963383e-16, -7.728827261e-16, -7.078218214e-16, -6.436073216e-16, -5.815618048e-16, -5.226998346e-16, -4.676950308e-16, -4.169230096e-16, -3.705249729e-16, -3.28469663e-16, -2.906059681e-16, -2.567046445e-16, -2.264900335e-16], "Rf": [0, -4.038917487e-16, -8.423190988e-17, 2.018424302e-17, -1.541205469e-18, 2.029947847e-17, 2.871899961e-17, 3.090824098e-17, 3.026087961e-17, 2.838628275e-17, 2.605079139e-17, 2.361930271e-17, 2.12634743e-17, 1.906065522e-17, 1.704144255e-17, 1.521292612e-17, 1.357031042e-17, 1.210289377e-17, 1.079724564e-17, 9.638949231e-18, 8.613580216e-18], "zf": [0, 0, 0, 0, 0, 0, 0, 0, 0, 0, 0, 0, 0, 0, 0, 0, 0, 0, 0, 0, 0], "phif": [0, 1.93977621e-15, -1.397249774e-15, -1.465203957e-15, -7.843802448e-16, -1.170423972e-17, 7.404819578e-16, 1.337514693e-15, 1.756035986e-15, 2.015037728e-15, 2.145913622e-15, 2.180193768e-15, 2.14513999e-15, 2.062710621e-15, 1.949867075e-15, 1.819327542e-15, 1.680390069e-15, 1.539679529e-15, 1.401774653e-15, 1.269713463e-15, 1.145391033e-15], "ef": [0, -1.650481764e-16, -1.619216901e-15, -2.708269024e-15, -3.428177986e-15, -3.897244893e-15, -4.143293286e-15, -4.212543551e-15, -4.151245129e-15, -3.999132619e-15, -3.787935955e-15, -3.541891758e-15, -3.278911736e-15, -3.011842756e-15, -2.749602753e-15, -2.498129099e-15, -2.261139048e-15, -2.040724826e-15, -1.837811708e-15, -1.652506125e-15, -1.484357246e-15], "qf": [0, -1.007832594e-15, 5.91633488e-16, 1.208599521e-15, 1.510001032e-15, 1.351294601e-15, 1.122465776e-15, 8.935836008e-16, 6.906446508e-16, 5.204612442e-16, 3.819781326e-16, 2.713272649e-16, 1.840109076e-16, 1.157821369e-16, 6.29460659e-17, 2.241305424e-17, -8.346230766e-18, -3.137757964e-17, -4.832371088e-17, -6.049755657e-17, -6.894505991e-17], "df": [0, 3.789401977e-16, -2.145383232e-15, -2.671832668e-15, -2.54568115e-15, -2.555313684e-15, -2.428441943e-15, -2.248948196e-15, -2.05577169e-15, -1.866641192e-15, -1.689226925e-15, -1.526409479e-15, -1.378788837e-15, -1.245892122e-15, -1.126763027e-15, -1.020254011e-15, -9.25173223e-16, -8.403587829e-16, -7.647156968e-16, -6.972329116e-16, -6.369894789e-16], "Lf": [0, -4.737787473e-17, -1.035831265e-15, -1.327414048e-15, -1.347956542e-15, -1.458586834e-15, -1.488426955e-15, -1.467088043e-15, -1.41364314e-15, -1.340806903e-15, -1.257233565e-15, -1.16885899e-15, -1.079735116e-15, -9.925792565e-16, -9.091526244e-16, -8.305298489e-16, -7.572949124e-16, -6.896852268e-16, -6.27698038e-16, -5.711689376e-16, -5.198295027e-16], "uf": [0, 6.860951861e-16, -2.923628491e-15, -3.486871771e-15, -3.132608078e-15, -3.021957104e-15, -2.746993031e-15, -2.43000997e-15, -2.122493086e-15, -1.843832394e-15, -1.599202602e-15, -1.387770394e-15, -1.206418611e-15, -1.051399104e-15, -9.190341253e-16, -8.059854533e-16, -7.093312346e-16, -6.26560869e-16, -5.555381334e-16, -4.944549255e-16, -4.417852172e-16],