{"interest_": {"y": [0, -1.283250855, -0.4193788886, -0.1183769702, -0.1024721152, -0.3924060112, -0.2322604368, -0.1022332149, -0.08226591035, -0.1456801754, -0.1139549911, -0.06793855426, -0.05357557773, -0.06460120842, -0.05636389063, -0.0403274269, -0.03232844693, -0.03230813429, -0.02890731756, -0.02286676678, -0.01877470494], "yeff": [0, -9.400015752e-18, -1.206434218e-16, -7.583309905e-16, -1.347421748e-15, -2.181448679e-15, -2.344127201e-15, -2.571968772e-15, -2.728173031e-15, -2.912027984e-15, -2.941995736e-15, -2.947483836e-15, -2.937319439e-15, -2.925462403e-15, -2.875049076e-15, -2.809287564e-15, -2.738260947e-15, -2.665536312e-15, -2.583445943e-15, -2.496296495e-15, -2.408214959e-15], "yg": [0, -1.283250855, -0.4193788886, -0.1183769702, -0.1024721152, -0.3924060112, -0.2322604368, -0.1022332149, -0.08226591035, -0.1456801754, -0.1139549911, -0.06793855426, -0.05357557773, -0.06460120842, -0.05636389063, -0.0403274269, -0.03232844693, -0.03230813429, -0.02890731756, -0.02286676678, -0.01877470494], "R": [0, 0.0750319172, 0.000149380514, -0.04310928218, -0.09008659537, -0.003799709274, -0.001258047628, -0.01684465764, -0.02872163236, -0.009143425461, -0.003717324043, -0.007419764611, -0.010532548, -0.005870889223, -0.003266389413, -0.003753419945, -0.004450377033, -0.003227238702, -0.002181476665, -0.002049671396, -0.002115123962], "pi": [0, -0.1164938075, -0.06318759741, -0.04801092643, -0.04565405896, -0.04369717201, -0.02942300119, -0.02206240313, -0.02003942637, -0.01857534995, -0.01421945496, -0.01107995393, -0.009717840857, -0.008768447084, -0.007188860069, -0.00583222361, -0.005033256741, -0.004453627056, -0.003771369379, -0.00314796479, -0.00270440129], "z": [0, -1.037289327, -0.3010972806, -0.05410496291, -0.04603656207, -0.2801665352, -0.1457953244, -0.0427578952, -0.0317280625, -0.08650325969, -0.06250689138, -0.02806379663, -0.01994416693, -0.03175971106, -0.02721122789, -0.01633297182, -0.01200340485, -0.01384584943, -0.01259415153, -0.009050305362, -0.006994104685], "phi": [0, -2.288412882, -0.3688858077, 0.2047252829, 0.1852087053, -0.3295074816, 0.005287508168, 0.2164903021, 0.2009946102, 0.05275250831, 0.09284752982, 0.1473749255, 0.1380844704, 0.08939050241, 0.08298023204, 0.09073307123, 0.08363516714, 0.06508275175, 0.05617458536, 0.0535575771, 0.0483395943], "e": [0, -0.3760211584, -0.426908766, -0.3827428392, -0.3430462347, -0.3874415528, -0.3755173926, -0.3295066871, -0.2874010121, -0.2704829943, -0.2473939586, -0.2160945398, -0.1872510639, -0.1671534023, -0.1486589811, -0.1294476819, -0.111970936, -0.09802943303, -0.08594515568, -0.07464661526, -0.06453794867], "q": [0, -0.1137887177, 0.001541243024, 0.04648067981, 0.04637059309, -0.02152500842, -0.006768375079, 0.01132333536, 0.01261135108, -0.003902447427, -0.003345947719, 0.002192248498, 0.003263742927, -0.0007199190859, -0.001300323075, 0.0002008261888, 0.0007309505225, -0.0001907520817, -0.0004959816832, -0.0001165185595, 9.746359823e-05], "d": [0, 8.052353086, 2.290496636, 0.368567696, 0.3118569434, 2.129092806, 1.079897482, 0.2825878418, 0.2032866521, 0.6328491618, 0.4486070314, 0.1846356154, 0.1259219246, 0.2212361911, 0.1885371604, 0.1066693195, 0.07570219673, 0.09230451055, 0.08444004617, 0.05858598148, 0.04417223722], "L": [0, -1.127576509, -0.3942846159, -0.1323038602, -0.1150713469, -0.3699905363, -0.2326201312, -0.1169604464, -0.09593901308, -0.1492687814, -0.1202711495, -0.0779640594, -0.06296907911, -0.07068219498, -0.06200880438, -0.04649974467, -0.03801791408, -0.03673553237, -0.03272871792, -0.02651013937, -0.02206311272], "u": [0, -1.438925201, -0.4444731612, -0.1044500802, -0.08987288359, -0.4148214862, -0.2319007424, -0.08750598349, -0.06859280761, -0.1420915694, -0.1076388326, -0.05791304913, -0.04418207634, -0.05852022186, -0.05071897689, -0.03415510913, -0.02663897978, -0.02788073621, -0.02508591719, -0.01922339419, -0.01548629717], "r": [0, -0.8816149811, -0.2760030079, -0.0680318529, -0.05863579373, -0.2577510603, -0.1461550188, -0.05748512663, -0.04540116523, -0.09009186569, -0.06882304987, -0.03808930177, -0.02933766832, -0.03784069762, -0.03285614164, -0.0225052896, -0.017692872, -0.01827324751, -0.01641555189, -0.01269367795, -0.01028251246], "w": [0, -0.7352810961, -0.2524143916, -0.0811231295, -0.07047907148, -0.2366805139, -0.1464931316, -0.07132872418, -0.0582538818, -0.09346515534, -0.07476023886, -0.0475132766, -0.03816755962, -0.04355682499, -0.03816236056, -0.0283072683, -0.02304097113, -0.0224350017, -0.02000766823, -0.01611844819, -0.01337361577], "yf": [0, -1.291109719e-15, -9.420807081e-16, -1.597040004e-15, -2.256739304e-15, -2.76306794e-15, -2.663850493e-15, -2.890464306e-15, -3.110217036e-15, -3.234709734e-15, -3.19666945e-15, -3.201879363e-15, -3.216602992e-15, -3.199466899e-15, -3.13390469e-15, -3.067951015e-15, -3.004236698e-15, -2.930764578e-15, -2.842713112e-15, -2.751819327e-15, -2.661573513e-15], "ygf": [0, -1.333038421e-15, -6.570577319e-16, -1.091255435e-15, -8.179702367e-16, -3.163568426e-16, -1.458784049e-16, -2.36082816e-16, -2.34073473e-16, -1.328804108e-16, -9.817538248e-17, -1.393194451e-16, -1.641799091e-16, -1.558201082e-16, -1.563252908e-16, -1.757016656e-16, -1.914094344e-16, -1.954778318e-16, -1.981787581e-16, -2.042101047e-16, -2.085928839e-16], "Rf": [0, 5.584464178e-17, -1.047934873e-16, -1.05551888e-16, -8.10125819e-17, 1.587479155e-17, -3.625821011e-17, -3.516043675e-17, -1.991883167e-17, 6.086445487e-18, -8.335861315e-19, -2.355780558e-18, 2.741774784e-18, 1.048995341e-17, 1.055258799e-17, 1.019429083e-17, 1.175553909e-17, 1.408823456e-17, 1.454300574e-17, 1.443933011e-17, 1.475119409e-17], "zf": [0, 0, 0, 0, 0, 0, 0, 0, 0, 0, 0, 0, 0, 0, 0, 0, 0, 0, 0, 0, 0], "phif": [0, 8.421294235e-15, 8.838914156e-15, 5.465643942e-15, 3.484174604e-15, 2.24576429e-15, 2.926519339e-15, 2.407656647e-15, 1.797422758e-15, 1.509056676e-15, 1.710172455e-15, 1.693772137e-15, 1.57658233e-15, 1.528561755e-15, 1.60069446e-15, 1.628612852e-15, 1.608170184e-15, 1.591369214e-15, 1.598417272e-15, 1.592193143e-15, 1.565115015e-15], "ef": [0, 1.10574887e-15, 1.791244116e-15, 2.595800797e-15, 2.195861836e-15, 1.668525959e-15, 1.208830351e-15, 8.877825942e-16, 4.131917295e-16, -8.220759002e-17, -5.08273316e-16, -8.48573604e-16, -1.175425185e-15, -1.47493859e-15, -1.721793591e-15, -1.913117458e-15, -2.070127308e-15, -2.196584005e-15, -2.288712813e-15, -2.347901092e-15, -2.382091497e-15], "qf": [0, -9.133893977e-15, -9.804456149e-15, -8.565355955e-15, -7.239940822e-15, -6.228205332e-15, -6.213896315e-15, -5.704372218e-15, -4.961346972e-15, -4.359747484e-15, -4.056534098e-15, -3.708323469e-15, -3.30244367e-15, -2.947377713e-15, -2.692666667e-15, -2.457723839e-15, -2.220645537e-15, -2.007275945e-15, -1.832734117e-15, -1.677672749e-15, -1.531574029e-15], "df": [0, -1.291109719e-15, -9.420807081e-16, -1.597040004e-15, -2.256739304e-15, -2.76306794e-15, -2.663850493e-15, -2.890464306e-15, -3.110217036e-15, -3.234709734e-15, -3.19666945e-15, -3.201879363e-15, -3.216602992e-15, -3.199466899e-15, -3.13390469e-15, -3.067951015e-15, -3.004236698e-15, -2.930764578e-15, -2.842713112e-15, -2.751819327e-15, -2.661573513e-15], "Lf": [0, -1.8835313e-15, -1.740905188e-15, -1.656219314e-15, -1.763602677e-15, -1.884442128e-15, -1.920366178e-15, -1.979266222e-15, -2.021814192e-15, -2.053719396e-15, -2.059344782e-15, -2.060090539e-15, -2.05255985e-15, -2.036234385e-15, -2.008584239e-15, -1.974694846e-15, -1.935505349e-15, -1.891235434e-15, -1.84187923e-15, -1.789093104e-15, -1.733839969e-15], "uf": [0, -6.681713681e-16, -2.154539352e-16, -6.879110476e-16, -1.345514517e-15, -1.81657254e-15, -1.498828455e-15, -1.663968734e-15, -1.887945179e-15, -2.001131156e-15, -1.909939596e-15, -1.897672543e-15, -1.923825876e-15, -1.920287493e-15, -1.860469704e-15, -1.809752775e-15, -1.772260068e-15, -1.728245514e-15, -1.66889991e-15, -1.609482555e-15, -1.554370505e-15],