{"interest_": {"y": [0, -1.058671547, -0.7859089956, -0.5896720604, -0.4472700193, -0.3429592396, -0.2657790472, -0.2080678685, -0.1644448231, -0.1311099378, -0.105362605, -0.0852696423, -0.06943599302, -0.05684592715, -0.04675273147, -0.03860180524, -0.03197681533, -0.02656180736, -0.02211438925, -0.0184466248, -0.01541131765], "yeff": [0, 2.967850093e-18, -1.934433442e-16, -9.00296931e-17, -8.095188649e-18, 1.602020911e-17, 2.916860338e-17, 3.535043666e-17, 3.721453855e-17, 3.650001165e-17, 3.433584867e-17, 3.144374712e-17, 2.827511071e-17, 2.510335062e-17, 2.208586446e-17, 1.930547787e-17, 1.679800322e-17, 1.457043662e-17, 1.261286138e-17, 1.090613731e-17, 9.42678216e-18], "yg": [0, -1.058671547, -0.7859089956, -0.5896720604, -0.4472700193, -0.3429592396, -0.2657790472, -0.2080678685, -0.1644448231, -0.1311099378, -0.105362605, -0.0852696423, -0.06943599302, -0.05684592715, -0.04675273147, -0.03860180524, -0.03197681533, -0.02656180736, -0.02211438925, -0.0184466248, -0.01541131765], "R": [0, -0.06459497044, -0.04617572887, -0.03327122025, -0.02418399636, -0.01774687699, -0.01315602507, -0.009856773929, -0.007465502869, -0.005716151881, -0.004423581526, -0.003458453223, -0.002729991407, -0.002174140816, -0.001745418903, -0.001411300897, -0.00114834228, -0.0009394944253, -0.0007722407346, -0.0006372978841, -0.0005277070603], "pi": [0, -0.1521343579, -0.1082369787, -0.0775736385, -0.05605554684, -0.0408737211, -0.03009570778, -0.02238981367, -0.01683646119, -0.01279908451, -0.009835725127, -0.007638455562, -0.005991837108, -0.004744401947, -0.003789052125, -0.0030495671, -0.002471299282, -0.002014743555, -0.001651081323, -0.001359083046, -0.001122947028], "z": [0, -0.8650105498, -0.6046083754, -0.4245969162, -0.2998238484, -0.2130609107, -0.1524987159, -0.1100349772, -0.0801046456, -0.05888021283, -0.04372489503, -0.0328185993, -0.02490196539, -0.0191011154, -0.01480758432, -0.01159599096, -0.009167531485, -0.007311150087, -0.005876818066, -0.004757113195, -0.003874494063], "phi": [0, -1.98047475, -1.094857082, -0.5310351808, -0.1804373623, 0.03003410273, 0.1494208387, 0.2104777998, 0.2349559295, 0.23719048, 0.2265354613, 0.2090127535, 0.1884271021, 0.167118187, 0.146466365, 0.1272314634, 0.1097786217, 0.09422788549, 0.08055247162, 0.06864260431, 0.05834636058], "e": [0, -0.3287249424, -0.5010044222, -0.5747475234, -0.5881778888, -0.5662875802, -0.5252102769, -0.4751791887, -0.4225231221, -0.3710095767, -0.3227451629, -0.2787764144, -0.2394882632, -0.2048662311, -0.1746671401, -0.1485286835, -0.1260383606, -0.1067756014, -0.09033636923, -0.07634646083, -0.06446764487], "q": [0, -0.01057735483, -0.01362728321, -0.01469330852, -0.01456608898, -0.01375985233, -0.01260415706, -0.01130589669, -0.009991090211, -0.008732957922, -0.007570706241, -0.006522030019, -0.005591376857, -0.004775361043, -0.004066267686, -0.003454283458, -0.002928883589, -0.002479664391, -0.002096815381, -0.001771360615, -0.001495255313], "d": [0, 6.726423401, 4.655566383, 3.231700185, 2.251144616, 1.574588957, 1.106709396, 0.7822469259, 0.5564969873, 0.3988119776, 0.2881614503, 0.2100977514, 0.1546816955, 0.1150641115, 0.08651552742, 0.06576211338, 0.05053096804, 0.03923854343, 0.03077697334, 0.02436739395, 0.01945912892], "L": [0, -0.9239453739, -0.711428922, -0.5535472182, -0.4349953688, -0.3450023759, -0.2759437301, -0.2223860861, -0.1804282197, -0.1472453446, -0.1207731806, -0.09948819696, -0.08225416323, -0.0682145113, -0.05671642977, -0.04725700683, -0.03944474878, -0.0329718676, -0.02759414923, -0.02311618972, -0.01938045783], "u": [0, -1.193397721, -0.8603890692, -0.6257969027, -0.4595446697, -0.3409161034, -0.2556143643, -0.1937496508, -0.1484614265, -0.114974531, -0.08995202942, -0.07105108764, -0.05661782281, -0.045477343, -0.03678903317, -0.02994660365, -0.02450888188, -0.02015174712, -0.01663462928, -0.01377705988, -0.01144217748], "r": [0, -0.7302843764, -0.5301283018, -0.3884720739, -0.2875491979, -0.2151040469, -0.1626633988, -0.1243531948, -0.09608804216, -0.07501561963, -0.05913547063, -0.04703715396, -0.0377201356, -0.03046969955, -0.02477128262, -0.02025119255, -0.01663546494, -0.01372121032, -0.01135657804, -0.009426678114, -0.007843634239], "w": [0, -0.6036417733, -0.4601170326, -0.3545147222, -0.2760110264, -0.217024595, -0.1722182007, -0.1378123194, -0.1111124349, -0.09018290202, -0.0736214117, -0.06040259534, -0.0497692156, -0.04115616865, -0.03413715903, -0.02838708205, -0.02365532238, -0.01974666695, -0.01650755242, -0.01381606914, -0.011574626], "yf": [0, 3.297404472e-16, 9.866577085e-17, 3.743201858e-16, 5.335099016e-16, 5.598107781e-16, 5.447538482e-16, 5.074154655e-16, 4.597123498e-16, 4.088810477e-16, 3.591317002e-16, 3.127453807e-16, 2.707974809e-16, 2.336306251e-16, 2.011605117e-16, 1.730708908e-16, 1.489354527e-16, 1.282919319e-16, 1.106853051e-16, 9.569128644e-17, 8.292750336e-17], "ygf": [0, 3.324947632e-16, 3.349257336e-16, 3.784652612e-16, 3.872461662e-16, 3.655296011e-16, 3.325669948e-16, 2.955260288e-16, 2.585663977e-16, 2.239428498e-16, 1.927286292e-16, 1.652855572e-16, 1.415658237e-16, 1.213026601e-16, 1.041281964e-16, 8.964405496e-17, 7.746165279e-17, 6.722340648e-17, 5.861217484e-17, 5.135369193e-17, 4.521503383e-17], "Rf": [0, -3.697194821e-17, 4.410470639e-17, 2.547035454e-17, 4.208140236e-18, -2.409108788e-18, -5.974141229e-18, -7.632498515e-18, -8.133008338e-18, -7.959895591e-18, -7.421811128e-18, -6.711663962e-18, -5.946696934e-18, -5.195218148e-18, -4.494339343e-18, -3.861670085e-18, -3.302963333e-18, -2.817060286e-18, -2.399042987e-18, -2.042205294e-18, -1.739251248e-18], "zf": [0, 0, 0, 0, 0, 0, 0, 0, 0, 0, 0, 0, 0, 0, 0, 0, 0, 0, 0, 0, 0], "phif": [0, -2.094292109e-15, -2.756934399e-15, -2.685653235e-15, -2.497137352e-15, -2.275285115e-15, -2.020160218e-15, -1.763315609e-15, -1.521936616e-15, -1.30429384e-15, -1.113285992e-15, -9.487142046e-16, -8.087188859e-16, -6.906678859e-16, -5.916886065e-16, -5.089719427e-16, -4.399324315e-16, -3.822798439e-16, -3.34038026e-16, -2.935338964e-16, -2.593710017e-16], "ef": [0, -3.347508453e-16, 9.269932528e-17, 3.086659092e-16, 3.974440108e-16, 4.10732628e-16, 3.854064109e-16, 3.43405967e-16, 2.972210333e-16, 2.53472603e-16, 2.152306117e-16, 1.834950898e-16, 1.581275316e-16, 1.384239125e-16, 1.234565749e-16, 1.122690489e-16, 1.039789751e-16, 9.782500959e-17, 9.318078582e-17, 8.955055494e-17, 8.655558683e-17], "qf": [0, 2.33992498e-15, 2.211513965e-15, 2.214176864e-15, 2.133775773e-15, 1.969306242e-15, 1.775475612e-15, 1.574661986e-15, 1.38004061e-15, 1.198843516e-15, 1.034529882e-15, 8.882216545e-16, 7.596450581e-16, 6.477410213e-16, 5.510548219e-16, 4.679793961e-16, 3.969024229e-16, 3.362907974e-16, 2.847349401e-16, 2.409678486e-16, 2.038687179e-16], "df": [0, 3.297404472e-16, 9.866577085e-17, 3.743201858e-16, 5.335099016e-16, 5.598107781e-16, 5.447538482e-16, 5.074154655e-16, 4.597123498e-16, 4.088810477e-16, 3.591317002e-16, 3.127453807e-16, 2.707974809e-16, 2.336306251e-16, 2.011605117e-16, 1.730708908e-16, 1.489354527e-16, 1.282919319e-16, 1.106853051e-16, 9.569128644e-17, 8.292750336e-17], "Lf": [0, 4.733608147e-16, 4.31473556e-16, 5.79292247e-16, 6.446093795e-16, 6.294544739e-16, 5.861396436e-16, 5.298585801e-16, 4.697589776e-16, 4.111012571e-16, 3.566855963e-16, 3.077884086e-16, 2.647711981e-16, 2.274716342e-16, 1.95450715e-16, 1.681455352e-16, 1.449607256e-16, 1.253205385e-16, 1.086960963e-16, 9.461731965e-17, 8.267571643e-17], "uf": [0, 1.739961377e-16, -2.35953435e-16, 1.7346865e-16, 4.296393951e-16, 4.987253111e-16, 5.12171258e-16, 4.933897627e-16, 4.573586044e-16, 4.134750458e-16, 3.674727838e-16, 3.227046539e-16, 2.809969656e-16, 2.432151981e-16, 2.096357702e-16, 1.801879879e-16, 1.546094751e-16, 1.325442744e-16, 1.136032354e-16, 9.739982787e-17, 8.357013987e-17],