{"interest_": {"y": [0, -0.7882077918, 0.05385552613, 0.02981975903, 0.008811693995, -0.01879750899, -0.008474607278, -0.004611677599, -0.003684573622, -0.00350407684, -0.002835573755, -0.002232079077, -0.00178660323, -0.00144946231, -0.00117201053, -0.0009449533314, -0.0007619156326, -0.0006147809783, -0.0004960963243, -0.0004002690448, -0.0003229381839], "yeff": [0, 1.730897345e-17, -4.129435844e-16, -3.202019645e-16, -5.053580706e-16, -7.158177671e-16, -8.499221267e-16, -9.29030322e-16, -9.823202173e-16, -1.01590532e-15, -1.031950701e-15, -1.033957248e-15, -1.025456184e-15, -1.009074075e-15, -9.867841965e-16, -9.601643746e-16, -9.304844755e-16, -8.987483292e-16, -8.657427343e-16, -8.320825444e-16, -7.982456631e-16], "yg": [0, -0.7882077918, 0.05385552613, 0.02981975903, 0.008811693995, -0.01879750899, -0.008474607278, -0.004611677599, -0.003684573622, -0.00350407684, -0.002835573755, -0.002232079077, -0.00178660323, -0.00144946231, -0.00117201053, -0.0009449533314, -0.0007619156326, -0.0006147809783, -0.0004960963243, -0.0004002690448, -0.0003229381839], "R": [0, 0.1418358936, -0.000241530681, -0.001894429548, -0.003970364856, 0.002384282585, 0.001284716157, 0.0006660031247, 0.0004259432334, 0.0004297388785, 0.000359611792, 0.0002837005898, 0.0002249193079, 0.0001822793026, 0.0001476265124, 0.0001191004311, 9.600137283e-05, 7.744935486e-05, 6.24997338e-05, 5.042939692e-05, 4.068652699e-05], "pi": [0, -0.02570168655, 0.00710576269, 0.003604192056, 0.001466860857, 0.0004471076222, 0.0007326183105, 0.0006666474087, 0.0005176664883, 0.0003970637483, 0.0003227783849, 0.0002630526436, 0.0002124244542, 0.0001709767608, 0.0001378870177, 0.0001112973606, 8.981439926e-05, 7.245982815e-05, 5.845981022e-05, 4.716736907e-05, 3.805645918e-05], "z": [0, -0.6295571845, 0.06803222011, 0.0413853474, 0.01969697154, -0.005349797129, 0.001396897446, 0.002964621651, 0.002395684465, 0.001490663946, 0.001199180314, 0.001014487919, 0.0008299659272, 0.0006628697318, 0.0005327523692, 0.0004304135238, 0.0003476825154, 0.0002804783713, 0.0002262369996, 0.0001825316005, 0.000147280506], "phi": [0, -1.329862757, 0.3410323865, 0.2259889921, 0.1414560432, 0.06492633537, 0.06735900031, 0.05869978539, 0.04716965846, 0.03698232355, 0.0298559178, 0.02420697737, 0.01955525962, 0.01576030987, 0.01271119003, 0.01025734123, 0.008276893639, 0.006677903877, 0.005387776839, 0.004347010987, 0.003507315618], "e": [0, -0.2158138736, -0.1532145043, -0.1114619482, -0.08485736197, -0.07153303485, -0.05824449751, -0.04679939829, -0.03760371493, -0.03036409902, -0.02451917792, -0.01978340952, -0.01595849708, -0.01287539354, -0.01038862752, -0.008381961514, -0.006762763524, -0.005456371065, -0.00440236079, -0.003551955217, -0.002865819817], "q": [0, -0.1380608975, 0.002276341386, 0.001875860934, 0.0002011929566, -0.004555339569, -0.002720412577, -0.001807485964, -0.001420900999, -0.001235172718, -0.001001949756, -0.0007997635394, -0.0006423479173, -0.0005194469406, -0.0004195826639, -0.0003384512744, -0.0002729845049, -0.0002202546435, -0.0001777200057, -0.0001433910166, -0.0001156903551], "d": [0, 4.877806869, -0.5584344549, -0.3426483676, -0.1684610498, 0.02935066517, -0.02104668429, -0.03129327246, -0.0252457338, -0.01692005235, -0.01362819658, -0.01136247035, -0.009256296575, -0.007415289896, -0.005966781853, -0.004818675045, -0.003891058271, -0.00313908632, -0.002532229321, -0.002043053449, -0.001648462737], "L": [0, -0.6977409376, 0.03065604406, 0.01444635821, -0.0008111660858, -0.0232142665, -0.0130568522, -0.008604860278, -0.006893393925, -0.006019881163, -0.004866588571, -0.003878812232, -0.003116893, -0.002521592233, -0.002036717335, -0.001642731646, -0.001324969622, -0.001069060154, -0.0008626117555, -0.0006959840779, -0.0005615310831], "u": [0, -0.878674646, 0.07705500821, 0.04519315985, 0.01843455408, -0.01438075149, -0.003892362359, -0.0006184949196, -0.0004757533181, -0.0009882725164, -0.0008045589385, -0.0005853459225, -0.0004563134596, -0.0003773323869, -0.0003073037251, -0.0002471750167, -0.0001988616435, -0.000160501803, -0.0001295808931, -0.0001045540116, -8.434528471e-05], "r": [0, -0.5390903303, 0.04483273804, 0.02601194658, 0.01007411145, -0.009766554638, -0.003185347473, -0.001028561028, -0.000813135839, -0.001025140377, -0.0008318345019, -0.0006322452359, -0.0005003238428, -0.0004092601915, -0.0003319544356, -0.0002673647909, -0.0002153714737, -0.000173800804, -0.0001402784316, -0.0001131834326, -9.131239324e-05], "w": [0, -0.4540514874, 0.02302522489, 0.0115609498, 0.001028622979, -0.0139183067, -0.007492657697, -0.004782152747, -0.003829426924, -0.003389996441, -0.002740988429, -0.002180174401, -0.001750796227, -0.001417062319, -0.001144778832, -0.0009232764067, -0.0007446422234, -0.0006008232287, -0.000484802937, -0.0003911555638, -0.0003155897185], "yf": [0, -5.982523384e-17, -5.160054174e-16, -1.565711204e-16, -2.741860029e-16, -4.755866702e-16, -6.476160127e-16, -7.475301522e-16, -8.200595771e-16, -8.738434671e-16, -9.103961982e-16, -9.315058443e-16, -9.404237098e-16, -9.397467797e-16, -9.31445751e-16, -9.171222349e-16, -8.981304686e-16, -8.755933127e-16, -8.504307583e-16, -8.233946512e-16, -7.95098288e-16], "ygf": [0, -6.816329204e-17, -5.575757799e-17, 6.359948052e-18, 5.084447577e-17, 1.086982122e-16, 1.078740662e-16, 1.041355453e-16, 9.820795915e-17, 9.02808091e-17, 8.001640279e-17, 6.897720726e-17, 5.799673547e-17, 4.750425666e-17, 3.773388042e-17, 2.884000872e-17, 2.089513938e-17, 1.390939429e-17, 7.852332767e-18, 2.669276488e-18, -1.708612049e-18], "Rf": [0, -7.298882937e-17, 5.750948752e-17, -1.88183812e-17, -3.222410676e-17, -2.75246948e-17, -1.598626232e-17, -1.160470798e-17, -8.605422398e-18, -5.848436979e-18, -3.37754338e-18, -1.426858475e-18, 1.083088052e-19, 1.328164592e-18, 2.291762585e-18, 3.038682602e-18, 3.605944947e-18, 4.026008696e-18, 4.325777143e-18, 4.527418118e-18, 4.649408411e-18], "zf": [0, 0, 0, 0, 0, 0, 0, 0, 0, 0, 0, 0, 0, 0, 0, 0, 0, 0, 0, 0, 0], "phif": [0, 4.205270853e-16, -2.29291552e-16, -2.903301483e-16, -4.232503759e-16, -5.13276736e-16, -6.052867678e-16, -6.16045108e-16, -5.872962079e-16, -5.383895848e-16, -4.795072647e-16, -4.152180168e-16, -3.499165466e-16, -2.867270805e-16, -2.275740454e-16, -1.735090582e-16, -1.250418124e-16, -8.230568626e-17, -4.517386389e-17, -1.335039488e-17, 1.356066601e-17], "ef": [0, 9.669006162e-17, 1.89152982e-16, 2.509103979e-16, 2.458138573e-16, 2.107105874e-16, 1.403951462e-16, 5.484493311e-17, -3.545665976e-17, -1.239369717e-16, -2.069321118e-16, -2.81993281e-16, -3.478130771e-16, -4.03922481e-16, -4.504240668e-16, -4.877770923e-16, -5.166592405e-16, -5.378682176e-16, -5.522514298e-16, -5.606571459e-16, -5.639023802e-16], "qf": [0, -4.929369637e-16, -5.217251578e-16, -1.752173997e-16, -1.813995595e-16, -2.756758688e-16, -3.037817447e-16, -3.095389989e-16, -3.14765951e-16, -3.191948275e-16, -3.198582746e-16, -3.173381499e-16, -3.126773954e-16, -3.064426343e-16, -2.989624479e-16, -2.90537896e-16, -2.814377782e-16, -2.718805461e-16, -2.620402374e-16, -2.520571894e-16, -2.420444406e-16], "df": [0, -5.982523384e-17, -5.160054174e-16, -1.565711204e-16, -2.741860029e-16, -4.755866702e-16, -6.476160127e-16, -7.475301522e-16, -8.200595771e-16, -8.738434671e-16, -9.103961982e-16, -9.315058443e-16, -9.404237098e-16, -9.397467797e-16, -9.31445751e-16, -9.171222349e-16, -8.981304686e-16, -8.755933127e-16, -8.504307583e-16, -8.233946512e-16, -7.95098288e-16], "Lf": [0, -9.140041734e-17, -2.63664109e-16, -4.996851121e-17, -9.909263079e-17, -2.01930242e-16, -2.877143518e-16, -3.43344426e-16, -3.887012266e-16, -4.260888404e-16, -4.549873153e-16, -4.757968067e-16, -4.897772836e-16, -4.979876727e-16, -5.012922597e-16, -5.004631739e-16, -4.962049192e-16, -4.891409833e-16, -4.798143294e-16, -4.68694849e-16, -4.561868674e-16],