{"interest_": {"i": [0, 0.2436076732, -0.004586569317, -0.003343158249, -0.002495829425, -0.001811701753, -0.001319831727, -0.0009654529916, -0.000709502469, -0.0005240967742, -0.000389339141, -0.0002910180312, -0.0002189710316, -0.0001659214014, -0.0001266504526, -9.740858758e-05, -7.549597082e-05, -5.89638072e-05, -4.640139448e-05, -3.678420032e-05, -2.936537414e-05], "pi": [0, -0.0003061904412, -0.000306578242, -0.000292962349, -0.0002716254344, -0.0002466771778, -0.0002206748036, -0.0001952010113, -0.0001711826416, -0.000149111288, -0.0001291951966, -0.0001114631475, -9.58348575e-05, -8.216813183e-05, -7.028994751e-05, -6.001649708e-05, -5.116570769e-05, -4.356468188e-05, -3.705375627e-05, -3.148834776e-05, -2.67393886e-05], "pi_tilde": [0, -0.0003061904412, -3.559970156e-05, -2.164060483e-05, -1.235375554e-05, -6.288668318e-06, -2.365501313e-06, 9.618990092e-08, 1.570253391e-06, 2.385349879e-06, 2.768293281e-06, 2.874601417e-06, 2.810028065e-06, 2.64571706e-06, 2.428849156e-06, 2.190106464e-06, 1.948892232e-06, 1.716969428e-06, 1.500987192e-06, 1.304226532e-06, 1.127799168e-06], "x": [0, -0.05022004313, -0.03485424848, -0.02402807289, -0.016434566, -0.01114008441, -0.007462834521, -0.004921088652, -0.003174812849, -0.00198426496, -0.001180642716, -0.0006452874284, -0.0002949547841, -7.138721072e-05, 6.606463235e-05, 0.0001456596012, 0.0001869530858, 0.0002034000449, 0.0002041907729, 0.0001955438782, 0.0001816155304], "x_tilde": [0, -0.06004424876, 0.003931990447, 0.0028058208, 0.002000188834, 0.001410258966, 0.0009929487017, 0.0006979694487, 0.0004896403756, 0.0003426554412, 0.0002390767547, 0.0001661926943, 0.0001149981235, 7.911610769e-05, 5.403294534e-05, 3.655553329e-05, 2.442649397e-05, 1.60512401e-05, 1.030445552e-05, 6.392914319e-06, 3.75826188e-06], "r_n": [0, 1.95596906e-18, 1.701693082e-18, 1.480472981e-18, 1.288011494e-18, 1.12057e-18, 9.748958996e-19, 8.481594327e-19, 7.378987064e-19, 6.419718746e-19, 5.585155309e-19, 4.859085119e-19, 4.227404053e-19, 3.677841526e-19, 3.199722128e-19, 2.783758251e-19, 2.421869679e-19, 2.10702662e-19, 1.83311316e-19, 1.594808449e-19, 1.387483351e-19], "u": [0, -7.231212908e-20, -1.446242582e-21, -2.892485163e-23, -5.784970326e-25, -1.156994065e-26, -2.313988131e-28, -4.627976261e-30, -9.255952522e-32, -1.851190504e-33, -3.702381009e-35, -7.404762018e-37, -1.480952404e-38, -2.961904807e-40, -5.923809614e-42, -1.184761923e-43, -2.369523846e-45, -4.739047691e-47, -9.478095383e-49, -1.895619077e-50, -3.791238153e-52], "interest": [0, 0.9744306928, -0.01834627727, -0.01337263299, -0.0099833177, -0.007246807012, -0.005279326908, -0.003861811967, -0.002838009876, -0.002096387097, -0.001557356564, -0.001164072125, -0.0008758841264, -0.0006636856055, -0.0005066018104, -0.0003896343503, -0.0003019838833, -0.0002358552288, -0.0001856055779, -0.0001471368013, -0.0001174614966], "inflation": [0, -0.0003061904412, -0.0006127686831, -0.0009057310321, -0.001177356467, -0.001117843203, -0.001031939765, -0.0009341784271, -0.0008337356343, -0.0007361697445, -0.0006446901374, -0.0005609522737, -0.0004856044895, -0.0004186613334, -0.0003597560844, -0.0003083094339, -0.0002636402841, -0.0002250368342, -0.0001918006429, -0.0001632724936, -0.0001388461745], "inflationq": [0, -0.001224761765, -0.001226312968, -0.001171849396, -0.001086501738, -0.000986708711, -0.0008826992145, -0.0007808040452, -0.0006847305665, -0.0005964451518, -0.0005167807862, -0.0004458525901, -0.00038333943, -0.0003286725273, -0.0002811597901, -0.0002400659883, -0.0002046628308, -0.0001742587275, -0.0001482150251, -0.0001259533911, -0.0001069575544], "outputgap": [0, -0.05022004313, -0.03485424848, -0.02402807289, -0.016434566, -0.01114008441, -0.007462834521, -0.004921088652, -0.003174812849, -0.00198426496, -0.001180642716, -0.0006452874284, -0.0002949547841, -7.138721072e-05, 6.606463235e-05, 0.0001456596012, 0.0001869530858, 0.0002034000449, 0.0002041907729, 0.0001955438782, 0.0001816155304], "AUX_ENDO_LEAD_70": [0, -0.001226312968, -0.001171849396, -0.001086501738, -0.000986708711, -0.0008826992145, -0.0007808040452, -0.0006847305665, -0.0005964451518, -0.0005167807862, -0.0004458525901, -0.00038333943, -0.0003286725273, -0.0002811597901, -0.0002400659883, -0.0002046628308, -0.0001742587275, -0.0001482150251, -0.0001259533911, -0.0001069575544, -9.077157808e-05], "AUX_ENDO_LEAD_74": [0, -0.001171849396, -0.001086501738, -0.000986708711, -0.0008826992145, -0.0007808040452, -0.0006847305665, -0.0005964451518, -0.0005167807862, -0.0004458525901, -0.00038333943, -0.0003286725273, -0.0002811597901, -0.0002400659883, -0.0002046628308, -0.0001742587275, -0.0001482150251, -0.0001259533911, -0.0001069575544, -9.077157808e-05, -7.699612634e-05], "AUX_ENDO_LEAD_78": [0, -0.001086501738, -0.000986708711, -0.0008826992145, -0.0007808040452, -0.0006847305665, -0.0005964451518, -0.0005167807862, -0.0004458525901, -0.00038333943, -0.0003286725273, -0.0002811597901, -0.0002400659883, -0.0002046628308, -0.0001742587275, -0.0001482150251, -0.0001259533911, -0.0001069575544, -9.077157808e-05, -7.699612634e-05, -6.528369465e-05], "AUX_ENDO_LEAD_105": [0, -0.03485424848, -0.02402807289, -0.016434566, -0.01114008441, -0.007462834521, -0.004921088652, -0.003174812849, -0.00198426496, -0.001180642716, -0.0006452874284, -0.0002949547841, -7.138721072e-05, 6.606463235e-05, 0.0001456596012, 0.0001869530858, 0.0002034000449, 0.0002041907729, 0.0001955438782, 0.0001816155304, 0.0001651376407], "AUX_ENDO_LEAD_109": [0, -0.02402807289, -0.016434566, -0.01114008441, -0.007462834521, -0.004921088652, -0.003174812849, -0.00198426496, -0.001180642716, -0.0006452874284, -0.0002949547841, -7.138721072e-05, 6.606463235e-05, 0.0001456596012, 0.0001869530858, 0.0002034000449, 0.0002041907729, 0.0001955438782, 0.0001816155304, 0.0001651376407, 0.0001478647447], "AUX_ENDO_LEAD_113": [0, -0.016434566, -0.01114008441, -0.007462834521, -0.004921088652, -0.003174812849, -0.00198426496, -0.001180642716, -0.0006452874284, -0.0002949547841, -7.138721072e-05, 6.606463235e-05, 0.0001456596012, 0.0001869530858, 0.0002034000449, 0.0002041907729, 0.0001955438782, 0.0001816155304, 0.0001651376407, 0.0001478647447, 0.0001308860379], "AUX_ENDO_LAG_9_1": [0, 0, -0.001224761765, -0.001226312968, -0.001171849396, -0.001086501738, -0.000986708711, -0.0008826992145, -0.0007808040452, -0.0006847305665, -0.0005964451518, -0.0005167807862, -0.0004458525901, -0.00038333943, -0.0003286725273, -0.0002811597901, -0.0002400659883, -0.0002046628308, -0.0001742587275, -0.0001482150251, -0.0001259533911], "AUX_ENDO_LAG_9_2": [0, 0, 1.675301192e-16, -0.001224761765, -0.001226312968, -0.001171849396, -0.001086501738, -0.000986708711, -0.0008826992145, -0.0007808040452, -0.0006847305665, -0.0005964451518, -0.0005167807862, -0.0004458525901, -0.00038333943, -0.0003286725273, -0.0002811597901, -0.0002400659883, -0.0002046628308, -0.0001742587275, -0.0001482150251], "AUX_ENDO_LAG_10_1": [0, 0, -0.05022004313, -0.03485424848, -0.02402807289, -0.016434566, -0.01114008441, -0.007462834521, -0.004921088652, -0.003174812849, -0.00198426496, -0.001180642716, -0.0006452874284, -0.0002949547841, -7.138721072e-05, 6.606463235e-05, 0.0001456596012, 0.0001869530858, 0.0002034000449, 0.0002041907729, 0.0001955438782], "AUX_ENDO_LAG_10_2": [0, 0, 0, -0.05022004313, -0.03485424848, -0.02402807289, -0.016434566, -0.01114008441, -0.007462834521, -0.004921088652, -0.003174812849, -0.00198426496, -0.001180642716, -0.0006452874284, -0.0002949547841, -7.138721072e-05, 6.606463235e-05, 0.0001456596012, 0.0001869530858, 0.0002034000449, 0.0002041907729], "AUX_ENDO_LAG_10_3": [0, 0, 0, 0, -0.05022004313, -0.03485424848, -0.02402807289, -0.016434566, -0.01114008441, -0.007462834521, -0.004921088652, -0.003174812849, -0.00198426496, -0.001180642716, -0.0006452874284, -0.0002949547841, -7.138721072e-05, 6.606463235e-05, 0.0001456596012, 0.0001869530858, 0.0002034000449],