{"interest_": {"ytilde": [0, -0.4679966214, -0.2798846861, -0.1489142254, -0.06722839954, -0.02906434022, -0.01225575401, -0.005149111628, -0.002178533036, -0.0009348818289, -0.000408183867, -0.0001813529543, -8.183083795e-05, -3.738831024e-05, -1.724234955e-05, -8.003114957e-06, -3.73019778e-06, -1.742951092e-06, -8.1548982e-07, -3.817777955e-07, -1.787599317e-07], "ybar": [0, -0.3257856479, -0.1904277419, -0.09642875522, -0.03865997098, -0.01388188239, -0.004376088171, -0.001150958012, -0.000190063637, 3.769934763e-05, 6.125948949e-05, 4.295730012e-05, 2.455270492e-05, 1.279816478e-05, 6.346453699e-06, 3.057307431e-06, 1.447951748e-06, 6.791188581e-07, 3.168840318e-07, 1.475193627e-07, 6.863148968e-08], "y": [0, -0.7937822693, -0.470312428, -0.2453429806, -0.1058883705, -0.04294622261, -0.01663184218, -0.00630006964, -0.002368596673, -0.0008971824812, -0.0003469243775, -0.0001383956542, -5.727813303e-05, -2.459014546e-05, -1.089589586e-05, -4.945807526e-06, -2.282246033e-06, -1.063832234e-06, -4.986057882e-07, -2.342584328e-07, -1.10128442e-07], "infl": [0, -0.4309912553, -0.2324673791, -0.1134850518, -0.05007679808, -0.02143899994, -0.009056115079, -0.003834700993, -0.001641286787, -0.0007134677027, -0.0003154016004, -0.0001416390816, -6.445296842e-05, -2.96302025e-05, -1.372160204e-05, -6.385616521e-06, -2.980753891e-06, -1.393815498e-06, -6.523222101e-07, -3.053951135e-07, -1.429785956e-07], "r": [0, 0.3846224561, 0.3163978044, 0.218897721, 0.1064391488, 0.04867243553, 0.02136673838, 0.009280133206, 0.004033374142, 0.001767830105, 0.0007839867585, 0.0003520400924, 0.0001598944485, 7.331395177e-05, 3.386046814e-05, 1.57202705e-05, 7.324004146e-06, 3.419757703e-06, 1.598817654e-06, 7.479807327e-07, 3.50026231e-07], "rr": [0, -0.1353579059, -0.09399898672, -0.05776878424, -0.02477808859, -0.009505794218, -0.00322513016, -0.0009608943747, -0.0002277629846, -2.356014186e-05, 1.830218937e-05, 1.84045952e-05, 1.175454014e-05, 6.451711082e-06, 3.289146268e-06, 1.609355684e-06, 7.688328895e-07, 3.622348263e-07, 1.693646691e-07, 7.888787302e-08, 3.669228088e-08], "u": [0, -5.582887724e-17, 0, 0, 0, 0, 0, 0, 0, 0, 0, 0, 0, 0, 0, 0, 0, 0, 0, 0, 0], "a": [0, 0, 0, 0, 0, 0, 0, 0, 0, 0, 0, 0, 0, 0, 0, 0, 0, 0, 0, 0, 0], "ytildestar": [0, 0.06670671825, 0.03519211308, 0.01350880368, 0.0009002626539, -0.002631262915, -0.002685625024, -0.001861778431, -0.001104385276, -0.0006011417348, -0.0003102537757, -0.0001546328927, -7.528805468e-05, -3.608436191e-05, -1.711496034e-05, -8.062996901e-06, -3.782600532e-06, -1.770164104e-06, -8.273035259e-07, -3.864206642e-07, -1.804628813e-07], "ybarstar": [0, 0.4762693616, 0.2821874568, 0.1472057884, 0.06353302231, 0.02576773356, 0.009979105309, 0.003780041784, 0.001421158004, 0.0005383094887, 0.0002081546265, 8.303739253e-05, 3.436687982e-05, 1.475408727e-05, 6.537537514e-06, 2.967484516e-06, 1.36934762e-06, 6.382993402e-07, 2.991634729e-07, 1.405550597e-07, 6.607706519e-08], "ystar": [0, 0.5429760798, 0.3173795699, 0.160714592, 0.06443328497, 0.02313647065, 0.007293480285, 0.001918263353, 0.0003167727283, -6.283224606e-05, -0.0001020991492, -7.159550021e-05, -4.092117487e-05, -2.133027463e-05, -1.057742283e-05, -5.095512385e-06, -2.413252913e-06, -1.131864763e-06, -5.28140053e-07, -2.458656045e-07, -1.143858161e-07], "infstar": [0, 0.04578830618, 0.01733333966, 0.002252583635, -0.003580752133, -0.004007186722, -0.002907006453, -0.001772147185, -0.0009829635775, -0.0005141396263, -0.0002587370018, -0.0001268549728, -6.110271681e-05, -2.908241752e-05, -1.373354767e-05, -6.452906254e-06, -3.022764395e-06, -1.41353367e-06, -6.604426689e-07, -3.084763357e-07, -1.440782498e-07], "rstar": [0, 0.08535682374, 0.0505010145, 0.02965784981, 0.01963199975, 0.01266417336, 0.007722302711, 0.004405492825, 0.002381683052, 0.001234969697, 0.000620745793, 0.0003049471481, 0.0001473451461, 7.036060834e-05, 3.332500052e-05, 1.569695797e-05, 7.367260324e-06, 3.450135509e-06, 1.613663525e-06, 7.54230876e-07, 3.524337724e-07], "rrstar": [0, 0.1940819047, 0.1349816685, 0.08367276604, 0.03776528875, 0.01578862825, 0.006199063525, 0.00235888378, 0.0008828485152, 0.0003301548622, 0.000125117234, 4.867051272e-05, 1.961279254e-05, 8.216549761e-06, 3.570052998e-06, 1.598136896e-06, 7.310482795e-07, 3.391358673e-07, 1.586084133e-07, 7.447799448e-08, 3.502423786e-08], "ustar": [0, 5.086649972e-18, 0, 0, 0, 0, 0, 0, 0, 0, 0, 0, 0, 0, 0, 0, 0, 0, 0, 0, 0], "astar": [0, 0, 0, 0, 0, 0, 0, 0, 0, 0, 0, 0, 0, 0, 0, 0, 0, 0, 0, 0, 0], "interest": [0, 0.3846224561, 0.3163978044, 0.218897721, 0.1064391488, 0.04867243553, 0.02136673838, 0.009280133206, 0.004033374142, 0.001767830105, 0.0007839867585, 0.0003520400924, 0.0001598944485, 7.331395177e-05, 3.386046814e-05, 1.57202705e-05, 7.324004146e-06, 3.419757703e-06, 1.598817654e-06, 7.479807327e-07, 3.50026231e-07], "inflation": [0, -0.1077478138, -0.1658646586, -0.1942359216, -0.2067551211, -0.1043670572, -0.04851424123, -0.02110165352, -0.008992775699, -0.00381139264, -0.001626214271, -0.0007029487929, -0.0003087403383, -0.0001377809632, -6.236096365e-05, -2.854759737e-05, -1.317954374e-05, -6.120446987e-06, -2.85312703e-06, -1.333071678e-06, -6.236278544e-07], "inflationq": [0, -0.4309912553, -0.2324673791, -0.1134850518, -0.05007679808, -0.02143899994, -0.009056115079, -0.003834700993, -0.001641286787, -0.0007134677027, -0.0003154016004, -0.0001416390816, -6.445296842e-05, -2.96302025e-05, -1.372160204e-05, -6.385616521e-06, -2.980753891e-06, -1.393815498e-06, -6.523222101e-07, -3.053951135e-07, -1.429785956e-07], "outputgap": [0, -0.4679966214, -0.2798846861, -0.1489142254, -0.06722839954, -0.02906434022, -0.01225575401, -0.005149111628, -0.002178533036, -0.0009348818289, -0.000408183867, -0.0001813529543, -8.183083795e-05, -3.738831024e-05, -1.724234955e-05, -8.003114957e-06, -3.73019778e-06, -1.742951092e-06, -8.1548982e-07, -3.817777955e-07, -1.787599317e-07], "output": [0, -0.7937822693, -0.470312428, -0.2453429806, -0.1058883705, -0.04294622261, -0.01663184218, -0.00630006964, -0.002368596673, -0.0008971824812, -0.0003469243775, -0.0001383956542, -5.727813303e-05, -2.459014546e-05, -1.089589586e-05, -4.945807526e-06, -2.282246033e-06, -1.063832234e-06, -4.986057882e-07, -2.342584328e-07, -1.10128442e-07], "AUX_ENDO_LEAD_74": [0, -0.2324673791, -0.1134850518, -0.05007679808, -0.02143899994, -0.009056115079, -0.003834700993, -0.001641286787, -0.0007134677027, -0.0003154016004, -0.0001416390816, -6.445296842e-05, -2.96302025e-05, -1.372160204e-05, -6.385616521e-06, -2.980753891e-06, -1.393815498e-06, -6.523222101e-07, -3.053951135e-07, -1.429785956e-07, -6.69300925e-08], "AUX_ENDO_LEAD_78": [0, -0.1134850518, -0.05007679808, -0.02143899994, -0.009056115079, -0.003834700993, -0.001641286787, -0.0007134677027, -0.0003154016004, -0.0001416390816, -6.445296842e-05, -2.96302025e-05, -1.372160204e-05, -6.385616521e-06, -2.980753891e-06, -1.393815498e-06, -6.523222101e-07, -3.053951135e-07, -1.429785956e-07, -6.69300925e-08, -3.132469838e-08], "AUX_ENDO_LEAD_82": [0, -0.05007679808, -0.02143899994, -0.009056115079, -0.003834700993, -0.001641286787, -0.0007134677027, -0.0003154016004, -0.0001416390816, -6.445296842e-05, -2.96302025e-05, -1.372160204e-05, -6.385616521e-06, -2.980753891e-06, -1.393815498e-06, -6.523222101e-07, -3.053951135e-07, -1.429785956e-07, -6.69300925e-08, -3.132469838e-08, -1.465766118e-08], "AUX_ENDO_LEAD_109": [0, -0.2798846861, -0.1489142254, -0.06722839954, -0.02906434022, -0.01225575401, -0.005149111628, -0.002178533036, -0.0009348818289, -0.000408183867, -0.0001813529543, -8.183083795e-05, -3.738831024e-05, -1.724234955e-05, -8.003114957e-06, -3.73019778e-06, -1.742951092e-06, -8.1548982e-07, -3.817777955e-07, -1.787599317e-07, -8.369392101e-08],