{"interest_": {"ytilde": [0, -0.6364437565, -0.3295548403, -0.1609943366, -0.08944604353, -0.1011871869, -0.07709338247, -0.05001992987, -0.03236053451, -0.02498735128, -0.01897083798, -0.01349105159, -0.009363706954, -0.006772057765, -0.004975596901, -0.003600146241, -0.002568491974, -0.001845163198, -0.001336955311, -0.0009673915741, -0.000696309058], "ybar": [0, -0.437990894, -0.2002463264, -0.08084045032, -0.03900903813, -0.06293069291, -0.04703611155, -0.02704773353, -0.01556862921, -0.01316141411, -0.01037371471, -0.00704730619, -0.004549038118, -0.003270928535, -0.002438237827, -0.001736765638, -0.001190406481, -0.0008334374218, -0.0005984231471, -0.0004271617516, -0.00029962586], "y": [0, -1.07443465, -0.5298011666, -0.2418347869, -0.1284550817, -0.1641178799, -0.124129494, -0.07706766341, -0.04792916372, -0.0381487654, -0.02934455268, -0.02053835778, -0.01391274507, -0.0100429863, -0.007413834728, -0.005336911879, -0.003758898455, -0.00267860062, -0.001935378458, -0.001394553326, -0.000995934918], "infl": [0, -0.6597353397, -0.3904998931, -0.2515817584, -0.1843316723, -0.147418598, -0.1050428588, -0.0726837867, -0.05173424256, -0.03822846447, -0.02778255173, -0.01983929337, -0.01419129669, -0.0102754604, -0.007443554484, -0.00536181227, -0.003855302534, -0.002780799389, -0.002009006919, -0.001449727541, -0.001045005377], "r": [0, 0.5993112043, 0.3032543801, 0.06003008786, -0.1704615168, -0.02456222228, 0.01562164567, 0.007424234574, -0.01114294667, -0.006504197907, -0.001246556343, -0.0001801862181, -0.001186973223, -0.001090401738, -0.000561481818, -0.0002750446237, -0.0002444533445, -0.0002111896458, -0.0001427339899, -8.821120455e-05, -6.268714996e-05], "rr": [0, -0.2377445676, -0.1194058761, -0.04183141219, 0.02392165478, -0.01589458136, -0.01998837802, -0.01147910432, -0.002407215102, -0.002787699404, -0.003326408518, -0.002498268072, -0.001278109583, -0.0008326907086, -0.0007014721886, -0.0005463591566, -0.0003569690596, -0.0002350142747, -0.0001712613955, -0.0001275358916, -8.953938016e-05], "u": [0, -9.34373025e-17, 0, 0, 0, 0, 0, 0, 0, 0, 0, 0, 0, 0, 0, 0, 0, 0, 0, 0, 0], "a": [0, 0, 0, 0, 0, 0, 0, 0, 0, 0, 0, 0, 0, 0, 0, 0, 0, 0, 0, 0, 0], "ytildestar": [0, 0.08532403299, 0.01586317731, -0.0103667883, -0.01205798544, 0.006413760272, 0.003915822842, -0.001161042155, -0.002809782879, -0.000953569051, -0.0003172070973, -0.0005775043515, -0.0007659168462, -0.0005742442213, -0.0003845711255, -0.0003075377306, -0.0002713282708, -0.0002180980021, -0.0001638551628, -0.0001247957427, -9.818451747e-05], "ybarstar": [0, 0.6446607903, 0.3178807, 0.1451008722, 0.077073049, 0.09847072791, 0.07447769642, 0.04624059804, 0.02875749823, 0.02288925924, 0.01760673161, 0.01232301467, 0.008347647043, 0.00602579178, 0.004448300837, 0.003202147127, 0.002255339073, 0.001607160372, 0.001161227075, 0.0008367319954, 0.0005975609508], "ystar": [0, 0.7299848233, 0.3337438773, 0.1347340839, 0.06501506356, 0.1048844882, 0.07839351926, 0.04507955589, 0.02594771536, 0.02193569019, 0.01728952451, 0.01174551032, 0.007581730197, 0.005451547559, 0.004063729711, 0.002894609397, 0.001984010802, 0.00138906237, 0.0009973719118, 0.0007119362527, 0.0004993764333], "infstar": [0, 0.03470051499, -0.001937086701, -0.008833367304, -0.004428573057, 0.0007538508702, -0.00201891035, -0.003736819178, -0.003271251098, -0.00208624843, -0.001693947858, -0.001573548631, -0.001339093953, -0.001020593913, -0.0007819671054, -0.0006231535326, -0.0004961298888, -0.0003835200396, -0.0002928481284, -0.0002247747013, -0.0001729459883], "rstar": [0, 0.04699958087, 0.05902659806, 0.05683446154, 0.05324315481, 0.01198237142, 0.004192819209, 0.007616885816, 0.01120684588, 0.006134027584, 0.002668979294, 0.001882623693, 0.002067951851, 0.001554216221, 0.0009311337566, 0.0005955160041, 0.0004775797368, 0.0003700565256, 0.0002559580583, 0.0001726699574, 0.0001249807269], "rrstar": [0, 0.3267800903, 0.1727798278, 0.06802782317, -0.02139767891, 0.0239930315, 0.02823709837, 0.01748309981, 0.005868238997, 0.005282527627, 0.005283716942, 0.003975367625, 0.002321855263, 0.001577490943, 0.001246153709, 0.000946808054, 0.0006481787014, 0.0004459332971, 0.0003244950792, 0.0002391710446, 0.0001708079384], "ustar": [0, 1.372960084e-18, 0, 0, 0, 0, 0, 0, 0, 0, 0, 0, 0, 0, 0, 0, 0, 0, 0, 0, 0], "astar": [0, 0, 0, 0, 0, 0, 0, 0, 0, 0, 0, 0, 0, 0, 0, 0, 0, 0, 0, 0, 0], "interest": [0, 0.5993112043, 0.3032543801, 0.06003008786, -0.1704615168, -0.02456222228, 0.01562164567, 0.007424234574, -0.01114294667, -0.006504197907, -0.001246556343, -0.0001801862181, -0.001186973223, -0.001090401738, -0.000561481818, -0.0002750446237, -0.0002444533445, -0.0002111896458, -0.0001427339899, -8.821120455e-05, -6.268714996e-05], "inflation": [0, -0.1649338349, -0.2625588082, -0.3254542478, -0.3715371659, -0.2434579804, -0.1720937219, -0.1273692289, -0.09421987151, -0.06692233814, -0.04760726137, -0.03439613803, -0.02501040157, -0.01802215055, -0.01293740124, -0.009318030961, -0.006734032422, -0.00486036717, -0.003501730278, -0.002523709096, -0.001821134807], "inflationq": [0, -0.6597353397, -0.3904998931, -0.2515817584, -0.1843316723, -0.147418598, -0.1050428588, -0.0726837867, -0.05173424256, -0.03822846447, -0.02778255173, -0.01983929337, -0.01419129669, -0.0102754604, -0.007443554484, -0.00536181227, -0.003855302534, -0.002780799389, -0.002009006919, -0.001449727541, -0.001045005377], "outputgap": [0, -0.6364437565, -0.3295548403, -0.1609943366, -0.08944604353, -0.1011871869, -0.07709338247, -0.05001992987, -0.03236053451, -0.02498735128, -0.01897083798, -0.01349105159, -0.009363706954, -0.006772057765, -0.004975596901, -0.003600146241, -0.002568491974, -0.001845163198, -0.001336955311, -0.0009673915741, -0.000696309058], "output": [0, -1.07443465, -0.5298011666, -0.2418347869, -0.1284550817, -0.1641178799, -0.124129494, -0.07706766341, -0.04792916372, -0.0381487654, -0.02934455268, -0.02053835778, -0.01391274507, -0.0100429863, -0.007413834728, -0.005336911879, -0.003758898455, -0.00267860062, -0.001935378458, -0.001394553326, -0.000995934918], "AUX_ENDO_LEAD_74": [0, -0.3904998931, -0.2515817584, -0.1843316723, -0.147418598, -0.1050428588, -0.0726837867, -0.05173424256, -0.03822846447, -0.02778255173, -0.01983929337, -0.01419129669, -0.0102754604, -0.007443554484, -0.00536181227, -0.003855302534, -0.002780799389, -0.002009006919, -0.001449727541, -0.001045005377, -0.0007537098383], "AUX_ENDO_LEAD_78": [0, -0.2515817584, -0.1843316723, -0.147418598, -0.1050428588, -0.0726837867, -0.05173424256, -0.03822846447, -0.02778255173, -0.01983929337, -0.01419129669, -0.0102754604, -0.007443554484, -0.00536181227, -0.003855302534, -0.002780799389, -0.002009006919, -0.001449727541, -0.001045005377, -0.0007537098383, -0.0005440656627], "AUX_ENDO_LEAD_82": [0, -0.1843316723, -0.147418598, -0.1050428588, -0.0726837867, -0.05173424256, -0.03822846447, -0.02778255173, -0.01983929337, -0.01419129669, -0.0102754604, -0.007443554484, -0.00536181227, -0.003855302534, -0.002780799389, -0.002009006919, -0.001449727541, -0.001045005377, -0.0007537098383, -0.0005440656627, -0.0003927304624], "AUX_ENDO_LEAD_109": [0, -0.3295548403, -0.1609943366, -0.08944604353, -0.1011871869, -0.07709338247, -0.05001992987, -0.03236053451, -0.02498735128, -0.01897083798, -0.01349105159, -0.009363706954, -0.006772057765, -0.004975596901, -0.003600146241, -0.002568491974, -0.001845163198, -0.001336955311, -0.0009673915741, -0.000696309058, -0.0005011685409], "AUX_ENDO_LEAD_113": [0, -0.1609943366, -0.08944604353, -0.1011871869, -0.07709338247, -0.05001992987, -0.03236053451, -0.02498735128, -0.01897083798, -0.01349105159, -0.009363706954, -0.006772057765, -0.004975596901, -0.003600146241, -0.002568491974, -0.001845163198, -0.001336955311, -0.0009673915741, -0.000696309058, -0.0005011685409, -0.0003617767105],