{"interest_": {"x": [0, -0.4989881162, -0.3602966654, -0.2593788468, -0.1864832842, -0.1339968713, -0.09625845247, -0.0691407859, -0.04966017141, -0.03566749506, -0.02561726776, -0.01839887006, -0.01321443742, -0.00949086604, -0.00681652213, -0.004895756216, -0.003516225247, -0.002525419782, -0.001813804447, -0.00130270879, -0.000935630184], "pi_H": [0, -0.09748657105, -0.07011864671, -0.05039287044, -0.03620336774, -0.02600519691, -0.01867845701, -0.01341554932, -0.00963540586, -0.006920364271, -0.004970347411, -0.003569801167, -0.00256390001, -0.001841441989, -0.001322558697, -0.0009498867953, -0.0006822267382, -0.0004899881971, -0.0003519188254, -0.0002527547811, -0.0001815332818], "r": [0, 0.2243447755, 0.1610973905, 0.1156932826, 0.08308996547, 0.05967579273, 0.04285997073, 0.03078274424, 0.02210871943, 0.01587889188, 0.01140451837, 0.008190940565, 0.005882888676, 0.004225202217, 0.003034620405, 0.002179521969, 0.001565374048, 0.001124281355, 0.0008074802105, 0.0005799476151, 0.000416529386], "pi": [0, -0.1625506954, -0.05225154066, -0.03724165512, -0.026656843, -0.01911664973, -0.01372080741, -0.009851647994, -0.007074722114, -0.00508090845, -0.00364911253, -0.002620832597, -0.001882322433, -0.001351916757, -0.0009709713433, -0.000697369754, -0.0005008641012, -0.0003597300754, -0.0002583649593, -0.0001855626152, -0.0001332745917], "x_star": [0, 0.1791246462, 0.1316011474, 0.0954540774, 0.06885363774, 0.0495460811, 0.03561477411, 0.02558866906, 0.01838126851, 0.01320272753, 0.009482751289, 0.006810787676, 0.004891667341, 0.003513297963, 0.00252332034, 0.001812297535, 0.001301626799, 0.0009348531722, 0.000671429325, 0.0004822332964, 0.0003463491106], "pi_F_star": [0, 0.02400824972, 0.01811016875, 0.01328200507, 0.009626576169, 0.006941638685, 0.004994384669, 0.003589842371, 0.002579174682, 0.001852691834, 0.001330727116, 0.000955781595, 0.0006864694019, 0.0004930381832, 0.000354110279, 0.0002543290087, 0.000182664012, 0.0001311927894, 9.422516082e-05, 6.767430201e-05, 4.860496924e-05], "r_star": [0, 0.1339025305, 0.09326011284, 0.06605797913, 0.04715132926, 0.03377213839, 0.02422634915, 0.01739048732, 0.01248721732, 0.008967617598, 0.006440415438, 0.004625534201, 0.003322116524, 0.002385997654, 0.001713665796, 0.00123078635, 0.000883973817, 0.0006348866794, 0.0004559876344, 0.0003274989652, 0.0002352159705], "pi_star": [0, 0.08907237404, 0.0002430627022, 0.0001307897477, 8.00514318e-05, 5.309150376e-05, 3.673506686e-05, 2.594104257e-05, 1.849093547e-05, 1.323601304e-05, 9.492235217e-06, 6.813025613e-06, 4.891824296e-06, 3.512950751e-06, 2.52292511e-06, 1.81196742e-06, 1.301375036e-06, 9.346676998e-07, 6.712946401e-07, 4.821360954e-07, 3.462791506e-07], "r_bar": [0, -1.566980239e-18, -1.642762337e-17, -1.543421418e-18, -2.122172916e-18, -2.944612457e-18, -2.117030298e-18, -1.521174337e-18, -1.092752873e-18, -7.84904541e-19, -5.637551219e-19, -4.049065372e-19, -2.908137516e-19, -2.088686514e-19, -1.500136505e-19, -1.077427213e-19, -7.738288983e-20, -5.557786742e-20, -3.991708162e-20, -2.866920645e-20, -2.059076851e-20], "r_bar_star": [0, -4.417420308e-17, 2.958122032e-17, 2.003005557e-17, 1.417351978e-17, 9.957974514e-18, 7.163464248e-18, 5.148569525e-18, 3.698952623e-18, 2.657023392e-18, 1.908440513e-18, 1.37071495e-18, 9.844851495e-19, 7.070796177e-19, 5.078391755e-19, 3.647401075e-19, 2.619633867e-19, 1.881471145e-19, 1.35130841e-19, 9.705353886e-20, 6.970569512e-20], "a": [0, 0, 0, 0, 0, 0, 0, 0, 0, 0, 0, 0, 0, 0, 0, 0, 0, 0, 0, 0, 0], "a_star": [0, 0, 0, 0, 0, 0, 0, 0, 0, 0, 0, 0, 0, 0, 0, 0, 0, 0, 0, 0, 0], "mc": [0, -2.317633002, -1.670342613, -1.201503004, -0.8635229828, -0.6203827545, -0.4456290702, -0.3200777769, -0.2298918082, -0.165114523, -0.1185889753, -0.08517304045, -0.06117295385, -0.0439355955, -0.03155538467, -0.02266367817, -0.01627748447, -0.01169079853, -0.008396553483, -0.006030564118, -0.004331265631], "mc_star": [0, 0.2769042832, 0.2094837308, 0.153818495, 0.1115419291, 0.08044975885, 0.05788780237, 0.04161013217, 0.02989597315, 0.02147527597, 0.01542503558, 0.01107889735, 0.007957183464, 0.005715034804, 0.004104657452, 0.002948046377, 0.002117343973, 0.001520716984, 0.001092207916, 0.000784444493, 0.0005634029367], "y": [0, -0.4989881162, -0.3602966654, -0.2593788468, -0.1864832842, -0.1339968713, -0.09625845247, -0.0691407859, -0.04966017141, -0.03566749506, -0.02561726776, -0.01839887006, -0.01321443742, -0.00949086604, -0.00681652213, -0.004895756216, -0.003516225247, -0.002525419782, -0.001813804447, -0.00130270879, -0.000935630184], "y_star": [0, 0.1791246462, 0.1316011474, 0.0954540774, 0.06885363774, 0.0495460811, 0.03561477411, 0.02558866906, 0.01838126851, 0.01320272753, 0.009482751289, 0.006810787676, 0.004891667341, 0.003513297963, 0.00252332034, 0.001812297535, 0.001301626799, 0.0009348531722, 0.000671429325, 0.0004822332964, 0.0003463491106], "y_bar": [0, 4.172131211e-18, 5.24098963e-17, 4.5539248e-17, 1.71238084e-17, 1.44805304e-17, 1.038047033e-17, 7.449196788e-18, 5.348171262e-18, 3.840529188e-18, 2.758141519e-18, 1.980886347e-18, 1.42269012e-18, 1.02179669e-18, 7.338717617e-19, 5.270799903e-19, 3.785586515e-19, 2.718879452e-19, 1.95275063e-19, 1.402502506e-19, 1.007303902e-19], "y_bar_star": [0, -4.397102735e-17, -5.30782637e-18, -3.845425678e-18, -2.772400018e-18, -1.994533481e-18, -1.433571985e-18, -1.029954815e-18, -7.398397154e-19, -5.314007376e-19, -3.816728188e-19, -2.741280637e-19, -1.968850572e-19, -1.414069274e-19, -1.015612479e-19, -7.294325053e-20, -5.238923808e-20, -3.762694873e-20, -2.702438993e-20, -1.940943018e-20, -1.394022131e-20], "p": [0, -0.1625506954, -0.214802236, -0.2520438912, -0.2787007342, -0.2978173839, -0.3115381913, -0.3213898393, -0.3284645614, -0.3335454699, -0.3371945824, -0.339815415, -0.3416977374, -0.3430496542, -0.3440206255, -0.3447179953, -0.3452188594, -0.3455785894, -0.3458369544, -0.346022517, -0.3461557916], "p_star": [0, 0.08907237404, 0.08931543674, 0.08944622649, 0.08952627792, 0.08957936943, 0.08961610449, 0.08964204554, 0.08966053647, 0.08967377249, 0.08968326472, 0.08969007775, 0.08969496957, 0.08969848252, 0.08970100545, 0.08970281741, 0.08970411879, 0.08970505346, 0.08970572475, 0.08970620689, 0.08970655317], "e": [0, -0.772136064, -0.681693819, -0.6138565413, -0.5642212379, -0.5282826017, -0.5023789473, -0.4837453257, -0.4703530688, -0.4607315667, -0.4538202924, -0.4488561895, -0.4452907831, -0.442730011, -0.4408908064, -0.4395698518, -0.4386211162, -0.437939716, -0.4374503213, -0.4370988287, -0.4368463801], "s": [0, -0.6506412432, -0.4719701828, -0.3404580296, -0.2449927822, -0.1761073104, -0.1265308144, -0.09089180113, -0.06528496367, -0.04689040546, -0.03367805665, -0.02418837096, -0.01737259518, -0.01247734286, -0.008961469321, -0.006436298908, -0.004622672539, -0.003320091321, -0.002384552659, -0.001712631, -0.001230044099], "q": [0, -0.5205129946, -0.3775761463, -0.2723664237, -0.1959942258, -0.1408858483, -0.1012246515, -0.07271344091, -0.05222797094, -0.03751232437, -0.02694244532, -0.01935069677, -0.01389807615, -0.009981874288, -0.007169175457, -0.005149039127, -0.003698138031, -0.002656073057, -0.001907642127, -0.0013701048, -0.0009840352794], "interest": [0, 0.8973791019, 0.6443895622, 0.4627731304, 0.3323598619, 0.2387031709, 0.1714398829, 0.1231309769, 0.0884348777, 0.06351556752, 0.04561807348, 0.03276376226, 0.02353155471, 0.01690080887, 0.01213848162, 0.008718087878, 0.006261496192, 0.00449712542, 0.003229920842, 0.00231979046, 0.001666117544], "inflation": [0, -0.1625506954, -0.214802236, -0.2520438912, -0.2787007342, -0.1352666885, -0.09673595526, -0.06934594814, -0.04976382725, -0.03572808597, -0.02565639109, -0.01842557569, -0.01323317601, -0.009504184317, -0.00682604313, -0.004902580287, -0.003521121955, -0.002528935274, -0.00181632889, -0.001304521751, -0.0009369322415],