{"interest_": {"x": [0, -0.4119923227, -0.2898014316, -0.2016222283, -0.1470043486, -0.1287659201, -0.1074581429, -0.08699155308, -0.06980763194, -0.05671016945, -0.04621201354, -0.03759800852, -0.03053549232, -0.02480469398, -0.02015873046, -0.01638464043, -0.01331549698, -0.01082068929, -0.008793467735, -0.0071461902, -0.005807495147], "pi_H": [0, -0.09873471233, -0.07628567015, -0.06045374399, -0.04915566956, -0.04037891757, -0.03285082061, -0.02664073289, -0.02162526259, -0.0175816013, -0.01429338938, -0.01161575434, -0.009438609214, -0.007670231871, -0.006233487411, -0.00506581472, -0.004116798118, -0.003345563433, -0.002718823227, -0.00220949691, -0.001795582748], "r": [0, 0.17942512, 0.1165812667, 0.05869206201, 0.002420137139, 0.01422161429, 0.01717989271, 0.01473884836, 0.01040288722, 0.00821760279, 0.006837638404, 0.005664728667, 0.004585438743, 0.003706207366, 0.003009690581, 0.00244967938, 0.001991811611, 0.001618242235, 0.001314781635, 0.001068502225, 0.0008683950744], "pi": [0, -0.1526067174, -0.06034267722, -0.04854201476, -0.04167964101, -0.03825025234, -0.03020515326, -0.02402398337, -0.01940501684, -0.01590387269, -0.01295297153, -0.01051496139, -0.008534653388, -0.006936740168, -0.005639062419, -0.004583001723, -0.003724133184, -0.003026362372, -0.002459450244, -0.001998739709, -0.001624306718], "x_star": [0, 0.1494736856, 0.1055031614, 0.06953567564, 0.04623672435, 0.04228973076, 0.0360237749, 0.02921801977, 0.02326204627, 0.01887384845, 0.01540187162, 0.01254316793, 0.01018445563, 0.008270640436, 0.006721374608, 0.005463480282, 0.004440182531, 0.003608205833, 0.002932184524, 0.002382903673, 0.001936521873], "pi_F_star": [0, 0.006715489954, 0.00308999039, 0.001913868172, 0.002707816345, 0.00238532888, 0.001861247676, 0.001438827911, 0.001180406414, 0.0009723799067, 0.0007923600341, 0.0006415156409, 0.0005206127491, 0.0004233312898, 0.0003442368416, 0.000279740401, 0.0002272968836, 0.0001847090959, 0.0001501127571, 0.0001219939787, 9.913973975e-05], "r_star": [0, 0.09937085118, 0.05983158659, 0.03579526238, 0.02389773127, 0.02247700902, 0.01909195836, 0.01534205983, 0.01217958241, 0.009899173674, 0.008086978918, 0.006584392371, 0.005344084867, 0.004339681705, 0.00352711573, 0.00286712504, 0.00233007353, 0.001893448393, 0.001538700512, 0.001250464406, 0.001016219663], "pi_star": [0, 0.06058749501, -0.01285300255, -0.009997861056, -0.004768212209, 0.0002566636482, -0.0007844196803, -0.001177921603, -0.00103983934, -0.0007053486951, -0.0005480578192, -0.0004592773059, -0.0003833430768, -0.0003101604139, -0.0002501881497, -0.0002030725962, -0.0001653680505, -0.0001344919651, -0.0001092602254, -8.876322256e-05, -7.213629095e-05], "r_bar": [0, -5.061156114e-17, -1.602989702e-17, 5.05730975e-17, 9.109981828e-17, 5.801262626e-17, 4.077350507e-17, 3.267207803e-17, 2.841825102e-17, 2.330337695e-17, 1.872865076e-17, 1.510308076e-17, 1.230062871e-17, 1.001957517e-17, 8.14394552e-18, 6.613687887e-18, 5.373683012e-18, 4.367587058e-18, 3.549727208e-18, 2.884694827e-18, 2.344221787e-18], "r_bar_star": [0, -3.417375023e-18, -7.823285636e-17, -5.828248793e-17, 1.490584451e-17, 2.756519309e-18, -3.264094058e-18, -4.85818002e-18, -2.365795811e-18, -1.532119021e-18, -1.332227993e-18, -1.218924951e-18, -9.867529613e-19, -7.812130817e-19, -6.292190084e-19, -5.147524357e-19, -4.198392847e-19, -3.409585595e-19, -2.767203136e-19, -2.24859083e-19, -1.827949704e-19], "a": [0, 0, 0, 0, 0, 0, 0, 0, 0, 0, 0, 0, 0, 0, 0, 0, 0, 0, 0, 0, 0], "a_star": [0, 0, 0, 0, 0, 0, 0, 0, 0, 0, 0, 0, 0, 0, 0, 0, 0, 0, 0, 0, 0], "mc": [0, -1.916578807, -1.357139197, -0.9734557807, -0.7580263351, -0.6487105177, -0.5347564726, -0.431977122, -0.3483972088, -0.2833056172, -0.2306801217, -0.1875576236, -0.1523460271, -0.1237771928, -0.1005961242, -0.08175836007, -0.06644231998, -0.05399409124, -0.04387882171, -0.03565898997, -0.02897892699], "mc_star": [0, 0.2264849997, 0.1513150233, 0.0772939603, 0.02858702136, 0.03683772074, 0.03527056384, 0.02875653038, 0.02188778589, 0.01764998619, 0.01452867457, 0.01189544024, 0.009642775443, 0.007817680288, 0.006352761692, 0.005166463351, 0.004199346746, 0.00341215595, 0.002772679776, 0.002253307651, 0.001831242174], "y": [0, -0.4119923227, -0.2898014316, -0.2016222283, -0.1470043486, -0.1287659201, -0.1074581429, -0.08699155308, -0.06980763194, -0.05671016945, -0.04621201354, -0.03759800852, -0.03053549232, -0.02480469398, -0.02015873046, -0.01638464043, -0.01331549698, -0.01082068929, -0.008793467735, -0.0071461902, -0.005807495147], "y_star": [0, 0.1494736856, 0.1055031614, 0.06953567564, 0.04623672435, 0.04228973076, 0.0360237749, 0.02921801977, 0.02326204627, 0.01887384845, 0.01540187162, 0.01254316793, 0.01018445563, 0.008270640436, 0.006721374608, 0.005463480282, 0.004440182531, 0.003608205833, 0.002932184524, 0.002382903673, 0.001936521873], "y_bar": [0, 1.16570327e-17, 5.806487324e-17, 4.301373704e-17, 6.106284664e-17, 4.473017819e-17, 3.464133226e-17, 2.711392771e-17, 2.270209492e-17, 1.858643986e-17, 1.507931406e-17, 1.219849622e-17, 9.915252838e-18, 8.065532245e-18, 6.556966443e-18, 5.327271314e-18, 4.328701682e-18, 3.517866083e-18, 2.858993324e-18, 2.323414483e-18, 1.888135904e-18], "y_bar_star": [0, -3.144193564e-17, 2.175997651e-17, 1.247811278e-17, 2.821367393e-18, 6.418548429e-18, 5.928118402e-18, 4.807067362e-18, 3.557801174e-18, 2.895178809e-18, 2.392143468e-18, 1.961006082e-18, 1.586449478e-18, 1.285754729e-18, 1.045076643e-18, 8.501437581e-19, 6.909709082e-19, 5.61407237e-19, 4.561875916e-19, 3.707427987e-19, 3.013012891e-19], "p": [0, -0.1526067174, -0.2129493946, -0.2614914094, -0.3031710504, -0.3414213027, -0.371626456, -0.3956504393, -0.4150554562, -0.4309593289, -0.4439123004, -0.4544272618, -0.4629619152, -0.4698986553, -0.4755377178, -0.4801207195, -0.4838448527, -0.486871215, -0.4893306653, -0.491329405, -0.4929537117], "p_star": [0, 0.06058749501, 0.04773449246, 0.03773663141, 0.0329684192, 0.03322508285, 0.03244066317, 0.03126274156, 0.03022290222, 0.02951755353, 0.02896949571, 0.0285102184, 0.02812687533, 0.02781671491, 0.02756652676, 0.02736345417, 0.02719808612, 0.02706359415, 0.02695433393, 0.0268655707, 0.02679343441], "e": [0, -0.6441702528, -0.564115984, -0.5073663039, -0.4844695043, -0.5059470984, -0.5142024931, -0.5161145588, -0.5167177702, -0.5184944654, -0.5201760363, -0.5214253768, -0.5223450405, -0.5231036867, -0.523737161, -0.5242545861, -0.5246720318, -0.5250102937, -0.5252854999, -0.5255094188, -0.5256913809], "s": [0, -0.5387200505, -0.3792901212, -0.2601728289, -0.1854125434, -0.1641258911, -0.1376692175, -0.1115017223, -0.08929926481, -0.07252197879, -0.05911780026, -0.04810987079, -0.03907031253, -0.0317353955, -0.02579114558, -0.02096301561, -0.01703636627, -0.01384435566, -0.01125062584, -0.009143053823, -0.007430293516], "q": [0, -0.4309760404, -0.303432097, -0.2081382631, -0.1483300347, -0.1313007128, -0.110135374, -0.08920137788, -0.07143941185, -0.05801758304, -0.04729424021, -0.03848789663, -0.03125625003, -0.0253883164, -0.02063291647, -0.01677041249, -0.01362909302, -0.01107548453, -0.009000500668, -0.007314443058, -0.005944234813], "interest": [0, 0.71770048, 0.4663250669, 0.2347682481, 0.009680548554, 0.05688645716, 0.06871957084, 0.05895539346, 0.0416115489, 0.03287041116, 0.02735055362, 0.02265891467, 0.01834175497, 0.01482482947, 0.01203876232, 0.009798717518, 0.007967246443, 0.006472968941, 0.00525912654, 0.004274008902, 0.003473580298], "inflation": [0, -0.1526067174, -0.2129493946, -0.2614914094, -0.3031710504, -0.1888145853, -0.1586770614, -0.13415903, -0.1118844058, -0.08953802616, -0.07228584443, -0.05877682245, -0.04790645901, -0.03893932648, -0.03162541737, -0.0256934577, -0.02088293749, -0.0169725597, -0.01379294752, -0.01120868551, -0.009108859042],