{"interest_": {"x": [0, -0.3492198751, -0.2672755915, -0.2038395224, -0.1552330848, -0.118145564, -0.08989620379, -0.06839429478, -0.05203307737, -0.03958505852, -0.03011478744, -0.02291009833, -0.01742904289, -0.01325927838, -0.0100870957, -0.007673833159, -0.005837925484, -0.004441245034, -0.003378710018, -0.002570378636, -0.001955434557], "pi_H": [0, -0.08255820917, -0.06288656826, -0.04786667744, -0.03642292187, -0.02771153683, -0.02108255718, -0.01603896466, -0.01220184116, -0.009282666271, -0.007061865041, -0.005372368593, -0.00408706994, -0.003109268934, -0.002365399415, -0.001799495122, -0.001368979229, -0.001041461074, -0.0007922992146, -0.0006027474866, -0.0004585446078], "r": [0, 0.1162951076, 0.08777178336, 0.06655130973, 0.05055922867, 0.03844109854, 0.02923732129, 0.0222402839, 0.01691875642, 0.01287084625, 0.009791520944, 0.007448949647, 0.005666836465, 0.00431108551, 0.003279689474, 0.002495047796, 0.001898125991, 0.001444013361, 0.001098543836, 0.0008357253442, 0.0006357842349], "pi": [0, -0.1273639185, -0.05261190158, -0.03974614356, -0.03014895234, -0.02290811797, -0.01741868372, -0.01324859584, -0.01007808217, -0.007666695422, -0.005832406583, -0.00443701838, -0.003375485664, -0.002567922869, -0.001953565423, -0.00148618906, -0.001130629229, -0.0008601345182, -0.0006543536863, -0.0004978044029, -0.0003787083798], "x_star": [0, 0.1177551845, 0.09261460872, 0.07141666914, 0.05463440215, 0.04165962413, 0.03172328099, 0.02414334615, 0.01837027547, 0.01397628704, 0.01063286885, 0.008089130175, 0.006153896161, 0.004681631684, 0.003561588985, 0.002709506126, 0.002061277128, 0.001568131915, 0.001192967981, 0.0009075592233, 0.0006904323934], "pi_F_star": [0, 0.01245648514, 0.01042752126, 0.008233841905, 0.006359227192, 0.004867981051, 0.003712895241, 0.002827632627, 0.002152098255, 0.001637527166, 0.001245856639, 0.000947824951, 0.0007210744299, 0.0005485657397, 0.0004173264035, 0.0003174844515, 0.0002415287404, 0.0001837448058, 0.0001397852294, 0.00010634265, 8.090095834e-05], "r_star": [0, 0.08686253038, 0.0626669639, 0.04659376352, 0.03510455795, 0.02659781639, 0.02020023046, 0.01535663346, 0.01167924137, 0.008883983345, 0.006758212355, 0.005141251258, 0.00391121049, 0.002975471409, 0.002263608429, 0.00172205576, 0.001310066309, 0.0009966425226, 0.0007582031345, 0.0005768086304, 0.0004388114275], "pi_star": [0, 0.05726219448, 0.0001528545861, 0.0001133080234, 8.525766474e-05, 6.456218959e-05, 4.902178414e-05, 3.726381518e-05, 2.833926965e-05, 2.155631711e-05, 1.639818077e-05, 1.247473761e-05, 9.490154046e-06, 7.219674852e-06, 5.492411532e-06, 4.178389682e-06, 3.178739898e-06, 2.418249582e-06, 1.839701157e-06, 1.399566229e-06, 1.064730349e-06], "r_bar": [0, -1.972075429e-17, 4.554999472e-17, 3.648593738e-17, 2.698168378e-17, 2.052087134e-17, 1.560952905e-17, 1.187447107e-17, 9.033403812e-18, 6.872169294e-18, 5.228034792e-18, 3.977260173e-18, 3.025728203e-18, 2.301844509e-18, 1.751145043e-18, 1.332196481e-18, 1.013478305e-18, 7.710111093e-19, 5.86552401e-19, 4.462240759e-19, 3.394682653e-19], "r_bar_star": [0, 8.554597232e-20, -2.276958812e-17, -1.772039453e-17, -1.302124611e-17, -9.892669646e-18, -7.521699788e-18, -5.720852596e-18, -4.351758048e-18, -3.310498283e-18, -2.518443694e-18, -1.915911258e-18, -1.457539415e-18, -1.108832546e-18, -8.435521337e-19, -6.417383891e-19, -4.882071825e-19, -3.714072108e-19, -2.825507778e-19, -2.149525923e-19, -1.635267737e-19], "a": [0, 0, 0, 0, 0, 0, 0, 0, 0, 0, 0, 0, 0, 0, 0, 0, 0, 0, 0, 0, 0], "a_star": [0, 0, 0, 0, 0, 0, 0, 0, 0, 0, 0, 0, 0, 0, 0, 0, 0, 0, 0, 0, 0], "mc": [0, -1.676188618, -1.279697416, -0.9749712214, -0.7421697579, -0.5647545602, -0.4296866011, -0.3269016255, -0.2486973757, -0.1891998066, -0.1439356074, -0.1095002218, -0.0833031491, -0.06337350113, -0.04821186419, -0.03667753364, -0.0279027054, -0.02122718961, -0.01614874152, -0.01228527454, -0.009346113457], "mc_star": [0, 0.1433610768, 0.1201787921, 0.09494489495, 0.07334342475, 0.05614892603, 0.04282723182, 0.03261642816, 0.02482435923, 0.0188888501, 0.01437095125, 0.01093316154, 0.008317595555, 0.006327707793, 0.004813861721, 0.003662184455, 0.002786035029, 0.002119497107, 0.00161242321, 0.001226662916, 0.0009331928956], "y": [0, -0.3492198751, -0.2672755915, -0.2038395224, -0.1552330848, -0.118145564, -0.08989620379, -0.06839429478, -0.05203307737, -0.03958505852, -0.03011478744, -0.02291009833, -0.01742904289, -0.01325927838, -0.0100870957, -0.007673833159, -0.005837925484, -0.004441245034, -0.003378710018, -0.002570378636, -0.001955434557], "y_star": [0, 0.1177551845, 0.09261460872, 0.07141666914, 0.05463440215, 0.04165962413, 0.03172328099, 0.02414334615, 0.01837027547, 0.01397628704, 0.01063286885, 0.008089130175, 0.006153896161, 0.004681631684, 0.003561588985, 0.002709506126, 0.002061277128, 0.001568131915, 0.001192967981, 0.0009075592233, 0.0006904323934], "y_bar": [0, 1.752004119e-17, -9.996432978e-17, -7.201455681e-17, -5.721898212e-17, -4.292120411e-17, -3.264909634e-17, -2.483692521e-17, -1.889452123e-17, -1.437403494e-17, -1.093511799e-17, -8.318960673e-18, -6.328707305e-18, -4.81460976e-18, -3.662749623e-18, -2.786463749e-18, -2.119822867e-18, -1.61267091e-18, -1.226851317e-18, -9.333362105e-19, -7.100424236e-19], "y_bar_star": [0, -7.517256321e-18, 1.695079734e-18, 1.291946675e-18, 9.836182591e-19, 7.485354797e-19, 5.695300528e-19, 4.332983e-19, 3.296425135e-19, 2.507803938e-19, 1.907838031e-19, 1.451404308e-19, 1.104167325e-19, 8.400037e-20, 6.390391031e-20, 4.861537475e-20, 3.698450661e-20, 2.813623714e-20, 2.140485054e-20, 1.628389836e-20, 1.23880961e-20], "p": [0, -0.1273639185, -0.1799758201, -0.2197219637, -0.249870916, -0.272779034, -0.2901977177, -0.3034463135, -0.3135243957, -0.3211910911, -0.3270234977, -0.3314605161, -0.3348360018, -0.3374039246, -0.33935749, -0.3408436791, -0.3419743083, -0.3428344429, -0.3434887965, -0.3439866009, -0.3443653093], "p_star": [0, 0.05726219448, 0.05741504906, 0.05752835709, 0.05761361475, 0.05767817694, 0.05772719873, 0.05776446254, 0.05779280181, 0.05781435813, 0.05783075631, 0.05784323105, 0.0578527212, 0.05785994088, 0.05786543329, 0.05786961168, 0.05787279042, 0.05787520867, 0.05787704837, 0.05787844793, 0.05787951266], "e": [0, -0.5430717877, -0.5136392105, -0.488534391, -0.4685768448, -0.4531221741, -0.4412788919, -0.4322418011, -0.4253581507, -0.4201186356, -0.4161317727, -0.4130984641, -0.4107907657, -0.4090351398, -0.4076995257, -0.4066834446, -0.4059104526, -0.4053223929, -0.4048750221, -0.4045346814, -0.4042757646], "s": [0, -0.4480570934, -0.3453104267, -0.2641050879, -0.2013653926, -0.153331204, -0.1166924694, -0.08878878128, -0.06755119143, -0.05139148294, -0.03909689836, -0.02974339622, -0.02262755346, -0.01721409282, -0.0130957529, -0.009962692278, -0.007579192273, -0.00576592671, -0.004386471428, -0.00333704059, -0.00253867831], "q": [0, -0.3584456747, -0.2762483413, -0.2112840703, -0.1610923141, -0.1226649632, -0.09335397552, -0.07103102502, -0.05404095314, -0.04111318635, -0.03127751869, -0.02379471698, -0.01810204277, -0.01377127425, -0.01047660232, -0.007970153822, -0.006063353818, -0.004612741368, -0.003509177142, -0.002669632472, -0.002030942648], "interest": [0, 0.4651804305, 0.3510871335, 0.2662052389, 0.2022369147, 0.1537643942, 0.1169492852, 0.08896113559, 0.06767502569, 0.05148338499, 0.03916608378, 0.02979579859, 0.02266734586, 0.01724434204, 0.0131187579, 0.009980191185, 0.007592503962, 0.005776053445, 0.004394175342, 0.003342901377, 0.00254313694], "inflation": [0, -0.1273639185, -0.1799758201, -0.2197219637, -0.249870916, -0.1454151155, -0.1102218976, -0.08372434988, -0.06365347971, -0.04841205716, -0.03682578002, -0.02801420256, -0.02131160605, -0.0162128335, -0.01233399234, -0.009383163016, -0.007138306581, -0.00543051823, -0.004131306493, -0.003142921836, -0.002391000987],