{"interest_": {"x": [0, -0.594332287, -0.3580206261, -0.2156685267, -0.129916854, -0.07826078847, -0.04714362167, -0.02839890969, -0.01710725742, -0.01030526382, -0.006207801737, -0.003739526041, -0.002252658123, -0.001356981758, -0.0008174340671, -0.0004924152076, -0.0002966266595, -0.0001786853325, -0.0001076384979, -6.484049957e-05, -3.905935578e-05], "pi": [0, -0.2759339044, -0.1662201959, -0.1001296075, -0.06031720898, -0.03633456468, -0.0218876273, -0.01318491726, -0.007942480051, -0.004784481245, -0.002882130095, -0.001736170226, -0.001045853918, -0.0006300133491, -0.0003795145891, -0.000228616304, -0.000137716483, -8.295921748e-05, -4.997391464e-05, -3.010385368e-05, -1.813430093e-05], "R": [0, 0.1882472955, 0.1133985416, 0.06831030007, 0.04114953357, 0.0247881229, 0.01493215071, 0.008994998355, 0.005418509162, 0.003264063025, 0.001966243318, 0.001184447958, 0.000713501199, 0.0004298069473, 0.0002589119853, 0.0001559663392, 9.395277294e-05, 5.659633731e-05, 3.409314378e-05, 2.053741476e-05, 1.237156091e-05], "interest": [0, 0.7529891819, 0.4535941665, 0.2732412003, 0.1645981343, 0.09915249159, 0.05972860282, 0.03597999342, 0.02167403665, 0.0130562521, 0.007864973271, 0.004737791831, 0.002854004796, 0.001719227789, 0.001035647941, 0.0006238653568, 0.0003758110917, 0.0002263853492, 0.0001363725751, 8.214965903e-05, 4.948624364e-05], "inflation": [0, -0.2759339044, -0.4421541003, -0.5422837078, -0.6026009167, -0.3630015771, -0.2186690084, -0.1317243182, -0.07934958929, -0.04779950586, -0.02879400865, -0.01734526162, -0.01044863548, -0.006294167588, -0.003791552082, -0.002283998161, -0.001375860725, -0.0008288065935, -0.0004992659191, -0.0003007534688, -0.0001811712867], "inflationq": [0, -1.103735617, -0.6648807837, -0.4005184299, -0.2412688359, -0.1453382587, -0.08755050922, -0.05273966905, -0.0317699202, -0.01913792498, -0.01152852038, -0.006944680903, -0.004183415674, -0.002520053397, -0.001518058356, -0.0009144652159, -0.0005508659319, -0.0003318368699, -0.0001998956586, -0.0001204154147, -7.25372037e-05], "outputgap": [0, -0.594332287, -0.3580206261, -0.2156685267, -0.129916854, -0.07826078847, -0.04714362167, -0.02839890969, -0.01710725742, -0.01030526382, -0.006207801737, -0.003739526041, -0.002252658123, -0.001356981758, -0.0008174340671, -0.0004924152076, -0.0002966266595, -0.0001786853325, -0.0001076384979, -6.484049957e-05, -3.905935578e-05], "AUX_ENDO_LEAD_71": [0, -0.6648807837, -0.4005184299, -0.2412688359, -0.1453382587, -0.08755050922, -0.05273966905, -0.0317699202, -0.01913792498, -0.01152852038, -0.006944680903, -0.004183415674, -0.002520053397, -0.001518058356, -0.0009144652159, -0.0005508659319, -0.0003318368699, -0.0001998956586, -0.0001204154147, -7.25372037e-05, -4.369578374e-05], "AUX_ENDO_LEAD_75": [0, -0.4005184299, -0.2412688359, -0.1453382587, -0.08755050922, -0.05273966905, -0.0317699202, -0.01913792498, -0.01152852038, -0.006944680903, -0.004183415674, -0.002520053397, -0.001518058356, -0.0009144652159, -0.0005508659319, -0.0003318368699, -0.0001998956586, -0.0001204154147, -7.25372037e-05, -4.369578374e-05, -2.632196196e-05], "AUX_ENDO_LEAD_79": [0, -0.2412688359, -0.1453382587, -0.08755050922, -0.05273966905, -0.0317699202, -0.01913792498, -0.01152852038, -0.006944680903, -0.004183415674, -0.002520053397, -0.001518058356, -0.0009144652159, -0.0005508659319, -0.0003318368699, -0.0001998956586, -0.0001204154147, -7.25372037e-05, -4.369578374e-05, -2.632196196e-05, -1.585612208e-05], "AUX_ENDO_LEAD_106": [0, -0.3580206261, -0.2156685267, -0.129916854, -0.07826078847, -0.04714362167, -0.02839890969, -0.01710725742, -0.01030526382, -0.006207801737, -0.003739526041, -0.002252658123, -0.001356981758, -0.0008174340671, -0.0004924152076, -0.0002966266595, -0.0001786853325, -0.0001076384979, -6.484049957e-05, -3.905935578e-05, -2.352901789e-05], "AUX_ENDO_LEAD_110": [0, -0.2156685267, -0.129916854, -0.07826078847, -0.04714362167, -0.02839890969, -0.01710725742, -0.01030526382, -0.006207801737, -0.003739526041, -0.002252658123, -0.001356981758, -0.0008174340671, -0.0004924152076, -0.0002966266595, -0.0001786853325, -0.0001076384979, -6.484049957e-05, -3.905935578e-05, -2.352901789e-05, -1.417367674e-05], "AUX_ENDO_LEAD_114": [0, -0.129916854, -0.07826078847, -0.04714362167, -0.02839890969, -0.01710725742, -0.01030526382, -0.006207801737, -0.003739526041, -0.002252658123, -0.001356981758, -0.0008174340671, -0.0004924152076, -0.0002966266595, -0.0001786853325, -0.0001076384979, -6.484049957e-05, -3.905935578e-05, -2.352901789e-05, -1.417367674e-05, -8.538100204e-06], "AUX_ENDO_LAG_1_1": [0, 0, -0.2759339044, -0.1662201959, -0.1001296075, -0.06031720898, -0.03633456468, -0.0218876273, -0.01318491726, -0.007942480051, -0.004784481245, -0.002882130095, -0.001736170226, -0.001045853918, -0.0006300133491, -0.0003795145891, -0.000228616304, -0.000137716483, -8.295921748e-05, -4.997391464e-05, -3.010385368e-05], "AUX_ENDO_LAG_1_2": [0, 0, 0, -0.2759339044, -0.1662201959, -0.1001296075, -0.06031720898, -0.03633456468, -0.0218876273, -0.01318491726, -0.007942480051, -0.004784481245, -0.002882130095, -0.001736170226, -0.001045853918, -0.0006300133491, -0.0003795145891, -0.000228616304, -0.000137716483, -8.295921748e-05, -4.997391464e-05], "AUX_ENDO_LAG_6_1": [0, 0, -0.594332287, -0.3580206261, -0.2156685267, -0.129916854, -0.07826078847, -0.04714362167, -0.02839890969, -0.01710725742, -0.01030526382, -0.006207801737, -0.003739526041, -0.002252658123, -0.001356981758, -0.0008174340671, -0.0004924152076, -0.0002966266595, -0.0001786853325, -0.0001076384979, -6.484049957e-05], "AUX_ENDO_LAG_6_2": [0, 0, 0, -0.594332287, -0.3580206261, -0.2156685267, -0.129916854, -0.07826078847, -0.04714362167, -0.02839890969, -0.01710725742, -0.01030526382, -0.006207801737, -0.003739526041, -0.002252658123, -0.001356981758, -0.0008174340671, -0.0004924152076, -0.0002966266595, -0.0001786853325, -0.0001076384979], "AUX_ENDO_LAG_6_3": [0, 0, 0, 0, -0.594332287, -0.3580206261, -0.2156685267, -0.129916854, -0.07826078847, -0.04714362167, -0.02839890969, -0.01710725742, -0.01030526382, -0.006207801737, -0.003739526041, -0.002252658123, -0.001356981758, -0.0008174340671, -0.0004924152076, -0.0002966266595, -0.0001786853325], "AUX_ENDO_LAG_3_1": [0, 0, 0.7529891819, 0.4535941665, 0.2732412003, 0.1645981343, 0.09915249159, 0.05972860282, 0.03597999342, 0.02167403665, 0.0130562521, 0.007864973271, 0.004737791831, 0.002854004796, 0.001719227789, 0.001035647941, 0.0006238653568, 0.0003758110917, 0.0002263853492, 0.0001363725751, 8.214965903e-05], "AUX_ENDO_LAG_3_2": [0, 0, 0, 0.7529891819, 0.4535941665, 0.2732412003, 0.1645981343, 0.09915249159, 0.05972860282, 0.03597999342, 0.02167403665, 0.0130562521, 0.007864973271, 0.004737791831, 0.002854004796, 0.001719227789, 0.001035647941, 0.0006238653568, 0.0003758110917, 0.0002263853492, 0.0001363725751], "AUX_ENDO_LAG_3_3": [0, 0, 0, 0, 0.7529891819, 0.4535941665, 0.2732412003, 0.1645981343, 0.09915249159, 0.05972860282, 0.03597999342, 0.02167403665, 0.0130562521, 0.007864973271, 0.004737791831, 0.002854004796, 0.001719227789, 0.001035647941, 0.0006238653568, 0.0003758110917, 0.0002263853492], "AUX_ENDO_LAG_5_1": [0, 0, -1.103735617, -0.6648807837, -0.4005184299, -0.2412688359, -0.1453382587, -0.08755050922, -0.05273966905, -0.0317699202, -0.01913792498, -0.01152852038, -0.006944680903, -0.004183415674, -0.002520053397, -0.001518058356, -0.0009144652159, -0.0005508659319, -0.0003318368699, -0.0001998956586, -0.0001204154147], "AUX_ENDO_LAG_5_2": [0, 0, 0, -1.103735617, -0.6648807837, -0.4005184299, -0.2412688359, -0.1453382587, -0.08755050922, -0.05273966905, -0.0317699202, -0.01913792498, -0.01152852038, -0.006944680903, -0.004183415674, -0.002520053397, -0.001518058356, -0.0009144652159, -0.0005508659319, -0.0003318368699, -0.0001998956586],