{"interest_": {"x": [0, -0.1456356757, 0.00538717094, 0.003292901969, 0.001456582512, -0.0004932711375, -7.795509552e-05, 1.988584176e-05, 9.955394595e-06, -1.428499305e-06, -7.558421611e-07, 4.082260799e-08, 6.530317075e-08, 1.900441937e-10, -4.869711975e-09, -3.609844655e-10, 3.601958056e-10, 4.969263163e-11, -2.439933767e-11, -5.463164928e-12, 1.547151738e-12], "pi": [0, -0.01030327409, 0.001397542818, 0.0004751505966, 4.624178829e-06, -5.288039769e-05, -4.690068298e-07, 3.403721216e-06, 3.858367881e-07, -2.646772695e-07, -4.159541522e-08, 1.675457118e-08, 4.501484826e-09, -1.048649593e-09, -4.071135269e-10, 5.330457095e-11, 3.524138894e-11, -1.927198174e-12, -2.836004025e-12, -3.564219113e-14, 2.175835901e-13], "R": [0, 0.2279318128, -0.002666252859, -0.002749855007, -0.002977660872, 0.0006225050561, 0.0001501651271, -1.450983396e-05, -1.734051812e-05, 9.673903013e-07, 1.211751725e-06, 4.122232896e-08, -9.871833942e-08, -7.99674778e-09, 6.816395835e-09, 1.117011796e-09, -4.676819592e-10, -1.13973958e-10, 2.836861692e-11, 1.073305859e-11, -1.524578833e-12], "interest": [0, 0.911727251, -0.01066501144, -0.01099942003, -0.01191064349, 0.002490020224, 0.0006006605085, -5.803933584e-05, -6.936207248e-05, 3.869561205e-06, 4.847006899e-06, 1.648893158e-07, -3.948733577e-07, -3.198699112e-08, 2.726558334e-08, 4.468047183e-09, -1.870727837e-09, -4.558958319e-10, 1.134744677e-10, 4.293223435e-11, -6.098315332e-12], "inflation": [0, -0.01030327409, -0.008905731272, -0.008430580675, -0.008425956497, 0.001824437195, 0.0004264253709, -4.532150448e-05, -4.955984652e-05, 3.055873905e-06, 3.48328532e-06, 9.631867455e-08, -2.850166287e-07, -2.138800881e-08, 1.980029288e-08, 3.099026277e-09, -1.36721716e-09, -3.204947651e-10, 8.378275769e-11, 3.044254455e-11, -4.581260801e-12], "inflationq": [0, -0.04121309636, 0.005590171271, 0.001900602386, 1.849671532e-05, -0.0002115215908, -1.876027319e-06, 1.361488487e-05, 1.543347152e-06, -1.058709078e-06, -1.663816609e-07, 6.701828471e-08, 1.80059393e-08, -4.194598371e-09, -1.628454107e-09, 2.132182838e-10, 1.409655557e-10, -7.708792697e-12, -1.13440161e-11, -1.425687645e-13, 8.703343603e-13], "outputgap": [0, -0.1456356757, 0.00538717094, 0.003292901969, 0.001456582512, -0.0004932711375, -7.795509552e-05, 1.988584176e-05, 9.955394595e-06, -1.428499305e-06, -7.558421611e-07, 4.082260799e-08, 6.530317075e-08, 1.900441937e-10, -4.869711975e-09, -3.609844655e-10, 3.601958056e-10, 4.969263163e-11, -2.439933767e-11, -5.463164928e-12, 1.547151738e-12], "AUX_ENDO_LEAD_71": [0, 0.005590171271, 0.001900602386, 1.849671532e-05, -0.0002115215908, -1.876027319e-06, 1.361488487e-05, 1.543347152e-06, -1.058709078e-06, -1.663816609e-07, 6.701828471e-08, 1.80059393e-08, -4.194598371e-09, -1.628454107e-09, 2.132182838e-10, 1.409655557e-10, -7.708792697e-12, -1.13440161e-11, -1.425687645e-13, 8.703343603e-13, 6.646584337e-14], "AUX_ENDO_LEAD_75": [0, 0.001900602386, 1.849671532e-05, -0.0002115215908, -1.876027319e-06, 1.361488487e-05, 1.543347152e-06, -1.058709078e-06, -1.663816609e-07, 6.701828471e-08, 1.80059393e-08, -4.194598371e-09, -1.628454107e-09, 2.132182838e-10, 1.409655557e-10, -7.708792697e-12, -1.13440161e-11, -1.425687645e-13, 8.703343603e-13, 6.646584337e-14, -6.296157629e-14], "AUX_ENDO_LEAD_79": [0, 1.849671532e-05, -0.0002115215908, -1.876027319e-06, 1.361488487e-05, 1.543347152e-06, -1.058709078e-06, -1.663816609e-07, 6.701828471e-08, 1.80059393e-08, -4.194598371e-09, -1.628454107e-09, 2.132182838e-10, 1.409655557e-10, -7.708792697e-12, -1.13440161e-11, -1.425687645e-13, 8.703343603e-13, 6.646584337e-14, -6.296157629e-14, -9.198825053e-15], "AUX_ENDO_LEAD_106": [0, 0.00538717094, 0.003292901969, 0.001456582512, -0.0004932711375, -7.795509552e-05, 1.988584176e-05, 9.955394595e-06, -1.428499305e-06, -7.558421611e-07, 4.082260799e-08, 6.530317075e-08, 1.900441937e-10, -4.869711975e-09, -3.609844655e-10, 3.601958056e-10, 4.969263163e-11, -2.439933767e-11, -5.463164928e-12, 1.547151738e-12, 5.196882083e-13], "AUX_ENDO_LEAD_110": [0, 0.003292901969, 0.001456582512, -0.0004932711375, -7.795509552e-05, 1.988584176e-05, 9.955394595e-06, -1.428499305e-06, -7.558421611e-07, 4.082260799e-08, 6.530317075e-08, 1.900441937e-10, -4.869711975e-09, -3.609844655e-10, 3.601958056e-10, 4.969263163e-11, -2.439933767e-11, -5.463164928e-12, 1.547151738e-12, 5.196882083e-13, -8.587238635e-14], "AUX_ENDO_LEAD_114": [0, 0.001456582512, -0.0004932711375, -7.795509552e-05, 1.988584176e-05, 9.955394595e-06, -1.428499305e-06, -7.558421611e-07, 4.082260799e-08, 6.530317075e-08, 1.900441937e-10, -4.869711975e-09, -3.609844655e-10, 3.601958056e-10, 4.969263163e-11, -2.439933767e-11, -5.463164928e-12, 1.547151738e-12, 5.196882083e-13, -8.587238635e-14, -4.579091461e-14], "AUX_ENDO_LAG_1_1": [0, 0, -0.01030327409, 0.001397542818, 0.0004751505966, 4.624178829e-06, -5.288039769e-05, -4.690068298e-07, 3.403721216e-06, 3.858367881e-07, -2.646772695e-07, -4.159541522e-08, 1.675457118e-08, 4.501484826e-09, -1.048649593e-09, -4.071135269e-10, 5.330457095e-11, 3.524138894e-11, -1.927198174e-12, -2.836004025e-12, -3.564219113e-14], "AUX_ENDO_LAG_1_2": [0, 0, 0, -0.01030327409, 0.001397542818, 0.0004751505966, 4.624178829e-06, -5.288039769e-05, -4.690068298e-07, 3.403721216e-06, 3.858367881e-07, -2.646772695e-07, -4.159541522e-08, 1.675457118e-08, 4.501484826e-09, -1.048649593e-09, -4.071135269e-10, 5.330457095e-11, 3.524138894e-11, -1.927198174e-12, -2.836004025e-12], "AUX_ENDO_LAG_6_1": [0, 0, -0.1456356757, 0.00538717094, 0.003292901969, 0.001456582512, -0.0004932711375, -7.795509552e-05, 1.988584176e-05, 9.955394595e-06, -1.428499305e-06, -7.558421611e-07, 4.082260799e-08, 6.530317075e-08, 1.900441937e-10, -4.869711975e-09, -3.609844655e-10, 3.601958056e-10, 4.969263163e-11, -2.439933767e-11, -5.463164928e-12], "AUX_ENDO_LAG_6_2": [0, 0, 0, -0.1456356757, 0.00538717094, 0.003292901969, 0.001456582512, -0.0004932711375, -7.795509552e-05, 1.988584176e-05, 9.955394595e-06, -1.428499305e-06, -7.558421611e-07, 4.082260799e-08, 6.530317075e-08, 1.900441937e-10, -4.869711975e-09, -3.609844655e-10, 3.601958056e-10, 4.969263163e-11, -2.439933767e-11], "AUX_ENDO_LAG_6_3": [0, 0, 0, 0, -0.1456356757, 0.00538717094, 0.003292901969, 0.001456582512, -0.0004932711375, -7.795509552e-05, 1.988584176e-05, 9.955394595e-06, -1.428499305e-06, -7.558421611e-07, 4.082260799e-08, 6.530317075e-08, 1.900441937e-10, -4.869711975e-09, -3.609844655e-10, 3.601958056e-10, 4.969263163e-11], "AUX_ENDO_LAG_3_1": [0, 0, 0.911727251, -0.01066501144, -0.01099942003, -0.01191064349, 0.002490020224, 0.0006006605085, -5.803933584e-05, -6.936207248e-05, 3.869561205e-06, 4.847006899e-06, 1.648893158e-07, -3.948733577e-07, -3.198699112e-08, 2.726558334e-08, 4.468047183e-09, -1.870727837e-09, -4.558958319e-10, 1.134744677e-10, 4.293223435e-11], "AUX_ENDO_LAG_3_2": [0, 0, 0, 0.911727251, -0.01066501144, -0.01099942003, -0.01191064349, 0.002490020224, 0.0006006605085, -5.803933584e-05, -6.936207248e-05, 3.869561205e-06, 4.847006899e-06, 1.648893158e-07, -3.948733577e-07, -3.198699112e-08, 2.726558334e-08, 4.468047183e-09, -1.870727837e-09, -4.558958319e-10, 1.134744677e-10], "AUX_ENDO_LAG_3_3": [0, 0, 0, 0, 0.911727251, -0.01066501144, -0.01099942003, -0.01191064349, 0.002490020224, 0.0006006605085, -5.803933584e-05, -6.936207248e-05, 3.869561205e-06, 4.847006899e-06, 1.648893158e-07, -3.948733577e-07, -3.198699112e-08, 2.726558334e-08, 4.468047183e-09, -1.870727837e-09, -4.558958319e-10], "AUX_ENDO_LAG_5_1": [0, 0, -0.04121309636, 0.005590171271, 0.001900602386, 1.849671532e-05, -0.0002115215908, -1.876027319e-06, 1.361488487e-05, 1.543347152e-06, -1.058709078e-06, -1.663816609e-07, 6.701828471e-08, 1.80059393e-08, -4.194598371e-09, -1.628454107e-09, 2.132182838e-10, 1.409655557e-10, -7.708792697e-12, -1.13440161e-11, -1.425687645e-13],