{"interest_": {"p": [0, -0.002796541612, -0.00808359301, -0.0162020962, -0.02700666348, -0.04005164461, -0.05517024373, -0.07201757489, -0.09026153414, -0.109581866, -0.1296588911, -0.1501937561, -0.1709104665, -0.1915590055, -0.2119179008, -0.2317947575, -0.2510261547, -0.2694768252, -0.2870382783, -0.3036270658, -0.3191827932], "x": [0, -0.006666368563, -0.01439892979, -0.02502713208, -0.0381716613, -0.05327810851, -0.07017783762, -0.08850044084, -0.1079090577, -0.1280896033, -0.1487359703, -0.1695689246, -0.1903360377, -0.2108132955, -0.2308064458, -0.2501505557, -0.2687091581, -0.286372865, -0.3030575765, -0.3187024601, -0.333267777], "ytilde": [0, 2.278072387e-18, -0.02992253693, -0.06546952994, -0.09662874911, -0.1200234137, -0.1352490636, -0.1431253426, -0.1448860368, -0.1418138902, -0.1350874776, -0.1257278152, -0.1145897681, -0.102372601, -0.08963754741, -0.07682685215, -0.06428192321, -0.05225968956, -0.04094693588, -0.03047267922, -0.02091876479], "ypsilon": [0, -0.001623392406, -0.003835385738, -0.006386564786, -0.008922128817, -0.01118660249, -0.01322043929, -0.01497249288, -0.01642383431, -0.01757050764, -0.01841712272, -0.01897688075, -0.01926880391, -0.01931591218, -0.01914373359, -0.01877905998, -0.01824897587, -0.01758010404, -0.01679803471, -0.01592690829, -0.01498912448], "f": [0, 0.9936555383, 0.7827884239, 0.608027696, 0.4630378795, 0.3426861115, 0.2431121668, 0.1611469549, 0.09414228274, 0.03987628485, -0.003547808372, -0.03775652436, -0.06415064776, -0.08394100063, -0.09817603226, -0.1077646506, -0.113495079, -0.116050582, -0.1160227656, -0.1139228996, -0.1101916411], "infl": [0, -0.01118616645, -0.02114820559, -0.03247401277, -0.04321826911, -0.05217992454, -0.06047439647, -0.06738932465, -0.07297583697, -0.07728132746, -0.08030810041, -0.08213946015, -0.08286684149, -0.08259415609, -0.08143558115, -0.07950742655, -0.07692558884, -0.07380268213, -0.07024581226, -0.06635515017, -0.06222290937], "rho": [0, 0.08932100577, 0.06618393731, 0.04745697483, 0.03236225007, 0.02029086123, 0.01071912006, 0.003224560772, -0.002547895006, -0.006897182636, -0.01007422183, -0.01229086867, -0.01372589832, -0.01453013348, -0.01483075134, -0.01473480498, -0.01433219856, -0.0136981936, -0.01289552919, -0.01197622704, -0.01098313296], "interest": [0, 0.9936555383, 0.7827884239, 0.608027696, 0.4630378795, 0.3426861115, 0.2431121668, 0.1611469549, 0.09414228274, 0.03987628485, -0.003547808372, -0.03775652436, -0.06415064776, -0.08394100063, -0.09817603226, -0.1077646506, -0.113495079, -0.116050582, -0.1160227656, -0.1139228996, -0.1101916411], "inflation": [0, -0.002796541612, -0.00808359301, -0.0162020962, -0.02700666348, -0.037255103, -0.04708665072, -0.05581547869, -0.06325487066, -0.06953022139, -0.07448864737, -0.07817618125, -0.08064893238, -0.08197713953, -0.08225900972, -0.08160100132, -0.08011568815, -0.07791781966, -0.07512037744, -0.07183230835, -0.06815663848], "inflationq": [0, -0.01118616645, -0.02114820559, -0.03247401277, -0.04321826911, -0.05217992454, -0.06047439647, -0.06738932465, -0.07297583697, -0.07728132746, -0.08030810041, -0.08213946015, -0.08286684149, -0.08259415609, -0.08143558115, -0.07950742655, -0.07692558884, -0.07380268213, -0.07024581226, -0.06635515017, -0.06222290937], "outputgap": [0, 3.666956092e-18, -0.02992253693, -0.06546952994, -0.09662874911, -0.1200234137, -0.1352490636, -0.1431253426, -0.1448860368, -0.1418138902, -0.1350874776, -0.1257278152, -0.1145897681, -0.102372601, -0.08963754741, -0.07682685215, -0.06428192321, -0.05225968956, -0.04094693588, -0.03047267922, -0.02091876479], "output": [0, 1.628874825e-17, -0.02992253693, -0.06546952994, -0.09662874911, -0.1200234137, -0.1352490636, -0.1431253426, -0.1448860368, -0.1418138902, -0.1350874776, -0.1257278152, -0.1145897681, -0.102372601, -0.08963754741, -0.07682685215, -0.06428192321, -0.05225968956, -0.04094693588, -0.03047267922, -0.02091876479], "AUX_ENDO_LEAD_77": [0, -0.02114820559, -0.03247401277, -0.04321826911, -0.05217992454, -0.06047439647, -0.06738932465, -0.07297583697, -0.07728132746, -0.08030810041, -0.08213946015, -0.08286684149, -0.08259415609, -0.08143558115, -0.07950742655, -0.07692558884, -0.07380268213, -0.07024581226, -0.06635515017, -0.06222290937, -0.05793273429], "AUX_ENDO_LEAD_81": [0, -0.03247401277, -0.04321826911, -0.05217992454, -0.06047439647, -0.06738932465, -0.07297583697, -0.07728132746, -0.08030810041, -0.08213946015, -0.08286684149, -0.08259415609, -0.08143558115, -0.07950742655, -0.07692558884, -0.07380268213, -0.07024581226, -0.06635515017, -0.06222290937, -0.05793273429, -0.05355941566], "AUX_ENDO_LEAD_85": [0, -0.04321826911, -0.05217992454, -0.06047439647, -0.06738932465, -0.07297583697, -0.07728132746, -0.08030810041, -0.08213946015, -0.08286684149, -0.08259415609, -0.08143558115, -0.07950742655, -0.07692558884, -0.07380268213, -0.07024581226, -0.06635515017, -0.06222290937, -0.05793273429, -0.05355941566, -0.04916885659], "AUX_ENDO_LEAD_112": [0, -0.02992253693, -0.06546952994, -0.09662874911, -0.1200234137, -0.1352490636, -0.1431253426, -0.1448860368, -0.1418138902, -0.1350874776, -0.1257278152, -0.1145897681, -0.102372601, -0.08963754741, -0.07682685215, -0.06428192321, -0.05225968956, -0.04094693588, -0.03047267922, -0.02091876479, -0.01232888923], "AUX_ENDO_LEAD_116": [0, -0.06546952994, -0.09662874911, -0.1200234137, -0.1352490636, -0.1431253426, -0.1448860368, -0.1418138902, -0.1350874776, -0.1257278152, -0.1145897681, -0.102372601, -0.08963754741, -0.07682685215, -0.06428192321, -0.05225968956, -0.04094693588, -0.03047267922, -0.02091876479, -0.01232888923, -0.00471625586], "AUX_ENDO_LEAD_120": [0, -0.09662874911, -0.1200234137, -0.1352490636, -0.1431253426, -0.1448860368, -0.1418138902, -0.1350874776, -0.1257278152, -0.1145897681, -0.102372601, -0.08963754741, -0.07682685215, -0.06428192321, -0.05225968956, -0.04094693588, -0.03047267922, -0.02091876479, -0.01232888923, -0.00471625586, 0.001929952211], "AUX_ENDO_LEAD_147": [0, -0.02992253693, -0.06546952994, -0.09662874911, -0.1200234137, -0.1352490636, -0.1431253426, -0.1448860368, -0.1418138902, -0.1350874776, -0.1257278152, -0.1145897681, -0.102372601, -0.08963754741, -0.07682685215, -0.06428192321, -0.05225968956, -0.04094693588, -0.03047267922, -0.02091876479, -0.01232888923], "AUX_ENDO_LEAD_151": [0, -0.06546952994, -0.09662874911, -0.1200234137, -0.1352490636, -0.1431253426, -0.1448860368, -0.1418138902, -0.1350874776, -0.1257278152, -0.1145897681, -0.102372601, -0.08963754741, -0.07682685215, -0.06428192321, -0.05225968956, -0.04094693588, -0.03047267922, -0.02091876479, -0.01232888923, -0.00471625586], "AUX_ENDO_LEAD_155": [0, -0.09662874911, -0.1200234137, -0.1352490636, -0.1431253426, -0.1448860368, -0.1418138902, -0.1350874776, -0.1257278152, -0.1145897681, -0.102372601, -0.08963754741, -0.07682685215, -0.06428192321, -0.05225968956, -0.04094693588, -0.03047267922, -0.02091876479, -0.01232888923, -0.00471625586, 0.001929952211], "AUX_ENDO_LEAD_192": [0, -0.003835385738, -0.006386564786, -0.008922128817, -0.01118660249, -0.01322043929, -0.01497249288, -0.01642383431, -0.01757050764, -0.01841712272, -0.01897688075, -0.01926880391, -0.01931591218, -0.01914373359, -0.01877905998, -0.01824897587, -0.01758010404, -0.01679803471, -0.01592690829, -0.01498912448, -0.01400515475], "AUX_ENDO_LEAD_193": [0, -0.02992253693, -0.06546952994, -0.09662874911, -0.1200234137, -0.1352490636, -0.1431253426, -0.1448860368, -0.1418138902, -0.1350874776, -0.1257278152, -0.1145897681, -0.102372601, -0.08963754741, -0.07682685215, -0.06428192321, -0.05225968956, -0.04094693588, -0.03047267922, -0.02091876479, -0.01232888923],