{"interest_": {"p": [0, -0.003579945658, -0.01035096447, -0.02075597726, -0.03461605667, -0.05136505099, -0.07078741199, -0.0924310775, -0.115851148, -0.1406090939, -0.1662595897, -0.1923782688, -0.2185664666, -0.244457465, -0.2697219783, -0.2940708667, -0.3172567834, -0.3390745977, -0.359360773, -0.3779919471, -0.3948828512], "x": [0, -0.00853383947, -0.01843943426, -0.03206911255, -0.0489436688, -0.06835296488, -0.09007166812, -0.1136063103, -0.1384970975, -0.1643054665, -0.1905970629, -0.2169681642, -0.2430479202, -0.2685026796, -0.2930398026, -0.3164089181, -0.3384023421, -0.3588544697, -0.3776403025, -0.3946733396, -0.4099029543], "ytilde": [0, -7.037422183e-18, -0.03572885847, -0.07980177627, -0.1202987669, -0.1526589315, -0.1757540539, -0.1899822375, -0.1963627755, -0.1961096435, -0.1904367173, -0.180474554, -0.1672392536, -0.1516253854, -0.1344094921, -0.1162578166, -0.09773538767, -0.07931520995, -0.06138706631, -0.0442657806, -0.02819892885], "ypsilon": [0, -0.002078158454, -0.004911481532, -0.008183554701, -0.01144181661, -0.01435805649, -0.01697964139, -0.01923416879, -0.02108921532, -0.02253140199, -0.02355910567, -0.02418314369, -0.02442363179, -0.02430784444, -0.02386833345, -0.02314123176, -0.0221648134, -0.02097826787, -0.01962067217, -0.01813014266, -0.01654314867], "f": [0, 0.9902248046, 0.8250030721, 0.6790698592, 0.5510088635, 0.4387059388, 0.3405165721, 0.2549483676, 0.1806890724, 0.1166220139, 0.06176743676, 0.01525972352, -0.02367699866, -0.05574982514, -0.08161147988, -0.1018712564, -0.117102629, -0.1278482215, -0.1346228581, -0.137915175, -0.1381882232], "infl": [0, -0.01431978263, -0.02708407526, -0.04162005114, -0.05544031764, -0.06699597731, -0.07768944397, -0.08657466205, -0.09368028191, -0.09903178369, -0.1026019832, -0.1044747163, -0.1047527912, -0.1035639937, -0.1010580532, -0.09739555381, -0.09274366677, -0.08727125703, -0.08114470125, -0.07452469649, -0.06756361654], "rho": [0, 0.1066533089, 0.08388691959, 0.0643185145, 0.04756372294, 0.03330269499, 0.0212253778, 0.01107873139, 0.002639983436, -0.004287038382, -0.00987481427, -0.01427773845, -0.01763499478, -0.02007304453, -0.02170757634, -0.0226448676, -0.02298279955, -0.02281158523, -0.02221428686, -0.02126718999, -0.02004008078], "interest": [0, 0.9902248046, 0.8250030721, 0.6790698592, 0.5510088635, 0.4387059388, 0.3405165721, 0.2549483676, 0.1806890724, 0.1166220139, 0.06176743676, 0.01525972352, -0.02367699866, -0.05574982514, -0.08161147988, -0.1018712564, -0.117102629, -0.1278482215, -0.1346228581, -0.137915175, -0.1381882232], "inflation": [0, -0.003579945658, -0.01035096447, -0.02075597726, -0.03461605667, -0.04778510534, -0.06043644751, -0.07167510024, -0.08123509131, -0.08924404291, -0.09547217772, -0.09994719127, -0.1027153186, -0.1038483711, -0.1034623886, -0.101692598, -0.09869031685, -0.09461713269, -0.08963879471, -0.08392108039, -0.07762606783], "inflationq": [0, -0.01431978263, -0.02708407526, -0.04162005114, -0.05544031764, -0.06699597731, -0.07768944397, -0.08657466205, -0.09368028191, -0.09903178369, -0.1026019832, -0.1044747163, -0.1047527912, -0.1035639937, -0.1010580532, -0.09739555381, -0.09274366677, -0.08727125703, -0.08114470125, -0.07452469649, -0.06756361654], "outputgap": [0, -5.521161625e-18, -0.03572885847, -0.07980177627, -0.1202987669, -0.1526589315, -0.1757540539, -0.1899822375, -0.1963627755, -0.1961096435, -0.1904367173, -0.180474554, -0.1672392536, -0.1516253854, -0.1344094921, -0.1162578166, -0.09773538767, -0.07931520995, -0.06138706631, -0.0442657806, -0.02819892885], "output": [0, -5.521161625e-18, -0.03572885847, -0.07980177627, -0.1202987669, -0.1526589315, -0.1757540539, -0.1899822375, -0.1963627755, -0.1961096435, -0.1904367173, -0.180474554, -0.1672392536, -0.1516253854, -0.1344094921, -0.1162578166, -0.09773538767, -0.07931520995, -0.06138706631, -0.0442657806, -0.02819892885], "AUX_ENDO_LEAD_77": [0, -0.02708407526, -0.04162005114, -0.05544031764, -0.06699597731, -0.07768944397, -0.08657466205, -0.09368028191, -0.09903178369, -0.1026019832, -0.1044747163, -0.1047527912, -0.1035639937, -0.1010580532, -0.09739555381, -0.09274366677, -0.08727125703, -0.08114470125, -0.07452469649, -0.06756361654, -0.06040347269], "AUX_ENDO_LEAD_81": [0, -0.04162005114, -0.05544031764, -0.06699597731, -0.07768944397, -0.08657466205, -0.09368028191, -0.09903178369, -0.1026019832, -0.1044747163, -0.1047527912, -0.1035639937, -0.1010580532, -0.09739555381, -0.09274366677, -0.08727125703, -0.08114470125, -0.07452469649, -0.06756361654, -0.06040347269, -0.05317440653], "AUX_ENDO_LEAD_85": [0, -0.05544031764, -0.06699597731, -0.07768944397, -0.08657466205, -0.09368028191, -0.09903178369, -0.1026019832, -0.1044747163, -0.1047527912, -0.1035639937, -0.1010580532, -0.09739555381, -0.09274366677, -0.08727125703, -0.08114470125, -0.07452469649, -0.06756361654, -0.06040347269, -0.05317440653, -0.04599364094], "AUX_ENDO_LEAD_112": [0, -0.03572885847, -0.07980177627, -0.1202987669, -0.1526589315, -0.1757540539, -0.1899822375, -0.1963627755, -0.1961096435, -0.1904367173, -0.180474554, -0.1672392536, -0.1516253854, -0.1344094921, -0.1162578166, -0.09773538767, -0.07931520995, -0.06138706631, -0.0442657806, -0.02819892885, -0.01337403766], "AUX_ENDO_LEAD_116": [0, -0.07980177627, -0.1202987669, -0.1526589315, -0.1757540539, -0.1899822375, -0.1963627755, -0.1961096435, -0.1904367173, -0.180474554, -0.1672392536, -0.1516253854, -0.1344094921, -0.1162578166, -0.09773538767, -0.07931520995, -0.06138706631, -0.0442657806, -0.02819892885, -0.01337403766, 7.468165829e-05], "AUX_ENDO_LEAD_120": [0, -0.1202987669, -0.1526589315, -0.1757540539, -0.1899822375, -0.1963627755, -0.1961096435, -0.1904367173, -0.180474554, -0.1672392536, -0.1516253854, -0.1344094921, -0.1162578166, -0.09773538767, -0.07931520995, -0.06138706631, -0.0442657806, -0.02819892885, -0.01337403766, 7.468165829e-05, 0.01206002042], "AUX_ENDO_LEAD_147": [0, -0.03572885847, -0.07980177627, -0.1202987669, -0.1526589315, -0.1757540539, -0.1899822375, -0.1963627755, -0.1961096435, -0.1904367173, -0.180474554, -0.1672392536, -0.1516253854, -0.1344094921, -0.1162578166, -0.09773538767, -0.07931520995, -0.06138706631, -0.0442657806, -0.02819892885, -0.01337403766], "AUX_ENDO_LEAD_151": [0, -0.07980177627, -0.1202987669, -0.1526589315, -0.1757540539, -0.1899822375, -0.1963627755, -0.1961096435, -0.1904367173, -0.180474554, -0.1672392536, -0.1516253854, -0.1344094921, -0.1162578166, -0.09773538767, -0.07931520995, -0.06138706631, -0.0442657806, -0.02819892885, -0.01337403766, 7.468165829e-05], "AUX_ENDO_LEAD_155": [0, -0.1202987669, -0.1526589315, -0.1757540539, -0.1899822375, -0.1963627755, -0.1961096435, -0.1904367173, -0.180474554, -0.1672392536, -0.1516253854, -0.1344094921, -0.1162578166, -0.09773538767, -0.07931520995, -0.06138706631, -0.0442657806, -0.02819892885, -0.01337403766, 7.468165829e-05, 0.01206002042], "AUX_ENDO_LEAD_192": [0, -0.004911481532, -0.008183554701, -0.01144181661, -0.01435805649, -0.01697964139, -0.01923416879, -0.02108921532, -0.02253140199, -0.02355910567, -0.02418314369, -0.02442363179, -0.02430784444, -0.02386833345, -0.02314123176, -0.0221648134, -0.02097826787, -0.01962067217, -0.01813014266, -0.01654314867, -0.01489397122], "AUX_ENDO_LEAD_193": [0, -0.03572885847, -0.07980177627, -0.1202987669, -0.1526589315, -0.1757540539, -0.1899822375, -0.1963627755, -0.1961096435, -0.1904367173, -0.180474554, -0.1672392536, -0.1516253854, -0.1344094921, -0.1162578166, -0.09773538767, -0.07931520995, -0.06138706631, -0.0442657806, -0.02819892885, -0.01337403766], "AUX_ENDO_LEAD_198": [0, -0.008183554701, -0.01144181661, -0.01435805649, -0.01697964139, -0.01923416879, -0.02108921532, -0.02253140199, -0.02355910567, -0.02418314369, -0.02442363179, -0.02430784444, -0.02386833345, -0.02314123176, -0.0221648134, -0.02097826787, -0.01962067217, -0.01813014266, -0.01654314867, -0.01489397122, -0.01321429141],