{"interest_": {"p": [0, -0.0006973883429, -0.002002205978, -0.003965901872, -0.006502648877, -0.009443466079, -0.01269020278, -0.01610859337, -0.0195799291, -0.02300284009, -0.02629075769, -0.02937604208, -0.03220882184, -0.0347556785, -0.0369980183, -0.03892993895, -0.04055606077, -0.04188938135, -0.04294924068, -0.04375946965, -0.04434675181], "x": [0, -0.001662427516, -0.003558216793, -0.006087315138, -0.009093078481, -0.01237689057, -0.01584540231, -0.01936843007, -0.02283928545, -0.02617223598, -0.02929775211, -0.0321654134, -0.03474169869, -0.0370080365, -0.03895880961, -0.04059905123, -0.04194225261, -0.04300829638, -0.04382156934, -0.04440930146, -0.04480014157], "ytilde": [0, 6.286425117e-18, -0.01828728981, -0.03693981888, -0.050002487, -0.05654722239, -0.057525019, -0.05438989064, -0.04854615593, -0.04115988297, -0.0331249957, -0.02508883796, -0.01749513854, -0.01062753587, -0.004647677246, 0.0003734593924, 0.004430578444, 0.007564447427, 0.009846639047, 0.01136775846, 0.0122284452], "ypsilon": [0, -0.000404833933, -0.0009485310432, -0.00155358526, -0.002115672131, -0.002560290585, -0.002894722705, -0.003110717376, -0.003213111718, -0.00321332626, -0.003125956306, -0.002967441347, -0.002754473938, -0.002502997339, -0.002227555748, -0.001940903003, -0.001653818331, -0.001375069585, -0.00111148099, -0.0008680716804, -0.0006482387092], "f": [0, 0.9818089723, 0.6645085089, 0.4382455238, 0.276731453, 0.1618933762, 0.08065209176, 0.02393808936, -0.01476391489, -0.04018357867, -0.05577979207, -0.06413187965, -0.06718682366, -0.06643166274, -0.0630131596, -0.0578199598, -0.0515409918, -0.04470762051, -0.03772488064, -0.03089539194, -0.02443823188], "infl": [0, -0.002789553372, -0.005219270541, -0.007854783574, -0.01014698802, -0.01176326881, -0.01298694682, -0.01367356233, -0.01388534294, -0.01369164394, -0.01315167041, -0.01234113756, -0.01133111902, -0.01018742665, -0.008969359186, -0.007727682599, -0.006504487301, -0.005333282293, -0.004239437354, -0.003240915869, -0.002349128651], "rho": [0, 0.05458892481, 0.03127794186, 0.01525080809, 0.004422265498, -0.00267954591, -0.007118542632, -0.00965464755, -0.01084159955, -0.01108583276, -0.01068718087, -0.009868394033, -0.008795084869, -0.007589977065, -0.006343168903, -0.0051196112, -0.003964714668, -0.002908639797, -0.001969651213, -0.001156793374, -0.0004720566261], "interest": [0, 0.9818089723, 0.6645085089, 0.4382455238, 0.276731453, 0.1618933762, 0.08065209176, 0.02393808936, -0.01476391489, -0.04018357867, -0.05577979207, -0.06413187965, -0.06718682366, -0.06643166274, -0.0630131596, -0.0578199598, -0.0515409918, -0.04470762051, -0.03772488064, -0.03089539194, -0.02443823188], "inflation": [0, -0.0006973883429, -0.002002205978, -0.003965901872, -0.006502648877, -0.008746077736, -0.01068799681, -0.0121426915, -0.01307728022, -0.01355937401, -0.01360055491, -0.01326744871, -0.01262889274, -0.01175283841, -0.01070726061, -0.009553896865, -0.008347238935, -0.007133702845, -0.005951222387, -0.004829530704, -0.003790691042], "inflationq": [0, -0.002789553372, -0.005219270541, -0.007854783574, -0.01014698802, -0.01176326881, -0.01298694682, -0.01367356233, -0.01388534294, -0.01369164394, -0.01315167041, -0.01234113756, -0.01133111902, -0.01018742665, -0.008969359186, -0.007727682599, -0.006504487301, -0.005333282293, -0.004239437354, -0.003240915869, -0.002349128651], "outputgap": [0, 5.381826985e-18, -0.01828728981, -0.03693981888, -0.050002487, -0.05654722239, -0.057525019, -0.05438989064, -0.04854615593, -0.04115988297, -0.0331249957, -0.02508883796, -0.01749513854, -0.01062753587, -0.004647677246, 0.0003734593924, 0.004430578444, 0.007564447427, 0.009846639047, 0.01136775846, 0.0122284452], "output": [0, 5.381826985e-18, -0.01828728981, -0.03693981888, -0.050002487, -0.05654722239, -0.057525019, -0.05438989064, -0.04854615593, -0.04115988297, -0.0331249957, -0.02508883796, -0.01749513854, -0.01062753587, -0.004647677246, 0.0003734593924, 0.004430578444, 0.007564447427, 0.009846639047, 0.01136775846, 0.0122284452], "AUX_ENDO_LEAD_77": [0, -0.005219270541, -0.007854783574, -0.01014698802, -0.01176326881, -0.01298694682, -0.01367356233, -0.01388534294, -0.01369164394, -0.01315167041, -0.01234113756, -0.01133111902, -0.01018742665, -0.008969359186, -0.007727682599, -0.006504487301, -0.005333282293, -0.004239437354, -0.003240915869, -0.002349128651, -0.001569858707], "AUX_ENDO_LEAD_81": [0, -0.007854783574, -0.01014698802, -0.01176326881, -0.01298694682, -0.01367356233, -0.01388534294, -0.01369164394, -0.01315167041, -0.01234113756, -0.01133111902, -0.01018742665, -0.008969359186, -0.007727682599, -0.006504487301, -0.005333282293, -0.004239437354, -0.003240915869, -0.002349128651, -0.001569858707, -0.0009041996702], "AUX_ENDO_LEAD_85": [0, -0.01014698802, -0.01176326881, -0.01298694682, -0.01367356233, -0.01388534294, -0.01369164394, -0.01315167041, -0.01234113756, -0.01133111902, -0.01018742665, -0.008969359186, -0.007727682599, -0.006504487301, -0.005333282293, -0.004239437354, -0.003240915869, -0.002349128651, -0.001569858707, -0.0009041996702, -0.0003494645278], "AUX_ENDO_LEAD_112": [0, -0.01828728981, -0.03693981888, -0.050002487, -0.05654722239, -0.057525019, -0.05438989064, -0.04854615593, -0.04115988297, -0.0331249957, -0.02508883796, -0.01749513854, -0.01062753587, -0.004647677246, 0.0003734593924, 0.004430578444, 0.007564447427, 0.009846639047, 0.01136775846, 0.0122284452, 0.01253258821], "AUX_ENDO_LEAD_116": [0, -0.03693981888, -0.050002487, -0.05654722239, -0.057525019, -0.05438989064, -0.04854615593, -0.04115988297, -0.0331249957, -0.02508883796, -0.01749513854, -0.01062753587, -0.004647677246, 0.0003734593924, 0.004430578444, 0.007564447427, 0.009846639047, 0.01136775846, 0.0122284452, 0.01253258821, 0.01238231261], "AUX_ENDO_LEAD_120": [0, -0.050002487, -0.05654722239, -0.057525019, -0.05438989064, -0.04854615593, -0.04115988297, -0.0331249957, -0.02508883796, -0.01749513854, -0.01062753587, -0.004647677246, 0.0003734593924, 0.004430578444, 0.007564447427, 0.009846639047, 0.01136775846, 0.0122284452, 0.01253258821, 0.01238231261, 0.01187438853], "AUX_ENDO_LEAD_147": [0, -0.01828728981, -0.03693981888, -0.050002487, -0.05654722239, -0.057525019, -0.05438989064, -0.04854615593, -0.04115988297, -0.0331249957, -0.02508883796, -0.01749513854, -0.01062753587, -0.004647677246, 0.0003734593924, 0.004430578444, 0.007564447427, 0.009846639047, 0.01136775846, 0.0122284452, 0.01253258821], "AUX_ENDO_LEAD_151": [0, -0.03693981888, -0.050002487, -0.05654722239, -0.057525019, -0.05438989064, -0.04854615593, -0.04115988297, -0.0331249957, -0.02508883796, -0.01749513854, -0.01062753587, -0.004647677246, 0.0003734593924, 0.004430578444, 0.007564447427, 0.009846639047, 0.01136775846, 0.0122284452, 0.01253258821, 0.01238231261], "AUX_ENDO_LEAD_155": [0, -0.050002487, -0.05654722239, -0.057525019, -0.05438989064, -0.04854615593, -0.04115988297, -0.0331249957, -0.02508883796, -0.01749513854, -0.01062753587, -0.004647677246, 0.0003734593924, 0.004430578444, 0.007564447427, 0.009846639047, 0.01136775846, 0.0122284452, 0.01253258821, 0.01238231261, 0.01187438853], "AUX_ENDO_LEAD_192": [0, -0.0009485310432, -0.00155358526, -0.002115672131, -0.002560290585, -0.002894722705, -0.003110717376, -0.003213111718, -0.00321332626, -0.003125956306, -0.002967441347, -0.002754473938, -0.002502997339, -0.002227555748, -0.001940903003, -0.001653818331, -0.001375069585, -0.00111148099, -0.0008680716804, -0.0006482387092, -0.0004539644892], "AUX_ENDO_LEAD_193": [0, -0.01828728981, -0.03693981888, -0.050002487, -0.05654722239, -0.057525019, -0.05438989064, -0.04854615593, -0.04115988297, -0.0331249957, -0.02508883796, -0.01749513854, -0.01062753587, -0.004647677246, 0.0003734593924, 0.004430578444, 0.007564447427, 0.009846639047, 0.01136775846, 0.0122284452, 0.01253258821],