{"interest_": {"p": [0, -0.001080474491, -0.003113132567, -0.006205187792, -0.01026521582, -0.01508095062, -0.02054982704, -0.02650694831, -0.03280100146, -0.03929467816, -0.04586002144, -0.05238531731, -0.05877463889, -0.06494769382, -0.07083947502, -0.07639921901, -0.08158925101, -0.08638370218, -0.09076716309, -0.09473334426, -0.09828377129], "x": [0, -0.002575624531, -0.005539222046, -0.009556693415, -0.01443840774, -0.01992956161, -0.02593151536, -0.03227717965, -0.03882233127, -0.04544103068, -0.05201885929, -0.05845887923, -0.06468019109, -0.07061717271, -0.07621872426, -0.08144696477, -0.08627592555, -0.09069019312, -0.09468354385, -0.09825762502, -0.1014206983], "ytilde": [0, -4.782473686e-17, -0.01971027189, -0.04028666215, -0.05554878825, -0.06448847331, -0.06796379674, -0.06730189643, -0.06376495753, -0.05838476073, -0.05194520961, -0.04501678798, -0.0380018899, -0.03117635033, -0.02472298517, -0.01875709643, -0.01334531031, -0.008519296389, -0.004285717739, -0.0006334673542, 0.002461031611], "ypsilon": [0, -0.0006272154418, -0.001476008024, -0.002438864567, -0.003367698377, -0.004156892176, -0.004821026356, -0.00534424769, -0.005726193633, -0.005973698145, -0.006097120468, -0.006109579288, -0.006025442379, -0.005859418819, -0.005625936421, -0.005338710356, -0.00501047182, -0.004652807062, -0.004276076257, -0.003889389776, -0.003500625136], "f": [0, 0.9992878709, 0.6540975491, 0.4227832493, 0.2663268165, 0.1599831113, 0.08735838039, 0.03770973345, 0.003881727774, -0.01898557895, -0.03415069403, -0.0438489557, -0.04962732184, -0.05256842258, -0.05344414337, -0.05281397004, -0.05109108976, -0.04858648566, -0.04553826749, -0.0421314815, -0.03851156337], "infl": [0, -0.004321897963, -0.008130632306, -0.0123682209, -0.01624011212, -0.01926293919, -0.0218755057, -0.02382848508, -0.02517621259, -0.02597470677, -0.02626137313, -0.0261011835, -0.0255572863, -0.02469221974, -0.02356712477, -0.02223897596, -0.02076012803, -0.01917780466, -0.01753384366, -0.01586472466, -0.01420170814], "rho": [0, 0.05883663251, 0.03512208574, 0.01933849363, 0.008846371936, 0.001927787341, -0.0025704834, -0.005414417122, -0.007121926201, -0.00804638522, -0.008429439705, -0.008438937934, -0.008192619647, -0.007774057586, -0.00724337658, -0.00664433181, -0.006009094055, -0.005361489279, -0.004719210461, -0.004095352152, -0.003499491621], "interest": [0, 0.9992878709, 0.6540975491, 0.4227832493, 0.2663268165, 0.1599831113, 0.08735838039, 0.03770973345, 0.003881727774, -0.01898557895, -0.03415069403, -0.0438489557, -0.04962732184, -0.05256842258, -0.05344414337, -0.05281397004, -0.05109108976, -0.04858648566, -0.04553826749, -0.0421314815, -0.03851156337], "inflation": [0, -0.001080474491, -0.003113132567, -0.006205187792, -0.01026521582, -0.01400047613, -0.01743669448, -0.02030176052, -0.02253578564, -0.02421372754, -0.0253101944, -0.025878369, -0.02597363743, -0.02565301567, -0.02497945358, -0.02401390169, -0.02281461212, -0.02143600836, -0.01992768808, -0.01833412525, -0.01669452028], "inflationq": [0, -0.004321897963, -0.008130632306, -0.0123682209, -0.01624011212, -0.01926293919, -0.0218755057, -0.02382848508, -0.02517621259, -0.02597470677, -0.02626137313, -0.0261011835, -0.0255572863, -0.02469221974, -0.02356712477, -0.02223897596, -0.02076012803, -0.01917780466, -0.01753384366, -0.01586472466, -0.01420170814], "outputgap": [0, 6.916000656e-18, -0.01971027189, -0.04028666215, -0.05554878825, -0.06448847331, -0.06796379674, -0.06730189643, -0.06376495753, -0.05838476073, -0.05194520961, -0.04501678798, -0.0380018899, -0.03117635033, -0.02472298517, -0.01875709643, -0.01334531031, -0.008519296389, -0.004285717739, -0.0006334673542, 0.002461031611], "output": [0, 6.465431476e-18, -0.01971027189, -0.04028666215, -0.05554878825, -0.06448847331, -0.06796379674, -0.06730189643, -0.06376495753, -0.05838476073, -0.05194520961, -0.04501678798, -0.0380018899, -0.03117635033, -0.02472298517, -0.01875709643, -0.01334531031, -0.008519296389, -0.004285717739, -0.0006334673542, 0.002461031611], "AUX_ENDO_LEAD_77": [0, -0.008130632306, -0.0123682209, -0.01624011212, -0.01926293919, -0.0218755057, -0.02382848508, -0.02517621259, -0.02597470677, -0.02626137313, -0.0261011835, -0.0255572863, -0.02469221974, -0.02356712477, -0.02223897596, -0.02076012803, -0.01917780466, -0.01753384366, -0.01586472466, -0.01420170814, -0.01257107983], "AUX_ENDO_LEAD_81": [0, -0.0123682209, -0.01624011212, -0.01926293919, -0.0218755057, -0.02382848508, -0.02517621259, -0.02597470677, -0.02626137313, -0.0261011835, -0.0255572863, -0.02469221974, -0.02356712477, -0.02223897596, -0.02076012803, -0.01917780466, -0.01753384366, -0.01586472466, -0.01420170814, -0.01257107983, -0.01099446546], "AUX_ENDO_LEAD_85": [0, -0.01624011212, -0.01926293919, -0.0218755057, -0.02382848508, -0.02517621259, -0.02597470677, -0.02626137313, -0.0261011835, -0.0255572863, -0.02469221974, -0.02356712477, -0.02223897596, -0.02076012803, -0.01917780466, -0.01753384366, -0.01586472466, -0.01420170814, -0.01257107983, -0.01099446546, -0.009489187254], "AUX_ENDO_LEAD_112": [0, -0.01971027189, -0.04028666215, -0.05554878825, -0.06448847331, -0.06796379674, -0.06730189643, -0.06376495753, -0.05838476073, -0.05194520961, -0.04501678798, -0.0380018899, -0.03117635033, -0.02472298517, -0.01875709643, -0.01334531031, -0.008519296389, -0.004285717739, -0.0006334673542, 0.002461031611, 0.005029905156], "AUX_ENDO_LEAD_116": [0, -0.04028666215, -0.05554878825, -0.06448847331, -0.06796379674, -0.06730189643, -0.06376495753, -0.05838476073, -0.05194520961, -0.04501678798, -0.0380018899, -0.03117635033, -0.02472298517, -0.01875709643, -0.01334531031, -0.008519296389, -0.004285717739, -0.0006334673542, 0.002461031611, 0.005029905156, 0.007110896353], "AUX_ENDO_LEAD_120": [0, -0.05554878825, -0.06448847331, -0.06796379674, -0.06730189643, -0.06376495753, -0.05838476073, -0.05194520961, -0.04501678798, -0.0380018899, -0.03117635033, -0.02472298517, -0.01875709643, -0.01334531031, -0.008519296389, -0.004285717739, -0.0006334673542, 0.002461031611, 0.005029905156, 0.007110896353, 0.008745149723], "AUX_ENDO_LEAD_147": [0, -0.01971027189, -0.04028666215, -0.05554878825, -0.06448847331, -0.06796379674, -0.06730189643, -0.06376495753, -0.05838476073, -0.05194520961, -0.04501678798, -0.0380018899, -0.03117635033, -0.02472298517, -0.01875709643, -0.01334531031, -0.008519296389, -0.004285717739, -0.0006334673542, 0.002461031611, 0.005029905156], "AUX_ENDO_LEAD_151": [0, -0.04028666215, -0.05554878825, -0.06448847331, -0.06796379674, -0.06730189643, -0.06376495753, -0.05838476073, -0.05194520961, -0.04501678798, -0.0380018899, -0.03117635033, -0.02472298517, -0.01875709643, -0.01334531031, -0.008519296389, -0.004285717739, -0.0006334673542, 0.002461031611, 0.005029905156, 0.007110896353], "AUX_ENDO_LEAD_155": [0, -0.05554878825, -0.06448847331, -0.06796379674, -0.06730189643, -0.06376495753, -0.05838476073, -0.05194520961, -0.04501678798, -0.0380018899, -0.03117635033, -0.02472298517, -0.01875709643, -0.01334531031, -0.008519296389, -0.004285717739, -0.0006334673542, 0.002461031611, 0.005029905156, 0.007110896353, 0.008745149723], "AUX_ENDO_LEAD_192": [0, -0.001476008024, -0.002438864567, -0.003367698377, -0.004156892176, -0.004821026356, -0.00534424769, -0.005726193633, -0.005973698145, -0.006097120468, -0.006109579288, -0.006025442379, -0.005859418819, -0.005625936421, -0.005338710356, -0.00501047182, -0.004652807062, -0.004276076257, -0.003889389776, -0.003500625136, -0.003116472551], "AUX_ENDO_LEAD_193": [0, -0.01971027189, -0.04028666215, -0.05554878825, -0.06448847331, -0.06796379674, -0.06730189643, -0.06376495753, -0.05838476073, -0.05194520961, -0.04501678798, -0.0380018899, -0.03117635033, -0.02472298517, -0.01875709643, -0.01334531031, -0.008519296389, -0.004285717739, -0.0006334673542, 0.002461031611, 0.005029905156],