{"interest_": {"p": [0, -0.0001439205178, -0.0004105294975, -0.0008048127716, -0.001306955557, -0.001883707751, -0.002520222147, -0.003196649123, -0.003896852065, -0.004607806826, -0.005318281444, -0.006019236705, -0.006703430396, -0.007365165036, -0.008000104416, -0.00860506686, -0.009177852349, -0.009717088592, -0.0102220934, -0.01069275451, -0.0111294244], "x": [0, -0.0003430763238, -0.0007279537646, -0.001228390165, -0.001816393979, -0.002456946894, -0.003138999477, -0.003844831572, -0.00456074032, -0.005275984626, -0.005981358672, -0.006669624914, -0.007335114886, -0.007973493514, -0.008581595037, -0.009157235371, -0.009699058023, -0.01020639777, -0.01067915925, -0.01111771172, -0.01152279719], "ytilde": [0, -5.445578725e-18, -0.007380068386, -0.009951084902, -0.01028179761, -0.009619927858, -0.008567440976, -0.007410402816, -0.006280890636, -0.005236078583, -0.0042969528, -0.003467279156, -0.002742866968, -0.002116094273, -0.001578108043, -0.001119882568, -0.0007327177112, -0.0004084612233, -0.0001395950509, 8.074540649e-05, 0.0002587849885], "ypsilon": [0, -8.35458606e-05, -0.0001942007346, -0.0003135179027, -0.0004209895269, -0.0005041315756, -0.0005679492019, -0.0006134993558, -0.000643048208, -0.0006590172164, -0.0006635984573, -0.0006588064327, -0.0006464293859, -0.0006280329281, -0.0006049751938, -0.0005784237274, -0.0005493743062, -0.0005186693395, -0.0004870152521, -0.0004549986129, -0.0004231008996], "f": [0, 0.9890761488, -0.01143034694, -0.01149077315, -0.01126585522, -0.01086523916, -0.01037999195, -0.009834627648, -0.009257323496, -0.008665686526, -0.00807103033, -0.007482718408, -0.006907552728, -0.00635067642, -0.005815973957, -0.00530624443, -0.004823418876, -0.004368708075, -0.003942725764, -0.003545596979, -0.003177049111], "infl": [0, -0.0005756820713, -0.001066435919, -0.001577133096, -0.002008571142, -0.002307008777, -0.002546057581, -0.002705707906, -0.002800811766, -0.002843819044, -0.002841898474, -0.002803821044, -0.002736774764, -0.002646938558, -0.002539757522, -0.002419849775, -0.002291141957, -0.002156944969, -0.002020019223, -0.001882644469, -0.001746679529], "rho": [0, 0.02203005488, -0.002172758364, -0.001980746977, -0.001793210602, -0.001614069706, -0.001446441909, -0.001290745855, -0.001147169105, -0.001015510721, -0.0008953037879, -0.0007860061504, -0.0006870077131, -0.0005976675517, -0.0005173362681, -0.0004453665702, -0.0003811231727, -0.0003239894043, -0.0002733719181, -0.0002287041837, -0.000189448852], "interest": [0, 0.9890761488, -0.01143034694, -0.01149077315, -0.01126585522, -0.01086523916, -0.01037999195, -0.009834627648, -0.009257323496, -0.008665686526, -0.00807103033, -0.007482718408, -0.006907552728, -0.00635067642, -0.005815973957, -0.00530624443, -0.004823418876, -0.004368708075, -0.003942725764, -0.003545596979, -0.003177049111], "inflation": [0, -0.0001439205178, -0.0004105294975, -0.0008048127716, -0.001306955557, -0.001739787234, -0.002109692649, -0.002391836352, -0.002589896508, -0.002724099074, -0.002798059298, -0.002822587582, -0.002806578331, -0.00275735821, -0.002681822972, -0.002585830155, -0.002474421953, -0.002351923556, -0.002221988981, -0.002087687655, -0.001951572048], "inflationq": [0, -0.0005756820713, -0.001066435919, -0.001577133096, -0.002008571142, -0.002307008777, -0.002546057581, -0.002705707906, -0.002800811766, -0.002843819044, -0.002841898474, -0.002803821044, -0.002736774764, -0.002646938558, -0.002539757522, -0.002419849775, -0.002291141957, -0.002156944969, -0.002020019223, -0.001882644469, -0.001746679529], "outputgap": [0, 2.963224282e-19, -0.007380068386, -0.009951084902, -0.01028179761, -0.009619927858, -0.008567440976, -0.007410402816, -0.006280890636, -0.005236078583, -0.0042969528, -0.003467279156, -0.002742866968, -0.002116094273, -0.001578108043, -0.001119882568, -0.0007327177112, -0.0004084612233, -0.0001395950509, 8.074540649e-05, 0.0002587849885], "output": [0, 2.963224282e-19, -0.007380068386, -0.009951084902, -0.01028179761, -0.009619927858, -0.008567440976, -0.007410402816, -0.006280890636, -0.005236078583, -0.0042969528, -0.003467279156, -0.002742866968, -0.002116094273, -0.001578108043, -0.001119882568, -0.0007327177112, -0.0004084612233, -0.0001395950509, 8.074540649e-05, 0.0002587849885], "AUX_ENDO_LEAD_77": [0, -0.001066435919, -0.001577133096, -0.002008571142, -0.002307008777, -0.002546057581, -0.002705707906, -0.002800811766, -0.002843819044, -0.002841898474, -0.002803821044, -0.002736774764, -0.002646938558, -0.002539757522, -0.002419849775, -0.002291141957, -0.002156944969, -0.002020019223, -0.001882644469, -0.001746679529, -0.001613616839], "AUX_ENDO_LEAD_81": [0, -0.001577133096, -0.002008571142, -0.002307008777, -0.002546057581, -0.002705707906, -0.002800811766, -0.002843819044, -0.002841898474, -0.002803821044, -0.002736774764, -0.002646938558, -0.002539757522, -0.002419849775, -0.002291141957, -0.002156944969, -0.002020019223, -0.001882644469, -0.001746679529, -0.001613616839, -0.001484631877], "AUX_ENDO_LEAD_85": [0, -0.002008571142, -0.002307008777, -0.002546057581, -0.002705707906, -0.002800811766, -0.002843819044, -0.002841898474, -0.002803821044, -0.002736774764, -0.002646938558, -0.002539757522, -0.002419849775, -0.002291141957, -0.002156944969, -0.002020019223, -0.001882644469, -0.001746679529, -0.001613616839, -0.001484631877, -0.001360627268], "AUX_ENDO_LEAD_112": [0, -0.007380068386, -0.009951084902, -0.01028179761, -0.009619927858, -0.008567440976, -0.007410402816, -0.006280890636, -0.005236078583, -0.0042969528, -0.003467279156, -0.002742866968, -0.002116094273, -0.001578108043, -0.001119882568, -0.0007327177112, -0.0004084612233, -0.0001395950509, 8.074540649e-05, 0.0002587849885, 0.0004001383936], "AUX_ENDO_LEAD_116": [0, -0.009951084902, -0.01028179761, -0.009619927858, -0.008567440976, -0.007410402816, -0.006280890636, -0.005236078583, -0.0042969528, -0.003467279156, -0.002742866968, -0.002116094273, -0.001578108043, -0.001119882568, -0.0007327177112, -0.0004084612233, -0.0001395950509, 8.074540649e-05, 0.0002587849885, 0.0004001383936, 0.0005098471352], "AUX_ENDO_LEAD_120": [0, -0.01028179761, -0.009619927858, -0.008567440976, -0.007410402816, -0.006280890636, -0.005236078583, -0.0042969528, -0.003467279156, -0.002742866968, -0.002116094273, -0.001578108043, -0.001119882568, -0.0007327177112, -0.0004084612233, -0.0001395950509, 8.074540649e-05, 0.0002587849885, 0.0004001383936, 0.0005098471352, 0.0005924194302], "AUX_ENDO_LEAD_147": [0, -0.007380068386, -0.009951084902, -0.01028179761, -0.009619927858, -0.008567440976, -0.007410402816, -0.006280890636, -0.005236078583, -0.0042969528, -0.003467279156, -0.002742866968, -0.002116094273, -0.001578108043, -0.001119882568, -0.0007327177112, -0.0004084612233, -0.0001395950509, 8.074540649e-05, 0.0002587849885, 0.0004001383936], "AUX_ENDO_LEAD_151": [0, -0.009951084902, -0.01028179761, -0.009619927858, -0.008567440976, -0.007410402816, -0.006280890636, -0.005236078583, -0.0042969528, -0.003467279156, -0.002742866968, -0.002116094273, -0.001578108043, -0.001119882568, -0.0007327177112, -0.0004084612233, -0.0001395950509, 8.074540649e-05, 0.0002587849885, 0.0004001383936, 0.0005098471352], "AUX_ENDO_LEAD_155": [0, -0.01028179761, -0.009619927858, -0.008567440976, -0.007410402816, -0.006280890636, -0.005236078583, -0.0042969528, -0.003467279156, -0.002742866968, -0.002116094273, -0.001578108043, -0.001119882568, -0.0007327177112, -0.0004084612233, -0.0001395950509, 8.074540649e-05, 0.0002587849885, 0.0004001383936, 0.0005098471352, 0.0005924194302], "AUX_ENDO_LEAD_192": [0, -0.0001942007346, -0.0003135179027, -0.0004209895269, -0.0005041315756, -0.0005679492019, -0.0006134993558, -0.000643048208, -0.0006590172164, -0.0006635984573, -0.0006588064327, -0.0006464293859, -0.0006280329281, -0.0006049751938, -0.0005784237274, -0.0005493743062, -0.0005186693395, -0.0004870152521, -0.0004549986129, -0.0004231008996, -0.0003917119114],