{"interest_": {"p": [0, -0.002520213151, -0.007283364871, -0.01459317895, -0.02431382004, -0.036038713, -0.04961356465, -0.0647251387, -0.081073275, -0.09836971268, -0.1163274017, -0.1346781752, -0.1531740633, -0.1715897017, -0.1897243869, -0.2074024428, -0.2244731462, -0.2408101129, -0.256310265, -0.2708925302, -0.2844963403], "x": [0, -0.006007659477, -0.01297262751, -0.02253775091, -0.03435561233, -0.04792220859, -0.06308297444, -0.07950329649, -0.09688014608, -0.1149317773, -0.1333837623, -0.1519854622, -0.1705095424, -0.1887531519, -0.206539022, -0.2237150883, -0.2401538548, -0.25575136, -0.2704258347, -0.2841161821, -0.2967803264], "ytilde": [0, -4.778658597e-17, -0.0281889475, -0.06118125379, -0.08952374973, -0.1102590499, -0.1232874955, -0.1296136028, -0.1305455367, -0.1273512179, -0.1211314745, -0.112792069, -0.1030561927, -0.09249077287, -0.08153469485, -0.0705242077, -0.05971414062, -0.04929495841, -0.03940621033, -0.03014705027, -0.02158445886], "ypsilon": [0, -0.001462983734, -0.003455547977, -0.005751327802, -0.008029154924, -0.01005819606, -0.01187533366, -0.01343563197, -0.01472343997, -0.01573645313, -0.01647968735, -0.01696539405, -0.01721056893, -0.01723538873, -0.01706198868, -0.0167134741, -0.01621317276, -0.01558406539, -0.01484835881, -0.01402717246, -0.01314031464], "f": [0, 0.996090608, 0.772520744, 0.5808863555, 0.424147695, 0.2994829467, 0.2016523948, 0.1255971916, 0.06683739905, 0.02167577941, -0.01280890859, -0.03889833327, -0.05835696517, -0.07254711347, -0.08252519993, -0.08911632075, -0.09297163286, -0.09461142062, -0.09445699971, -0.0928542263, -0.09009071937], "infl": [0, -0.0100808526, -0.01905260688, -0.02923925631, -0.03888256436, -0.04689957184, -0.05429940659, -0.06044629621, -0.06539254521, -0.0691857507, -0.07183075591, -0.07340309417, -0.07398355223, -0.07366255391, -0.07253874075, -0.07071222369, -0.06828281328, -0.06534786688, -0.06200060855, -0.05832906081, -0.05441524015], "rho": [0, 0.08414611193, 0.06087118436, 0.04234896396, 0.02791346506, 0.01683512002, 0.008411439185, 0.002069257889, -0.002653754085, -0.006120676681, -0.008611356981, -0.01034149554, -0.01147716341, -0.01214673221, -0.0124501912, -0.01246612157, -0.01225693692, -0.0118727662, -0.01135431505, -0.01073497445, -0.01004237416], "interest": [0, 0.996090608, 0.772520744, 0.5808863555, 0.424147695, 0.2994829467, 0.2016523948, 0.1255971916, 0.06683739905, 0.02167577941, -0.01280890859, -0.03889833327, -0.05835696517, -0.07254711347, -0.08252519993, -0.08911632075, -0.09297163286, -0.09461142062, -0.09445699971, -0.0928542263, -0.09009071937], "inflation": [0, -0.002520213151, -0.007283364871, -0.01459317895, -0.02431382004, -0.03351849985, -0.04233019978, -0.05013195975, -0.05675945496, -0.06233099968, -0.06671383701, -0.0699530365, -0.07210078825, -0.07321998905, -0.07339698526, -0.07272426764, -0.07129908291, -0.06922041115, -0.0665858781, -0.06349008738, -0.0600231941], "inflationq": [0, -0.0100808526, -0.01905260688, -0.02923925631, -0.03888256436, -0.04689957184, -0.05429940659, -0.06044629621, -0.06539254521, -0.0691857507, -0.07183075591, -0.07340309417, -0.07398355223, -0.07366255391, -0.07253874075, -0.07071222369, -0.06828281328, -0.06534786688, -0.06200060855, -0.05832906081, -0.05441524015], "outputgap": [0, 1.728717941e-18, -0.0281889475, -0.06118125379, -0.08952374973, -0.1102590499, -0.1232874955, -0.1296136028, -0.1305455367, -0.1273512179, -0.1211314745, -0.112792069, -0.1030561927, -0.09249077287, -0.08153469485, -0.0705242077, -0.05971414062, -0.04929495841, -0.03940621033, -0.03014705027, -0.02158445886], "output": [0, -5.455294488e-18, -0.0281889475, -0.06118125379, -0.08952374973, -0.1102590499, -0.1232874955, -0.1296136028, -0.1305455367, -0.1273512179, -0.1211314745, -0.112792069, -0.1030561927, -0.09249077287, -0.08153469485, -0.0705242077, -0.05971414062, -0.04929495841, -0.03940621033, -0.03014705027, -0.02158445886], "AUX_ENDO_LEAD_77": [0, -0.01905260688, -0.02923925631, -0.03888256436, -0.04689957184, -0.05429940659, -0.06044629621, -0.06539254521, -0.0691857507, -0.07183075591, -0.07340309417, -0.07398355223, -0.07366255391, -0.07253874075, -0.07071222369, -0.06828281328, -0.06534786688, -0.06200060855, -0.05832906081, -0.05441524015, -0.05033463544], "AUX_ENDO_LEAD_81": [0, -0.02923925631, -0.03888256436, -0.04689957184, -0.05429940659, -0.06044629621, -0.06539254521, -0.0691857507, -0.07183075591, -0.07340309417, -0.07398355223, -0.07366255391, -0.07253874075, -0.07071222369, -0.06828281328, -0.06534786688, -0.06200060855, -0.05832906081, -0.05441524015, -0.05033463544, -0.0461559091], "AUX_ENDO_LEAD_85": [0, -0.03888256436, -0.04689957184, -0.05429940659, -0.06044629621, -0.06539254521, -0.0691857507, -0.07183075591, -0.07340309417, -0.07398355223, -0.07366255391, -0.07253874075, -0.07071222369, -0.06828281328, -0.06534786688, -0.06200060855, -0.05832906081, -0.05441524015, -0.05033463544, -0.0461559091, -0.04194076832], "AUX_ENDO_LEAD_112": [0, -0.0281889475, -0.06118125379, -0.08952374973, -0.1102590499, -0.1232874955, -0.1296136028, -0.1305455367, -0.1273512179, -0.1211314745, -0.112792069, -0.1030561927, -0.09249077287, -0.08153469485, -0.0705242077, -0.05971414062, -0.04929495841, -0.03940621033, -0.03014705027, -0.02158445886, -0.0137596971], "AUX_ENDO_LEAD_116": [0, -0.06118125379, -0.08952374973, -0.1102590499, -0.1232874955, -0.1296136028, -0.1305455367, -0.1273512179, -0.1211314745, -0.112792069, -0.1030561927, -0.09249077287, -0.08153469485, -0.0705242077, -0.05971414062, -0.04929495841, -0.03940621033, -0.03014705027, -0.02158445886, -0.0137596971, -0.006693411936], "AUX_ENDO_LEAD_120": [0, -0.08952374973, -0.1102590499, -0.1232874955, -0.1296136028, -0.1305455367, -0.1273512179, -0.1211314745, -0.112792069, -0.1030561927, -0.09249077287, -0.08153469485, -0.0705242077, -0.05971414062, -0.04929495841, -0.03940621033, -0.03014705027, -0.02158445886, -0.0137596971, -0.006693411936, -0.0003897173072], "AUX_ENDO_LEAD_147": [0, -0.0281889475, -0.06118125379, -0.08952374973, -0.1102590499, -0.1232874955, -0.1296136028, -0.1305455367, -0.1273512179, -0.1211314745, -0.112792069, -0.1030561927, -0.09249077287, -0.08153469485, -0.0705242077, -0.05971414062, -0.04929495841, -0.03940621033, -0.03014705027, -0.02158445886, -0.0137596971], "AUX_ENDO_LEAD_151": [0, -0.06118125379, -0.08952374973, -0.1102590499, -0.1232874955, -0.1296136028, -0.1305455367, -0.1273512179, -0.1211314745, -0.112792069, -0.1030561927, -0.09249077287, -0.08153469485, -0.0705242077, -0.05971414062, -0.04929495841, -0.03940621033, -0.03014705027, -0.02158445886, -0.0137596971, -0.006693411936], "AUX_ENDO_LEAD_155": [0, -0.08952374973, -0.1102590499, -0.1232874955, -0.1296136028, -0.1305455367, -0.1273512179, -0.1211314745, -0.112792069, -0.1030561927, -0.09249077287, -0.08153469485, -0.0705242077, -0.05971414062, -0.04929495841, -0.03940621033, -0.03014705027, -0.02158445886, -0.0137596971, -0.006693411936, -0.0003897173072], "AUX_ENDO_LEAD_192": [0, -0.003455547977, -0.005751327802, -0.008029154924, -0.01005819606, -0.01187533366, -0.01343563197, -0.01472343997, -0.01573645313, -0.01647968735, -0.01696539405, -0.01721056893, -0.01723538873, -0.01706198868, -0.0167134741, -0.01621317276, -0.01558406539, -0.01484835881, -0.01402717246, -0.01314031464, -0.01220613027], "AUX_ENDO_LEAD_193": [0, -0.0281889475, -0.06118125379, -0.08952374973, -0.1102590499, -0.1232874955, -0.1296136028, -0.1305455367, -0.1273512179, -0.1211314745, -0.112792069, -0.1030561927, -0.09249077287, -0.08153469485, -0.0705242077, -0.05971414062, -0.04929495841, -0.03940621033, -0.03014705027, -0.02158445886, -0.0137596971], "AUX_ENDO_LEAD_198": [0, -0.005751327802, -0.008029154924, -0.01005819606, -0.01187533366, -0.01343563197, -0.01472343997, -0.01573645313, -0.01647968735, -0.01696539405, -0.01721056893, -0.01723538873, -0.01706198868, -0.0167134741, -0.01621317276, -0.01558406539, -0.01484835881, -0.01402717246, -0.01314031464, -0.01220613027, -0.01124140554],