{"interest_": {"y": [0, -0.8853896476, -0.6349789842, -0.4537871559, -0.3229360022, -0.2286544155, -0.1609036187, -0.1123713471, -0.07773613277, -0.05312931596, -0.03574177767, -0.0235365726, -0.01503903811, -0.009183567799, -0.005201816277, -0.002541185958, -0.000805438197, 0.0002885388545, 0.0009421697855, 0.001298029395, 0.00145640972], "c": [0, -0.6197727533, -0.4444852889, -0.3176510091, -0.2260552015, -0.1600580909, -0.1126325331, -0.07865994299, -0.05441529294, -0.03719052118, -0.02501924437, -0.01647560082, -0.01052732668, -0.00642849746, -0.003641271394, -0.001778830171, -0.0005638067379, 0.0002019771981, 0.0006595188499, 0.0009086205762, 0.001019486804], "s": [0, -0.8853896476, -0.6349789842, -0.4537871559, -0.3229360022, -0.2286544155, -0.1609036187, -0.1123713471, -0.07773613277, -0.05312931596, -0.03574177767, -0.0235365726, -0.01503903811, -0.009183567799, -0.005201816277, -0.002541185958, -0.000805438197, 0.0002885388545, 0.0009421697855, 0.001298029395, 0.00145640972], "z": [0, 0, 0, 0, 0, 0, 0, 0, 0, 0, 0, 0, 0, 0, 0, 0, 0, 0, 0, 0, 0], "zx1": [0, -1.116637497e-16, -1.117297887e-16, -1.115066708e-16, -1.108779576e-16, -1.093538392e-16, -1.069085098e-16, -1.036121618e-16, -9.958588114e-17, -9.497231432e-17, -8.991722239e-17, -8.45584604e-17, -7.901994171e-17, -7.340887964e-17, -6.781512108e-17, -6.231175877e-17, -5.695647156e-17, -5.179322653e-17, -4.685410604e-17, -4.216111118e-17, -3.77278543e-17], "zx2": [0, -2.841481883e-18, -1.889133578e-16, -3.03377685e-16, -3.607079079e-16, -3.833930851e-16, -3.83161057e-16, -3.682689771e-16, -3.4447933e-16, -3.157678307e-16, -2.848359777e-16, -2.534814121e-16, -2.228648844e-16, -1.937021356e-16, -1.664013289e-16, -1.411610668e-16, -1.180399329e-16, -9.700551243e-17, -7.796866583e-17, -6.080724239e-17, -4.538226329e-17], "i": [0, 0.2245271543, 0.1608065647, 0.1147345179, 0.08149202613, 0.05756470506, 0.04039144314, 0.0281073761, 0.01935590454, 0.01315125118, 0.008778005527, 0.005717732318, 0.003595377142, 0.002140149858, 0.001156992093, 0.0005057794674, 8.617384936e-05, -0.0001733991753, -0.0003237626104, -0.0004008051399, -0.0004296985229], "dpc": [0, -0.2986101086, 0.04923968995, 0.03397228492, 0.02313871032, 0.01549491547, 0.01013914727, 0.006418853046, 0.003862726049, 0.002131132777, 0.000979974368, 0.0002343619814, -0.0002305418254, -0.000503452075, -0.0006470762081, -0.0007054491294, -0.0007092439655, -0.0006796100866, -0.0006309408271, -0.0005728643367, -0.0005116713675], "e": [0, -0.9183828619, -0.6938557076, -0.5330491429, -0.418314625, -0.3368225989, -0.2792578938, -0.2388664507, -0.2107590746, -0.19140317, -0.1782519188, -0.1694739133, -0.163756181, -0.1601608038, -0.158020654, -0.1568636619, -0.1563578824, -0.1562717086, -0.1564451078, -0.1567688704, -0.1571696755], "p": [0, -0.03299321437, -0.05887672344, -0.079261987, -0.09537862279, -0.1081681833, -0.1183542751, -0.1264951035, -0.1330229418, -0.138273854, -0.1425101412, -0.1459373407, -0.1487171429, -0.150977236, -0.1528188377, -0.1543224759, -0.1555524442, -0.1565602474, -0.1573872775, -0.1580668998, -0.1586260852], "n": [0, -1.196472497, -0.8580797083, -0.6132258863, -0.436400003, -0.3089924534, -0.2174373226, -0.1518531718, -0.1050488281, -0.07179637293, -0.04829969955, -0.03180617919, -0.02032302447, -0.01241022676, -0.007029481455, -0.003434035079, -0.001088429996, 0.0003899173709, 0.001273202413, 0.001754093776, 0.001968121243], "a": [0, -9.737393451e-17, 1.790336815e-16, 3.36563239e-16, 4.056896135e-16, 4.195992758e-16, 3.976682485e-16, 3.534746199e-16, 2.964361732e-16, 2.32997254e-16, 1.67487344e-16, 1.027407711e-16, 4.054282552e-17, -1.805011403e-17, -7.248175093e-17, -1.225330722e-16, -1.682072041e-16, -2.096485665e-16, -2.470866381e-16, -2.807973106e-16, -3.110767576e-16], "dp": [0, -0.03299321437, -0.02588350907, -0.02038526356, -0.01611663579, -0.01278956053, -0.01018609178, -0.008140828425, -0.006527838257, -0.005250912266, -0.004236287122, -0.003427199538, -0.002779802173, -0.002260093168, -0.001841601665, -0.001503638225, -0.001229968294, -0.001007803202, -0.0008270301064, -0.0006796222195, -0.000559185465], "t": [0, -8.959700632e-20, 3.097883133e-17, 4.980118171e-17, 6.00415389e-17, 6.454417439e-17, 6.522825199e-17, 6.344717465e-17, 6.014743744e-17, 5.598387404e-17, 5.140312829e-17, 4.670399262e-17, 4.208092271e-17, 3.765533154e-17, 3.349801939e-17, 2.964518499e-17, 2.610979771e-17, 2.288962512e-17, 1.997285563e-17, 1.73419978e-17, 1.497654974e-17], "wp": [0, 0.2433154187, 0.1556070787, 0.09515201908, 0.05402712256, 0.02653366244, 0.008585056429, -0.002738828026, -0.009515803081, -0.01321681286, -0.01487674406, -0.01521815265, -0.0147407263, -0.01378583805, -0.01258301371, -0.01128328517, -0.0099830503, -0.008741073067, -0.007590537875, -0.006547547226, -0.005617069261], "dw": [0, -0.05529468993, -0.03846865007, -0.02648277469, -0.01798618619, -0.01199854465, -0.007809458741, -0.00490503141, -0.002914249006, -0.001569876999, -0.000679956837, -0.0001070466031, 0.0002468845216, 0.0004514361689, 0.0005557481403, 0.0005942794114, 0.0005909909002, 0.0005623671466, 0.0005195943642, 0.0004701263121, 0.000418806598], "w": [0, -0.05529468993, -0.09376334, -0.1202461147, -0.1382323009, -0.1502308455, -0.1580403043, -0.1629453357, -0.1658595847, -0.1674294617, -0.1681094185, -0.1682164651, -0.1679695806, -0.1675181444, -0.1669623963, -0.1663681169, -0.165777126, -0.1652147588, -0.1646951645, -0.1642250382, -0.1638062316], "pc": [0, -0.2986101086, -0.2493704187, -0.2153981338, -0.1922594234, -0.176764508, -0.1666253607, -0.1602065077, -0.1563437816, -0.1542126488, -0.1532326745, -0.1529983125, -0.1532288543, -0.1537323064, -0.1543793826, -0.1550848317, -0.1557940757, -0.1564736858, -0.1571046266, -0.1576774909, -0.1581891623], "r": [0, 0.2504106634, 0.1811918283, 0.1308511537, 0.09428158665, 0.06775079684, 0.04853227157, 0.03463521435, 0.02460681681, 0.0173875383, 0.01220520507, 0.008497534491, 0.00585547031, 0.003981751523, 0.002660630318, 0.001735747761, 0.001093977051, 0.000653630931, 0.0003558596091, 0.0001583803251, 3.091016163e-05], "de": [0, -0.9183828619, 0.2245271543, 0.1608065647, 0.1147345179, 0.08149202613, 0.05756470506, 0.04039144314, 0.0281073761, 0.01935590454, 0.01315125118, 0.008778005527, 0.005717732318, 0.003595377142, 0.002140149858, 0.001156992093, 0.0005057794674, 8.617384936e-05, -0.0001733991753, -0.0003237626104, -0.0004008051399], "ygap": [0, -0.8853896476, -0.6349789842, -0.4537871559, -0.3229360022, -0.2286544155, -0.1609036187, -0.1123713471, -0.07773613277, -0.05312931596, -0.03574177767, -0.0235365726, -0.01503903811, -0.009183567799, -0.005201816277, -0.002541185958, -0.000805438197, 0.0002885388545, 0.0009421697855, 0.001298029395, 0.00145640972], "wgap": [0, 0.2433154187, 0.1556070787, 0.09515201908, 0.05402712256, 0.02653366244, 0.008585056429, -0.002738828026, -0.009515803081, -0.01321681286, -0.01487674406, -0.01521815265, -0.0147407263, -0.01378583805, -0.01258301371, -0.01128328517, -0.0099830503, -0.008741073067, -0.007590537875, -0.006547547226, -0.005617069261], "sgap": [0, -0.8853896476, -0.6349789842, -0.4537871559, -0.3229360022, -0.2286544155, -0.1609036187, -0.1123713471, -0.07773613277, -0.05312931596, -0.03574177767, -0.0235365726, -0.01503903811, -0.009183567799, -0.005201816277, -0.002541185958, -0.000805438197, 0.0002885388545, 0.0009421697855, 0.001298029395, 0.00145640972], "cgap": [0, -0.6197727533, -0.4444852889, -0.3176510091, -0.2260552015, -0.1600580909, -0.1126325331, -0.07865994299, -0.05441529294, -0.03719052118, -0.02501924437, -0.01647560082, -0.01052732668, -0.00642849746, -0.003641271394, -0.001778830171, -0.0005638067379, 0.0002019771981, 0.0006595188499, 0.0009086205762, 0.001019486804],