{"interest_": {"y": [0, -1.256250956, -0.9902294999, -0.7768617611, -0.6063509836, -0.4706095824, -0.3629829271, -0.278013233, -0.2112387452, -0.1590237289, -0.1184151587, -0.08702240394, -0.06291660628, -0.04454683582, -0.03067047367, -0.02029560495, -0.01263350894, -0.007059605013, -0.003081453318, -0.0003126203815, 0.001548596402], "c": [0, -0.8793756694, -0.69316065, -0.5438032328, -0.4244456885, -0.3294267077, -0.254088049, -0.1946092631, -0.1478671217, -0.1113166102, -0.08289061109, -0.06091568276, -0.0440416244, -0.03118278507, -0.02146933157, -0.01420692346, -0.008843456258, -0.004941723509, -0.002157017323, -0.0002188342671, 0.001084017481], "s": [0, -1.256250956, -0.9902294999, -0.7768617611, -0.6063509836, -0.4706095824, -0.3629829271, -0.278013233, -0.2112387452, -0.1590237289, -0.1184151587, -0.08702240394, -0.06291660628, -0.04454683582, -0.03067047367, -0.02029560495, -0.01263350894, -0.007059605013, -0.003081453318, -0.0003126203815, 0.001548596402], "z": [0, 0, 0, 0, 0, 0, 0, 0, 0, 0, 0, 0, 0, 0, 0, 0, 0, 0, 0, 0, 0], "zx1": [0, 1.097199156e-16, 9.174144503e-17, 7.481987514e-17, 6.080542141e-17, 4.907476861e-17, 3.96190068e-17, 3.231764046e-17, 2.69832239e-17, 2.339326588e-17, 2.13125131e-17, 2.050803301e-17, 2.075896948e-17, 2.186241187e-17, 2.363647776e-17, 2.592144224e-17, 2.857953891e-17, 3.149389608e-17, 3.45669476e-17, 3.771856244e-17, 4.088406511e-17], "zx2": [0, -1.480643656e-16, -3.091708008e-17, 5.699219301e-17, 1.287077432e-16, 1.854420185e-16, 2.309082536e-16, 2.679145472e-16, 2.985710337e-16, 3.244526334e-16, 3.467263441e-16, 3.66250333e-16, 3.836506849e-16, 3.99380517e-16, 4.137652371e-16, 4.270369617e-16, 4.393604939e-16, 4.508527652e-16, 4.615972446e-16, 4.71654497e-16, 4.810698159e-16], "i": [0, 0.2139926833, 0.1699269486, 0.134370948, 0.1057799351, 0.08287120507, 0.06458328469, 0.05004070593, 0.03852377732, 0.02944278226, 0.02231606334, 0.01675149171, 0.01243086483, 0.009096822095, 0.006541913573, 0.004599500664, 0.003136208036, 0.002045683693, 0.001243457514, 0.0006627187513, 0.0002508594172], "dpc": [0, -0.4389558515, 0.02777766392, 0.02056953142, 0.01501340368, 0.01076095426, 0.007532546382, 0.005104498825, 0.003298564483, 0.001973265882, 0.001016783131, 0.0003411349986, -0.0001225666453, -0.0004279744902, -0.0006166314113, -0.0007204945317, -0.0007639665417, -0.0007655247116, -0.0007390224942, -0.0006947255415, -0.0006401329972], "e": [0, -1.318331521, -1.104338838, -0.9344118889, -0.800040941, -0.6942610059, -0.6113898008, -0.5468065162, -0.4967658102, -0.4582420329, -0.4287992506, -0.4064831873, -0.3897316956, -0.3773008308, -0.3682040087, -0.3616620951, -0.3570625944, -0.3539263864, -0.3518807027, -0.3506372452, -0.3499745264], "p": [0, -0.06208056464, -0.1141093376, -0.1575501279, -0.1936899574, -0.2236514235, -0.2484068737, -0.2687932831, -0.285527065, -0.299218304, -0.3103840919, -0.3194607834, -0.3268150893, -0.3327539949, -0.337533535, -0.3413664901, -0.3444290855, -0.3468667814, -0.3487992494, -0.3503246248, -0.3515231228], "n": [0, -1.697636427, -1.338147973, -1.049813191, -0.819393221, -0.6359588951, -0.4905174691, -0.3756935581, -0.2854577638, -0.2148969309, -0.1600204847, -0.1175978432, -0.08502244092, -0.06019842678, -0.04144658604, -0.02742649317, -0.01707230938, -0.009540006775, -0.004164126105, -0.000422459975, 0.002092697841], "a": [0, -2.629918057e-16, 3.551234554e-16, 7.904929889e-16, 1.076826722e-15, 1.254450585e-15, 1.350745679e-15, 1.387163047e-15, 1.380396779e-15, 1.343341262e-15, 1.285869548e-15, 1.215463986e-15, 1.137725267e-15, 1.056781752e-15, 9.756172956e-16, 8.96332682e-16, 8.203531733e-16, 7.485924807e-16, 6.815816173e-16, 6.195695628e-16, 5.626013921e-16], "dp": [0, -0.06208056464, -0.05202877298, -0.04344079023, -0.03613982958, -0.02996146609, -0.0247554502, -0.0203864094, -0.01673378185, -0.01369123902, -0.01116578792, -0.009076691432, -0.007354305941, -0.005938905629, -0.004779540057, -0.003832955148, -0.003062595344, -0.002437695889, -0.001932468003, -0.001525375422, -0.001198498032], "t": [0, 8.277543589e-19, 6.42143442e-17, 8.505128222e-17, 7.779128593e-17, 4.967043956e-17, 7.494915824e-18, -4.356927699e-17, -9.96491464e-17, -1.57885121e-16, -2.162067639e-16, -2.731536107e-16, -3.277326956e-16, -3.79305797e-16, -4.275006727e-16, -4.721415827e-16, -5.131952585e-16, -5.50729192e-16, -5.848797032e-16, -6.158277356e-16, -6.437807245e-16], "wp": [0, 0.339934609, 0.2367757291, 0.1593320235, 0.1018560574, 0.05978930634, 0.02953161845, 0.008252701725, -0.006261528829, -0.01573378345, -0.02149648267, -0.02457333872, -0.02574497063, -0.02560149067, -0.02458449384, -0.02302045638, -0.02114719252, -0.01913472137, -0.0171016482, -0.01512795919, -0.01326495973], "dw": [0, -0.09902124247, -0.07538121608, -0.05687417415, -0.04246256236, -0.03130579685, -0.0227251415, -0.0161744179, -0.01121566607, -0.007498988742, -0.004745916085, -0.002735721054, -0.001294198556, -0.0002844945266, 0.0004003654153, 0.0008435429317, 0.001109297323, 0.001246946432, 0.00129405068, 0.001278963465, 0.00122286646], "w": [0, -0.09902124247, -0.1744024585, -0.2312766327, -0.2737391951, -0.3050449919, -0.3277701334, -0.3439445513, -0.3551602174, -0.3626592061, -0.3674051222, -0.3701408433, -0.3714350418, -0.3717195363, -0.3713191709, -0.370475628, -0.3693663307, -0.3681193842, -0.3668253336, -0.3655463701, -0.3643235036], "pc": [0, -0.4389558515, -0.4111781876, -0.3906086562, -0.3755952525, -0.3648342982, -0.3573017519, -0.352197253, -0.3488986886, -0.3469254227, -0.3459086395, -0.3455675045, -0.3456900712, -0.3461180457, -0.3467346771, -0.3474551716, -0.3482191382, -0.3489846629, -0.3497236854, -0.3504184109, -0.3510585439], "r": [0, 0.2660214563, 0.2133677388, 0.1705107775, 0.1357414012, 0.1076266553, 0.0849696941, 0.06677448778, 0.05221501635, 0.04060857019, 0.03139275477, 0.02410579765, 0.01836977046, 0.01387636215, 0.01037486872, 0.007662096008, 0.005573903926, 0.003978151696, 0.002768832936, 0.001861216784, 0.001187835986], "de": [0, -1.318331521, 0.2139926833, 0.1699269486, 0.134370948, 0.1057799351, 0.08287120507, 0.06458328469, 0.05004070593, 0.03852377732, 0.02944278226, 0.02231606334, 0.01675149171, 0.01243086483, 0.009096822095, 0.006541913573, 0.004599500664, 0.003136208036, 0.002045683693, 0.001243457514, 0.0006627187513], "ygap": [0, -1.256250956, -0.9902294999, -0.7768617611, -0.6063509836, -0.4706095824, -0.3629829271, -0.278013233, -0.2112387452, -0.1590237289, -0.1184151587, -0.08702240394, -0.06291660628, -0.04454683582, -0.03067047367, -0.02029560495, -0.01263350894, -0.007059605013, -0.003081453318, -0.0003126203815, 0.001548596402], "wgap": [0, 0.339934609, 0.2367757291, 0.1593320235, 0.1018560574, 0.05978930634, 0.02953161845, 0.008252701725, -0.006261528829, -0.01573378345, -0.02149648267, -0.02457333872, -0.02574497063, -0.02560149067, -0.02458449384, -0.02302045638, -0.02114719252, -0.01913472137, -0.0171016482, -0.01512795919, -0.01326495973], "sgap": [0, -1.256250956, -0.9902294999, -0.7768617611, -0.6063509836, -0.4706095824, -0.3629829271, -0.278013233, -0.2112387452, -0.1590237289, -0.1184151587, -0.08702240394, -0.06291660628, -0.04454683582, -0.03067047367, -0.02029560495, -0.01263350894, -0.007059605013, -0.003081453318, -0.0003126203815, 0.001548596402], "cgap": [0, -0.8793756694, -0.69316065, -0.5438032328, -0.4244456885, -0.3294267077, -0.254088049, -0.1946092631, -0.1478671217, -0.1113166102, -0.08289061109, -0.06091568276, -0.0440416244, -0.03118278507, -0.02146933157, -0.01420692346, -0.008843456258, -0.004941723509, -0.002157017323, -0.0002188342671, 0.001084017481], "ngap": [0, -1.697636427, -1.338147973, -1.049813191, -0.819393221, -0.6359588951, -0.4905174691, -0.3756935581, -0.2854577638, -0.2148969309, -0.1600204847, -0.1175978432, -0.08502244092, -0.06019842678, -0.04144658604, -0.02742649317, -0.01707230938, -0.009540006775, -0.004164126105, -0.000422459975, 0.002092697841],