{"interest_": {"pi": [0, -0.04611864012, -0.02426803658, -0.01277005562, -0.006719716281, -0.003535974176, -0.001860660905, -0.0009790962349, -0.0005152091038, -0.00027110759, -0.0001426592131, -7.506854048e-05, -3.950173036e-05, -2.07861601e-05, -1.09378614e-05, -5.75559947e-06, -3.028647378e-06, -1.593701054e-06, -8.386195986e-07, -4.412890546e-07, -2.322102059e-07], "p": [0, -0.04611864012, -0.0703866767, -0.08315673232, -0.0898764486, -0.09341242278, -0.09527308368, -0.09625217992, -0.09676738902, -0.09703849661, -0.09718115582, -0.09725622437, -0.0972957261, -0.09731651226, -0.09732745012, -0.09733320572, -0.09733623436, -0.09733782807, -0.09733866668, -0.09733910797, -0.09733934018], "y": [0, -0.07364427969, -0.03875227172, -0.02039178834, -0.01073033949, -0.005646399602, -0.002971185441, -0.001563464074, -0.0008227086323, -0.0004329165633, -0.0002278045269, -0.0001198727581, -6.307810618e-05, -3.319225771e-05, -1.746605976e-05, -9.190795219e-06, -4.836277782e-06, -2.54489217e-06, -1.339144782e-06, -7.046698356e-07, -3.708035038e-07], "R": [0, 0.1879317321, 0.09889134063, 0.05203749863, 0.02738259231, 0.01440896241, 0.007582123537, 0.003989780507, 0.002099457812, 0.001104753281, 0.0005813309534, 0.0003059014924, 0.0001609680725, 8.470282432e-05, 4.457137578e-05, 2.345385239e-05, 1.234162469e-05, 6.494272136e-06, 3.417343472e-06, 1.798236378e-06, 9.462478963e-07], "v": [0, -2.480832907e-17, -8.020532789e-18, -2.593038251e-18, -8.383292664e-19, -2.710318518e-19, -8.76245977e-20, -2.832903244e-20, -9.158776186e-21, -2.961032341e-21, -9.573017559e-22, -3.094956577e-22, -1.000599461e-22, -3.234938058e-23, -1.045855474e-23, -3.381250748e-24, -1.093158367e-24, -3.534181e-25, -1.142600717e-25, -3.694028119e-26, -1.194279291e-26], "m": [0, -2.154580614, -1.179878027, -0.6669809, -0.3970898924, -0.2550708558, -0.1803391818, -0.1410147136, -0.1203218304, -0.1094330521, -0.1037032806, -0.1006882242, -0.09910167476, -0.09826681842, -0.09782750963, -0.09759634146, -0.09747469872, -0.09741068924, -0.09737700688, -0.09735928292, -0.09734995642], "inv": [0, 0, 0, 0, 0, 0, 0, 0, 0, 0, 0, 0, 0, 0, 0, 0, 0, 0, 0, 0, 0], "eta": [0, 0, 0, 0, 0, 0, 0, 0, 0, 0, 0, 0, 0, 0, 0, 0, 0, 0, 0, 0, 0], "ytilde": [0, -0.07364427969, -0.03875227172, -0.02039178834, -0.01073033949, -0.005646399602, -0.002971185441, -0.001563464074, -0.0008227086323, -0.0004329165633, -0.0002278045269, -0.0001198727581, -6.307810618e-05, -3.319225771e-05, -1.746605976e-05, -9.190795219e-06, -4.836277782e-06, -2.54489217e-06, -1.339144782e-06, -7.046698356e-07, -3.708035038e-07], "ybar": [0, 0, 0, 0, 0, 0, 0, 0, 0, 0, 0, 0, 0, 0, 0, 0, 0, 0, 0, 0, 0], "interest": [0, 0.7517269285, 0.3955653625, 0.2081499945, 0.1095303692, 0.05763584963, 0.03032849415, 0.01595912203, 0.008397831248, 0.004419013123, 0.002325323813, 0.00122360597, 0.0006438722901, 0.0003388112973, 0.0001782855031, 9.381540955e-05, 4.936649877e-05, 2.597708854e-05, 1.366937389e-05, 7.192945512e-06, 3.784991585e-06], "inflation": [0, -0.04611864012, -0.0703866767, -0.08315673232, -0.0898764486, -0.04729378266, -0.02488640698, -0.0130954476, -0.00689094042, -0.003626073834, -0.001908072142, -0.001004044447, -0.000528337074, -0.0002780156441, -0.0001462942923, -7.698135133e-05, -4.050826835e-05, -2.13158093e-05, -1.12165675e-05, -5.902257084e-06, -3.105819913e-06], "inflationq": [0, -0.1844745605, -0.09707214632, -0.05108022248, -0.02687886513, -0.01414389671, -0.00744264362, -0.00391638494, -0.002060836415, -0.00108443036, -0.0005706368526, -0.0003002741619, -0.0001580069214, -8.314464041e-05, -4.375144561e-05, -2.302239788e-05, -1.211458951e-05, -6.374804214e-06, -3.354478394e-06, -1.765156218e-06, -9.288408237e-07], "outputgap": [0, -0.07364427969, -0.03875227172, -0.02039178834, -0.01073033949, -0.005646399602, -0.002971185441, -0.001563464074, -0.0008227086323, -0.0004329165633, -0.0002278045269, -0.0001198727581, -6.307810618e-05, -3.319225771e-05, -1.746605976e-05, -9.190795219e-06, -4.836277782e-06, -2.54489217e-06, -1.339144782e-06, -7.046698357e-07, -3.708035038e-07], "output": [0, -0.07364427969, -0.03875227172, -0.02039178834, -0.01073033949, -0.005646399602, -0.002971185441, -0.001563464074, -0.0008227086323, -0.0004329165633, -0.0002278045269, -0.0001198727581, -6.307810618e-05, -3.319225771e-05, -1.746605976e-05, -9.190795219e-06, -4.836277782e-06, -2.54489217e-06, -1.339144782e-06, -7.046698356e-07, -3.708035038e-07], "AUX_ENDO_LEAD_79": [0, -0.09707214632, -0.05108022248, -0.02687886513, -0.01414389671, -0.00744264362, -0.00391638494, -0.002060836415, -0.00108443036, -0.0005706368526, -0.0003002741619, -0.0001580069214, -8.314464041e-05, -4.375144561e-05, -2.302239788e-05, -1.211458951e-05, -6.374804214e-06, -3.354478394e-06, -1.765156218e-06, -9.288408236e-07, -4.887642617e-07], "AUX_ENDO_LEAD_83": [0, -0.05108022248, -0.02687886513, -0.01414389671, -0.00744264362, -0.00391638494, -0.002060836415, -0.00108443036, -0.0005706368526, -0.0003002741619, -0.0001580069214, -8.314464041e-05, -4.375144561e-05, -2.302239788e-05, -1.211458951e-05, -6.374804214e-06, -3.354478394e-06, -1.765156218e-06, -9.288408236e-07, -4.887642617e-07, -2.571920801e-07], "AUX_ENDO_LEAD_87": [0, -0.02687886513, -0.01414389671, -0.00744264362, -0.00391638494, -0.002060836415, -0.00108443036, -0.0005706368526, -0.0003002741619, -0.0001580069214, -8.314464041e-05, -4.375144561e-05, -2.302239788e-05, -1.211458951e-05, -6.374804214e-06, -3.354478394e-06, -1.765156218e-06, -9.288408237e-07, -4.887642617e-07, -2.571920801e-07, -1.353367488e-07], "AUX_ENDO_LEAD_114": [0, -0.03875227172, -0.02039178834, -0.01073033949, -0.005646399602, -0.002971185441, -0.001563464074, -0.0008227086323, -0.0004329165633, -0.0002278045269, -0.0001198727581, -6.307810618e-05, -3.319225771e-05, -1.746605976e-05, -9.190795219e-06, -4.836277782e-06, -2.54489217e-06, -1.339144782e-06, -7.046698357e-07, -3.708035038e-07, -1.951200853e-07], "AUX_ENDO_LEAD_118": [0, -0.02039178834, -0.01073033949, -0.005646399602, -0.002971185441, -0.001563464074, -0.0008227086323, -0.0004329165633, -0.0002278045269, -0.0001198727581, -6.307810618e-05, -3.319225771e-05, -1.746605976e-05, -9.190795219e-06, -4.836277782e-06, -2.54489217e-06, -1.339144782e-06, -7.046698357e-07, -3.708035038e-07, -1.951200853e-07, -1.026739157e-07], "AUX_ENDO_LEAD_122": [0, -0.01073033949, -0.005646399602, -0.002971185441, -0.001563464074, -0.0008227086323, -0.0004329165633, -0.0002278045269, -0.0001198727581, -6.307810618e-05, -3.319225771e-05, -1.746605976e-05, -9.190795219e-06, -4.836277782e-06, -2.54489217e-06, -1.339144782e-06, -7.046698357e-07, -3.708035038e-07, -1.951200853e-07, -1.026739157e-07, -5.40279231e-08], "AUX_ENDO_LAG_0_1": [0, 0, -0.04611864012, -0.02426803658, -0.01277005562, -0.006719716281, -0.003535974176, -0.001860660905, -0.0009790962349, -0.0005152091038, -0.00027110759, -0.0001426592131, -7.506854048e-05, -3.950173036e-05, -2.07861601e-05, -1.09378614e-05, -5.75559947e-06, -3.028647378e-06, -1.593701054e-06, -8.386195987e-07, -4.412890546e-07], "AUX_ENDO_LAG_0_2": [0, 0, 2.976991126e-16, -0.04611864012, -0.02426803658, -0.01277005562, -0.006719716281, -0.003535974176, -0.001860660905, -0.0009790962349, -0.0005152091038, -0.00027110759, -0.0001426592131, -7.506854048e-05, -3.950173036e-05, -2.07861601e-05, -1.09378614e-05, -5.75559947e-06, -3.028647378e-06, -1.593701054e-06, -8.386195986e-07], "AUX_ENDO_LAG_13_1": [0, 0, -0.07364427969, -0.03875227172, -0.02039178834, -0.01073033949, -0.005646399602, -0.002971185441, -0.001563464074, -0.0008227086323, -0.0004329165633, -0.0002278045269, -0.0001198727581, -6.307810618e-05, -3.319225771e-05, -1.746605976e-05, -9.190795219e-06, -4.836277782e-06, -2.54489217e-06, -1.339144782e-06, -7.046698357e-07],