{"interest_": {"pi": [0, -0.07466779587, -0.0431343351, -0.02376678514, -0.01264196228, -0.006692445898, -0.003536664877, -0.001868326302, -0.0009868889663, -0.000521283574, -0.0002753450072, -0.0001454386226, -7.682138673e-05, -4.057742593e-05, -2.143319105e-05, -1.132111428e-05, -5.979866838e-06, -3.158594331e-06, -1.668384667e-06, -8.812487791e-07, -4.654798296e-07], "p": [0, -0.07466779587, -0.117802131, -0.1415689161, -0.1542108784, -0.1609033243, -0.1644399892, -0.1663083155, -0.1672952044, -0.167816488, -0.168091833, -0.1682372716, -0.168314093, -0.1683546704, -0.1683761036, -0.1683874247, -0.1683934046, -0.1683965632, -0.1683982316, -0.1683991128, -0.1683995783], "y": [0, -0.1065493471, -0.06535072605, -0.03750414159, -0.0200548028, -0.0106371589, -0.005623406125, -0.002971020753, -0.001569394093, -0.0008289733893, -0.0004378692363, -0.0002312848324, -0.0001221657835, -6.452855596e-05, -3.408429305e-05, -1.800348704e-05, -9.509528169e-06, -5.022978367e-06, -2.653161253e-06, -1.401412492e-06, -7.402327966e-07], "R": [0, 0.2074198279, 0.1455854283, 0.09347820309, 0.05058204113, 0.0269550506, 0.0142624611, 0.007537265138, 0.003981670292, 0.002103199984, 0.001110928244, 0.000586798688, 0.0003099500176, 0.0001637171034, 8.64761612e-05, 4.567712321e-05, 2.412687549e-05, 1.27439313e-05, 6.731405605e-06, 3.55556071e-06, 1.878064212e-06], "v": [0, 2.598671624e-17, 8.40150536e-18, 2.716206683e-18, 8.781496206e-19, 2.839057723e-19, 9.17867362e-20, 2.967465181e-20, 9.593814931e-21, 3.101680367e-21, 1.002773263e-21, 3.241965958e-22, 1.048127594e-22, 3.388596513e-23, 1.095533253e-23, 3.541859005e-24, 1.145083016e-24, 3.702053392e-25, 1.196873862e-25, 3.869493195e-26, 1.25100715e-26], "m": [0, -2.425130499, -1.758841368, -1.19113576, -0.7219215537, -0.4633887879, -0.3244865941, -0.2508872312, -0.2119751667, -0.1914173495, -0.1805580087, -0.1748219771, -0.1717921675, -0.1701918063, -0.1693464876, -0.1688999862, -0.168664142, -0.168539568, -0.1684737674, -0.1684390112, -0.1684206528], "inv": [0, 0, 0, 0, 0, 0, 0, 0, 0, 0, 0, 0, 0, 0, 0, 0, 0, 0, 0, 0, 0], "eta": [0, 0, 0, 0, 0, 0, 0, 0, 0, 0, 0, 0, 0, 0, 0, 0, 0, 0, 0, 0, 0], "ytilde": [0, -0.1065493471, -0.06535072605, -0.03750414159, -0.0200548028, -0.0106371589, -0.005623406125, -0.002971020753, -0.001569394093, -0.0008289733893, -0.0004378692363, -0.0002312848324, -0.0001221657835, -6.452855596e-05, -3.408429305e-05, -1.800348704e-05, -9.509528169e-06, -5.022978367e-06, -2.653161253e-06, -1.401412492e-06, -7.402327966e-07], "ybar": [0, 0, 0, 0, 0, 0, 0, 0, 0, 0, 0, 0, 0, 0, 0, 0, 0, 0, 0, 0, 0], "interest": [0, 0.8296793114, 0.5823417132, 0.3739128124, 0.2023281645, 0.1078202024, 0.05704984439, 0.03014906055, 0.01592668117, 0.008412799938, 0.004443712977, 0.002347194752, 0.001239800071, 0.0006548684135, 0.0003459046448, 0.0001827084928, 9.650750195e-05, 5.097572519e-05, 2.692562242e-05, 1.422224284e-05, 7.512256846e-06], "inflation": [0, -0.07466779587, -0.117802131, -0.1415689161, -0.1542108784, -0.08623552841, -0.04663785819, -0.02473939936, -0.01308432604, -0.00691316372, -0.00365184385, -0.00192895617, -0.001018888591, -0.0005381824425, -0.0002842706263, -0.000150153118, -7.931159811e-05, -4.189276651e-05, -2.212796012e-05, -1.168809461e-05, -6.173707606e-06], "inflationq": [0, -0.2986711835, -0.1725373404, -0.09506714054, -0.05056784912, -0.02676978359, -0.01414665951, -0.00747330521, -0.003947555865, -0.002085134296, -0.001101380029, -0.0005817544903, -0.0003072855469, -0.0001623097037, -8.573276422e-05, -4.528445713e-05, -2.391946735e-05, -1.263437732e-05, -6.673538668e-06, -3.524995116e-06, -1.861919318e-06], "outputgap": [0, -0.1065493471, -0.06535072605, -0.03750414159, -0.0200548028, -0.0106371589, -0.005623406125, -0.002971020753, -0.001569394093, -0.0008289733893, -0.0004378692363, -0.0002312848324, -0.0001221657835, -6.452855596e-05, -3.408429305e-05, -1.800348704e-05, -9.509528169e-06, -5.022978367e-06, -2.653161253e-06, -1.401412492e-06, -7.402327966e-07], "output": [0, -0.1065493471, -0.06535072605, -0.03750414159, -0.0200548028, -0.0106371589, -0.005623406125, -0.002971020753, -0.001569394093, -0.0008289733893, -0.0004378692363, -0.0002312848324, -0.0001221657835, -6.452855596e-05, -3.408429305e-05, -1.800348704e-05, -9.509528169e-06, -5.022978367e-06, -2.653161253e-06, -1.401412492e-06, -7.402327966e-07], "AUX_ENDO_LEAD_79": [0, -0.1725373404, -0.09506714054, -0.05056784912, -0.02676978359, -0.01414665951, -0.00747330521, -0.003947555865, -0.002085134296, -0.001101380029, -0.0005817544903, -0.0003072855469, -0.0001623097037, -8.573276422e-05, -4.528445713e-05, -2.391946735e-05, -1.263437732e-05, -6.673538668e-06, -3.524995116e-06, -1.861919318e-06, -9.834747096e-07], "AUX_ENDO_LEAD_83": [0, -0.09506714054, -0.05056784912, -0.02676978359, -0.01414665951, -0.00747330521, -0.003947555865, -0.002085134296, -0.001101380029, -0.0005817544903, -0.0003072855469, -0.0001623097037, -8.573276422e-05, -4.528445713e-05, -2.391946735e-05, -1.263437732e-05, -6.673538668e-06, -3.524995116e-06, -1.861919318e-06, -9.834747096e-07, -5.194760561e-07], "AUX_ENDO_LEAD_87": [0, -0.05056784912, -0.02676978359, -0.01414665951, -0.00747330521, -0.003947555865, -0.002085134296, -0.001101380029, -0.0005817544903, -0.0003072855469, -0.0001623097037, -8.573276422e-05, -4.528445713e-05, -2.391946735e-05, -1.263437732e-05, -6.673538668e-06, -3.524995116e-06, -1.861919318e-06, -9.834747096e-07, -5.194760561e-07, -2.74389743e-07], "AUX_ENDO_LEAD_114": [0, -0.06535072605, -0.03750414159, -0.0200548028, -0.0106371589, -0.005623406125, -0.002971020753, -0.001569394093, -0.0008289733893, -0.0004378692363, -0.0002312848324, -0.0001221657835, -6.452855596e-05, -3.408429305e-05, -1.800348704e-05, -9.509528169e-06, -5.022978367e-06, -2.653161253e-06, -1.401412492e-06, -7.402327966e-07, -3.909945117e-07], "AUX_ENDO_LEAD_118": [0, -0.03750414159, -0.0200548028, -0.0106371589, -0.005623406125, -0.002971020753, -0.001569394093, -0.0008289733893, -0.0004378692363, -0.0002312848324, -0.0001221657835, -6.452855596e-05, -3.408429305e-05, -1.800348704e-05, -9.509528169e-06, -5.022978367e-06, -2.653161253e-06, -1.401412492e-06, -7.402327966e-07, -3.909945117e-07, -2.065251754e-07], "AUX_ENDO_LEAD_122": [0, -0.0200548028, -0.0106371589, -0.005623406125, -0.002971020753, -0.001569394093, -0.0008289733893, -0.0004378692363, -0.0002312848324, -0.0001221657835, -6.452855596e-05, -3.408429305e-05, -1.800348704e-05, -9.509528169e-06, -5.022978367e-06, -2.653161253e-06, -1.401412492e-06, -7.402327966e-07, -3.909945117e-07, -2.065251754e-07, -1.090875876e-07], "AUX_ENDO_LAG_0_1": [0, 0, -0.07466779587, -0.0431343351, -0.02376678514, -0.01264196228, -0.006692445898, -0.003536664877, -0.001868326302, -0.0009868889663, -0.000521283574, -0.0002753450072, -0.0001454386226, -7.682138673e-05, -4.057742593e-05, -2.143319105e-05, -1.132111428e-05, -5.979866838e-06, -3.15859433e-06, -1.668384667e-06, -8.81248779e-07], "AUX_ENDO_LAG_0_2": [0, 0, -1.971180756e-19, -0.07466779587, -0.0431343351, -0.02376678514, -0.01264196228, -0.006692445898, -0.003536664877, -0.001868326302, -0.0009868889663, -0.000521283574, -0.0002753450072, -0.0001454386226, -7.682138673e-05, -4.057742593e-05, -2.143319105e-05, -1.132111428e-05, -5.979866838e-06, -3.15859433e-06, -1.668384667e-06], "AUX_ENDO_LAG_13_1": [0, 0, -0.1065493471, -0.06535072605, -0.03750414159, -0.0200548028, -0.0106371589, -0.005623406125, -0.002971020753, -0.001569394093, -0.0008289733893, -0.0004378692363, -0.0002312848324, -0.0001221657835, -6.452855596e-05, -3.408429305e-05, -1.800348704e-05, -9.509528169e-06, -5.022978367e-06, -2.653161253e-06, -1.401412492e-06], "AUX_ENDO_LAG_13_2": [0, 0, 0, -0.1065493471, -0.06535072605, -0.03750414159, -0.0200548028, -0.0106371589, -0.005623406125, -0.002971020753, -0.001569394093, -0.0008289733893, -0.0004378692363, -0.0002312848324, -0.0001221657835, -6.452855596e-05, -3.408429305e-05, -1.800348704e-05, -9.509528169e-06, -5.022978367e-06, -2.653161253e-06],