{"interest_": {"pi": [0, -0.1175330726, -0.07963610713, -0.05395851073, -0.03656031146, -0.02477192858, -0.01678455191, -0.01137259789, -0.007705655984, -0.005221070392, -0.003537606155, -0.002396952419, -0.001624087207, -0.001100422034, -0.0007456056841, -0.000505195115, -0.0003423017148, -0.0002319311104, -0.0001571480294, -0.0001064777516, -7.214542633e-05], "p": [0, -0.1175330726, -0.1971691797, -0.2511276905, -0.2876880019, -0.3124599305, -0.3292444824, -0.3406170803, -0.3483227363, -0.3535438067, -0.3570814128, -0.3594783653, -0.3611024525, -0.3622028745, -0.3629484802, -0.3634536753, -0.363795977, -0.3640279081, -0.3641850562, -0.3642915339, -0.3643636793], "y": [0, -0.1289777552, -0.08739060504, -0.05921267462, -0.04012034056, -0.02718407396, -0.01841893331, -0.0124799949, -0.008455987653, -0.005729467661, -0.003882077532, -0.002630353614, -0.001782231312, -0.00120757469, -0.0008182084006, -0.0005543880578, -0.0003756330519, -0.0002545152041, -0.0001724501845, -0.0001168459317, -7.917052559e-05], "R": [0, 0.1732809403, 0.1174088214, 0.07955191906, 0.05390146797, 0.03652166137, 0.02474574069, 0.01676680796, 0.01136057524, 0.007697509875, 0.005215550887, 0.00353386634, 0.002394418458, 0.001622370288, 0.001099258712, 0.0007448174598, 0.0005046610431, 0.0003419398473, 0.0002316859222, 0.0001569818989, 0.0001063651876], "v": [0, 4.355351858e-18, 1.408085256e-18, 4.552339632e-19, 1.471771403e-19, 4.758236945e-20, 1.538338004e-20, 4.973446768e-21, 1.60791534e-21, 5.198390295e-22, 1.680639582e-22, 5.43350777e-23, 1.756653062e-23, 5.679259349e-24, 1.836104548e-24, 5.936126003e-25, 1.919149537e-25, 6.204610452e-26, 2.005950559e-26, 6.485238158e-27, 2.096677496e-27], "m": [0, -2.118080741, -1.55266704, -1.169563416, -0.9099864259, -0.7341065603, -0.6149368024, -0.5341917372, -0.479481837, -0.4424124116, -0.4172955261, -0.400277244, -0.388746279, -0.3809333194, -0.3756395439, -0.3720526755, -0.3696223447, -0.3679756416, -0.3668598958, -0.3661039073, -0.3655916772], "inv": [0, 0, 0, 0, 0, 0, 0, 0, 0, 0, 0, 0, 0, 0, 0, 0, 0, 0, 0, 0, 0], "eta": [0, 0, 0, 0, 0, 0, 0, 0, 0, 0, 0, 0, 0, 0, 0, 0, 0, 0, 0, 0, 0], "ytilde": [0, -0.1289777552, -0.08739060504, -0.05921267462, -0.04012034056, -0.02718407396, -0.01841893331, -0.0124799949, -0.008455987653, -0.005729467661, -0.003882077532, -0.002630353614, -0.001782231312, -0.00120757469, -0.0008182084006, -0.0005543880578, -0.0003756330519, -0.0002545152041, -0.0001724501845, -0.0001168459317, -7.917052559e-05], "ybar": [0, 0, 0, 0, 0, 0, 0, 0, 0, 0, 0, 0, 0, 0, 0, 0, 0, 0, 0, 0, 0], "interest": [0, 0.6931237614, 0.4696352856, 0.3182076762, 0.2156058719, 0.1460866455, 0.09898296278, 0.06706723183, 0.04544230097, 0.0307900395, 0.02086220355, 0.01413546536, 0.009577673832, 0.006489481152, 0.004397034849, 0.002979269839, 0.002018644173, 0.001367759389, 0.0009267436886, 0.0006279275955, 0.0004254607504], "inflation": [0, -0.1175330726, -0.1971691797, -0.2511276905, -0.2876880019, -0.1949268579, -0.1320753027, -0.08948938984, -0.06063473436, -0.04108387618, -0.02783693042, -0.01886128495, -0.01277971617, -0.008659067816, -0.005867067345, -0.003975310041, -0.002693524548, -0.001825033624, -0.00123657597, -0.0008378586062, -0.0005677023177], "inflationq": [0, -0.4701322904, -0.3185444285, -0.2158340429, -0.1462412458, -0.09908771431, -0.06713820763, -0.04549039157, -0.03082262393, -0.02088428157, -0.01415042462, -0.009587809677, -0.006496348829, -0.004401688137, -0.002982422736, -0.00202078046, -0.001369206859, -0.0009277244414, -0.0006285921177, -0.0004259110063, -0.0002885817053], "outputgap": [0, -0.1289777552, -0.08739060504, -0.05921267462, -0.04012034056, -0.02718407396, -0.01841893331, -0.0124799949, -0.008455987653, -0.005729467661, -0.003882077532, -0.002630353614, -0.001782231312, -0.00120757469, -0.0008182084006, -0.0005543880578, -0.0003756330519, -0.0002545152041, -0.0001724501845, -0.0001168459317, -7.917052559e-05], "output": [0, -0.1289777552, -0.08739060504, -0.05921267462, -0.04012034056, -0.02718407396, -0.01841893331, -0.0124799949, -0.008455987653, -0.005729467661, -0.003882077532, -0.002630353614, -0.001782231312, -0.00120757469, -0.0008182084006, -0.0005543880578, -0.0003756330519, -0.0002545152041, -0.0001724501845, -0.0001168459317, -7.917052559e-05], "AUX_ENDO_LEAD_79": [0, -0.3185444285, -0.2158340429, -0.1462412458, -0.09908771431, -0.06713820763, -0.04549039157, -0.03082262393, -0.02088428157, -0.01415042462, -0.009587809677, -0.006496348829, -0.004401688137, -0.002982422736, -0.00202078046, -0.001369206859, -0.0009277244414, -0.0006285921177, -0.0004259110063, -0.0002885817053, -0.0001955323986], "AUX_ENDO_LEAD_83": [0, -0.2158340429, -0.1462412458, -0.09908771431, -0.06713820763, -0.04549039157, -0.03082262393, -0.02088428157, -0.01415042462, -0.009587809677, -0.006496348829, -0.004401688137, -0.002982422736, -0.00202078046, -0.001369206859, -0.0009277244414, -0.0006285921177, -0.0004259110063, -0.0002885817053, -0.0001955323986, -0.0001324855949], "AUX_ENDO_LEAD_87": [0, -0.1462412458, -0.09908771431, -0.06713820763, -0.04549039157, -0.03082262393, -0.02088428157, -0.01415042462, -0.009587809677, -0.006496348829, -0.004401688137, -0.002982422736, -0.00202078046, -0.001369206859, -0.0009277244414, -0.0006285921177, -0.0004259110063, -0.0002885817053, -0.0001955323986, -0.0001324855949, -8.976738882e-05], "AUX_ENDO_LEAD_114": [0, -0.08739060504, -0.05921267462, -0.04012034056, -0.02718407396, -0.01841893331, -0.0124799949, -0.008455987653, -0.005729467661, -0.003882077532, -0.002630353614, -0.001782231312, -0.00120757469, -0.0008182084006, -0.0005543880578, -0.0003756330519, -0.0002545152041, -0.0001724501845, -0.0001168459317, -7.917052559e-05, -5.364304972e-05], "AUX_ENDO_LEAD_118": [0, -0.05921267462, -0.04012034056, -0.02718407396, -0.01841893331, -0.0124799949, -0.008455987653, -0.005729467661, -0.003882077532, -0.002630353614, -0.001782231312, -0.00120757469, -0.0008182084006, -0.0005543880578, -0.0003756330519, -0.0002545152041, -0.0001724501845, -0.0001168459317, -7.917052559e-05, -5.364304972e-05, -3.634656663e-05], "AUX_ENDO_LEAD_122": [0, -0.04012034056, -0.02718407396, -0.01841893331, -0.0124799949, -0.008455987653, -0.005729467661, -0.003882077532, -0.002630353614, -0.001782231312, -0.00120757469, -0.0008182084006, -0.0005543880578, -0.0003756330519, -0.0002545152041, -0.0001724501845, -0.0001168459317, -7.917052559e-05, -5.364304972e-05, -3.634656663e-05, -2.462710291e-05], "AUX_ENDO_LAG_0_1": [0, 0, -0.1175330726, -0.07963610713, -0.05395851073, -0.03656031146, -0.02477192858, -0.01678455191, -0.01137259789, -0.007705655984, -0.005221070392, -0.003537606155, -0.002396952419, -0.001624087207, -0.001100422034, -0.0007456056841, -0.000505195115, -0.0003423017148, -0.0002319311104, -0.0001571480294, -0.0001064777516], "AUX_ENDO_LAG_0_2": [0, 0, -2.51256389e-16, -0.1175330726, -0.07963610713, -0.05395851073, -0.03656031146, -0.02477192858, -0.01678455191, -0.01137259789, -0.007705655984, -0.005221070392, -0.003537606155, -0.002396952419, -0.001624087207, -0.001100422034, -0.0007456056841, -0.000505195115, -0.0003423017148, -0.0002319311104, -0.0001571480294], "AUX_ENDO_LAG_13_1": [0, 0, -0.1289777552, -0.08739060504, -0.05921267462, -0.04012034056, -0.02718407396, -0.01841893331, -0.0124799949, -0.008455987653, -0.005729467661, -0.003882077532, -0.002630353614, -0.001782231312, -0.00120757469, -0.0008182084006, -0.0005543880578, -0.0003756330519, -0.0002545152041, -0.0001724501845, -0.0001168459317], "AUX_ENDO_LAG_13_2": [0, 0, 0, -0.1289777552, -0.08739060504, -0.05921267462, -0.04012034056, -0.02718407396, -0.01841893331, -0.0124799949, -0.008455987653, -0.005729467661, -0.003882077532, -0.002630353614, -0.001782231312, -0.00120757469, -0.0008182084006, -0.0005543880578, -0.0003756330519, -0.0002545152041, -0.0001724501845],