{"interest_": {"pi": [0, -0.01050230755, 0.000878623937, 0.0003938148292, 9.340503463e-05, -3.917919737e-05, -7.082450236e-06, 8.644203017e-07, 8.600378806e-07, 1.158203162e-09, -5.198356382e-08, -9.251160633e-09, 3.068816874e-09, 9.738319707e-10, -7.228601507e-11, -8.562956112e-11, -4.960922744e-12, 5.364058398e-12, 1.120968825e-12, -2.542943166e-13, -1.130893616e-13], "p": [0, -0.01050230755, -0.009623683615, -0.009229868786, -0.009136463751, -0.009175642949, -0.009182725399, -0.009181860979, -0.009181000941, -0.009180999782, -0.009181051766, -0.009181061017, -0.009181057948, -0.009181056975, -0.009181057047, -0.009181057132, -0.009181057137, -0.009181057132, -0.009181057131, -0.009181057131, -0.009181057131], "y": [0, -0.03790715083, 0.00162915752, 0.001004479483, 0.0004406414667, -0.0001072252388, -2.646075445e-05, 4.327599973e-08, 2.862970865e-06, 1.754064378e-07, -1.42749716e-07, -4.09642978e-08, 7.015744074e-09, 3.484650417e-09, 4.162416641e-11, -2.690608271e-10, -3.423780358e-11, 1.418099582e-11, 4.575732279e-12, -4.744545443e-13, -3.873143062e-13], "R": [0, 0.2413232408, -0.003405236666, -0.003335640859, -0.003371093723, 0.0004840960715, 0.0001620517368, 1.800833725e-05, -1.634357467e-05, -1.986886889e-06, 6.097685936e-07, 2.948649725e-07, -2.050092115e-08, -2.101144705e-08, -1.975096156e-09, 1.423142372e-09, 2.998285762e-10, -5.729454097e-11, -3.096757995e-11, 4.168717486e-13, 2.245701797e-12], "v": [0, 6.735619179e-18, 2.17762568e-18, 7.040263825e-19, 2.276117295e-19, 7.358687213e-20, 2.379063576e-20, 7.691512542e-21, 2.486666005e-21, 8.039391193e-22, 2.599135173e-22, 8.403004013e-23, 2.716691198e-23, 8.783062642e-24, 2.839564152e-24, 9.180310904e-25, 2.967994515e-25, 9.595526267e-26, 3.102233642e-26, 1.002952137e-26, 3.242544257e-27], "m": [0, -2.665603547, 0.02885315172, 0.02791390977, 0.02787101773, -0.01453061992, -0.01096659045, -0.0093773385, -0.00900091131, -0.009159265895, -0.009187804015, -0.00918430025, -0.009180828883, -0.009180825631, -0.009181035565, -0.009181072832, -0.009181060424, -0.009181056497, -0.009181056791, -0.009181057136, -0.009181057156], "inv": [0, 0, 0, 0, 0, 0, 0, 0, 0, 0, 0, 0, 0, 0, 0, 0, 0, 0, 0, 0, 0], "eta": [0, 0, 0, 0, 0, 0, 0, 0, 0, 0, 0, 0, 0, 0, 0, 0, 0, 0, 0, 0, 0], "ytilde": [0, -0.03790715083, 0.00162915752, 0.001004479483, 0.0004406414667, -0.0001072252388, -2.646075445e-05, 4.327599973e-08, 2.862970865e-06, 1.754064378e-07, -1.42749716e-07, -4.09642978e-08, 7.015744074e-09, 3.484650417e-09, 4.162416645e-11, -2.69060827e-10, -3.423780354e-11, 1.418099586e-11, 4.575732321e-12, -4.744545026e-13, -3.873142645e-13], "ybar": [0, 0, 0, 0, 0, 0, 0, 0, 0, 0, 0, 0, 0, 0, 0, 0, 0, 0, 0, 0, 0], "interest": [0, 0.9652929633, -0.01362094666, -0.01334256344, -0.01348437489, 0.001936384286, 0.0006482069471, 7.2033349e-05, -6.53742987e-05, -7.947547557e-06, 2.439074374e-06, 1.17945989e-06, -8.200368459e-08, -8.404578821e-08, -7.900384624e-09, 5.692569488e-09, 1.199314305e-09, -2.29178164e-10, -1.238703199e-10, 1.667486905e-12, 8.982807098e-12], "inflation": [0, -0.01050230755, -0.009623683615, -0.009229868786, -0.009136463751, 0.001326664604, 0.0004409582162, 4.800780733e-05, -4.453718942e-05, -5.356833851e-06, 1.673632822e-06, 7.999613593e-07, -5.700770442e-08, -5.719207562e-08, -5.280797808e-09, 3.884733264e-09, 8.10955468e-10, -1.575124443e-10, -8.410546041e-11, 1.269806395e-12, 6.117639778e-12], "inflationq": [0, -0.04200923021, 0.003514495748, 0.001575259317, 0.0003736201385, -0.0001567167895, -2.832980094e-05, 3.457681207e-06, 3.440151522e-06, 4.632812648e-09, -2.079342553e-07, -3.700464254e-08, 1.227526749e-08, 3.895327881e-09, -2.891440617e-10, -3.425182459e-10, -1.984369243e-11, 2.145623214e-11, 4.48387385e-12, -1.017178717e-12, -4.523588968e-13], "outputgap": [0, -0.03790715083, 0.00162915752, 0.001004479483, 0.0004406414667, -0.0001072252388, -2.646075445e-05, 4.327599973e-08, 2.862970865e-06, 1.754064378e-07, -1.42749716e-07, -4.09642978e-08, 7.015744074e-09, 3.484650417e-09, 4.162416664e-11, -2.690608268e-10, -3.423780335e-11, 1.418099605e-11, 4.57573251e-12, -4.744543138e-13, -3.873140757e-13], "output": [0, -0.03790715083, 0.00162915752, 0.001004479483, 0.0004406414667, -0.0001072252388, -2.646075445e-05, 4.327599973e-08, 2.862970865e-06, 1.754064378e-07, -1.42749716e-07, -4.09642978e-08, 7.015744074e-09, 3.484650417e-09, 4.162416641e-11, -2.690608271e-10, -3.423780358e-11, 1.418099582e-11, 4.575732279e-12, -4.744545443e-13, -3.873143062e-13], "AUX_ENDO_LEAD_79": [0, 0.003514495748, 0.001575259317, 0.0003736201385, -0.0001567167895, -2.832980094e-05, 3.457681207e-06, 3.440151522e-06, 4.632812646e-09, -2.079342553e-07, -3.700464254e-08, 1.227526749e-08, 3.89532788e-09, -2.891440634e-10, -3.425182476e-10, -1.984369411e-11, 2.145623046e-11, 4.483872172e-12, -1.017180395e-12, -4.523605753e-13, 1.253996419e-14], "AUX_ENDO_LEAD_83": [0, 0.001575259317, 0.0003736201385, -0.0001567167895, -2.832980094e-05, 3.457681207e-06, 3.440151522e-06, 4.632812646e-09, -2.079342553e-07, -3.700464254e-08, 1.227526749e-08, 3.89532788e-09, -2.891440634e-10, -3.425182476e-10, -1.984369412e-11, 2.145623045e-11, 4.483872161e-12, -1.017180406e-12, -4.523605864e-13, 1.253995307e-14, 3.517419814e-14], "AUX_ENDO_LEAD_87": [0, 0.0003736201385, -0.0001567167895, -2.832980094e-05, 3.457681207e-06, 3.440151522e-06, 4.632812646e-09, -2.079342553e-07, -3.700464254e-08, 1.227526749e-08, 3.89532788e-09, -2.891440634e-10, -3.425182476e-10, -1.984369414e-11, 2.145623043e-11, 4.483872135e-12, -1.017180432e-12, -4.523606122e-13, 1.253992726e-14, 3.517417233e-14, 3.696069416e-15], "AUX_ENDO_LEAD_114": [0, 0.00162915752, 0.001004479483, 0.0004406414667, -0.0001072252388, -2.646075445e-05, 4.327599973e-08, 2.862970865e-06, 1.754064378e-07, -1.42749716e-07, -4.09642978e-08, 7.015744074e-09, 3.484650417e-09, 4.162416665e-11, -2.690608268e-10, -3.423780334e-11, 1.418099606e-11, 4.575732519e-12, -4.744543044e-13, -3.873140663e-13, -1.857020222e-14], "AUX_ENDO_LEAD_118": [0, 0.001004479483, 0.0004406414667, -0.0001072252388, -2.646075445e-05, 4.327599974e-08, 2.862970865e-06, 1.754064378e-07, -1.42749716e-07, -4.09642978e-08, 7.015744074e-09, 3.484650417e-09, 4.162416666e-11, -2.690608268e-10, -3.423780333e-11, 1.418099607e-11, 4.575732531e-12, -4.744542923e-13, -3.873140542e-13, -1.857019019e-14, 2.62611156e-14], "AUX_ENDO_LEAD_122": [0, 0.0004406414667, -0.0001072252388, -2.646075445e-05, 4.327599974e-08, 2.862970865e-06, 1.754064378e-07, -1.42749716e-07, -4.09642978e-08, 7.015744074e-09, 3.484650417e-09, 4.162416664e-11, -2.690608268e-10, -3.423780335e-11, 1.418099605e-11, 4.575732508e-12, -4.744543162e-13, -3.87314078e-13, -1.857021401e-14, 2.626109179e-14, 4.729765834e-15], "AUX_ENDO_LAG_0_1": [0, 0, -0.01050230755, 0.000878623937, 0.0003938148292, 9.340503463e-05, -3.917919737e-05, -7.082450236e-06, 8.644203017e-07, 8.600378806e-07, 1.158203162e-09, -5.198356382e-08, -9.251160633e-09, 3.068816874e-09, 9.738319707e-10, -7.228601505e-11, -8.56295611e-11, -4.960922728e-12, 5.364058414e-12, 1.120968841e-12, -2.542943003e-13], "AUX_ENDO_LAG_0_2": [0, 0, -1.113825413e-16, -0.01050230755, 0.000878623937, 0.0003938148292, 9.340503463e-05, -3.917919737e-05, -7.082450236e-06, 8.644203017e-07, 8.600378806e-07, 1.158203158e-09, -5.198356383e-08, -9.251160637e-09, 3.06881687e-09, 9.738319669e-10, -7.228601885e-11, -8.56295649e-11, -4.960926528e-12, 5.364054615e-12, 1.120965042e-12], "AUX_ENDO_LAG_13_1": [0, 0, -0.03790715083, 0.00162915752, 0.001004479483, 0.0004406414667, -0.0001072252388, -2.646075445e-05, 4.327599973e-08, 2.862970865e-06, 1.754064378e-07, -1.42749716e-07, -4.09642978e-08, 7.015744074e-09, 3.484650417e-09, 4.162416664e-11, -2.690608268e-10, -3.423780335e-11, 1.418099605e-11, 4.57573251e-12, -4.744543138e-13],