{"interest_": {"y": [0, -0.2141019186, -0.09107629673, -0.02973149044, -0.004611662419, 0.0006728395347, 0.0008334160362, 0.0003466890046, 8.755713508e-05, 7.813886061e-06, -5.19833031e-06, -3.427239358e-06, -1.179986125e-06, -2.355746661e-07, 4.662595268e-09, 2.690420926e-08, 1.303220883e-08, 3.743073865e-09, 5.219782453e-10, -1.279886891e-10, -1.187321144e-10], "pi": [0, -0.1002376157, -0.03712036361, -0.009950689807, -0.0008983069891, 0.0005555612609, 0.0003768456552, 0.0001308924977, 2.654800798e-05, -3.171593016e-07, -2.926092129e-06, -1.437342379e-06, -4.171053619e-07, -5.972109376e-08, 1.348131446e-08, 1.300046022e-08, 5.12663628e-09, 1.220473491e-09, 7.872444652e-11, -8.769371539e-11, -5.227069246e-11], "r": [0, 0.2283655559, 0.1255694534, 0.05770474811, 0.01346810422, 0.001072390264, -0.000907884506, -0.0005623709613, -0.0001886532612, -3.605864728e-05, 1.538444213e-06, 4.534286875e-06, 2.11767456e-06, 5.913227438e-07, 7.631860008e-08, -2.330516342e-08, -1.966717928e-08, -7.452128286e-09, -1.693855789e-09, -7.411865746e-11, 1.393639532e-10], "mp": [0, -0.3195840117, -0.1490768508, -0.05638532442, -0.01083258228, 0.0001775022704, 0.00125276806, 0.0006064482571, 0.0001746961118, 2.446938201e-05, -5.90893798e-06, -5.521627317e-06, -2.158140402e-06, -5.087067525e-07, -3.058898043e-08, 3.766886861e-08, 2.211648264e-08, 7.18521332e-09, 1.304370549e-09, -9.375326904e-11, -1.831043511e-10], "yf": [0, 2.775557562e-17, 2.081668171e-16, 1.249000903e-16, 4.163336342e-17, 6.938893904e-18, 0, 0, 0, 0, 0, 0, 0, 0, 0, 0, 0, 0, 0, 0, 0], "mpf": [0, -5.551115123e-17, 2.498001805e-16, 1.804112415e-16, 5.551115123e-17, 1.387778781e-17, 0, 0, 0, 0, 0, 0, 0, 0, 0, 0, 0, 0, 0, 0, 0], "ep": [0, 0, 0, 0, 0, 0, 0, 0, 0, 0, 0, 0, 0, 0, 0, 0, 0, 0, 0, 0, 0], "ei": [0, 0, 0, 0, 0, 0, 0, 0, 0, 0, 0, 0, 0, 0, 0, 0, 0, 0, 0, 0, 0], "em": [0, 7.294580743e-17, 0, 0, 0, 0, 0, 0, 0, 0, 0, 0, 0, 0, 0, 0, 0, 0, 0, 0, 0], "at": [0, 0, 0, 0, 0, 0, 0, 0, 0, 0, 0, 0, 0, 0, 0, 0, 0, 0, 0, 0, 0], "interest": [0, 0.9134622234, 0.5022778134, 0.2308189925, 0.05387241687, 0.004289561057, -0.003631538024, -0.002249483845, -0.0007546130446, -0.0001442345891, 6.153776851e-06, 1.81371475e-05, 8.470698239e-06, 2.365290975e-06, 3.052744003e-07, -9.322065367e-08, -7.866871714e-08, -2.980851314e-08, -6.775423157e-09, -2.964746298e-10, 5.57455813e-10], "inflation": [0, -0.1002376157, -0.1373579793, -0.1473086692, -0.1482069761, -0.04741379915, -0.00991658988, 0.0001649924247, 0.001089847422, 0.0005339690015, 0.0001541972542, 2.186741417e-05, -5.097699172e-06, -4.840260964e-06, -1.90068752e-06, -4.50344681e-07, -2.81126828e-08, 3.282888445e-08, 1.942629444e-08, 6.338140502e-09, 1.15923353e-09], "inflationq": [0, -0.4009504629, -0.1484814544, -0.03980275923, -0.003593227956, 0.002222245044, 0.001507382621, 0.0005235699906, 0.0001061920319, -1.268637207e-06, -1.170436852e-05, -5.749369517e-06, -1.668421448e-06, -2.38884375e-07, 5.392525785e-08, 5.200184087e-08, 2.050654512e-08, 4.881893964e-09, 3.148977861e-10, -3.507748616e-10, -2.090827698e-10], "outputgap": [0, -0.2141019186, -0.09107629673, -0.02973149044, -0.004611662419, 0.0006728395347, 0.0008334160362, 0.0003466890046, 8.755713508e-05, 7.813886061e-06, -5.19833031e-06, -3.427239358e-06, -1.179986125e-06, -2.355746661e-07, 4.662595268e-09, 2.690420925e-08, 1.303220883e-08, 3.743073864e-09, 5.219782441e-10, -1.279886909e-10, -1.187321159e-10], "output": [0, -0.2141019186, -0.09107629673, -0.02973149044, -0.004611662419, 0.0006728395347, 0.0008334160362, 0.0003466890046, 8.755713508e-05, 7.813886061e-06, -5.19833031e-06, -3.427239358e-06, -1.179986125e-06, -2.355746661e-07, 4.662595268e-09, 2.690420926e-08, 1.303220883e-08, 3.743073865e-09, 5.219782453e-10, -1.279886891e-10, -1.187321144e-10], "AUX_ENDO_LEAD_80": [0, -0.1484814544, -0.03980275923, -0.003593227956, 0.002222245044, 0.001507382621, 0.0005235699906, 0.0001061920319, -1.268637207e-06, -1.170436852e-05, -5.749369517e-06, -1.668421448e-06, -2.38884375e-07, 5.392525785e-08, 5.200184087e-08, 2.050654512e-08, 4.881893964e-09, 3.148977861e-10, -3.507748616e-10, -2.090827698e-10, -6.848328505e-11], "AUX_ENDO_LEAD_84": [0, -0.03980275923, -0.003593227956, 0.002222245044, 0.001507382621, 0.0005235699906, 0.0001061920319, -1.268637207e-06, -1.170436852e-05, -5.749369517e-06, -1.668421448e-06, -2.38884375e-07, 5.392525785e-08, 5.200184087e-08, 2.050654512e-08, 4.881893964e-09, 3.148977861e-10, -3.507748616e-10, -2.090827698e-10, -6.848328505e-11, -1.261068645e-11], "AUX_ENDO_LEAD_88": [0, -0.003593227956, 0.002222245044, 0.001507382621, 0.0005235699906, 0.0001061920319, -1.268637207e-06, -1.170436852e-05, -5.749369517e-06, -1.668421448e-06, -2.38884375e-07, 5.392525785e-08, 5.200184087e-08, 2.050654512e-08, 4.881893964e-09, 3.148977861e-10, -3.507748616e-10, -2.090827698e-10, -6.848328505e-11, -1.261068645e-11, 8.038619548e-13], "AUX_ENDO_LEAD_115": [0, -0.09107629673, -0.02973149044, -0.004611662419, 0.0006728395347, 0.0008334160362, 0.0003466890046, 8.755713508e-05, 7.813886061e-06, -5.19833031e-06, -3.427239358e-06, -1.179986125e-06, -2.355746661e-07, 4.662595268e-09, 2.690420925e-08, 1.303220883e-08, 3.743073864e-09, 5.219782441e-10, -1.279886909e-10, -1.187321159e-10, -4.6313847e-11], "AUX_ENDO_LEAD_119": [0, -0.02973149044, -0.004611662419, 0.0006728395347, 0.0008334160362, 0.0003466890046, 8.755713508e-05, 7.813886061e-06, -5.19833031e-06, -3.427239358e-06, -1.179986125e-06, -2.355746661e-07, 4.662595268e-09, 2.690420925e-08, 1.303220883e-08, 3.743073864e-09, 5.219782441e-10, -1.279886909e-10, -1.187321159e-10, -4.6313847e-11, -1.089159489e-11], "AUX_ENDO_LEAD_123": [0, -0.004611662419, 0.0006728395347, 0.0008334160362, 0.0003466890046, 8.755713508e-05, 7.813886061e-06, -5.19833031e-06, -3.427239358e-06, -1.179986125e-06, -2.355746661e-07, 4.662595268e-09, 2.690420925e-08, 1.303220883e-08, 3.743073864e-09, 5.219782441e-10, -1.279886909e-10, -1.187321159e-10, -4.6313847e-11, -1.089159489e-11, -6.438034326e-13], "AUX_ENDO_LEAD_150": [0, -0.09107629673, -0.02973149044, -0.004611662419, 0.0006728395347, 0.0008334160362, 0.0003466890046, 8.755713508e-05, 7.813886061e-06, -5.19833031e-06, -3.427239358e-06, -1.179986125e-06, -2.355746661e-07, 4.662595268e-09, 2.690420926e-08, 1.303220883e-08, 3.743073865e-09, 5.219782453e-10, -1.279886891e-10, -1.187321144e-10, -4.631384859e-11], "AUX_ENDO_LEAD_154": [0, -0.02973149044, -0.004611662419, 0.0006728395347, 0.0008334160362, 0.0003466890046, 8.755713508e-05, 7.813886061e-06, -5.19833031e-06, -3.427239358e-06, -1.179986125e-06, -2.355746661e-07, 4.662595268e-09, 2.690420926e-08, 1.303220883e-08, 3.743073865e-09, 5.219782453e-10, -1.279886891e-10, -1.187321144e-10, -4.631384859e-11, -1.089159318e-11], "AUX_ENDO_LEAD_158": [0, -0.004611662419, 0.0006728395347, 0.0008334160362, 0.0003466890046, 8.755713508e-05, 7.813886061e-06, -5.19833031e-06, -3.427239358e-06, -1.179986125e-06, -2.355746661e-07, 4.662595268e-09, 2.690420926e-08, 1.303220883e-08, 3.743073865e-09, 5.219782453e-10, -1.279886891e-10, -1.187321144e-10, -4.631384859e-11, -1.089159318e-11, -6.438044542e-13], "AUX_ENDO_LAG_1_1": [0, 0, -0.1002376157, -0.03712036361, -0.009950689807, -0.0008983069891, 0.0005555612609, 0.0003768456552, 0.0001308924977, 2.654800798e-05, -3.171593016e-07, -2.926092129e-06, -1.437342379e-06, -4.171053619e-07, -5.972109376e-08, 1.348131446e-08, 1.300046022e-08, 5.12663628e-09, 1.220473491e-09, 7.872444652e-11, -8.769371539e-11], "AUX_ENDO_LAG_1_2": [0, 0, 9.62598333e-17, -0.1002376157, -0.03712036361, -0.009950689807, -0.0008983069891, 0.0005555612609, 0.0003768456552, 0.0001308924977, 2.654800798e-05, -3.171593016e-07, -2.926092129e-06, -1.437342379e-06, -4.171053619e-07, -5.972109376e-08, 1.348131446e-08, 1.300046022e-08, 5.12663628e-09, 1.220473491e-09, 7.872444652e-11],