{"interest_": {"y": [0, -0.2270730673, -0.1197845646, -0.05399085658, -0.01913920417, -0.005963687161, -0.001590623174, -0.000341874251, -4.214956077e-05, 9.381607158e-06, 9.761545093e-06, 4.818827575e-06, 1.864765328e-06, 6.172320362e-07, 1.772671143e-07, 4.272407342e-08, 7.440185669e-09, 1.075783074e-10, -6.822438378e-10, -4.1330811e-10, -1.754729417e-10], "pi": [0, -0.1253680741, -0.05932425581, -0.02414643685, -0.008100734896, -0.002382639235, -0.0005911172607, -0.0001102718305, -5.7769619e-06, 7.639565574e-06, 5.086885633e-06, 2.235518376e-06, 8.09120205e-07, 2.533206569e-07, 6.836342644e-08, 1.494475946e-08, 1.96551658e-09, -3.38224266e-10, -3.965531474e-10, -2.000678844e-10, -7.82948469e-11], "r": [0, 0.1643418828, 0.1162666031, 0.06958510707, 0.02736296144, 0.009408032413, 0.002780407172, 0.0007007485665, 0.0001343891961, 9.099656107e-06, -8.10592492e-06, -5.693954036e-06, -2.547078001e-06, -9.320807769e-07, -2.946424862e-07, -8.041911222e-08, -1.791606443e-08, -2.510273809e-09, 3.146238172e-10, 4.372288182e-10, 2.264320647e-10], "mp": [0, -0.3029826138, -0.1734881304, -0.08613223059, -0.03177816119, -0.0103092591, -0.002874893768, -0.0006655501454, -0.0001042239557, 5.178474294e-06, 1.350567333e-05, 7.448866013e-06, 3.041261135e-06, 1.047760322e-06, 3.13362534e-07, 7.986967645e-08, 1.571561919e-08, 1.267074251e-09, -8.275686386e-10, -6.152641799e-10, -2.800619528e-10], "yf": [0, 6.938893904e-18, 4.163336342e-17, 2.081668171e-17, 6.938893904e-18, 0, 0, 0, 0, 0, 0, 0, 0, 0, 0, 0, 0, 0, 0, 0, 0], "mpf": [0, -2.775557562e-17, 6.245004514e-17, 3.469446952e-17, 6.938893904e-18, 0, 0, 0, 0, 0, 0, 0, 0, 0, 0, 0, 0, 0, 0, 0, 0], "ep": [0, 0, 0, 0, 0, 0, 0, 0, 0, 0, 0, 0, 0, 0, 0, 0, 0, 0, 0, 0, 0], "ei": [0, 0, 0, 0, 0, 0, 0, 0, 0, 0, 0, 0, 0, 0, 0, 0, 0, 0, 0, 0, 0], "em": [0, -6.751517787e-18, 0, 0, 0, 0, 0, 0, 0, 0, 0, 0, 0, 0, 0, 0, 0, 0, 0, 0, 0], "at": [0, 0, 0, 0, 0, 0, 0, 0, 0, 0, 0, 0, 0, 0, 0, 0, 0, 0, 0, 0, 0], "interest": [0, 0.6573675312, 0.4650664126, 0.2783404283, 0.1094518458, 0.03763212965, 0.01112162869, 0.002802994266, 0.0005375567846, 3.639862443e-05, -3.242369968e-05, -2.277581614e-05, -1.0188312e-05, -3.728323107e-06, -1.178569945e-06, -3.216764489e-07, -7.166425772e-08, -1.004109524e-08, 1.258495269e-09, 1.748915273e-09, 9.057282586e-10], "inflation": [0, -0.1253680741, -0.1846923299, -0.2088387667, -0.2169395016, -0.09395406679, -0.03522092825, -0.01118476322, -0.003089805288, -0.0006995264874, -0.0001033223411, 9.185007683e-06, 1.577108979e-05, 8.384844871e-06, 3.366322664e-06, 1.145749048e-06, 3.385943594e-07, 8.493547822e-08, 1.617549863e-08, 1.030671282e-09, -1.013140145e-09], "inflationq": [0, -0.5014722962, -0.2372970232, -0.09658574742, -0.03240293958, -0.009530556938, -0.002364469043, -0.0004410873218, -2.31078476e-05, 3.05582623e-05, 2.034754253e-05, 8.942073504e-06, 3.23648082e-06, 1.013282628e-06, 2.734537058e-07, 5.977903785e-08, 7.86206632e-09, -1.352897064e-09, -1.586212589e-09, -8.002715377e-10, -3.131793876e-10], "outputgap": [0, -0.2270730673, -0.1197845646, -0.05399085658, -0.01913920417, -0.005963687161, -0.001590623174, -0.000341874251, -4.214956077e-05, 9.381607158e-06, 9.761545093e-06, 4.818827575e-06, 1.864765328e-06, 6.172320362e-07, 1.772671143e-07, 4.272407342e-08, 7.440185666e-09, 1.075783084e-10, -6.82243838e-10, -4.133081098e-10, -1.7547294e-10], "output": [0, -0.2270730673, -0.1197845646, -0.05399085658, -0.01913920417, -0.005963687161, -0.001590623174, -0.000341874251, -4.214956077e-05, 9.381607158e-06, 9.761545093e-06, 4.818827575e-06, 1.864765328e-06, 6.172320362e-07, 1.772671143e-07, 4.272407342e-08, 7.440185669e-09, 1.075783074e-10, -6.822438378e-10, -4.1330811e-10, -1.754729417e-10], "AUX_ENDO_LEAD_80": [0, -0.2372970232, -0.09658574742, -0.03240293958, -0.009530556938, -0.002364469043, -0.0004410873218, -2.31078476e-05, 3.05582623e-05, 2.034754253e-05, 8.942073504e-06, 3.23648082e-06, 1.013282628e-06, 2.734537058e-07, 5.977903785e-08, 7.86206632e-09, -1.352897064e-09, -1.586212589e-09, -8.002715377e-10, -3.131793876e-10, -1.045670323e-10], "AUX_ENDO_LEAD_84": [0, -0.09658574742, -0.03240293958, -0.009530556938, -0.002364469043, -0.0004410873218, -2.31078476e-05, 3.05582623e-05, 2.034754253e-05, 8.942073504e-06, 3.23648082e-06, 1.013282628e-06, 2.734537058e-07, 5.977903785e-08, 7.86206632e-09, -1.352897064e-09, -1.586212589e-09, -8.002715377e-10, -3.131793876e-10, -1.045670323e-10, -3.03054727e-11], "AUX_ENDO_LEAD_88": [0, -0.03240293958, -0.009530556938, -0.002364469043, -0.0004410873218, -2.31078476e-05, 3.05582623e-05, 2.034754253e-05, 8.942073504e-06, 3.23648082e-06, 1.013282628e-06, 2.734537058e-07, 5.977903785e-08, 7.86206632e-09, -1.352897064e-09, -1.586212589e-09, -8.002715377e-10, -3.131793876e-10, -1.045670323e-10, -3.03054727e-11, -7.399760973e-12], "AUX_ENDO_LEAD_115": [0, -0.1197845646, -0.05399085658, -0.01913920417, -0.005963687161, -0.001590623174, -0.000341874251, -4.214956077e-05, 9.381607158e-06, 9.761545093e-06, 4.818827575e-06, 1.864765328e-06, 6.172320362e-07, 1.772671143e-07, 4.272407342e-08, 7.440185666e-09, 1.075783084e-10, -6.82243838e-10, -4.133081098e-10, -1.7547294e-10, -6.210444511e-11], "AUX_ENDO_LEAD_119": [0, -0.05399085658, -0.01913920417, -0.005963687161, -0.001590623174, -0.000341874251, -4.214956077e-05, 9.381607158e-06, 9.761545093e-06, 4.818827575e-06, 1.864765328e-06, 6.172320362e-07, 1.772671143e-07, 4.272407342e-08, 7.440185666e-09, 1.075783084e-10, -6.82243838e-10, -4.133081098e-10, -1.7547294e-10, -6.210444511e-11, -1.905448018e-11], "AUX_ENDO_LEAD_123": [0, -0.01913920417, -0.005963687161, -0.001590623174, -0.000341874251, -4.214956077e-05, 9.381607158e-06, 9.761545093e-06, 4.818827575e-06, 1.864765328e-06, 6.172320362e-07, 1.772671143e-07, 4.272407342e-08, 7.440185666e-09, 1.075783084e-10, -6.82243838e-10, -4.133081098e-10, -1.7547294e-10, -6.210444511e-11, -1.905448018e-11, -5.017587374e-12], "AUX_ENDO_LEAD_150": [0, -0.1197845646, -0.05399085658, -0.01913920417, -0.005963687161, -0.001590623174, -0.000341874251, -4.214956077e-05, 9.381607158e-06, 9.761545093e-06, 4.818827575e-06, 1.864765328e-06, 6.172320362e-07, 1.772671143e-07, 4.272407342e-08, 7.440185669e-09, 1.075783074e-10, -6.822438378e-10, -4.1330811e-10, -1.754729417e-10, -6.210444659e-11], "AUX_ENDO_LEAD_154": [0, -0.05399085658, -0.01913920417, -0.005963687161, -0.001590623174, -0.000341874251, -4.214956077e-05, 9.381607158e-06, 9.761545093e-06, 4.818827575e-06, 1.864765328e-06, 6.172320362e-07, 1.772671143e-07, 4.272407342e-08, 7.440185669e-09, 1.075783074e-10, -6.822438378e-10, -4.1330811e-10, -1.754729417e-10, -6.210444659e-11, -1.905448022e-11], "AUX_ENDO_LEAD_158": [0, -0.01913920417, -0.005963687161, -0.001590623174, -0.000341874251, -4.214956077e-05, 9.381607158e-06, 9.761545093e-06, 4.818827575e-06, 1.864765328e-06, 6.172320362e-07, 1.772671143e-07, 4.272407342e-08, 7.440185669e-09, 1.075783074e-10, -6.822438378e-10, -4.1330811e-10, -1.754729417e-10, -6.210444659e-11, -1.905448022e-11, -5.01759051e-12], "AUX_ENDO_LAG_1_1": [0, 0, -0.1253680741, -0.05932425581, -0.02414643685, -0.008100734896, -0.002382639235, -0.0005911172607, -0.0001102718305, -5.7769619e-06, 7.639565574e-06, 5.086885633e-06, 2.235518376e-06, 8.09120205e-07, 2.533206569e-07, 6.836342644e-08, 1.494475946e-08, 1.96551658e-09, -3.38224266e-10, -3.965531474e-10, -2.000678844e-10], "AUX_ENDO_LAG_1_2": [0, 0, 2.960133023e-18, -0.1253680741, -0.05932425581, -0.02414643685, -0.008100734896, -0.002382639235, -0.0005911172607, -0.0001102718305, -5.7769619e-06, 7.639565574e-06, 5.086885633e-06, 2.235518376e-06, 8.09120205e-07, 2.533206569e-07, 6.836342644e-08, 1.494475946e-08, 1.96551658e-09, -3.38224266e-10, -3.965531474e-10],