{"interest_": {"p": [0, -0.001366910811, -0.003941157257, -0.007864731048, -0.01302985244, -0.01917546117, -0.02617722088, -0.03382926452, -0.04194044917, -0.05033533643, -0.05884887312, -0.06733565559, -0.07566980634, -0.08374513166, -0.09147493047, -0.09879084166, -0.1056414802, -0.1119908606, -0.1178167031, -0.1231087237, -0.1278669527], "x": [0, -0.003258428633, -0.007014180884, -0.01212009217, -0.01834444979, -0.02537069824, -0.03307695688, -0.04125201172, -0.0497115023, -0.05829273345, -0.06684669292, -0.07524606521, -0.08338375979, -0.09117219759, -0.09854251763, -0.1054430205, -0.1118375575, -0.1177038192, -0.12303159, -0.1278210463, -0.132081125], "ytilde": [0, 2.207587837e-17, -0.02249830701, -0.0471614772, -0.06647529981, -0.07865659667, -0.08426374373, -0.08462313677, -0.08114903319, -0.07508214094, -0.06741782272, -0.05891429418, -0.05012828794, -0.04145581256, -0.0331690973, -0.02544701702, -0.01839899594, -0.01208331171, -0.006520926895, -0.001705883551, 0.00238689108], "ypsilon": [0, -0.000793491726, -0.001868883624, -0.003093014432, -0.004280639027, -0.005298616817, -0.006164210573, -0.006855214996, -0.007368844306, -0.007711686164, -0.007895257522, -0.007935074703, -0.007848692609, -0.007654469642, -0.007370686484, -0.007014915005, -0.006603604153, -0.006151821155, -0.005673108195, -0.005179423889, -0.004681145922], "f": [0, 0.9991761752, 0.7257669173, 0.509785729, 0.3448242223, 0.2218143392, 0.1314957239, 0.06606727216, 0.01931401032, -0.01359343613, -0.0362420505, -0.05130115879, -0.06074356558, -0.06602532554, -0.06822842154, -0.06816210044, -0.06643718676, -0.06351944569, -0.05976744809, -0.05545960727, -0.0508134797], "infl": [0, -0.005467643246, -0.01029698578, -0.01569429517, -0.02066048558, -0.0245824349, -0.02800703883, -0.03060817457, -0.03244473862, -0.03357954904, -0.03405414675, -0.03394712989, -0.03333660298, -0.03230130128, -0.03091919525, -0.02926364474, -0.02740255424, -0.02539752172, -0.02330336988, -0.02116808219, -0.01903291627], "rho": [0, 0.06715912539, 0.04360127451, 0.02615477606, 0.01354749009, 0.004651010915, -0.001478248262, -0.00556780193, -0.008169797248, -0.009696381163, -0.01045030846, -0.01065419315, -0.01047143409, -0.01002216333, -0.009395064158, -0.008655821342, -0.007853228221, -0.0070235673, -0.006193754587, -0.005383614304, -0.004607537387], "interest": [0, 0.9991761752, 0.7257669173, 0.509785729, 0.3448242223, 0.2218143392, 0.1314957239, 0.06606727216, 0.01931401032, -0.01359343613, -0.0362420505, -0.05130115879, -0.06074356558, -0.06602532554, -0.06822842154, -0.06816210044, -0.06643718676, -0.06351944569, -0.05976744809, -0.05545960727, -0.0508134797], "inflation": [0, -0.001366910811, -0.003941157257, -0.007864731048, -0.01302985244, -0.01780855036, -0.02223606362, -0.02596453347, -0.02891059673, -0.03115987527, -0.03267165225, -0.03350639108, -0.03372935717, -0.03340979523, -0.03262605735, -0.03145518606, -0.02997167388, -0.02824572899, -0.02634177264, -0.02431788201, -0.02222547251], "inflationq": [0, -0.005467643246, -0.01029698578, -0.01569429517, -0.02066048558, -0.0245824349, -0.02800703883, -0.03060817457, -0.03244473862, -0.03357954904, -0.03405414675, -0.03394712989, -0.03333660298, -0.03230130128, -0.03091919525, -0.02926364474, -0.02740255424, -0.02539752172, -0.02330336988, -0.02116808219, -0.01903291627], "outputgap": [0, -1.128855347e-17, -0.02249830701, -0.0471614772, -0.06647529981, -0.07865659667, -0.08426374373, -0.08462313677, -0.08114903319, -0.07508214094, -0.06741782272, -0.05891429418, -0.05012828794, -0.04145581256, -0.0331690973, -0.02544701702, -0.01839899594, -0.01208331171, -0.006520926895, -0.001705883551, 0.00238689108], "output": [0, -1.285569485e-17, -0.02249830701, -0.0471614772, -0.06647529981, -0.07865659667, -0.08426374373, -0.08462313677, -0.08114903319, -0.07508214094, -0.06741782272, -0.05891429418, -0.05012828794, -0.04145581256, -0.0331690973, -0.02544701702, -0.01839899594, -0.01208331171, -0.006520926895, -0.001705883551, 0.00238689108], "AUX_ENDO_LEAD_77": [0, -0.01029698578, -0.01569429517, -0.02066048558, -0.0245824349, -0.02800703883, -0.03060817457, -0.03244473862, -0.03357954904, -0.03405414675, -0.03394712989, -0.03333660298, -0.03230130128, -0.03091919525, -0.02926364474, -0.02740255424, -0.02539752172, -0.02330336988, -0.02116808219, -0.01903291627, -0.01693267779], "AUX_ENDO_LEAD_81": [0, -0.01569429517, -0.02066048558, -0.0245824349, -0.02800703883, -0.03060817457, -0.03244473862, -0.03357954904, -0.03405414675, -0.03394712989, -0.03333660298, -0.03230130128, -0.03091919525, -0.02926364474, -0.02740255424, -0.02539752172, -0.02330336988, -0.02116808219, -0.01903291627, -0.01693267779, -0.01489610299], "AUX_ENDO_LEAD_85": [0, -0.02066048558, -0.0245824349, -0.02800703883, -0.03060817457, -0.03244473862, -0.03357954904, -0.03405414675, -0.03394712989, -0.03333660298, -0.03230130128, -0.03091919525, -0.02926364474, -0.02740255424, -0.02539752172, -0.02330336988, -0.02116808219, -0.01903291627, -0.01693267779, -0.01489610299, -0.0129463076], "AUX_ENDO_LEAD_112": [0, -0.02249830701, -0.0471614772, -0.06647529981, -0.07865659667, -0.08426374373, -0.08462313677, -0.08114903319, -0.07508214094, -0.06741782272, -0.05891429418, -0.05012828794, -0.04145581256, -0.0331690973, -0.02544701702, -0.01839899594, -0.01208331171, -0.006520926895, -0.001705883551, 0.00238689108, 0.00579570992], "AUX_ENDO_LEAD_116": [0, -0.0471614772, -0.06647529981, -0.07865659667, -0.08426374373, -0.08462313677, -0.08114903319, -0.07508214094, -0.06741782272, -0.05891429418, -0.05012828794, -0.04145581256, -0.0331690973, -0.02544701702, -0.01839899594, -0.01208331171, -0.006520926895, -0.001705883551, 0.00238689108, 0.00579570992, 0.008567688662], "AUX_ENDO_LEAD_120": [0, -0.06647529981, -0.07865659667, -0.08426374373, -0.08462313677, -0.08114903319, -0.07508214094, -0.06741782272, -0.05891429418, -0.05012828794, -0.04145581256, -0.0331690973, -0.02544701702, -0.01839899594, -0.01208331171, -0.006520926895, -0.001705883551, 0.00238689108, 0.00579570992, 0.008567688662, 0.01075538161], "AUX_ENDO_LEAD_147": [0, -0.02249830701, -0.0471614772, -0.06647529981, -0.07865659667, -0.08426374373, -0.08462313677, -0.08114903319, -0.07508214094, -0.06741782272, -0.05891429418, -0.05012828794, -0.04145581256, -0.0331690973, -0.02544701702, -0.01839899594, -0.01208331171, -0.006520926895, -0.001705883551, 0.00238689108, 0.00579570992], "AUX_ENDO_LEAD_151": [0, -0.0471614772, -0.06647529981, -0.07865659667, -0.08426374373, -0.08462313677, -0.08114903319, -0.07508214094, -0.06741782272, -0.05891429418, -0.05012828794, -0.04145581256, -0.0331690973, -0.02544701702, -0.01839899594, -0.01208331171, -0.006520926895, -0.001705883551, 0.00238689108, 0.00579570992, 0.008567688662], "AUX_ENDO_LEAD_155": [0, -0.06647529981, -0.07865659667, -0.08426374373, -0.08462313677, -0.08114903319, -0.07508214094, -0.06741782272, -0.05891429418, -0.05012828794, -0.04145581256, -0.0331690973, -0.02544701702, -0.01839899594, -0.01208331171, -0.006520926895, -0.001705883551, 0.00238689108, 0.00579570992, 0.008567688662, 0.01075538161], "AUX_ENDO_LEAD_192": [0, -0.001868883624, -0.003093014432, -0.004280639027, -0.005298616817, -0.006164210573, -0.006855214996, -0.007368844306, -0.007711686164, -0.007895257522, -0.007935074703, -0.007848692609, -0.007654469642, -0.007370686484, -0.007014915005, -0.006603604153, -0.006151821155, -0.005673108195, -0.005179423889, -0.004681145922, -0.004187117282], "AUX_ENDO_LEAD_193": [0, -0.02249830701, -0.0471614772, -0.06647529981, -0.07865659667, -0.08426374373, -0.08462313677, -0.08114903319, -0.07508214094, -0.06741782272, -0.05891429418, -0.05012828794, -0.04145581256, -0.0331690973, -0.02544701702, -0.01839899594, -0.01208331171, -0.006520926895, -0.001705883551, 0.00238689108, 0.00579570992],