{"interest_": {"p": [0, -0.0001725938076, -0.0004934640051, -0.00097123264, -0.001584848481, -0.002296850893, -0.003091113764, -0.003944715755, -0.004838573236, -0.005756797634, -0.006685235104, -0.007612058683, -0.00852738486, -0.009423050931, -0.01029246029, -0.0111303871, -0.01193281064, -0.01269676282, -0.0134201869, -0.01410181035, -0.01474102969], "x": [0, -0.0004114274318, -0.0008757127469, -0.001485614958, -0.002209623769, -0.003007484713, -0.003866902255, -0.004766834823, -0.005690560804, -0.00662448767, -0.007556557602, -0.008476865957, -0.009377259334, -0.01025111918, -0.01109321782, -0.01189953492, -0.01266710476, -0.01339387644, -0.01407858507, -0.01472063648, -0.01532000319], "ytilde": [0, -2.168575992e-18, -0.007652838536, -0.01053423592, -0.01113084411, -0.01066813262, -0.00974934003, -0.00866919179, -0.007569939459, -0.006518250861, -0.005543264328, -0.004655659354, -0.003857031065, -0.003144581693, -0.002513470349, -0.001957987349, -0.001472150433, -0.001050008514, -0.0006857973513, -0.0003740194617, -0.0001094840029], "ypsilon": [0, -0.0001001907053, -0.0002335558529, -0.0003791569282, -0.0005129426523, -0.0006199085158, -0.0007055543328, -0.0007704601766, -0.0008167093745, -0.0008466611729, -0.0008625069634, -0.0008663300185, -0.0008600357229, -0.0008453428249, -0.0008237883956, -0.0007967357944, -0.0007653862659, -0.0007307913954, -0.0006938656705, -0.0006553987633, -0.0006160672882], "f": [0, 0.9997411093, -0.004566615276, -0.006723966919, -0.007942694778, -0.008520451938, -0.008771144653, -0.008794820567, -0.008665556863, -0.008449045542, -0.008162814173, -0.007828844069, -0.007461732968, -0.007071670793, -0.006667572959, -0.006256486298, -0.005844213891, -0.005435572085, -0.005034488583, -0.004644144611, -0.004267070565], "infl": [0, -0.0006903752305, -0.00128348079, -0.001911074539, -0.002454463362, -0.00284800965, -0.003177051484, -0.003414407964, -0.003575429925, -0.00367289759, -0.00371374988, -0.003707294317, -0.003661304708, -0.003582664284, -0.00347763745, -0.003351707221, -0.003209694178, -0.003055808692, -0.00289369633, -0.002726493814, -0.002556877335], "rho": [0, 0.02284429414, -0.001610213262, -0.001584080075, -0.001516944488, -0.001427500972, -0.001329603485, -0.001228925155, -0.001129163518, -0.001032576124, -0.0009400081353, -0.0008521203423, -0.0007692348669, -0.0006914890214, -0.0006189254134, -0.0005515019053, -0.0004891196499, -0.0004316375111, -0.000378881555, -0.0003306537247, -0.0002867383859], "interest": [0, 0.9997411093, -0.004566615276, -0.006723966919, -0.007942694778, -0.008520451938, -0.008771144653, -0.008794820567, -0.008665556863, -0.008449045542, -0.008162814173, -0.007828844069, -0.007461732968, -0.007071670793, -0.006667572959, -0.006256486298, -0.005844213891, -0.005435572085, -0.005034488583, -0.004644144611, -0.004267070565], "inflation": [0, -0.0001725938076, -0.0004934640051, -0.00097123264, -0.001584848481, -0.002124257085, -0.002597649759, -0.002973483115, -0.003253724756, -0.003459946741, -0.00359412134, -0.003667342928, -0.003688811624, -0.003666253297, -0.00360722519, -0.003518328416, -0.003405425783, -0.003273711885, -0.003127726605, -0.002971423253, -0.002808219043], "inflationq": [0, -0.0006903752305, -0.00128348079, -0.001911074539, -0.002454463362, -0.00284800965, -0.003177051484, -0.003414407964, -0.003575429925, -0.00367289759, -0.00371374988, -0.003707294317, -0.003661304708, -0.003582664284, -0.00347763745, -0.003351707221, -0.003209694178, -0.003055808692, -0.00289369633, -0.002726493814, -0.002556877335], "outputgap": [0, -5.924390681e-19, -0.007652838536, -0.01053423592, -0.01113084411, -0.01066813262, -0.00974934003, -0.00866919179, -0.007569939459, -0.006518250861, -0.005543264328, -0.004655659354, -0.003857031065, -0.003144581693, -0.002513470349, -0.001957987349, -0.001472150433, -0.001050008514, -0.0006857973513, -0.0003740194617, -0.0001094840029], "output": [0, -1.484054641e-18, -0.007652838536, -0.01053423592, -0.01113084411, -0.01066813262, -0.00974934003, -0.00866919179, -0.007569939459, -0.006518250861, -0.005543264328, -0.004655659354, -0.003857031065, -0.003144581693, -0.002513470349, -0.001957987349, -0.001472150433, -0.001050008514, -0.0006857973513, -0.0003740194617, -0.0001094840029], "AUX_ENDO_LEAD_77": [0, -0.00128348079, -0.001911074539, -0.002454463362, -0.00284800965, -0.003177051484, -0.003414407964, -0.003575429925, -0.00367289759, -0.00371374988, -0.003707294317, -0.003661304708, -0.003582664284, -0.00347763745, -0.003351707221, -0.003209694178, -0.003055808692, -0.00289369633, -0.002726493814, -0.002556877335, -0.002387108669], "AUX_ENDO_LEAD_81": [0, -0.001911074539, -0.002454463362, -0.00284800965, -0.003177051484, -0.003414407964, -0.003575429925, -0.00367289759, -0.00371374988, -0.003707294317, -0.003661304708, -0.003582664284, -0.00347763745, -0.003351707221, -0.003209694178, -0.003055808692, -0.00289369633, -0.002726493814, -0.002556877335, -0.002387108669, -0.002219078707], "AUX_ENDO_LEAD_85": [0, -0.002454463362, -0.00284800965, -0.003177051484, -0.003414407964, -0.003575429925, -0.00367289759, -0.00371374988, -0.003707294317, -0.003661304708, -0.003582664284, -0.00347763745, -0.003351707221, -0.003209694178, -0.003055808692, -0.00289369633, -0.002726493814, -0.002556877335, -0.002387108669, -0.002219078707, -0.002054347678], "AUX_ENDO_LEAD_112": [0, -0.007652838536, -0.01053423592, -0.01113084411, -0.01066813262, -0.00974934003, -0.00866919179, -0.007569939459, -0.006518250861, -0.005543264328, -0.004655659354, -0.003857031065, -0.003144581693, -0.002513470349, -0.001957987349, -0.001472150433, -0.001050008514, -0.0006857973513, -0.0003740194617, -0.0001094840029, 0.0001126751152], "AUX_ENDO_LEAD_116": [0, -0.01053423592, -0.01113084411, -0.01066813262, -0.00974934003, -0.00866919179, -0.007569939459, -0.006518250861, -0.005543264328, -0.004655659354, -0.003857031065, -0.003144581693, -0.002513470349, -0.001957987349, -0.001472150433, -0.001050008514, -0.0006857973513, -0.0003740194617, -0.0001094840029, 0.0001126751152, 0.0002969935174], "AUX_ENDO_LEAD_120": [0, -0.01113084411, -0.01066813262, -0.00974934003, -0.00866919179, -0.007569939459, -0.006518250861, -0.005543264328, -0.004655659354, -0.003857031065, -0.003144581693, -0.002513470349, -0.001957987349, -0.001472150433, -0.001050008514, -0.0006857973513, -0.0003740194617, -0.0001094840029, 0.0001126751152, 0.0002969935174, 0.0004476781264], "AUX_ENDO_LEAD_147": [0, -0.007652838536, -0.01053423592, -0.01113084411, -0.01066813262, -0.00974934003, -0.00866919179, -0.007569939459, -0.006518250861, -0.005543264328, -0.004655659354, -0.003857031065, -0.003144581693, -0.002513470349, -0.001957987349, -0.001472150433, -0.001050008514, -0.0006857973513, -0.0003740194617, -0.0001094840029, 0.0001126751152], "AUX_ENDO_LEAD_151": [0, -0.01053423592, -0.01113084411, -0.01066813262, -0.00974934003, -0.00866919179, -0.007569939459, -0.006518250861, -0.005543264328, -0.004655659354, -0.003857031065, -0.003144581693, -0.002513470349, -0.001957987349, -0.001472150433, -0.001050008514, -0.0006857973513, -0.0003740194617, -0.0001094840029, 0.0001126751152, 0.0002969935174], "AUX_ENDO_LEAD_155": [0, -0.01113084411, -0.01066813262, -0.00974934003, -0.00866919179, -0.007569939459, -0.006518250861, -0.005543264328, -0.004655659354, -0.003857031065, -0.003144581693, -0.002513470349, -0.001957987349, -0.001472150433, -0.001050008514, -0.0006857973513, -0.0003740194617, -0.0001094840029, 0.0001126751152, 0.0002969935174, 0.0004476781264], "AUX_ENDO_LEAD_192": [0, -0.0002335558529, -0.0003791569282, -0.0005129426523, -0.0006199085158, -0.0007055543328, -0.0007704601766, -0.0008167093745, -0.0008466611729, -0.0008625069634, -0.0008663300185, -0.0008600357229, -0.0008453428249, -0.0008237883956, -0.0007967357944, -0.0007653862659, -0.0007307913954, -0.0006938656705, -0.0006553987633, -0.0006160672882, -0.0005764459311],