{"interest_": {"y": [0, -0.213698801, -0.09341506693, -0.02919703778, -0.0007397297706, 0.00313183017, 0.001676344279, 0.0004172804506, -8.857703953e-06, -5.809266656e-05, -2.744762818e-05, -6.059563204e-06, 5.413572612e-07, 1.044673362e-06, 4.449334223e-07, 8.494561854e-08, -1.530707627e-08, -1.844659736e-08, -7.118154954e-09, -1.136377659e-09, 3.545106431e-10], "pi": [0, -0.1864007521, -0.0630254244, -0.01153822861, 0.003096893026, 0.002901050282, 0.001047215447, 0.0001406235051, -6.484550099e-05, -5.005149677e-05, -1.631079901e-05, -1.605963091e-06, 1.304003893e-06, 8.483505463e-07, 2.503094803e-07, 1.431732823e-08, -2.509408534e-08, -1.419604629e-08, -3.768161164e-09, -3.255164497e-11, 4.67876468e-10], "ir": [0, 0.1590784906, 0.1070403622, 0.05564331227, 0.01004988571, -0.00164033925, -0.002184237854, -0.0008517096034, -0.0001409638552, 4.027526435e-05, 3.788709888e-05, 1.349260353e-05, 1.777723726e-06, -8.57110318e-07, -6.504001514e-07, -2.102106864e-07, -1.999317217e-08, 1.71498078e-08, 1.10128e-08, 3.220802027e-09, 1.71799402e-10], "mp": [0, 0.1449576209, 0.07935109464, 0.03425884195, 0.004550836999, -0.001829859786, -0.001536233322, -0.0005136902492, -5.688819998e-05, 3.81401792e-05, 2.605865456e-05, 7.938882765e-06, 5.62314701e-07, -7.424956265e-07, -4.378651816e-07, -1.202699197e-07, -2.995909236e-09, 1.39697762e-08, 7.264039183e-09, 1.783129838e-09, -5.475681714e-11], "mn": [0, -0.3586564219, -0.1727661616, -0.06345587973, -0.005290566769, 0.004961689956, 0.003212577601, 0.0009309706998, 4.803049603e-05, -9.623284576e-05, -5.350628274e-05, -1.399844597e-05, -2.095743978e-08, 1.787168988e-06, 8.82798604e-07, 2.052155383e-07, -1.231116697e-08, -3.241637359e-08, -1.43821941e-08, -2.919507525e-09, 4.092675088e-10], "yf": [0, 0, -4.440892099e-16, -2.220446049e-16, -2.220446049e-16, 0, 0, 0, 0, 0, 0, 0, 0, 0, 0, 0, 0, 0, 0, 0, 0], "mpf": [0, -3.747002708e-16, 3.261280135e-16, 0, 2.775557562e-16, 9.020562075e-17, 1.387778781e-17, -6.938893904e-18, -6.938893904e-18, 0, 0, 0, 0, 0, 0, 0, 0, 0, 0, 0, 0], "mnf": [0, 4.440892099e-16, -6.661338148e-16, -2.220446049e-16, -4.440892099e-16, -2.220446049e-16, 0, 0, 0, 0, 0, 0, 0, 0, 0, 0, 0, 0, 0, 0, 0], "ea": [0, 0, 0, 0, 0, 0, 0, 0, 0, 0, 0, 0, 0, 0, 0, 0, 0, 0, 0, 0, 0], "eu": [0, 0, 1.357867705e-17, 3.101465149e-17, 4.939556852e-17, 5.261665111e-17, 5.066868793e-17, 4.78279496e-17, 4.533212819e-17, 4.317408732e-17, 4.119849469e-17, 3.932553853e-17, 3.753352461e-17, 3.581952404e-17, 3.41825399e-17, 3.262021754e-17, 3.112938891e-17, 2.970675729e-17, 2.834916022e-17, 2.705360684e-17, 2.581725838e-17], "ei": [0, 0, 0, 0, 0, 0, 0, 0, 0, 0, 0, 0, 0, 0, 0, 0, 0, 0, 0, 0, 0], "ep": [0, 0, 0, 0, 0, 0, 0, 0, 0, 0, 0, 0, 0, 0, 0, 0, 0, 0, 0, 0, 0], "en": [0, 0, 0, 0, 0, 0, 0, 0, 0, 0, 0, 0, 0, 0, 0, 0, 0, 0, 0, 0, 0], "vel": [0, 0, -5.551115123e-17, -5.551115123e-17, -5.551115123e-17, 0, 0, 0, 0, 0, 0, 0, 0, 0, 0, 0, 0, 0, 0, 0, 0], "interest": [0, 0.6363139625, 0.4281614489, 0.2225732491, 0.04019954285, -0.006561356999, -0.008736951417, -0.003406838414, -0.0005638554209, 0.0001611010574, 0.0001515483955, 5.397041413e-05, 7.110894904e-06, -3.428441272e-06, -2.601600605e-06, -8.408427456e-07, -7.997268869e-08, 6.85992312e-08, 4.405120001e-08, 1.288320811e-08, 6.871976078e-10], "inflation": [0, -0.1864007521, -0.2494261765, -0.2609644051, -0.2578675121, -0.06856570971, -0.004493069856, 0.00718578226, 0.004024043733, 0.001072941954, 9.415708339e-06, -0.0001328137599, -6.666425498e-05, -1.576440767e-05, 7.967008283e-07, 2.416981247e-06, 1.087883269e-06, 2.253366769e-07, -2.874096457e-08, -4.309084444e-08, -1.752888264e-08], "inflationq": [0, -0.7456030085, -0.2521016976, -0.04615291444, 0.01238757211, 0.01160420113, 0.004188861788, 0.0005624940205, -0.000259382004, -0.0002002059871, -6.524319606e-05, -6.423852364e-06, 5.21601557e-06, 3.393402185e-06, 1.001237921e-06, 5.72693129e-08, -1.003763414e-07, -5.678418518e-08, -1.507264466e-08, -1.302065799e-10, 1.871505872e-09], "outputgap": [0, -0.213698801, -0.09341506693, -0.02919703778, -0.0007397297706, 0.00313183017, 0.001676344279, 0.0004172804506, -8.857703953e-06, -5.809266656e-05, -2.744762818e-05, -6.059563204e-06, 5.413572612e-07, 1.044673362e-06, 4.449334224e-07, 8.494561864e-08, -1.530707622e-08, -1.844659742e-08, -7.118154977e-09, -1.136377752e-09, 3.545107167e-10], "output": [0, -0.213698801, -0.09341506693, -0.02919703778, -0.0007397297706, 0.00313183017, 0.001676344279, 0.0004172804506, -8.857703953e-06, -5.809266656e-05, -2.744762818e-05, -6.059563204e-06, 5.413572612e-07, 1.044673362e-06, 4.449334223e-07, 8.494561854e-08, -1.530707627e-08, -1.844659736e-08, -7.118154954e-09, -1.136377659e-09, 3.545106431e-10], "AUX_ENDO_LEAD_80": [0, -0.2521016976, -0.04615291444, 0.01238757211, 0.01160420113, 0.004188861788, 0.0005624940205, -0.000259382004, -0.0002002059871, -6.524319606e-05, -6.423852364e-06, 5.21601557e-06, 3.393402185e-06, 1.001237921e-06, 5.72693129e-08, -1.003763414e-07, -5.678418518e-08, -1.507264466e-08, -1.302065799e-10, 1.871505872e-09, 9.383304949e-10], "AUX_ENDO_LEAD_84": [0, -0.04615291444, 0.01238757211, 0.01160420113, 0.004188861788, 0.0005624940205, -0.000259382004, -0.0002002059871, -6.524319606e-05, -6.423852364e-06, 5.21601557e-06, 3.393402185e-06, 1.001237921e-06, 5.72693129e-08, -1.003763414e-07, -5.678418518e-08, -1.507264466e-08, -1.302065799e-10, 1.871505872e-09, 9.383304949e-10, 2.217357617e-10], "AUX_ENDO_LEAD_88": [0, 0.01238757211, 0.01160420113, 0.004188861788, 0.0005624940205, -0.000259382004, -0.0002002059871, -6.524319606e-05, -6.423852364e-06, 5.21601557e-06, 3.393402185e-06, 1.001237921e-06, 5.72693129e-08, -1.003763414e-07, -5.678418518e-08, -1.507264466e-08, -1.302065799e-10, 1.871505872e-09, 9.383304949e-10, 2.217357617e-10, -1.130798059e-11], "AUX_ENDO_LEAD_115": [0, -0.09341506693, -0.02919703778, -0.0007397297706, 0.00313183017, 0.001676344279, 0.0004172804506, -8.857703953e-06, -5.809266656e-05, -2.744762818e-05, -6.059563204e-06, 5.413572612e-07, 1.044673362e-06, 4.449334224e-07, 8.494561864e-08, -1.530707622e-08, -1.844659742e-08, -7.118154977e-09, -1.136377752e-09, 3.545107167e-10, 3.205095131e-10], "AUX_ENDO_LEAD_119": [0, -0.02919703778, -0.0007397297706, 0.00313183017, 0.001676344279, 0.0004172804506, -8.857703953e-06, -5.809266656e-05, -2.744762818e-05, -6.059563204e-06, 5.413572612e-07, 1.044673362e-06, 4.449334224e-07, 8.494561864e-08, -1.530707622e-08, -1.844659742e-08, -7.118154977e-09, -1.136377752e-09, 3.545107167e-10, 3.205095131e-10, 1.123064121e-10], "AUX_ENDO_LEAD_123": [0, -0.0007397297706, 0.00313183017, 0.001676344279, 0.0004172804506, -8.857703953e-06, -5.809266656e-05, -2.744762818e-05, -6.059563204e-06, 5.413572612e-07, 1.044673362e-06, 4.449334224e-07, 8.494561864e-08, -1.530707622e-08, -1.844659742e-08, -7.118154977e-09, -1.136377752e-09, 3.545107167e-10, 3.205095131e-10, 1.123064121e-10, 1.414473118e-11], "AUX_ENDO_LEAD_150": [0, -0.09341506693, -0.02919703778, -0.0007397297706, 0.00313183017, 0.001676344279, 0.0004172804506, -8.857703953e-06, -5.809266656e-05, -2.744762818e-05, -6.059563204e-06, 5.413572612e-07, 1.044673362e-06, 4.449334223e-07, 8.494561854e-08, -1.530707627e-08, -1.844659736e-08, -7.118154954e-09, -1.136377659e-09, 3.545106431e-10, 3.205096188e-10], "AUX_ENDO_LEAD_154": [0, -0.02919703778, -0.0007397297706, 0.00313183017, 0.001676344279, 0.0004172804506, -8.857703953e-06, -5.809266656e-05, -2.744762818e-05, -6.059563204e-06, 5.413572612e-07, 1.044673362e-06, 4.449334223e-07, 8.494561854e-08, -1.530707627e-08, -1.844659736e-08, -7.118154954e-09, -1.136377659e-09, 3.545106431e-10, 3.205096188e-10, 1.123063864e-10],