{"interest_": {"y": [0, -0.2906340521, -0.1299220695, -0.04580061237, -0.00932894548, -0.009161943706, -0.006469245625, -0.00327586986, -0.001142743444, -0.000507210372, -0.0003057670853, -0.0001794379945, -8.317259839e-05, -3.582966801e-05, -1.741949587e-05, -9.594847731e-06, -4.990745904e-06, -2.363786684e-06, -1.104736014e-06, -5.541936166e-07, -2.875849212e-07], "pi": [0, -0.2895340074, -0.1192756831, -0.04519274813, -0.01968279174, -0.0130229996, -0.007149462115, -0.003273360666, -0.001391094196, -0.0007071274027, -0.0003888694953, -0.0001997927849, -9.308667451e-05, -4.39145305e-05, -2.227554005e-05, -1.156961257e-05, -5.74827516e-06, -2.763244562e-06, -1.348750302e-06, -6.798801202e-07, -3.43033542e-07], "ir": [0, 0.1774789926, 0.1101375225, 0.04766214117, -0.01271463082, -0.002177395108, 0.002623207684, 0.002547723732, 0.0004663844143, -1.690446635e-05, 3.347388111e-05, 8.466737947e-05, 4.350419045e-05, 1.171884279e-05, 2.878600218e-06, 2.753198863e-06, 2.087435638e-06, 9.760867599e-07, 3.366964175e-07, 1.492594139e-07, 9.529097106e-08], "mp": [0, 0.1805762605, 0.09385113364, 0.03685113037, -0.00205166418, 0.002379555417, 0.003453692772, 0.00226863531, 0.0006113537395, 0.0001759090942, 0.0001246572595, 0.0001008708417, 4.857094736e-05, 1.793050948e-05, 7.515847156e-06, 4.63751616e-06, 2.691546698e-06, 1.269439839e-06, 5.423524952e-07, 2.636987098e-07, 1.444426976e-07], "mn": [0, -0.4712103125, -0.2237732032, -0.08265174273, -0.0072772813, -0.01154149912, -0.009922938397, -0.00554450517, -0.001754097183, -0.0006831194662, -0.0004304243448, -0.0002803088362, -0.0001317435457, -5.376017749e-05, -2.493534303e-05, -1.423236389e-05, -7.682292602e-06, -3.633226523e-06, -1.64708851e-06, -8.178923263e-07, -4.320276188e-07], "yf": [0, 0, 2.220446049e-16, 2.220446049e-16, 2.220446049e-16, 0, 0, 0, 0, 0, 0, 0, 0, 0, 0, 0, 0, 0, 0, 0, 0], "mpf": [0, 4.510281038e-16, -4.093947403e-16, -2.012279232e-16, -9.714451465e-17, -6.245004514e-17, -3.469446952e-17, -2.081668171e-17, -6.938893904e-18, -6.938893904e-18, 0, 0, 0, 0, 0, 0, 0, 0, 0, 0, 0], "mnf": [0, -4.440892099e-16, 6.661338148e-16, 4.440892099e-16, 2.220446049e-16, 2.220446049e-16, 0, 0, 0, 0, 0, 0, 0, 0, 0, 0, 0, 0, 0, 0, 0], "ea": [0, 0, 0, 0, 0, 0, 0, 0, 0, 0, 0, 0, 0, 0, 0, 0, 0, 0, 0, 0, 0], "eu": [0, 0, 1.260156845e-16, 1.832833345e-16, 1.726406554e-16, 1.665999498e-16, 1.612431175e-16, 1.551446999e-16, 1.48346991e-16, 1.416606271e-16, 1.352661231e-16, 1.291450409e-16, 1.232699848e-16, 1.176460706e-16, 1.122739308e-16, 1.071457814e-16, 1.022507805e-16, 9.757862769e-17, 9.311958579e-17, 8.886417235e-17, 8.480316372e-17], "ei": [0, 0, 0, 0, 0, 0, 0, 0, 0, 0, 0, 0, 0, 0, 0, 0, 0, 0, 0, 0, 0], "ep": [0, 0, 0, 0, 0, 0, 0, 0, 0, 0, 0, 0, 0, 0, 0, 0, 0, 0, 0, 0, 0], "en": [0, 0, 0, 0, 0, 0, 0, 0, 0, 0, 0, 0, 0, 0, 0, 0, 0, 0, 0, 0, 0], "vel": [0, 0, 5.551115123e-17, 5.551115123e-17, 0, 0, 0, 0, 0, 0, 0, 0, 0, 0, 0, 0, 0, 0, 0, 0, 0], "interest": [0, 0.7099159703, 0.4405500902, 0.1906485647, -0.0508585233, -0.008709580431, 0.01049283073, 0.01019089493, 0.001865537657, -6.76178654e-05, 0.0001338955244, 0.0003386695179, 0.0001740167618, 4.687537117e-05, 1.151440087e-05, 1.101279545e-05, 8.349742553e-06, 3.90434704e-06, 1.34678567e-06, 5.970376556e-07, 3.811638842e-07], "inflation": [0, -0.2895340074, -0.4088096906, -0.4540024387, -0.4736852304, -0.1971742226, -0.08504800159, -0.04312861412, -0.02483691658, -0.01252104438, -0.00576045176, -0.002686883879, -0.001388876358, -0.0007256634853, -0.00035906953, -0.0001708463576, -8.350795829e-05, -4.235667235e-05, -2.142988259e-05, -1.054015014e-05, -5.134908526e-06], "inflationq": [0, -1.15813603, -0.4771027326, -0.1807709925, -0.07873116696, -0.0520919984, -0.02859784846, -0.01309344267, -0.005564376782, -0.002828509611, -0.001555477981, -0.0007991711397, -0.000372346698, -0.000175658122, -8.910216022e-05, -4.627845029e-05, -2.299310064e-05, -1.105297825e-05, -5.395001207e-06, -2.719520481e-06, -1.372134168e-06], "outputgap": [0, -0.2906340521, -0.1299220695, -0.04580061237, -0.00932894548, -0.009161943706, -0.006469245625, -0.00327586986, -0.001142743444, -0.000507210372, -0.0003057670853, -0.0001794379945, -8.317259839e-05, -3.582966801e-05, -1.741949587e-05, -9.594847731e-06, -4.990745904e-06, -2.363786684e-06, -1.104736014e-06, -5.541936164e-07, -2.875849211e-07], "output": [0, -0.2906340521, -0.1299220695, -0.04580061237, -0.00932894548, -0.009161943706, -0.006469245625, -0.00327586986, -0.001142743444, -0.000507210372, -0.0003057670853, -0.0001794379945, -8.317259839e-05, -3.582966801e-05, -1.741949587e-05, -9.594847731e-06, -4.990745904e-06, -2.363786684e-06, -1.104736014e-06, -5.541936166e-07, -2.875849212e-07], "AUX_ENDO_LEAD_80": [0, -0.4771027326, -0.1807709925, -0.07873116696, -0.0520919984, -0.02859784846, -0.01309344267, -0.005564376782, -0.002828509611, -0.001555477981, -0.0007991711397, -0.000372346698, -0.000175658122, -8.910216022e-05, -4.627845029e-05, -2.299310064e-05, -1.105297825e-05, -5.395001207e-06, -2.719520481e-06, -1.372134168e-06, -6.775761354e-07], "AUX_ENDO_LEAD_84": [0, -0.1807709925, -0.07873116696, -0.0520919984, -0.02859784846, -0.01309344267, -0.005564376782, -0.002828509611, -0.001555477981, -0.0007991711397, -0.000372346698, -0.000175658122, -8.910216022e-05, -4.627845029e-05, -2.299310064e-05, -1.105297825e-05, -5.395001207e-06, -2.719520481e-06, -1.372134168e-06, -6.775761354e-07, -3.3113486e-07], "AUX_ENDO_LEAD_88": [0, -0.07873116696, -0.0520919984, -0.02859784846, -0.01309344267, -0.005564376782, -0.002828509611, -0.001555477981, -0.0007991711397, -0.000372346698, -0.000175658122, -8.910216022e-05, -4.627845029e-05, -2.299310064e-05, -1.105297825e-05, -5.395001207e-06, -2.719520481e-06, -1.372134168e-06, -6.775761354e-07, -3.3113486e-07, -1.636720006e-07], "AUX_ENDO_LEAD_115": [0, -0.1299220695, -0.04580061237, -0.00932894548, -0.009161943706, -0.006469245625, -0.00327586986, -0.001142743444, -0.000507210372, -0.0003057670853, -0.0001794379945, -8.317259839e-05, -3.582966801e-05, -1.741949587e-05, -9.594847731e-06, -4.990745904e-06, -2.363786684e-06, -1.104736014e-06, -5.541936164e-07, -2.875849211e-07, -1.442407539e-07], "AUX_ENDO_LEAD_119": [0, -0.04580061237, -0.00932894548, -0.009161943706, -0.006469245625, -0.00327586986, -0.001142743444, -0.000507210372, -0.0003057670853, -0.0001794379945, -8.317259839e-05, -3.582966801e-05, -1.741949587e-05, -9.594847731e-06, -4.990745904e-06, -2.363786684e-06, -1.104736014e-06, -5.541936164e-07, -2.875849211e-07, -1.442407539e-07, -6.956667988e-08], "AUX_ENDO_LEAD_123": [0, -0.00932894548, -0.009161943706, -0.006469245625, -0.00327586986, -0.001142743444, -0.000507210372, -0.0003057670853, -0.0001794379945, -8.317259839e-05, -3.582966801e-05, -1.741949587e-05, -9.594847731e-06, -4.990745904e-06, -2.363786684e-06, -1.104736014e-06, -5.541936164e-07, -2.875849211e-07, -1.442407539e-07, -6.956667988e-08, -3.380729553e-08], "AUX_ENDO_LEAD_150": [0, -0.1299220695, -0.04580061237, -0.00932894548, -0.009161943706, -0.006469245625, -0.00327586986, -0.001142743444, -0.000507210372, -0.0003057670853, -0.0001794379945, -8.317259839e-05, -3.582966801e-05, -1.741949587e-05, -9.594847731e-06, -4.990745904e-06, -2.363786684e-06, -1.104736014e-06, -5.541936166e-07, -2.875849212e-07, -1.442407538e-07], "AUX_ENDO_LEAD_154": [0, -0.04580061237, -0.00932894548, -0.009161943706, -0.006469245625, -0.00327586986, -0.001142743444, -0.000507210372, -0.0003057670853, -0.0001794379945, -8.317259839e-05, -3.582966801e-05, -1.741949587e-05, -9.594847731e-06, -4.990745904e-06, -2.363786684e-06, -1.104736014e-06, -5.541936166e-07, -2.875849212e-07, -1.442407538e-07, -6.956667997e-08],