{"interest_": {"p": [0, -0.04172882769, -0.03641974518, -0.03089171305, -0.02577063216, -0.02128367385, -0.01746935814, -0.01428317669, -0.01164963016, -0.009486969978, -0.007718195763, -0.006275263769, -0.005100052558, -0.004143874037, -0.003366415281, -0.002734535907, -0.002221113155, -0.001804011391, -0.001465197149, -0.001189995476, -0.0009664730169], "y": [0, -0.5419273556, -0.7214985869, -0.7320553273, -0.6703896157, -0.5838390589, -0.4946122199, -0.412315584, -0.3403740383, -0.2792965253, -0.2283164433, -0.1861985642, -0.1516216151, -0.1233473736, -0.1002844706, -0.08150203066, -0.06622092819, -0.05379639522, -0.04369855248, -0.03549382348, -0.02882839953], "lambdda": [0, 1.375909167, 1.110066407, 0.8977093296, 0.7270852714, 0.5894692308, 0.4782009093, 0.3880921802, 0.3150442697, 0.2557879462, 0.2076990421, 0.1686624039, 0.1369685511, 0.1112334603, 0.090335346, 0.07336431831, 0.05958201677, 0.04838909713, 0.03929896578, 0.03191652086, 0.02592092472], "w": [0, -2.459763878, -2.553063581, -2.361819984, -2.067864503, -1.757147349, -1.467425349, -1.212723348, -0.9957923464, -0.8143809969, -0.6643319287, -0.5410595323, -0.4402117812, -0.3579282074, -0.2909042873, -0.2363683796, -0.1920238731, -0.1559818876, -0.1266960707, -0.1029041678, -0.08357772379], "R": [0, 0.2294230144, 0.1814653645, 0.144853426, 0.1163323668, 0.09379896327, 0.07582555248, 0.0613982803, 0.04976935349, 0.04037070836, 0.03276137441, 0.02659380026, 0.0215912168, 0.017531699, 0.01423649179, 0.01156118839, 0.009388908242, 0.007624934205, 0.006192449446, 0.005029123122, 0.004084362298], "z": [0, 0, 3.681869818e-33, 4.455418836e-33, 4.59145635e-33, 4.595909765e-33, 4.576070964e-33, 4.552848352e-33, 4.529657321e-33, 4.506799367e-33, 4.484181956e-33, 4.461730882e-33, 4.439411893e-33, 4.417211414e-33, 4.395124252e-33, 4.37314828e-33, 4.351282428e-33, 4.329525982e-33, 4.307878342e-33, 4.286338947e-33, 4.264907251e-33], "lambddap": [0, -6.906869324e-17, -1.761251678e-17, -4.491191778e-18, -1.145253903e-18, -2.920397454e-19, -7.447013507e-20, -1.898988444e-20, -4.842420533e-21, -1.234817236e-21, -3.148783951e-22, -8.029399075e-23, -2.047496763e-23, -5.221116736e-24, -1.331384758e-24, -3.395031036e-25, -8.657328182e-26, -2.20761773e-26, -5.629415701e-27, -1.43549154e-27, -3.660409261e-28], "b": [0, 0, 0, 0, 0, 0, 0, 0, 0, 0, 0, 0, 0, 0, 0, 0, 0, 0, 0, 0, 0], "pit": [0, -2.959366884e-17, -2.94457005e-17, -2.929847199e-17, -2.915197963e-17, -2.900621973e-17, -2.886118864e-17, -2.871688269e-17, -2.857329828e-17, -2.843043179e-17, -2.828827963e-17, -2.814683823e-17, -2.800610404e-17, -2.786607352e-17, -2.772674315e-17, -2.758810944e-17, -2.745016889e-17, -2.731291804e-17, -2.717635345e-17, -2.704047169e-17, -2.690526933e-17], "ystar": [0, 0, -8.642788554e-34, -1.260215191e-33, -1.405115486e-33, -1.449795077e-33, -1.459149159e-33, -1.456938247e-33, -1.451147609e-33, -1.444312831e-33, -1.437204195e-33, -1.430046508e-33, -1.422902649e-33, -1.415789267e-33, -1.408710381e-33, -1.401666749e-33, -1.394658358e-33, -1.387685037e-33, -1.380746599e-33, -1.373842861e-33, -1.366973645e-33], "lambddastar": [0, 0, 0, -1.159172878e-33, -1.547237397e-33, -1.666233245e-33, -1.697055228e-33, -1.700256112e-33, -1.695129643e-33, -1.687594525e-33, -1.679407554e-33, -1.671073598e-33, -1.662732611e-33, -1.654421627e-33, -1.646149746e-33, -1.637918865e-33, -1.629729162e-33, -1.62158046e-33, -1.613472533e-33, -1.60540516e-33, -1.597378131e-33], "wstar": [0, 0, 0, 0, 0, 0, 0, 0, 0, 0, 0, 0, 0, 0, 0, 0, 0, 0, 0, 0, 0], "Rstar": [0, 0, 2.252688213e-33, 1.711323914e-33, 1.482658384e-33, 1.395807183e-33, 1.36229396e-33, 1.347069491e-33, 1.337773106e-33, 1.330332441e-33, 1.323468085e-33, 1.316793085e-33, 1.310194348e-33, 1.303639909e-33, 1.297121022e-33, 1.290635336e-33, 1.284182179e-33, 1.277761289e-33, 1.271372495e-33, 1.265015637e-33, 1.258690561e-33], "interest": [0, 0.9176920577, 0.725861458, 0.579413704, 0.4653294672, 0.3751958531, 0.3033022099, 0.2455931212, 0.199077414, 0.1614828335, 0.1310454976, 0.106375201, 0.08636486721, 0.07012679601, 0.05694596715, 0.04624475355, 0.03755563297, 0.03049973682, 0.02476979778, 0.02011649249, 0.01633744919], "inflation": [0, -0.04172882769, -0.07814857287, -0.1090402859, -0.1348109181, -0.1143657642, -0.09541537719, -0.07880684083, -0.06468583883, -0.05288913496, -0.04313797259, -0.03513005967, -0.02858048207, -0.02323738613, -0.01888560564, -0.01534487778, -0.01246593838, -0.01012607573, -0.008224857602, -0.006680317171, -0.005425677033], "inflationq": [0, -0.1669153108, -0.1456789807, -0.1235668522, -0.1030825286, -0.08513469539, -0.06987743254, -0.05713270676, -0.04659852063, -0.03794787991, -0.03087278305, -0.02510105508, -0.02040021023, -0.01657549615, -0.01346566112, -0.01093814363, -0.008884452622, -0.007216045563, -0.005860788595, -0.004759981905, -0.003865892068], "outputgap": [0, -0.5419273556, -0.7214985869, -0.7320553273, -0.6703896157, -0.5838390589, -0.4946122199, -0.412315584, -0.3403740383, -0.2792965253, -0.2283164433, -0.1861985642, -0.1516216151, -0.1233473736, -0.1002844706, -0.08150203066, -0.06622092819, -0.05379639522, -0.04369855248, -0.03549382348, -0.02882839953], "output": [0, -0.5419273556, -0.7214985869, -0.7320553273, -0.6703896157, -0.5838390589, -0.4946122199, -0.412315584, -0.3403740383, -0.2792965253, -0.2283164433, -0.1861985642, -0.1516216151, -0.1233473736, -0.1002844706, -0.08150203066, -0.06622092819, -0.05379639522, -0.04369855248, -0.03549382348, -0.02882839953], "AUX_ENDO_LEAD_77": [0, -0.1456789807, -0.1235668522, -0.1030825286, -0.08513469539, -0.06987743254, -0.05713270676, -0.04659852063, -0.03794787991, -0.03087278305, -0.02510105508, -0.02040021023, -0.01657549615, -0.01346566112, -0.01093814363, -0.008884452622, -0.007216045563, -0.005860788595, -0.004759981905, -0.003865892068, -0.003139721051], "AUX_ENDO_LEAD_81": [0, -0.1235668522, -0.1030825286, -0.08513469539, -0.06987743254, -0.05713270676, -0.04659852063, -0.03794787991, -0.03087278305, -0.02510105508, -0.02040021023, -0.01657549615, -0.01346566112, -0.01093814363, -0.008884452622, -0.007216045563, -0.005860788595, -0.004759981905, -0.003865892068, -0.003139721051, -0.002549942774], "AUX_ENDO_LEAD_85": [0, -0.1030825286, -0.08513469539, -0.06987743254, -0.05713270676, -0.04659852063, -0.03794787991, -0.03087278305, -0.02510105508, -0.02040021023, -0.01657549615, -0.01346566112, -0.01093814363, -0.008884452622, -0.007216045563, -0.005860788595, -0.004759981905, -0.003865892068, -0.003139721051, -0.002549942774, -0.002070944896], "AUX_ENDO_LEAD_112": [0, -0.7214985869, -0.7320553273, -0.6703896157, -0.5838390589, -0.4946122199, -0.412315584, -0.3403740383, -0.2792965253, -0.2283164433, -0.1861985642, -0.1516216151, -0.1233473736, -0.1002844706, -0.08150203066, -0.06622092819, -0.05379639522, -0.04369855248, -0.03549382348, -0.02882839953, -0.023414063], "AUX_ENDO_LEAD_116": [0, -0.7320553273, -0.6703896157, -0.5838390589, -0.4946122199, -0.412315584, -0.3403740383, -0.2792965253, -0.2283164433, -0.1861985642, -0.1516216151, -0.1233473736, -0.1002844706, -0.08150203066, -0.06622092819, -0.05379639522, -0.04369855248, -0.03549382348, -0.02882839953, -0.023414063, -0.01901628525], "AUX_ENDO_LEAD_120": [0, -0.6703896157, -0.5838390589, -0.4946122199, -0.412315584, -0.3403740383, -0.2792965253, -0.2283164433, -0.1861985642, -0.1516216151, -0.1233473736, -0.1002844706, -0.08150203066, -0.06622092819, -0.05379639522, -0.04369855248, -0.03549382348, -0.02882839953, -0.023414063, -0.01901628525, -0.01544435892], "AUX_ENDO_LEAD_147": [0, -0.7214985869, -0.7320553273, -0.6703896157, -0.5838390589, -0.4946122199, -0.412315584, -0.3403740383, -0.2792965253, -0.2283164433, -0.1861985642, -0.1516216151, -0.1233473736, -0.1002844706, -0.08150203066, -0.06622092819, -0.05379639522, -0.04369855248, -0.03549382348, -0.02882839953, -0.023414063],