{"interest_": {"p": [0, -0.01011892614, -0.007609515039, -0.005452779055, -0.003785645732, -0.002570602749, -0.001717377594, -0.001133277789, -0.0007406883915, -0.0004804234765, -0.0003097024576, -0.0001986495082, -0.0001268922364, -8.077743981e-05, -5.127381719e-05, -3.246752142e-05, -2.051693127e-05, -1.294253347e-05, -8.152321072e-06, -5.128516163e-06, -3.222770007e-06], "y": [0, -0.2343396106, -0.273666095, -0.2400715793, -0.1874942549, -0.1374934401, -0.09694313894, -0.06655500908, -0.04482751597, -0.02976564633, -0.01954911715, -0.01272915555, -0.008231552065, -0.005293451144, -0.00338849789, -0.002160872483, -0.001373655058, -0.0008709100042, -0.0005509291423, -0.0003478509196, -0.0002192746186], "lambdda": [0, 0.6828375454, 0.4410899415, 0.283399116, 0.1812794088, 0.1155328807, 0.07340613816, 0.04652015495, 0.02941748189, 0.01856814493, 0.01170170418, 0.007364558214, 0.004629614741, 0.002907462896, 0.001824376961, 0.001143923631, 0.00071681168, 0.0004489272595, 0.0002810229111, 0.0001758449209, 0.0001099927265], "w": [0, -1.151516767, -0.9884221316, -0.7635422746, -0.5562679186, -0.390519761, -0.267292416, -0.1796301731, -0.1190725138, -0.07809943758, -0.05079993848, -0.03282286932, -0.02109271887, -0.01349436518, -0.008601372742, -0.005465668596, -0.003464121796, -0.002190747268, -0.001382881196, -0.0008715467601, -0.0005485419637], "R": [0, 0.2341380889, 0.1522380464, 0.09833406145, 0.06317592536, 0.04040936497, 0.02575270541, 0.01636198467, 0.01036891348, 0.006556738293, 0.004138496461, 0.002608051236, 0.001641374405, 0.001031812117, 0.0006479858092, 0.0004065950195, 0.000254941887, 0.0001597520274, 0.000100049474, 6.262942446e-05, 3.918904382e-05], "z": [0, 0, 2.22380183e-32, 2.908168505e-32, 3.109116128e-32, 3.159847573e-32, 3.164313234e-32, 3.154658401e-32, 3.140754384e-32, 3.125615414e-32, 3.110157539e-32, 3.094657927e-32, 3.079199996e-32, 3.063808598e-32, 3.048490932e-32, 3.033248889e-32, 3.018082768e-32, 3.002992391e-32, 2.98797744e-32, 2.973037556e-32, 2.958172369e-32], "lambddap": [0, 1.79877266e-17, 4.586870284e-18, 1.169651922e-18, 2.982612402e-19, 7.605661625e-20, 1.939443714e-20, 4.945581472e-21, 1.261123275e-21, 3.215864352e-22, 8.200454096e-23, 2.091115793e-23, 5.332345258e-24, 1.359748026e-24, 3.467357326e-25, 8.841759773e-26, 2.25464734e-26, 5.749336773e-27, 1.466067001e-27, 3.738332789e-28, 9.531374876e-29], "b": [0, 0, 0, 0, 0, 0, 0, 0, 0, 0, 0, 0, 0, 0, 0, 0, 0, 0, 0, 0, 0], "pit": [0, 3.193895258e-17, 3.177925782e-17, 3.162036153e-17, 3.146225972e-17, 3.130494842e-17, 3.114842368e-17, 3.099268156e-17, 3.083771816e-17, 3.068352957e-17, 3.053011192e-17, 3.037746136e-17, 3.022557405e-17, 3.007444618e-17, 2.992407395e-17, 2.977445358e-17, 2.962558131e-17, 2.947745341e-17, 2.933006614e-17, 2.918341581e-17, 2.903749873e-17], "ystar": [0, 0, -2.001882846e-33, -5.069811417e-33, -6.795403001e-33, -7.563452067e-33, -7.85887701e-33, -7.950588894e-33, -7.960542178e-33, -7.939141787e-33, -7.906138428e-33, -7.869008934e-33, -7.830516461e-33, -7.791664091e-33, -7.752810777e-33, -7.714083251e-33, -7.675525484e-33, -7.63715222e-33, -7.59896796e-33, -7.560973635e-33, -7.523168942e-33], "lambddastar": [0, 0, 0, -4.831383276e-33, -7.971362004e-33, -9.449432218e-33, -1.004670755e-32, -1.025288627e-32, -1.029960622e-32, -1.028454867e-32, -1.024641777e-32, -1.019996439e-32, -1.015066368e-32, -1.010050924e-32, -1.005021632e-32, -1.000003819e-32, -9.950063273e-33, -9.900321678e-33, -9.850823069e-33, -9.801569983e-33, -9.752562485e-33], "wstar": [0, 0, 0, 0, 0, 0, 0, 0, 0, 0, 0, 0, 0, 0, 0, 0, 0, 0, 0, 0, 0], "Rstar": [0, 0, 1.143607471e-32, 1.177723919e-32, 1.071214511e-32, 9.982022628e-33, 9.604189017e-33, 9.416055403e-33, 9.312982972e-33, 9.244946876e-33, 9.190714518e-33, 9.141833325e-33, 9.095069553e-33, 9.04921861e-33, 9.003839943e-33, 8.958774284e-33, 8.913964226e-33, 8.869388792e-33, 8.82503991e-33, 8.780914043e-33, 8.737009244e-33], "interest": [0, 0.9365523556, 0.6089521857, 0.3933362458, 0.2527037014, 0.1616374599, 0.1030108217, 0.06544793867, 0.04147565393, 0.02622695317, 0.01655398585, 0.01043220494, 0.006565497622, 0.004127248469, 0.002591943237, 0.001626380078, 0.001019767548, 0.0006390081094, 0.000400197896, 0.0002505176978, 0.0001567561753], "inflation": [0, -0.01011892614, -0.01772844118, -0.02318122023, -0.02696686596, -0.01941854257, -0.01352640513, -0.009206903864, -0.006161946524, -0.004071767252, -0.002664092115, -0.001729463834, -0.001115667679, -0.0007160216421, -0.0004575930017, -0.0002914110148, -0.0001850357097, -0.0001172008034, -7.407930724e-05, -4.674030198e-05, -2.944614071e-05], "inflationq": [0, -0.04047570455, -0.03043806016, -0.02181111622, -0.01514258293, -0.01028241099, -0.006869510378, -0.004533111157, -0.002962753566, -0.001921693906, -0.00123880983, -0.0007945980329, -0.0005075689457, -0.0003231097592, -0.0002050952688, -0.0001298700857, -8.206772509e-05, -5.177013389e-05, -3.260928429e-05, -2.051406465e-05, -1.289108003e-05], "outputgap": [0, -0.2343396106, -0.273666095, -0.2400715793, -0.1874942549, -0.1374934401, -0.09694313894, -0.06655500908, -0.04482751597, -0.02976564633, -0.01954911715, -0.01272915555, -0.008231552065, -0.005293451144, -0.00338849789, -0.002160872483, -0.001373655058, -0.0008709100042, -0.0005509291423, -0.0003478509196, -0.0002192746186], "output": [0, -0.2343396106, -0.273666095, -0.2400715793, -0.1874942549, -0.1374934401, -0.09694313894, -0.06655500908, -0.04482751597, -0.02976564633, -0.01954911715, -0.01272915555, -0.008231552065, -0.005293451144, -0.00338849789, -0.002160872483, -0.001373655058, -0.0008709100042, -0.0005509291423, -0.0003478509196, -0.0002192746186], "AUX_ENDO_LEAD_77": [0, -0.03043806016, -0.02181111622, -0.01514258293, -0.01028241099, -0.006869510378, -0.004533111157, -0.002962753566, -0.001921693906, -0.00123880983, -0.0007945980329, -0.0005075689457, -0.0003231097592, -0.0002050952688, -0.0001298700857, -8.206772509e-05, -5.177013389e-05, -3.260928429e-05, -2.051406465e-05, -1.289108003e-05, -8.093205554e-06], "AUX_ENDO_LEAD_81": [0, -0.02181111622, -0.01514258293, -0.01028241099, -0.006869510378, -0.004533111157, -0.002962753566, -0.001921693906, -0.00123880983, -0.0007945980329, -0.0005075689457, -0.0003231097592, -0.0002050952688, -0.0001298700857, -8.206772509e-05, -5.177013389e-05, -3.260928429e-05, -2.051406465e-05, -1.289108003e-05, -8.093205554e-06, -5.076940167e-06], "AUX_ENDO_LEAD_85": [0, -0.01514258293, -0.01028241099, -0.006869510378, -0.004533111157, -0.002962753566, -0.001921693906, -0.00123880983, -0.0007945980329, -0.0005075689457, -0.0003231097592, -0.0002050952688, -0.0001298700857, -8.206772509e-05, -5.177013389e-05, -3.260928429e-05, -2.051406465e-05, -1.289108003e-05, -8.093205554e-06, -5.076940167e-06, -3.182598848e-06], "AUX_ENDO_LEAD_112": [0, -0.273666095, -0.2400715793, -0.1874942549, -0.1374934401, -0.09694313894, -0.06655500908, -0.04482751597, -0.02976564633, -0.01954911715, -0.01272915555, -0.008231552065, -0.005293451144, -0.00338849789, -0.002160872483, -0.001373655058, -0.0008709100042, -0.0005509291423, -0.0003478509196, -0.0002192746186, -0.0001380333354], "AUX_ENDO_LEAD_116": [0, -0.2400715793, -0.1874942549, -0.1374934401, -0.09694313894, -0.06655500908, -0.04482751597, -0.02976564633, -0.01954911715, -0.01272915555, -0.008231552065, -0.005293451144, -0.00338849789, -0.002160872483, -0.001373655058, -0.0008709100042, -0.0005509291423, -0.0003478509196, -0.0002192746186, -0.0001380333354, -8.678930323e-05], "AUX_ENDO_LEAD_120": [0, -0.1874942549, -0.1374934401, -0.09694313894, -0.06655500908, -0.04482751597, -0.02976564633, -0.01954911715, -0.01272915555, -0.008231552065, -0.005293451144, -0.00338849789, -0.002160872483, -0.001373655058, -0.0008709100042, -0.0005509291423, -0.0003478509196, -0.0002192746186, -0.0001380333354, -8.678930323e-05, -5.451396567e-05],