{"interest_": {"p": [0, -0.007874239629, -0.00559039908, -0.003738685248, -0.002397269649, -0.00148949561, -0.000901946716, -0.000534180306, -0.0003101054627, -0.000176676095, -9.883182879e-05, -5.42717148e-05, -2.922831915e-05, -1.54101726e-05, -7.930280272e-06, -3.964255763e-06, -1.909856582e-06, -8.746249419e-07, -3.706508489e-07, -1.364170265e-07, -3.477686379e-08], "y": [0, -0.2083978376, -0.2335929595, -0.1948431169, -0.1433097001, -0.09811445442, -0.06403397709, -0.04034043466, -0.02471005738, -0.01478221135, -0.008660353554, -0.004977076846, -0.002808058384, -0.001555521084, -0.0008455315447, -0.000450376389, -0.0002345214076, -0.0001189271913, -5.836731642e-05, -2.743376769e-05, -1.211276406e-05], "lambdda": [0, 0.6296650858, 0.3803538499, 0.2239268525, 0.1284761864, 0.0723661733, 0.04001946333, 0.02171460975, 0.01154385745, 0.005997762934, 0.0030333607, 0.001483637194, 0.0006940607027, 0.0003042395914, 0.0001195254001, 3.696501553e-05, 3.38060252e-06, -7.931876676e-06, -9.91426081e-06, -8.543672622e-06, -6.387927403e-06], "w": [0, -1.046460761, -0.8475397688, -0.6136130864, -0.4150955866, -0.2685950821, -0.1680874175, -0.1023954791, -0.06096397221, -0.03556218564, -0.02035406781, -0.01143779089, -0.00631017747, -0.00341528176, -0.001810588489, -0.0009377177934, -0.0004724234177, -0.0002299225059, -0.000106820372, -4.632386275e-05, -1.783760072e-05], "R": [0, 0.2437208369, 0.1526883121, 0.09305339647, 0.05462051751, 0.03144476325, 0.01777067328, 0.009860646833, 0.00536941842, 0.002865570406, 0.001495451791, 0.0007603481723, 0.0003744109387, 0.0001767839111, 7.859612876e-05, 3.167455643e-05, 1.043785425e-05, 1.611733285e-06, -1.507005214e-06, -2.190522083e-06, -1.965413415e-06], "z": [0, 0, -1.263574554e-32, -1.577373868e-32, -1.650494867e-32, -1.662714661e-32, -1.659566649e-32, -1.652569738e-32, -1.644633785e-32, -1.636492537e-32, -1.628330537e-32, -1.620193976e-32, -1.612094267e-32, -1.604034106e-32, -1.596014011e-32, -1.588033959e-32, -1.580093794e-32, -1.572193326e-32, -1.564332359e-32, -1.556510698e-32, -1.548728144e-32], "lambddap": [0, 1.154572805e-17, 2.944160653e-18, 7.507609666e-19, 1.914440465e-19, 4.881823185e-20, 1.244864912e-20, 3.174405526e-21, 8.094734092e-22, 2.064157193e-22, 5.263600844e-23, 1.342218216e-23, 3.422656457e-24, 8.727774034e-25, 2.225582446e-25, 5.675235907e-26, 1.447185823e-26, 3.690330478e-27, 9.410408694e-28, 2.399719862e-28, 6.11993881e-29], "b": [0, 0, 0, 0, 0, 0, 0, 0, 0, 0, 0, 0, 0, 0, 0, 0, 0, 0, 0, 0, 0], "pit": [0, 8.777108851e-18, 8.733223307e-18, 8.68955719e-18, 8.646109404e-18, 8.602878857e-18, 8.559864463e-18, 8.517065141e-18, 8.474479815e-18, 8.432107416e-18, 8.389946879e-18, 8.347997144e-18, 8.306257159e-18, 8.264725873e-18, 8.223402243e-18, 8.182285232e-18, 8.141373806e-18, 8.100666937e-18, 8.060163602e-18, 8.019862784e-18, 7.97976347e-18], "ystar": [0, -3.126077482e-18, 1.346096169e-16, 1.393231756e-16, 1.041239499e-16, 7.058156894e-17, 4.5262174e-17, 2.796536288e-17, 1.680004958e-17, 9.861632237e-18, 5.671644697e-18, 3.200179625e-18, 1.772178977e-18, 9.627467733e-19, 5.124104507e-19, 2.665588936e-19, 1.350034535e-19, 6.614802086e-20, 3.101937226e-20, 1.364742423e-20, 5.397721897e-21], "lambddastar": [0, -6.252154963e-18, -7.748677827e-17, 2.041617098e-17, 3.261502082e-17, 2.849557249e-17, 2.049967189e-17, 1.35181799e-17, 8.475976274e-18, 5.135293316e-18, 3.030588359e-18, 1.749432018e-18, 9.899104929e-19, 5.495086946e-19, 2.991936321e-19, 1.596037466e-19, 8.323213576e-20, 4.227608019e-20, 2.078909782e-20, 9.796880152e-21, 4.342602776e-21], "wstar": [0, 0, 0, 0, 0, 0, 0, 0, 0, 0, 0, 0, 0, 0, 0, 0, 0, 0, 0, 0, 0], "Rstar": [0, 7.12346233e-17, -9.790294925e-17, -1.219884984e-17, 4.11944833e-18, 7.9959006e-18, 6.98149199e-18, 5.042203622e-18, 3.340682958e-18, 2.104704957e-18, 1.281156341e-18, 7.595215254e-19, 4.404017983e-19, 2.503150625e-19, 1.395898854e-19, 7.637161087e-20, 4.095605557e-20, 2.148698237e-20, 1.099221767e-20, 5.454277375e-21, 2.601836086e-21], "interest": [0, 0.9748833474, 0.6107532483, 0.3722135859, 0.21848207, 0.125779053, 0.07108269313, 0.03944258733, 0.02147767368, 0.01146228162, 0.005981807163, 0.003041392689, 0.001497643755, 0.0007071356443, 0.0003143845151, 0.0001266982257, 4.175141702e-05, 6.44693314e-06, -6.028020856e-06, -8.762088333e-06, -7.861653662e-06], "inflation": [0, -0.007874239629, -0.01346463871, -0.01720332396, -0.01960059361, -0.01321584959, -0.008527397223, -0.005322892281, -0.003235728094, -0.00192290858, -0.001119793693, -0.0006398851013, -0.0003590079577, -0.0001977420353, -0.0001068404868, -5.653302778e-05, -2.921456521e-05, -1.467901756e-05, -7.119388136e-06, -3.2915494e-06, -1.416469681e-06], "inflationq": [0, -0.03149695852, -0.02236159632, -0.01495474099, -0.009589078596, -0.005957982439, -0.003607786864, -0.002136721224, -0.001240421851, -0.00070670438, -0.0003953273152, -0.0002170868592, -0.0001169132766, -6.164069039e-05, -3.172112109e-05, -1.585702305e-05, -7.639426329e-06, -3.498499768e-06, -1.482603396e-06, -5.456681059e-07, -1.391074552e-07], "outputgap": [0, -0.2083978376, -0.2335929595, -0.1948431169, -0.1433097001, -0.09811445442, -0.06403397709, -0.04034043466, -0.02471005738, -0.01478221135, -0.008660353554, -0.004977076846, -0.002808058384, -0.001555521084, -0.0008455315447, -0.000450376389, -0.0002345214076, -0.0001189271913, -5.836731642e-05, -2.743376769e-05, -1.211276406e-05], "output": [0, -0.2083978376, -0.2335929595, -0.1948431169, -0.1433097001, -0.09811445442, -0.06403397709, -0.04034043466, -0.02471005738, -0.01478221135, -0.008660353554, -0.004977076846, -0.002808058384, -0.001555521084, -0.0008455315447, -0.000450376389, -0.0002345214076, -0.0001189271913, -5.836731642e-05, -2.743376769e-05, -1.211276406e-05], "AUX_ENDO_LEAD_77": [0, -0.02236159632, -0.01495474099, -0.009589078596, -0.005957982439, -0.003607786864, -0.002136721224, -0.001240421851, -0.00070670438, -0.0003953273152, -0.0002170868592, -0.0001169132766, -6.164069039e-05, -3.172112109e-05, -1.585702305e-05, -7.639426329e-06, -3.498499768e-06, -1.482603396e-06, -5.456681059e-07, -1.391074552e-07, 1.762503935e-08], "AUX_ENDO_LEAD_81": [0, -0.01495474099, -0.009589078596, -0.005957982439, -0.003607786864, -0.002136721224, -0.001240421851, -0.00070670438, -0.0003953273152, -0.0002170868592, -0.0001169132766, -6.164069039e-05, -3.172112109e-05, -1.585702305e-05, -7.639426329e-06, -3.498499768e-06, -1.482603396e-06, -5.456681059e-07, -1.391074552e-07, 1.762503935e-08, 6.368661691e-08], "AUX_ENDO_LEAD_85": [0, -0.009589078596, -0.005957982439, -0.003607786864, -0.002136721224, -0.001240421851, -0.00070670438, -0.0003953273152, -0.0002170868592, -0.0001169132766, -6.164069039e-05, -3.172112109e-05, -1.585702305e-05, -7.639426329e-06, -3.498499768e-06, -1.482603396e-06, -5.456681059e-07, -1.391074552e-07, 1.762503935e-08, 6.368661691e-08, 6.543207062e-08], "AUX_ENDO_LEAD_112": [0, -0.2335929595, -0.1948431169, -0.1433097001, -0.09811445442, -0.06403397709, -0.04034043466, -0.02471005738, -0.01478221135, -0.008660353554, -0.004977076846, -0.002808058384, -0.001555521084, -0.0008455315447, -0.000450376389, -0.0002345214076, -0.0001189271913, -5.836731642e-05, -2.743376769e-05, -1.211276406e-05, -4.821699076e-06], "AUX_ENDO_LEAD_116": [0, -0.1948431169, -0.1433097001, -0.09811445442, -0.06403397709, -0.04034043466, -0.02471005738, -0.01478221135, -0.008660353554, -0.004977076846, -0.002808058384, -0.001555521084, -0.0008455315447, -0.000450376389, -0.0002345214076, -0.0001189271913, -5.836731642e-05, -2.743376769e-05, -1.211276406e-05, -4.821699076e-06, -1.541948955e-06], "AUX_ENDO_LEAD_120": [0, -0.1433097001, -0.09811445442, -0.06403397709, -0.04034043466, -0.02471005738, -0.01478221135, -0.008660353554, -0.004977076846, -0.002808058384, -0.001555521084, -0.0008455315447, -0.000450376389, -0.0002345214076, -0.0001189271913, -5.836731642e-05, -2.743376769e-05, -1.211276406e-05, -4.821699076e-06, -1.541948955e-06, -1.929799553e-07],