{"interest_": {"p": [0, -0.03931799549, -0.03601388738, -0.03283890106, -0.03008570268, -0.02772724469, -0.02560513354, -0.02365078978, -0.02184092004, -0.02016650516, -0.01861955393, -0.01719122977, -0.01587257807, -0.01465513133, -0.01353107923, -0.0124932418, -0.01153500455, -0.01065026344, -0.009833382224, -0.009079156283, -0.008382779942], "y": [0, -0.3301985384, -0.4188731054, -0.4086813727, -0.3711966585, -0.3368923728, -0.3089036225, -0.2849319206, -0.2632297765, -0.2431551311, -0.224542275, -0.2073228061, -0.1914174663, -0.1767334236, -0.1631772411, -0.1506614414, -0.1391057041, -0.1284362614, -0.1185851393, -0.1094895928, -0.1010916787], "lambdda": [0, 0.8858974075, 0.6460730868, 0.471199376, 0.3636853832, 0.3222114915, 0.2995296572, 0.2795881041, 0.259371348, 0.2396861576, 0.2212386817, 0.2042090827, 0.1885242722, 0.174061603, 0.1607125841, 0.1483870257, 0.1370060378, 0.1264976278, 0.1167951524, 0.1078368767, 0.09956572212], "w": [0, -1.546294484, -1.483819298, -1.288562121, -1.1060787, -0.9959962371, -0.9173369022, -0.8494519453, -0.785830901, -0.7259964197, -0.6703232318, -0.6188546949, -0.5713592047, -0.5275284502, -0.4870670664, -0.4497099084, -0.4152174461, -0.3833701506, -0.3539654309, -0.3268160624, -0.3017490796], "R": [0, 0.2038104333, 0.1420348097, 0.07742829016, 0.01374664702, -0.002923299257, -0.003709236642, -0.001624163967, -0.0004813147266, -0.0001720780762, -0.0001616307627, -0.0001877675576, -0.0001924621444, -0.0001820603502, -0.0001676834136, -0.0001540166266, -0.0001418534722, -0.0001309068205, -0.0001208805868, -0.000111625335, -0.0001030698957], "z": [0, 0, 1.332637232e-33, 1.727190262e-33, 1.839098381e-33, 1.866057106e-33, 1.867554543e-33, 1.861455534e-33, 1.853116016e-33, 1.844139351e-33, 1.835004843e-33, 1.825855513e-33, 1.816733892e-33, 1.807652503e-33, 1.798614919e-33, 1.789622046e-33, 1.780673996e-33, 1.771770644e-33, 1.762911796e-33, 1.754097239e-33, 1.745326753e-33], "lambddap": [0, 4.079202469e-19, 1.04019663e-19, 2.652501405e-20, 6.763878584e-21, 1.724789039e-21, 4.398212049e-22, 1.121544073e-22, 2.859937385e-23, 7.292840334e-24, 1.859674287e-24, 4.742169449e-25, 1.209253227e-25, 3.083595905e-26, 7.863171303e-27, 2.005110419e-27, 5.113048848e-28, 1.303844649e-28, 3.32497493e-29, 8.480388251e-30, 2.164192673e-30], "b": [0, 0, 0, 0, 0, 0, 0, 0, 0, 0, 0, 0, 0, 0, 0, 0, 0, 0, 0, 0, 0], "pit": [0, 1.156653095e-17, 1.150869829e-17, 1.14511548e-17, 1.139389903e-17, 1.133692953e-17, 1.128024489e-17, 1.122384366e-17, 1.116772444e-17, 1.111188582e-17, 1.105632639e-17, 1.100104476e-17, 1.094603954e-17, 1.089130934e-17, 1.083685279e-17, 1.078266853e-17, 1.072875518e-17, 1.067511141e-17, 1.062173585e-17, 1.056862717e-17, 1.051578404e-17], "ystar": [0, 0, -8.749081998e-34, -1.277147394e-33, -1.4411197e-33, -1.501259069e-33, -1.519408069e-33, -1.521338596e-33, -1.517205288e-33, -1.510867985e-33, -1.503757745e-33, -1.49639555e-33, -1.488968408e-33, -1.48154266e-33, -1.474141564e-33, -1.466773141e-33, -1.459440062e-33, -1.452143131e-33, -1.444882508e-33, -1.437658127e-33, -1.430469847e-33], "lambddastar": [0, 0, 0, -7.985384023e-34, -1.131516084e-33, -1.259593282e-33, -1.304362341e-33, -1.316833556e-33, -1.31718032e-33, -1.313087826e-33, -1.307409558e-33, -1.301185435e-33, -1.294789112e-33, -1.288353337e-33, -1.281924801e-33, -1.275519746e-33, -1.269143719e-33, -1.26279854e-33, -1.256484732e-33, -1.250202371e-33, -1.243951381e-33], "wstar": [0, 0, 0, 0, 0, 0, 0, 0, 0, 0, 0, 0, 0, 0, 0, 0, 0, 0, 0, 0, 0], "Rstar": [0, 0, 1.19433166e-33, 8.459531892e-34, 6.742894179e-34, 5.989880195e-34, 5.671349144e-34, 5.531990567e-34, 5.462829628e-34, 5.4203112e-34, 5.387723147e-34, 5.358827646e-34, 5.331341914e-34, 5.304442575e-34, 5.277835751e-34, 5.251417211e-34, 5.225149978e-34, 5.199020733e-34, 5.173024429e-34, 5.147158896e-34, 5.121422961e-34], "interest": [0, 0.8152417331, 0.568139239, 0.3097131606, 0.05498658809, -0.01169319703, -0.01483694657, -0.006496655868, -0.001925258907, -0.0006883123047, -0.0006465230508, -0.0007510702306, -0.0007698485777, -0.0007282414006, -0.0006707336545, -0.0006160665065, -0.0005674138887, -0.0005236272818, -0.0004835223473, -0.0004465013401, -0.0004122795829], "inflation": [0, -0.03931799549, -0.07533188286, -0.1081707839, -0.1382564866, -0.1266657358, -0.116256982, -0.1070688707, -0.09882408805, -0.09126334852, -0.08427776892, -0.07781820891, -0.07184986694, -0.06633849311, -0.0612500184, -0.05655203044, -0.05221445691, -0.04820958902, -0.04451189202, -0.0410978065, -0.03794558189], "inflationq": [0, -0.1572719819, -0.1440555495, -0.1313556043, -0.1203428107, -0.1109089788, -0.1024205341, -0.09460315913, -0.08736368017, -0.08066602064, -0.07447821574, -0.06876491908, -0.0634903123, -0.05862052534, -0.05412431691, -0.04997296721, -0.04614001819, -0.04260105377, -0.03933352889, -0.03631662513, -0.03353111977], "outputgap": [0, -0.3301985384, -0.4188731054, -0.4086813727, -0.3711966585, -0.3368923728, -0.3089036225, -0.2849319206, -0.2632297765, -0.2431551311, -0.224542275, -0.2073228061, -0.1914174663, -0.1767334236, -0.1631772411, -0.1506614414, -0.1391057041, -0.1284362614, -0.1185851393, -0.1094895928, -0.1010916787], "output": [0, -0.3301985384, -0.4188731054, -0.4086813727, -0.3711966585, -0.3368923728, -0.3089036225, -0.2849319206, -0.2632297765, -0.2431551311, -0.224542275, -0.2073228061, -0.1914174663, -0.1767334236, -0.1631772411, -0.1506614414, -0.1391057041, -0.1284362614, -0.1185851393, -0.1094895928, -0.1010916787], "AUX_ENDO_LEAD_77": [0, -0.1440555495, -0.1313556043, -0.1203428107, -0.1109089788, -0.1024205341, -0.09460315913, -0.08736368017, -0.08066602064, -0.07447821574, -0.06876491908, -0.0634903123, -0.05862052534, -0.05412431691, -0.04997296721, -0.04614001819, -0.04260105377, -0.03933352889, -0.03631662513, -0.03353111977, -0.03095926429], "AUX_ENDO_LEAD_81": [0, -0.1313556043, -0.1203428107, -0.1109089788, -0.1024205341, -0.09460315913, -0.08736368017, -0.08066602064, -0.07447821574, -0.06876491908, -0.0634903123, -0.05862052534, -0.05412431691, -0.04997296721, -0.04614001819, -0.04260105377, -0.03933352889, -0.03631662513, -0.03353111977, -0.03095926429, -0.02858467157], "AUX_ENDO_LEAD_85": [0, -0.1203428107, -0.1109089788, -0.1024205341, -0.09460315913, -0.08736368017, -0.08066602064, -0.07447821574, -0.06876491908, -0.0634903123, -0.05862052534, -0.05412431691, -0.04997296721, -0.04614001819, -0.04260105377, -0.03933352889, -0.03631662513, -0.03353111977, -0.03095926429, -0.02858467157, -0.02639221143], "AUX_ENDO_LEAD_112": [0, -0.4188731054, -0.4086813727, -0.3711966585, -0.3368923728, -0.3089036225, -0.2849319206, -0.2632297765, -0.2431551311, -0.224542275, -0.2073228061, -0.1914174663, -0.1767334236, -0.1631772411, -0.1506614414, -0.1391057041, -0.1284362614, -0.1185851393, -0.1094895928, -0.1010916787, -0.09333789016], "AUX_ENDO_LEAD_116": [0, -0.4086813727, -0.3711966585, -0.3368923728, -0.3089036225, -0.2849319206, -0.2632297765, -0.2431551311, -0.224542275, -0.2073228061, -0.1914174663, -0.1767334236, -0.1631772411, -0.1506614414, -0.1391057041, -0.1284362614, -0.1185851393, -0.1094895928, -0.1010916787, -0.09333789016, -0.0861788221], "AUX_ENDO_LEAD_120": [0, -0.3711966585, -0.3368923728, -0.3089036225, -0.2849319206, -0.2632297765, -0.2431551311, -0.224542275, -0.2073228061, -0.1914174663, -0.1767334236, -0.1631772411, -0.1506614414, -0.1391057041, -0.1284362614, -0.1185851393, -0.1094895928, -0.1010916787, -0.09333789016, -0.0861788221, -0.07956885871], "AUX_ENDO_LEAD_147": [0, -0.4188731054, -0.4086813727, -0.3711966585, -0.3368923728, -0.3089036225, -0.2849319206, -0.2632297765, -0.2431551311, -0.224542275, -0.2073228061, -0.1914174663, -0.1767334236, -0.1631772411, -0.1506614414, -0.1391057041, -0.1284362614, -0.1185851393, -0.1094895928, -0.1010916787, -0.09333789016],