{"interest_": {"p": [0, -0.025331842, -0.02237006644, -0.01942546477, -0.01672619794, -0.01433946788, -0.01226558395, -0.01047929543, -0.008947642059, -0.007637393411, -0.00651791057, -0.005562028412, -0.004746110701, -0.004049784962, -0.003455576613, -0.00294853431, -0.00251588232, -0.0021467114, -0.00183170944, -0.001562929129, -0.001333588593], "y": [0, -0.2982214266, -0.3878790626, -0.3906509339, -0.3600309915, -0.3191473232, -0.2776609408, -0.239308632, -0.2052627036, -0.1756214556, -0.1500652349, -0.1281407632, -0.1093805097, -0.09334941542, -0.07966009574, -0.06797477828, -0.05800201924, -0.04949169319, -0.04222973005, -0.0360331822, -0.03074581777], "lambdda": [0, 0.7781619406, 0.5876157147, 0.4672281876, 0.3833847291, 0.3202901984, 0.2702325519, 0.2292106921, 0.194964558, 0.1660819662, 0.1415889099, 0.1207576305, 0.1030133845, 0.08788644529, 0.07498526478, 0.06397988901, 0.05459063249, 0.04657967862, 0.03974447814, 0.03391236923, 0.02893610031], "w": [0, -1.374604794, -1.36337384, -1.248530055, -1.103446712, -0.9585848448, -0.8255544334, -0.7078279562, -0.6054899651, -0.5173248774, -0.4417193797, -0.377039157, -0.321774404, -0.2745852761, -0.2343054563, -0.1999294456, -0.170594671, -0.145563065, -0.1242039382, -0.1059787336, -0.09042773585], "R": [0, 0.1681761594, 0.1009620623, 0.0671172606, 0.04875506278, 0.03779206259, 0.03054256435, 0.02529849207, 0.02124519833, 0.01797514572, 0.01526925098, 0.0129981353, 0.01107715428, 0.009445603894, 0.008056841458, 0.0068733742, 0.005864242469, 0.005003491045, 0.004269179778, 0.003642680332, 0.003108139176], "z": [0, 0, -2.817771197e-33, -4.583623305e-33, -5.3298287e-33, -5.592931905e-33, -5.666660973e-33, -5.672518212e-33, -5.655327026e-33, -5.630627586e-33, -5.603602993e-33, -5.575937017e-33, -5.548166186e-33, -5.520458781e-33, -5.492866695e-33, -5.465405464e-33, -5.438079376e-33, -5.410889263e-33, -5.383834902e-33, -5.356915753e-33, -5.330131182e-33], "lambddap": [0, -2.801330075e-17, -7.14339169e-18, -1.821564881e-18, -4.644990447e-19, -1.184472564e-19, -3.020405038e-20, -7.702032847e-21, -1.964018376e-21, -5.008246858e-22, -1.277102949e-22, -3.256612518e-23, -8.304361908e-24, -2.117612274e-24, -5.399911168e-25, -1.376977219e-25, -3.511290628e-26, -8.95377836e-27, -2.283200804e-27, -5.822035902e-28, -1.484493638e-28], "b": [0, 0, 0, 0, 0, 0, 0, 0, 0, 0, 0, 0, 0, 0, 0, 0, 0, 0, 0, 0, 0], "pit": [0, 2.974749031e-17, 2.959875286e-17, 2.94507591e-17, 2.93035053e-17, 2.915698777e-17, 2.901120284e-17, 2.886614682e-17, 2.872181609e-17, 2.857820701e-17, 2.843531597e-17, 2.829313939e-17, 2.815167369e-17, 2.801091533e-17, 2.787086075e-17, 2.773150645e-17, 2.759284891e-17, 2.745488467e-17, 2.731761025e-17, 2.718102219e-17, 2.704511708e-17], "ystar": [0, 0, 1.876892869e-34, 2.927116523e-34, 4.209431022e-34, 5.112016191e-34, 5.595155431e-34, 5.810757564e-34, 5.888665418e-34, 5.90353698e-34, 5.891634269e-34, 5.868966087e-34, 5.842177766e-34, 5.813911872e-34, 5.785186528e-34, 5.756384493e-34, 5.727646734e-34, 5.699024115e-34, 5.670534478e-34, 5.642183721e-34, 5.613973468e-34], "lambddastar": [0, 0, 0, 5.677042051e-34, 9.149802587e-34, 1.118266584e-33, 1.22031448e-33, 1.264432828e-33, 1.279886598e-33, 1.282447963e-33, 1.279583661e-33, 1.274550102e-33, 1.268690275e-33, 1.262536236e-33, 1.256292504e-33, 1.250035848e-33, 1.243794508e-33, 1.23757866e-33, 1.231391864e-33, 1.225235288e-33, 1.219109245e-33], "wstar": [0, 0, 0, 0, 0, 0, 0, 0, 0, 0, 0, 0, 0, 0, 0, 0, 0, 0, 0, 0, 0], "Rstar": [0, 0, -1.404582251e-33, -1.708612175e-33, -1.78624545e-33, -1.763148671e-33, -1.727116657e-33, -1.700191679e-33, -1.682193491e-33, -1.669432092e-33, -1.659236529e-33, -1.650193467e-33, -1.641651318e-33, -1.633332525e-33, -1.625124752e-33, -1.616984083e-33, -1.608893727e-33, -1.600847315e-33, -1.59284239e-33, -1.584877935e-33, -1.576953461e-33], "interest": [0, 0.6727046377, 0.4038482494, 0.2684690424, 0.1950202511, 0.1511682504, 0.1221702574, 0.1011939683, 0.08498079331, 0.07190058289, 0.06107700393, 0.05199254121, 0.0443086171, 0.03778241557, 0.03222736583, 0.0274934968, 0.02345696988, 0.02001396418, 0.01707671911, 0.01457072133, 0.0124325567], "inflation": [0, -0.025331842, -0.04770190844, -0.06712737321, -0.08385357115, -0.07286119703, -0.06275671454, -0.0538105452, -0.04603198932, -0.03932991485, -0.03358224147, -0.02866497445, -0.02446344309, -0.02087583464, -0.01781350069, -0.01520000659, -0.01296977821, -0.01106670464, -0.009442837471, -0.00805723229, -0.006874938563], "inflationq": [0, -0.101327368, -0.08948026577, -0.07770185909, -0.06690479175, -0.05735787152, -0.04906233581, -0.04191718171, -0.03579056824, -0.03054957364, -0.02607164228, -0.02224811365, -0.0189844428, -0.01619913985, -0.01382230645, -0.01179413724, -0.01006352928, -0.008586845602, -0.007326837762, -0.006251716516, -0.005334354372], "outputgap": [0, -0.2982214266, -0.3878790626, -0.3906509339, -0.3600309915, -0.3191473232, -0.2776609408, -0.239308632, -0.2052627036, -0.1756214556, -0.1500652349, -0.1281407632, -0.1093805097, -0.09334941542, -0.07966009574, -0.06797477828, -0.05800201924, -0.04949169319, -0.04222973005, -0.0360331822, -0.03074581777], "output": [0, -0.2982214266, -0.3878790626, -0.3906509339, -0.3600309915, -0.3191473232, -0.2776609408, -0.239308632, -0.2052627036, -0.1756214556, -0.1500652349, -0.1281407632, -0.1093805097, -0.09334941542, -0.07966009574, -0.06797477828, -0.05800201924, -0.04949169319, -0.04222973005, -0.0360331822, -0.03074581777], "AUX_ENDO_LEAD_77": [0, -0.08948026577, -0.07770185909, -0.06690479175, -0.05735787152, -0.04906233581, -0.04191718171, -0.03579056824, -0.03054957364, -0.02607164228, -0.02224811365, -0.0189844428, -0.01619913985, -0.01382230645, -0.01179413724, -0.01006352928, -0.008586845602, -0.007326837762, -0.006251716516, -0.005334354372, -0.004551603154], "AUX_ENDO_LEAD_81": [0, -0.07770185909, -0.06690479175, -0.05735787152, -0.04906233581, -0.04191718171, -0.03579056824, -0.03054957364, -0.02607164228, -0.02224811365, -0.0189844428, -0.01619913985, -0.01382230645, -0.01179413724, -0.01006352928, -0.008586845602, -0.007326837762, -0.006251716516, -0.005334354372, -0.004551603154, -0.003883710814], "AUX_ENDO_LEAD_85": [0, -0.06690479175, -0.05735787152, -0.04906233581, -0.04191718171, -0.03579056824, -0.03054957364, -0.02607164228, -0.02224811365, -0.0189844428, -0.01619913985, -0.01382230645, -0.01179413724, -0.01006352928, -0.008586845602, -0.007326837762, -0.006251716516, -0.005334354372, -0.004551603154, -0.003883710814, -0.003313823416], "AUX_ENDO_LEAD_112": [0, -0.3878790626, -0.3906509339, -0.3600309915, -0.3191473232, -0.2776609408, -0.239308632, -0.2052627036, -0.1756214556, -0.1500652349, -0.1281407632, -0.1093805097, -0.09334941542, -0.07966009574, -0.06797477828, -0.05800201924, -0.04949169319, -0.04222973005, -0.0360331822, -0.03074581777, -0.02623427206], "AUX_ENDO_LEAD_116": [0, -0.3906509339, -0.3600309915, -0.3191473232, -0.2776609408, -0.239308632, -0.2052627036, -0.1756214556, -0.1500652349, -0.1281407632, -0.1093805097, -0.09334941542, -0.07966009574, -0.06797477828, -0.05800201924, -0.04949169319, -0.04222973005, -0.0360331822, -0.03074581777, -0.02623427206, -0.02238472404], "AUX_ENDO_LEAD_120": [0, -0.3600309915, -0.3191473232, -0.2776609408, -0.239308632, -0.2052627036, -0.1756214556, -0.1500652349, -0.1281407632, -0.1093805097, -0.09334941542, -0.07966009574, -0.06797477828, -0.05800201924, -0.04949169319, -0.04222973005, -0.0360331822, -0.03074581777, -0.02623427206, -0.02238472404, -0.01910004299], "AUX_ENDO_LEAD_147": [0, -0.3878790626, -0.3906509339, -0.3600309915, -0.3191473232, -0.2776609408, -0.239308632, -0.2052627036, -0.1756214556, -0.1500652349, -0.1281407632, -0.1093805097, -0.09334941542, -0.07966009574, -0.06797477828, -0.05800201924, -0.04949169319, -0.04222973005, -0.0360331822, -0.03074581777, -0.02623427206],