{"interest_": {"p": [0, -0.0009258054509, -0.0001776427286, -8.350831762e-05, -3.959491582e-05, -1.912847999e-05, -9.135393146e-06, -4.362096994e-06, -2.082773269e-06, -9.94550993e-07, -4.749115937e-07, -2.267766534e-07, -1.082888186e-07, -5.170932717e-08, -2.469188021e-08, -1.179069589e-08, -5.630211567e-09, -2.688499693e-09, -1.283793781e-09, -6.130283279e-10, -2.927290472e-10], "y": [0, -0.05250880682, -0.0251762466, -0.01197766095, -0.005675959715, -0.002710401803, -0.001294368239, -0.0006181134885, -0.0002951569706, -0.000140941155, -6.730121699e-05, -3.213721232e-05, -1.534593958e-05, -7.327886971e-06, -3.499161912e-06, -1.670895599e-06, -7.978745119e-07, -3.809955195e-07, -1.819303458e-07, -8.687412066e-08, -4.148352935e-08], "lambdda": [0, 0.2358768046, -0.00739006025, -0.003912744675, -0.002010023286, -0.0008597000214, -0.0004100822734, -0.0001958856755, -9.362143048e-05, -4.470558138e-05, -2.134729319e-05, -1.01935429e-05, -4.867550487e-06, -2.324319345e-06, -1.109892956e-06, -5.299884086e-07, -2.530763996e-07, -1.208472922e-07, -5.770616331e-08, -2.755544806e-08, -1.315808701e-08], "w": [0, -0.3408944182, -0.04296243296, -0.02004257722, -0.009341896144, -0.004561103585, -0.002178654205, -0.001040341301, -0.0004966925107, -0.0002371767287, -0.0001132551408, -5.408088175e-05, -2.582432867e-05, -1.23314546e-05, -5.888430868e-06, -2.811802789e-06, -1.342672624e-06, -6.411437467e-07, -3.061545283e-07, -1.461927933e-07, -6.980897169e-08], "R": [0, 0.2430892221, -0.003560823893, -0.001942316305, -0.001169451744, -0.0004587531411, -0.0002185586949, -0.0001043470183, -4.99104001e-05, -2.383319978e-05, -1.138052694e-05, -5.434281232e-06, -2.594940469e-06, -1.239118269e-06, -5.916952438e-07, -2.825422206e-07, -1.34917607e-07, -6.442492269e-08, -3.076374358e-08, -1.46900901e-08, -7.014710238e-09], "z": [0, 0, 6.048582302e-34, 5.928466564e-34, 5.39112505e-34, 5.090725996e-34, 4.95278219e-34, 4.886632941e-34, 4.847874512e-34, 4.818861913e-34, 4.793217706e-34, 4.768757574e-34, 4.744758456e-34, 4.720986338e-34, 4.697366494e-34, 4.673875091e-34, 4.650504321e-34, 4.627251376e-34, 4.604114991e-34, 4.581094377e-34, 4.558188894e-34], "lambddap": [0, 4.319668116e-18, 1.101515369e-18, 2.808864192e-19, 7.16260369e-20, 1.826463941e-20, 4.657483049e-21, 1.187658178e-21, 3.028528353e-22, 7.7227473e-23, 1.969300562e-23, 5.021716432e-24, 1.280537691e-24, 3.265371114e-25, 8.326696374e-26, 2.123307608e-26, 5.414434724e-27, 1.380681177e-27, 3.520740206e-28, 8.977919416e-29, 2.289401183e-29], "b": [0, 0, 0, 0, 0, 0, 0, 0, 0, 0, 0, 0, 0, 0, 0, 0, 0, 0, 0, 0, 0], "pit": [0, 7.324537402e-19, 7.287914715e-19, 7.251475141e-19, 7.215217766e-19, 7.179141677e-19, 7.143245969e-19, 7.107529739e-19, 7.07199209e-19, 7.03663213e-19, 7.001448969e-19, 6.966441724e-19, 6.931609515e-19, 6.896951468e-19, 6.862466711e-19, 6.828154377e-19, 6.794013605e-19, 6.760043537e-19, 6.726243319e-19, 6.692612103e-19, 6.659149042e-19], "ystar": [0, -1.004871635e-16, -2.25296069e-16, -8.335829918e-17, -3.057992845e-17, -1.161148565e-17, -4.607567167e-18, -1.884827707e-18, -7.934916078e-19, -3.429269111e-19, -1.516240017e-19, -6.831412531e-20, -3.124268417e-20, -1.445416987e-20, -6.745422113e-21, -3.16822316e-21, -1.49506669e-21, -7.079127289e-22, -3.360144753e-22, -1.597692764e-22, -7.606199346e-23], "lambddastar": [0, -2.009743269e-16, -6.596259094e-16, -1.656053803e-16, -6.279222913e-17, -2.309608133e-17, -9.235294396e-18, -3.779033599e-18, -1.592063791e-18, -6.882127241e-19, -3.043736111e-19, -1.371653686e-19, -6.274190666e-20, -2.90308414e-20, -1.354934058e-20, -6.364379044e-21, -3.003471619e-21, -1.422194642e-21, -6.750703193e-22, -3.209908461e-22, -1.52817476e-22], "wstar": [0, 0, 0, 0, 0, 0, 0, 0, 0, 0, 0, 0, 0, 0, 0, 0, 0, 0, 0, 0, 0], "Rstar": [0, 4.586515825e-16, -4.940205291e-16, -1.028131512e-16, -3.96961478e-17, -1.386078694e-17, -5.456260797e-18, -2.186969809e-18, -9.038510668e-19, -3.83839113e-19, -1.672082425e-19, -7.44234619e-20, -3.371106526e-20, -1.548150082e-20, -7.184961534e-21, -3.360907425e-21, -1.581276977e-21, -7.471243224e-22, -3.540794732e-22, -1.681733701e-22, -8.000015719e-23], "interest": [0, 0.9723568884, -0.01424329557, -0.00776926522, -0.004677806977, -0.001835012565, -0.0008742347795, -0.0004173880732, -0.0001996416004, -9.533279912e-05, -4.552210777e-05, -2.173712493e-05, -1.037976188e-05, -4.956473075e-06, -2.366780975e-06, -1.130168882e-06, -5.396704282e-07, -2.576996908e-07, -1.230549743e-07, -5.876036039e-08, -2.805884095e-08], "inflation": [0, -0.0009258054509, -0.00110344818, -0.001186956497, -0.001226551413, -0.000319874442, -0.0001513671066, -7.222088596e-05, -3.47087434e-05, -1.65748144e-05, -7.91433285e-06, -3.779012509e-06, -1.804528059e-06, -8.616863928e-07, -4.114666794e-07, -1.964807219e-07, -9.382211483e-08, -4.480128736e-08, -2.139320093e-08, -1.021553337e-08, -4.878050849e-09], "inflationq": [0, -0.003703221804, -0.0007105709144, -0.0003340332705, -0.0001583796633, -7.651391996e-05, -3.654157259e-05, -1.744838798e-05, -8.331093077e-06, -3.978203972e-06, -1.899646375e-06, -9.071066135e-07, -4.331552746e-07, -2.068373087e-07, -9.876752083e-08, -4.716278356e-08, -2.252084627e-08, -1.075399877e-08, -5.135175127e-09, -2.452113314e-09, -1.170916191e-09], "outputgap": [0, -0.05250880682, -0.0251762466, -0.01197766095, -0.005675959715, -0.002710401803, -0.001294368239, -0.0006181134885, -0.0002951569706, -0.000140941155, -6.730121699e-05, -3.213721232e-05, -1.534593958e-05, -7.327886971e-06, -3.499161912e-06, -1.670895599e-06, -7.978745119e-07, -3.809955195e-07, -1.819303458e-07, -8.687412066e-08, -4.148352935e-08], "output": [0, -0.05250880682, -0.0251762466, -0.01197766095, -0.005675959715, -0.002710401803, -0.001294368239, -0.0006181134885, -0.0002951569706, -0.000140941155, -6.730121699e-05, -3.213721232e-05, -1.534593958e-05, -7.327886971e-06, -3.499161912e-06, -1.670895599e-06, -7.978745119e-07, -3.809955195e-07, -1.819303458e-07, -8.687412066e-08, -4.148352935e-08], "AUX_ENDO_LEAD_77": [0, -0.0007105709144, -0.0003340332705, -0.0001583796633, -7.651391996e-05, -3.654157259e-05, -1.744838798e-05, -8.331093077e-06, -3.978203972e-06, -1.899646375e-06, -9.071066135e-07, -4.331552746e-07, -2.068373087e-07, -9.876752083e-08, -4.716278356e-08, -2.252084627e-08, -1.075399877e-08, -5.135175127e-09, -2.452113314e-09, -1.170916191e-09, -5.591278009e-10], "AUX_ENDO_LEAD_81": [0, -0.0003340332705, -0.0001583796633, -7.651391996e-05, -3.654157259e-05, -1.744838798e-05, -8.331093077e-06, -3.978203972e-06, -1.899646375e-06, -9.071066135e-07, -4.331552746e-07, -2.068373087e-07, -9.876752083e-08, -4.716278356e-08, -2.252084627e-08, -1.075399877e-08, -5.135175127e-09, -2.452113314e-09, -1.170916191e-09, -5.591278009e-10, -2.669908393e-10], "AUX_ENDO_LEAD_85": [0, -0.0001583796633, -7.651391996e-05, -3.654157259e-05, -1.744838798e-05, -8.331093077e-06, -3.978203972e-06, -1.899646375e-06, -9.071066135e-07, -4.331552746e-07, -2.068373087e-07, -9.876752083e-08, -4.716278356e-08, -2.252084627e-08, -1.075399877e-08, -5.135175127e-09, -2.452113314e-09, -1.170916191e-09, -5.591278009e-10, -2.669908393e-10, -1.274916176e-10], "AUX_ENDO_LEAD_112": [0, -0.0251762466, -0.01197766095, -0.005675959715, -0.002710401803, -0.001294368239, -0.0006181134885, -0.0002951569706, -0.000140941155, -6.730121699e-05, -3.213721232e-05, -1.534593958e-05, -7.327886971e-06, -3.499161912e-06, -1.670895599e-06, -7.978745119e-07, -3.809955195e-07, -1.819303458e-07, -8.687412066e-08, -4.148352935e-08, -1.980892807e-08], "AUX_ENDO_LEAD_116": [0, -0.01197766095, -0.005675959715, -0.002710401803, -0.001294368239, -0.0006181134885, -0.0002951569706, -0.000140941155, -6.730121699e-05, -3.213721232e-05, -1.534593958e-05, -7.327886971e-06, -3.499161912e-06, -1.670895599e-06, -7.978745119e-07, -3.809955195e-07, -1.819303458e-07, -8.687412066e-08, -4.148352935e-08, -1.980892807e-08, -9.459022349e-09],