{"interest_": {"pih": [0, -0.8954894093, -0.4606932597, -0.2370081403, -0.1219311491, -0.06272866879, -0.03227137541, -0.0166023238, -0.008541227389, -0.004394117727, -0.002260596718, -0.001162986027, -0.0005983095036, -0.000307806159, -0.0001583538803, -8.146669805e-05, -4.19113373e-05, -2.156169621e-05, -1.109262489e-05, -5.706709054e-06, -2.935872126e-06], "x": [0, -1.279939068, -0.6584771361, -0.3387599843, -0.1742783776, -0.08965921099, -0.04612605548, -0.02372999908, -0.01220812945, -0.006280591252, -0.00323111142, -0.001662276781, -0.0008551745009, -0.0004399528619, -0.0002263380404, -0.0001164418122, -5.990462586e-05, -3.081851898e-05, -1.585488764e-05, -8.156701569e-06, -4.196294669e-06], "y": [0, -1.279939068, -0.6584771361, -0.3387599843, -0.1742783776, -0.08965921099, -0.04612605548, -0.02372999908, -0.01220812945, -0.006280591252, -0.00323111142, -0.001662276781, -0.0008551745009, -0.0004399528619, -0.0002263380404, -0.0001164418122, -5.990462586e-05, -3.081851898e-05, -1.585488764e-05, -8.156701569e-06, -4.196294669e-06], "ynat": [0, -3.405643103e-16, 2.395824244e-17, -5.152762742e-16, -3.442963362e-16, -9.539514228e-17, -4.944384758e-17, -2.567901455e-17, -1.337063514e-17, -6.984131989e-18, -3.662670522e-18, -1.930242938e-18, -1.023356906e-18, -5.464901785e-19, -2.943565989e-19, -1.60152825e-19, -8.8146196e-20, -4.914531896e-20, -2.778973683e-20, -1.595095694e-20, -9.297934197e-21], "rnat": [0, -2.743556622e-16, -1.283641066e-15, -2.277029223e-16, 1.819840041e-16, -2.749899126e-17, -1.402238289e-17, -7.131622339e-18, -3.614595332e-18, -1.823701181e-18, -9.145515168e-19, -4.548781817e-19, -2.237061517e-19, -1.082829705e-19, -5.121603522e-20, -2.338440011e-20, -1.007396815e-20, -3.89145057e-21, -1.149802306e-21, -2.908003152e-23, 3.562544995e-22], "r": [0, 0.1607686726, 0.08270901148, 0.04255045756, 0.02189049786, 0.01126178011, 0.005793732604, 0.00298064224, 0.001533420469, 0.0007888831145, 0.0004058486117, 0.0002087927763, 0.00010741548, 5.526094121e-05, 2.842953013e-05, 1.462584903e-05, 7.524410669e-06, 3.871006449e-06, 1.991477019e-06, 1.024534774e-06, 5.27081906e-07], "s": [0, -1.279939068, -0.6584771361, -0.3387599843, -0.1742783776, -0.08965921099, -0.04612605548, -0.02372999908, -0.01220812945, -0.006280591252, -0.00323111142, -0.001662276781, -0.0008551745009, -0.0004399528619, -0.0002263380404, -0.0001164418122, -5.990462586e-05, -3.081851898e-05, -1.585488764e-05, -8.156701569e-06, -4.196294669e-06], "pi": [0, -1.407465037, -0.2121084868, -0.1091212796, -0.05613850646, -0.02888100213, -0.0148581132, -0.007643901238, -0.003932479537, -0.002023102449, -0.001040804785, -0.0005354521718, -0.0002754685917, -0.0001417175034, -7.290795171e-05, -3.750820678e-05, -1.929646277e-05, -9.927253457e-06, -5.107172355e-06, -2.627434625e-06, -1.351709366e-06], "p": [0, -1.407465037, -1.619573523, -1.728694803, -1.784833309, -1.813714312, -1.828572425, -1.836216326, -1.840148806, -1.842171908, -1.843212713, -1.843748165, -1.844023634, -1.844165351, -1.844238259, -1.844275767, -1.844295064, -1.844304991, -1.844310098, -1.844312726, -1.844314077], "ph": [0, -0.8954894093, -1.356182669, -1.593190809, -1.715121958, -1.777850627, -1.810122003, -1.826724326, -1.835265554, -1.839659672, -1.841920268, -1.843083254, -1.843681564, -1.84398937, -1.844147724, -1.844229191, -1.844271102, -1.844292664, -1.844303756, -1.844309463, -1.844312399], "e": [0, -2.175428478, -2.014659805, -1.931950794, -1.889400336, -1.867509838, -1.856248058, -1.850454325, -1.847473683, -1.845940263, -1.84515138, -1.844745531, -1.844536738, -1.844429323, -1.844374062, -1.844345632, -1.844331006, -1.844323482, -1.844319611, -1.84431762, -1.844316595], "ystar": [0, 0, 0, 0, 0, 0, 0, 0, 0, 0, 0, 0, 0, 0, 0, 0, 0, 0, 0, 0, 0], "pistar": [0, 0, 0, 0, 0, 0, 0, 0, 0, 0, 0, 0, 0, 0, 0, 0, 0, 0, 0, 0, 0], "a": [0, -1.328533949e-17, -8.768324061e-18, -5.78709388e-18, -3.819481961e-18, -2.520858094e-18, -1.663766342e-18, -1.098085786e-18, -7.247366186e-19, -4.783261683e-19, -3.156952711e-19, -2.083588789e-19, -1.375168601e-19, -9.076112765e-20, -5.990234425e-20, -3.953554721e-20, -2.609346116e-20, -1.722168436e-20, -1.136631168e-20, -7.501765708e-21, -4.951165368e-21], "interest": [0, 0.6430746904, 0.3308360459, 0.1702018302, 0.08756199143, 0.04504712042, 0.02317493042, 0.01192256896, 0.006133681875, 0.003155532458, 0.001623394447, 0.000835171105, 0.0004296619198, 0.0002210437649, 0.0001137181205, 5.850339611e-05, 3.009764267e-05, 1.54840258e-05, 7.965908076e-06, 4.098139096e-06, 2.108327624e-06], "inflation": [0, -1.407465037, -1.619573523, -1.728694803, -1.784833309, -0.4062492749, -0.2089989014, -0.107521523, -0.05531549611, -0.02845759643, -0.01464028801, -0.007531838943, -0.003874827997, -0.001993443052, -0.001025546219, -0.0005276022536, -0.0002714301247, -0.0001396398747, -7.183909536e-05, -3.695832321e-05, -1.90135698e-05], "inflationq": [0, -5.629860147, -0.8484339471, -0.4364851183, -0.2245540258, -0.1155240085, -0.05943245281, -0.03057560495, -0.01572991815, -0.008092409795, -0.004163219139, -0.002141808687, -0.001101874367, -0.0005668700137, -0.0002916318069, -0.0001500328271, -7.718585108e-05, -3.970901383e-05, -2.042868942e-05, -1.05097385e-05, -5.406837465e-06], "outputgap": [0, -1.279939068, -0.6584771361, -0.3387599843, -0.1742783776, -0.08965921099, -0.04612605548, -0.02372999908, -0.01220812945, -0.006280591252, -0.00323111142, -0.001662276781, -0.0008551745009, -0.0004399528619, -0.0002263380404, -0.0001164418122, -5.990462586e-05, -3.081851898e-05, -1.585488764e-05, -8.156701569e-06, -4.196294669e-06], "output": [0, -1.279939068, -0.6584771361, -0.3387599843, -0.1742783776, -0.08965921099, -0.04612605548, -0.02372999908, -0.01220812945, -0.006280591252, -0.00323111142, -0.001662276781, -0.0008551745009, -0.0004399528619, -0.0002263380404, -0.0001164418122, -5.990462586e-05, -3.081851898e-05, -1.585488764e-05, -8.156701569e-06, -4.196294669e-06], "AUX_ENDO_LEAD_79": [0, -0.8484339471, -0.4364851183, -0.2245540258, -0.1155240085, -0.05943245281, -0.03057560495, -0.01572991815, -0.008092409795, -0.004163219139, -0.002141808687, -0.001101874367, -0.0005668700137, -0.0002916318069, -0.0001500328271, -7.718585108e-05, -3.970901383e-05, -2.042868942e-05, -1.05097385e-05, -5.406837465e-06, -2.781600263e-06], "AUX_ENDO_LEAD_83": [0, -0.4364851183, -0.2245540258, -0.1155240085, -0.05943245281, -0.03057560495, -0.01572991815, -0.008092409795, -0.004163219139, -0.002141808687, -0.001101874367, -0.0005668700137, -0.0002916318069, -0.0001500328271, -7.718585108e-05, -3.970901383e-05, -2.042868942e-05, -1.05097385e-05, -5.406837465e-06, -2.781600263e-06, -1.431021382e-06], "AUX_ENDO_LEAD_87": [0, -0.2245540258, -0.1155240085, -0.05943245281, -0.03057560495, -0.01572991815, -0.008092409795, -0.004163219139, -0.002141808687, -0.001101874367, -0.0005668700137, -0.0002916318069, -0.0001500328271, -7.718585108e-05, -3.970901383e-05, -2.042868942e-05, -1.05097385e-05, -5.406837465e-06, -2.781600263e-06, -1.431021382e-06, -7.362029059e-07], "AUX_ENDO_LEAD_114": [0, -0.6584771361, -0.3387599843, -0.1742783776, -0.08965921099, -0.04612605548, -0.02372999908, -0.01220812945, -0.006280591252, -0.00323111142, -0.001662276781, -0.0008551745009, -0.0004399528619, -0.0002263380404, -0.0001164418122, -5.990462586e-05, -3.081851898e-05, -1.585488764e-05, -8.156701569e-06, -4.196294669e-06, -2.158824716e-06], "AUX_ENDO_LEAD_118": [0, -0.3387599843, -0.1742783776, -0.08965921099, -0.04612605548, -0.02372999908, -0.01220812945, -0.006280591252, -0.00323111142, -0.001662276781, -0.0008551745009, -0.0004399528619, -0.0002263380404, -0.0001164418122, -5.990462586e-05, -3.081851898e-05, -1.585488764e-05, -8.156701569e-06, -4.196294669e-06, -2.158824716e-06, -1.110628429e-06],