{"interest_": {"pih": [0, -0.1778936499, -0.06909808077, -0.02137788085, -0.006273346548, -0.004909517184, -0.002953056808, -0.001267928619, -0.0003945470778, -0.0001644526649, -9.906419073e-05, -5.474886661e-05, -2.241368466e-05, -8.101994964e-06, -3.595728126e-06, -2.002195391e-06, -1.005561155e-06, -4.173486409e-07, -1.63673997e-07, -7.581683861e-08, -3.936345656e-08], "x": [0, -0.3189238274, -0.1396270863, -0.04418079745, -0.004115713765, -0.005785001296, -0.004945550465, -0.002555569508, -0.0006750333222, -0.0001933560037, -0.0001306810742, -9.484217534e-05, -4.192458388e-05, -1.323106356e-05, -4.700130175e-06, -2.93239105e-06, -1.725563648e-06, -7.436975937e-07, -2.581279545e-07, -1.073318282e-07, -6.036635246e-08], "y": [0, -0.3189238274, -0.1396270863, -0.04418079745, -0.004115713765, -0.005785001296, -0.004945550465, -0.002555569508, -0.0006750333222, -0.0001933560037, -0.0001306810742, -9.484217534e-05, -4.192458388e-05, -1.323106356e-05, -4.700130175e-06, -2.93239105e-06, -1.725563648e-06, -7.436975937e-07, -2.581279545e-07, -1.073318282e-07, -6.036635246e-08], "ynat": [0, -1.22655155e-17, 1.087080583e-16, -1.6495632e-16, -1.860766896e-16, 7.162641425e-18, 1.722384938e-17, 3.735577346e-18, -4.608683431e-18, -1.849079504e-18, -2.550469736e-21, 2.543492688e-19, -8.524991426e-21, -6.520816643e-20, -2.586506272e-20, 1.151086299e-21, 2.373401666e-21, -6.170069673e-22, -1.041027518e-21, -3.343339298e-22, 7.546299886e-24], "rnat": [0, -1.656459176e-17, -4.236987644e-16, 6.489684561e-17, 2.656648454e-16, 6.683246106e-18, -2.353994391e-17, -1.03662088e-17, 4.53546225e-18, 2.61745188e-18, 1.954822764e-19, -4.013002453e-19, -6.512532553e-20, 6.481037335e-20, 3.658471708e-20, -2.975095774e-22, -4.577980756e-21, -3.527097679e-22, 1.08778612e-21, 4.525546732e-22, -1.421975505e-23], "r": [0, 0.1101986603, 0.07406840799, 0.03379173714, -0.006578804715, -0.002113605978, 0.001122052339, 0.001485989108, 0.0003172246536, -3.638926125e-05, -1.89099677e-05, 3.050390681e-05, 2.059152535e-05, 4.935205256e-06, -2.344562652e-07, 2.012662466e-07, 5.645174136e-07, 3.218956422e-07, 7.497928767e-08, 7.60201915e-09, 9.544351189e-09], "s": [0, -0.3189238274, -0.1396270863, -0.04418079745, -0.004115713765, -0.005785001296, -0.004945550465, -0.002555569508, -0.0006750333222, -0.0001933560037, -0.0001306810742, -9.484217534e-05, -4.192458388e-05, -1.323106356e-05, -4.700130175e-06, -2.93239105e-06, -1.725563648e-06, -7.436975937e-07, -2.581279545e-07, -1.073318282e-07, -6.036635246e-08], "pi": [0, -0.3054631808, 0.002620615667, 0.01680063469, 0.009752686928, -0.005577232197, -0.002617276476, -0.000311936236, 0.0003576673965, 2.821826248e-05, -7.399421894e-05, -4.041330704e-05, -1.246648073e-06, 3.375413163e-06, -1.833547731e-07, -1.295099741e-06, -5.228301943e-07, -2.460221911e-08, 3.055385871e-08, -1.54983881e-08, -2.057726628e-08], "p": [0, -0.3054631808, -0.3028425652, -0.2860419305, -0.2762892436, -0.2818664758, -0.2844837522, -0.2847956885, -0.2844380211, -0.2844098028, -0.284483797, -0.2845242103, -0.284525457, -0.2845220816, -0.2845222649, -0.28452356, -0.2845240829, -0.2845241075, -0.2845240769, -0.2845240924, -0.284524113], "ph": [0, -0.1778936499, -0.2469917307, -0.2683696115, -0.2746429581, -0.2795524752, -0.282505532, -0.2837734607, -0.2841680077, -0.2843324604, -0.2844315246, -0.2844862735, -0.2845086872, -0.2845167891, -0.2845203849, -0.2845223871, -0.2845233926, -0.28452381, -0.2845239737, -0.2845240495, -0.2845240888], "e": [0, -0.4968174773, -0.386618817, -0.312550409, -0.2787586718, -0.2853374765, -0.2874510825, -0.2863290302, -0.2848430411, -0.2845258164, -0.2845622057, -0.2845811156, -0.2845506117, -0.2845300202, -0.284525085, -0.2845253195, -0.2845251182, -0.2845245537, -0.2845242318, -0.2845241568, -0.2845241492], "ystar": [0, 0, 0, 0, 0, 0, 0, 0, 0, 0, 0, 0, 0, 0, 0, 0, 0, 0, 0, 0, 0], "pistar": [0, 0, 0, 0, 0, 0, 0, 0, 0, 0, 0, 0, 0, 0, 0, 0, 0, 0, 0, 0, 0], "a": [0, 0, 0, 0, 0, 0, 0, 0, 0, 0, 0, 0, 0, 0, 0, 0, 0, 0, 0, 0, 0], "interest": [0, 0.4407946413, 0.296273632, 0.1351669486, -0.02631521886, -0.00845442391, 0.004488209354, 0.005943956432, 0.001268898614, -0.000145557045, -7.56398708e-05, 0.0001220156272, 8.236610141e-05, 1.974082103e-05, -9.378250609e-07, 8.050649864e-07, 2.258069654e-06, 1.287582569e-06, 2.999171507e-07, 3.04080766e-08, 3.817740476e-08], "inflation": [0, -0.3054631808, -0.3028425652, -0.2860419305, -0.2762892436, 0.02359670509, 0.01835881294, 0.001246242019, -0.008148777512, -0.002543327053, -4.47959212e-08, 0.000271478133, -8.743591158e-05, -0.0001122787609, -3.846789673e-05, 6.503105767e-07, 1.374128455e-06, -2.025886927e-06, -1.811978295e-06, -5.323769428e-07, -3.012401477e-08], "inflationq": [0, -1.221852723, 0.01048246267, 0.06720253876, 0.03901074771, -0.02230892879, -0.0104691059, -0.001247744944, 0.001430669586, 0.0001128730499, -0.0002959768758, -0.0001616532282, -4.98659229e-06, 1.350165265e-05, -7.334190924e-07, -5.180398962e-06, -2.091320777e-06, -9.840887644e-08, 1.222154348e-07, -6.199355238e-08, -8.230906511e-08], "outputgap": [0, -0.3189238274, -0.1396270863, -0.04418079745, -0.004115713765, -0.005785001296, -0.004945550465, -0.002555569508, -0.0006750333222, -0.0001933560037, -0.0001306810742, -9.484217534e-05, -4.192458388e-05, -1.323106356e-05, -4.700130175e-06, -2.93239105e-06, -1.725563648e-06, -7.436975937e-07, -2.581279545e-07, -1.073318282e-07, -6.036635246e-08], "output": [0, -0.3189238274, -0.1396270863, -0.04418079745, -0.004115713765, -0.005785001296, -0.004945550465, -0.002555569508, -0.0006750333222, -0.0001933560037, -0.0001306810742, -9.484217534e-05, -4.192458388e-05, -1.323106356e-05, -4.700130175e-06, -2.93239105e-06, -1.725563648e-06, -7.436975937e-07, -2.581279545e-07, -1.073318282e-07, -6.036635246e-08], "AUX_ENDO_LEAD_79": [0, 0.01048246267, 0.06720253876, 0.03901074771, -0.02230892879, -0.0104691059, -0.001247744944, 0.001430669586, 0.0001128730499, -0.0002959768758, -0.0001616532282, -4.98659229e-06, 1.350165265e-05, -7.334190924e-07, -5.180398962e-06, -2.091320777e-06, -9.840887644e-08, 1.222154348e-07, -6.199355238e-08, -8.230906511e-08, -2.991615994e-08], "AUX_ENDO_LEAD_83": [0, 0.06720253876, 0.03901074771, -0.02230892879, -0.0104691059, -0.001247744944, 0.001430669586, 0.0001128730499, -0.0002959768758, -0.0001616532282, -4.98659229e-06, 1.350165265e-05, -7.334190924e-07, -5.180398962e-06, -2.091320777e-06, -9.840887644e-08, 1.222154348e-07, -6.199355238e-08, -8.230906511e-08, -2.991615994e-08, -2.190118462e-09], "AUX_ENDO_LEAD_87": [0, 0.03901074771, -0.02230892879, -0.0104691059, -0.001247744944, 0.001430669586, 0.0001128730499, -0.0002959768758, -0.0001616532282, -4.98659229e-06, 1.350165265e-05, -7.334190924e-07, -5.180398962e-06, -2.091320777e-06, -9.840887644e-08, 1.222154348e-07, -6.199355238e-08, -8.230906511e-08, -2.991615994e-08, -2.190118462e-09, 2.147796154e-10], "AUX_ENDO_LEAD_114": [0, -0.1396270863, -0.04418079745, -0.004115713765, -0.005785001296, -0.004945550465, -0.002555569508, -0.0006750333222, -0.0001933560037, -0.0001306810742, -9.484217534e-05, -4.192458388e-05, -1.323106356e-05, -4.700130175e-06, -2.93239105e-06, -1.725563648e-06, -7.436975937e-07, -2.581279545e-07, -1.073318282e-07, -6.036635246e-08, -3.199403384e-08], "AUX_ENDO_LEAD_118": [0, -0.04418079745, -0.004115713765, -0.005785001296, -0.004945550465, -0.002555569508, -0.0006750333222, -0.0001933560037, -0.0001306810742, -9.484217534e-05, -4.192458388e-05, -1.323106356e-05, -4.700130175e-06, -2.93239105e-06, -1.725563648e-06, -7.436975937e-07, -2.581279545e-07, -1.073318282e-07, -6.036635246e-08, -3.199403384e-08, -1.355372753e-08],