{"interest_": {"pih": [0, -0.04839995265, 0.006919188452, 0.0001455757691, -0.003133869142, -0.003060275785, 0.001764461499, 0.0001006773226, -0.0004238212498, -0.0001900299872, 0.0002404350263, -1.353315077e-05, -5.756120652e-05, -4.919077771e-06, 2.816504239e-05, -5.776842157e-06, -6.795425097e-06, 1.352399104e-06, 2.939502466e-06, -1.178927309e-06, -6.777865651e-07], "x": [0, -0.1609378072, 0.01973512508, 0.009461422136, -0.0003035132966, -0.01400260026, 0.004849376491, 0.001515468569, -0.000686546934, -0.001246899689, 0.0007393907531, 0.0001265728042, -0.0001534847641, -9.555045073e-05, 9.8701183e-05, 2.769090267e-06, -2.369443696e-05, -4.537455104e-06, 1.196225023e-05, -1.479518234e-06, -3.004881787e-06], "y": [0, -0.1609378072, 0.01973512508, 0.009461422136, -0.0003035132966, -0.01400260026, 0.004849376491, 0.001515468569, -0.000686546934, -0.001246899689, 0.0007393907531, 0.0001265728042, -0.0001534847641, -9.555045073e-05, 9.8701183e-05, 2.769090267e-06, -2.369443696e-05, -4.537455104e-06, 1.196225023e-05, -1.479518234e-06, -3.004881787e-06], "ynat": [0, -1.074379548e-17, -1.533947841e-17, -9.557717659e-18, 5.981136714e-17, -2.981147807e-17, -1.900385505e-18, 2.267324865e-18, 5.113127242e-18, -3.831642183e-18, 2.858800305e-20, 5.637401553e-19, 3.53639014e-19, -4.623992523e-19, 5.229133592e-20, 8.541592517e-20, 1.126461111e-20, -5.175326742e-20, 1.298373063e-20, 1.027711508e-20, -2.093536511e-21], "rnat": [0, -1.220438574e-17, -1.513900895e-16, 2.135836101e-16, -6.645553518e-17, -2.644591483e-17, -1.477038641e-18, 2.236032594e-17, -9.724926581e-18, -2.697546788e-18, 1.310765588e-18, 2.038248901e-18, -1.364292807e-18, -1.890965377e-19, 2.832190694e-19, 1.500954867e-19, -1.767360239e-19, 6.708612414e-22, 4.225842873e-20, 5.768630962e-21, -2.096195243e-20], "r": [0, 0.1875921208, -0.01012812718, -0.01289880457, -0.01675936275, 0.02061643825, -0.003233230599, -0.002625836753, -0.0007503827423, 0.002226725468, -0.0006263510997, -0.0003376187748, 5.301523562e-05, 0.0002224166761, -0.0001017089349, -3.325895233e-05, 2.050938097e-05, 1.94392078e-05, -1.462069577e-05, -2.203150118e-06, 3.641018439e-06], "s": [0, -0.1609378072, 0.01973512508, 0.009461422136, -0.0003035132966, -0.01400260026, 0.004849376491, 0.001515468569, -0.000686546934, -0.001246899689, 0.0007393907531, 0.0001265728042, -0.0001534847641, -9.555045073e-05, 9.8701183e-05, 2.769090267e-06, -2.369443696e-05, -4.537455104e-06, 1.196225023e-05, -1.479518234e-06, -3.004881787e-06], "pi": [0, -0.1127750755, 0.07918836138, -0.00396390541, -0.007039843315, -0.00853991057, 0.009305252199, -0.001232885846, -0.001304627451, -0.0004141710893, 0.001034951203, -0.0002586603303, -0.0001695842338, 1.825464759e-05, 0.0001058656959, -4.414967925e-05, -1.738083599e-05, 9.015191849e-06, 9.539384598e-06, -6.555634693e-06, -1.287931986e-06], "p": [0, -0.1127750755, -0.03358671417, -0.03755061958, -0.04459046289, -0.05313037346, -0.04382512126, -0.04505800711, -0.04636263456, -0.04677680565, -0.04574185445, -0.04600051478, -0.04617009901, -0.04615184436, -0.04604597867, -0.04609012835, -0.04610750918, -0.04609849399, -0.04608895461, -0.04609551024, -0.04609679817], "ph": [0, -0.04839995265, -0.0414807642, -0.04133518843, -0.04446905757, -0.04752933336, -0.04576487186, -0.04566419454, -0.04608801579, -0.04627804577, -0.04603761075, -0.0460511439, -0.04610870511, -0.04611362418, -0.04608545914, -0.04609123598, -0.04609803141, -0.04609667901, -0.04609373951, -0.04609491843, -0.04609559622], "e": [0, -0.2093377599, -0.02174563912, -0.0318737663, -0.04477257087, -0.06153193362, -0.04091549537, -0.04414872597, -0.04677456272, -0.04752494546, -0.04529822, -0.0459245711, -0.04626218987, -0.04620917463, -0.04598675796, -0.04608846689, -0.04612172585, -0.04610121646, -0.04608177726, -0.04609639795, -0.0460986011], "ystar": [0, 0, 0, 0, 0, 0, 0, 0, 0, 0, 0, 0, 0, 0, 0, 0, 0, 0, 0, 0, 0], "pistar": [0, 0, 0, 0, 0, 0, 0, 0, 0, 0, 0, 0, 0, 0, 0, 0, 0, 0, 0, 0, 0], "a": [0, 0, 0, 0, 0, 0, 0, 0, 0, 0, 0, 0, 0, 0, 0, 0, 0, 0, 0, 0, 0], "interest": [0, 0.7503684831, -0.04051250871, -0.0515952183, -0.06703745099, 0.082465753, -0.0129329224, -0.01050334701, -0.003001530969, 0.008906901874, -0.002505404399, -0.001350475099, 0.0002120609425, 0.0008896667045, -0.0004068357396, -0.0001330358093, 8.203752386e-05, 7.775683118e-05, -5.848278308e-05, -8.812600471e-06, 1.456407376e-05], "inflation": [0, -0.1127750755, -0.03358671417, -0.03755061958, -0.04459046289, 0.05964470208, -0.0102384071, -0.007507387532, -0.001772171668, 0.006353567812, -0.001916733184, -0.0009425076677, 0.0001925355497, 0.0006249612866, -0.0003041242207, -8.961356963e-05, 6.258982823e-05, 5.335037249e-05, -4.297593879e-05, -5.381894236e-06, 1.071100977e-05], "inflationq": [0, -0.4511003022, 0.3167534455, -0.01585562164, -0.02815937326, -0.03415964228, 0.0372210088, -0.004931543385, -0.005218509805, -0.001656684357, 0.004139804813, -0.001034641321, -0.0006783369354, 7.301859035e-05, 0.0004234627835, -0.000176598717, -6.952334396e-05, 3.606076739e-05, 3.815753839e-05, -2.622253877e-05, -5.151727945e-06], "outputgap": [0, -0.1609378072, 0.01973512508, 0.009461422136, -0.0003035132966, -0.01400260026, 0.004849376491, 0.001515468569, -0.000686546934, -0.001246899689, 0.0007393907531, 0.0001265728042, -0.0001534847641, -9.555045073e-05, 9.8701183e-05, 2.769090267e-06, -2.369443696e-05, -4.537455104e-06, 1.196225023e-05, -1.479518234e-06, -3.004881787e-06], "output": [0, -0.1609378072, 0.01973512508, 0.009461422136, -0.0003035132966, -0.01400260026, 0.004849376491, 0.001515468569, -0.000686546934, -0.001246899689, 0.0007393907531, 0.0001265728042, -0.0001534847641, -9.555045073e-05, 9.8701183e-05, 2.769090267e-06, -2.369443696e-05, -4.537455104e-06, 1.196225023e-05, -1.479518234e-06, -3.004881787e-06], "AUX_ENDO_LEAD_79": [0, 0.3167534455, -0.01585562164, -0.02815937326, -0.03415964228, 0.0372210088, -0.004931543385, -0.005218509805, -0.001656684357, 0.004139804813, -0.001034641321, -0.0006783369354, 7.301859035e-05, 0.0004234627835, -0.000176598717, -6.952334396e-05, 3.606076739e-05, 3.815753839e-05, -2.622253877e-05, -5.151727945e-06, 6.68330066e-06], "AUX_ENDO_LEAD_83": [0, -0.01585562164, -0.02815937326, -0.03415964228, 0.0372210088, -0.004931543385, -0.005218509805, -0.001656684357, 0.004139804813, -0.001034641321, -0.0006783369354, 7.301859035e-05, 0.0004234627835, -0.000176598717, -6.952334396e-05, 3.606076739e-05, 3.815753839e-05, -2.622253877e-05, -5.151727945e-06, 6.68330066e-06, 2.710067811e-06], "AUX_ENDO_LEAD_87": [0, -0.02815937326, -0.03415964228, 0.0372210088, -0.004931543385, -0.005218509805, -0.001656684357, 0.004139804813, -0.001034641321, -0.0006783369354, 7.301859035e-05, 0.0004234627835, -0.000176598717, -6.952334396e-05, 3.606076739e-05, 3.815753839e-05, -2.622253877e-05, -5.151727945e-06, 6.68330066e-06, 2.710067811e-06, -3.485781166e-06], "AUX_ENDO_LEAD_114": [0, 0.01973512508, 0.009461422136, -0.0003035132966, -0.01400260026, 0.004849376491, 0.001515468569, -0.000686546934, -0.001246899689, 0.0007393907531, 0.0001265728042, -0.0001534847641, -9.555045073e-05, 9.8701183e-05, 2.769090267e-06, -2.369443696e-05, -4.537455104e-06, 1.196225023e-05, -1.479518234e-06, -3.004881787e-06, 2.787736703e-07], "AUX_ENDO_LEAD_118": [0, 0.009461422136, -0.0003035132966, -0.01400260026, 0.004849376491, 0.001515468569, -0.000686546934, -0.001246899689, 0.0007393907531, 0.0001265728042, -0.0001534847641, -9.555045073e-05, 9.8701183e-05, 2.769090267e-06, -2.369443696e-05, -4.537455104e-06, 1.196225023e-05, -1.479518234e-06, -3.004881787e-06, 2.787736703e-07, 1.311808524e-06], "AUX_ENDO_LEAD_122": [0, -0.0003035132966, -0.01400260026, 0.004849376491, 0.001515468569, -0.000686546934, -0.001246899689, 0.0007393907531, 0.0001265728042, -0.0001534847641, -9.555045073e-05, 9.8701183e-05, 2.769090267e-06, -2.369443696e-05, -4.537455104e-06, 1.196225023e-05, -1.479518234e-06, -3.004881787e-06, 2.787736703e-07, 1.311808524e-06, -3.970045651e-07],