{"interest_": {"x": [0, -0.6443705751, -0.3957476911, -0.2430530522, -0.1492738619, -0.09167828027, -0.05630528324, -0.03458054527, -0.0212380445, -0.0130435923, -0.00801087408, -0.004919971587, -0.003021657834, -0.00185578634, -0.001139752787, -0.0006999924446, -0.0004299085099, -0.0002640333168, -0.0001621591356, -9.959192118e-05, -6.116553794e-05], "pi": [0, -0.3132099314, -0.1923615261, -0.1181410709, -0.07255771422, -0.04456216498, -0.02736837246, -0.0168086046, -0.01032320022, -0.006340113606, -0.003893854589, -0.002391456132, -0.001468740627, -0.0009020441569, -0.0005540009215, -0.0003402461162, -0.0002089661137, -0.0001283389718, -7.882087376e-05, -4.840875733e-05, -2.973080194e-05], "R": [0, 0.1805727999, 0.1109008875, 0.06811107125, 0.04183120743, 0.02569112308, 0.01577850236, 0.009690550937, 0.005951564685, 0.003655222746, 0.002244897607, 0.001378730003, 0.0008467630838, 0.0005200494068, 0.0003193943981, 0.0001961597883, 0.0001204738179, 7.399039794e-05, 4.544206437e-05, 2.790877291e-05, 1.714049783e-05], "interest": [0, 0.7222911995, 0.4436035498, 0.272444285, 0.1673248297, 0.1027644923, 0.06311400946, 0.03876220375, 0.02380625874, 0.01462089098, 0.008979590428, 0.005514920011, 0.003387052335, 0.002080197627, 0.001277577593, 0.0007846391533, 0.0004818952716, 0.0002959615918, 0.0001817682575, 0.0001116350917, 6.856199131e-05], "inflation": [0, -0.3132099314, -0.5055714575, -0.6237125284, -0.6962702426, -0.4276224762, -0.2626293226, -0.1612968563, -0.09906234225, -0.06084029088, -0.03736577301, -0.02294862454, -0.01409416496, -0.008656095506, -0.005316241838, -0.003265031822, -0.002005257308, -0.001231552123, -0.0007563720755, -0.0004645347166, -0.0002852994048], "inflationq": [0, -1.252839726, -0.7694461043, -0.4725642836, -0.2902308569, -0.1782486599, -0.1094734898, -0.06723441839, -0.04129280087, -0.02536045442, -0.01557541836, -0.009565824529, -0.00587496251, -0.003608176628, -0.002216003686, -0.001360984465, -0.000835864455, -0.000513355887, -0.000315283495, -0.0001936350293, -0.0001189232078], "outputgap": [0, -0.6443705751, -0.3957476911, -0.2430530522, -0.1492738619, -0.09167828027, -0.05630528324, -0.03458054527, -0.0212380445, -0.0130435923, -0.00801087408, -0.004919971587, -0.003021657834, -0.00185578634, -0.001139752787, -0.0006999924446, -0.0004299085099, -0.0002640333168, -0.0001621591356, -9.959192118e-05, -6.116553794e-05], "AUX_ENDO_LEAD_71": [0, -0.7694461043, -0.4725642836, -0.2902308569, -0.1782486599, -0.1094734898, -0.06723441839, -0.04129280087, -0.02536045442, -0.01557541836, -0.009565824529, -0.00587496251, -0.003608176628, -0.002216003686, -0.001360984465, -0.000835864455, -0.000513355887, -0.000315283495, -0.0001936350293, -0.0001189232078, -7.303807267e-05], "AUX_ENDO_LEAD_75": [0, -0.4725642836, -0.2902308569, -0.1782486599, -0.1094734898, -0.06723441839, -0.04129280087, -0.02536045442, -0.01557541836, -0.009565824529, -0.00587496251, -0.003608176628, -0.002216003686, -0.001360984465, -0.000835864455, -0.000513355887, -0.000315283495, -0.0001936350293, -0.0001189232078, -7.303807267e-05, -4.485718272e-05], "AUX_ENDO_LEAD_79": [0, -0.2902308569, -0.1782486599, -0.1094734898, -0.06723441839, -0.04129280087, -0.02536045442, -0.01557541836, -0.009565824529, -0.00587496251, -0.003608176628, -0.002216003686, -0.001360984465, -0.000835864455, -0.000513355887, -0.000315283495, -0.0001936350293, -0.0001189232078, -7.303807267e-05, -4.485718272e-05, -2.754956104e-05], "AUX_ENDO_LEAD_106": [0, -0.3957476911, -0.2430530522, -0.1492738619, -0.09167828027, -0.05630528324, -0.03458054527, -0.0212380445, -0.0130435923, -0.00801087408, -0.004919971587, -0.003021657834, -0.00185578634, -0.001139752787, -0.0006999924446, -0.0004299085099, -0.0002640333168, -0.0001621591356, -9.959192118e-05, -6.116553794e-05, -3.756552728e-05], "AUX_ENDO_LEAD_110": [0, -0.2430530522, -0.1492738619, -0.09167828027, -0.05630528324, -0.03458054527, -0.0212380445, -0.0130435923, -0.00801087408, -0.004919971587, -0.003021657834, -0.00185578634, -0.001139752787, -0.0006999924446, -0.0004299085099, -0.0002640333168, -0.0001621591356, -9.959192118e-05, -6.116553794e-05, -3.756552728e-05, -2.307130596e-05], "AUX_ENDO_LEAD_114": [0, -0.1492738619, -0.09167828027, -0.05630528324, -0.03458054527, -0.0212380445, -0.0130435923, -0.00801087408, -0.004919971587, -0.003021657834, -0.00185578634, -0.001139752787, -0.0006999924446, -0.0004299085099, -0.0002640333168, -0.0001621591356, -9.959192118e-05, -6.116553794e-05, -3.756552728e-05, -2.307130596e-05, -1.416951117e-05], "AUX_ENDO_LAG_1_1": [0, 0, -0.3132099314, -0.1923615261, -0.1181410709, -0.07255771422, -0.04456216498, -0.02736837246, -0.0168086046, -0.01032320022, -0.006340113606, -0.003893854589, -0.002391456132, -0.001468740627, -0.0009020441569, -0.0005540009215, -0.0003402461162, -0.0002089661137, -0.0001283389718, -7.882087376e-05, -4.840875733e-05], "AUX_ENDO_LAG_1_2": [0, 0, 0, -0.3132099314, -0.1923615261, -0.1181410709, -0.07255771422, -0.04456216498, -0.02736837246, -0.0168086046, -0.01032320022, -0.006340113606, -0.003893854589, -0.002391456132, -0.001468740627, -0.0009020441569, -0.0005540009215, -0.0003402461162, -0.0002089661137, -0.0001283389718, -7.882087376e-05], "AUX_ENDO_LAG_6_1": [0, 0, -0.6443705751, -0.3957476911, -0.2430530522, -0.1492738619, -0.09167828027, -0.05630528324, -0.03458054527, -0.0212380445, -0.0130435923, -0.00801087408, -0.004919971587, -0.003021657834, -0.00185578634, -0.001139752787, -0.0006999924446, -0.0004299085099, -0.0002640333168, -0.0001621591356, -9.959192118e-05], "AUX_ENDO_LAG_6_2": [0, 0, 0, -0.6443705751, -0.3957476911, -0.2430530522, -0.1492738619, -0.09167828027, -0.05630528324, -0.03458054527, -0.0212380445, -0.0130435923, -0.00801087408, -0.004919971587, -0.003021657834, -0.00185578634, -0.001139752787, -0.0006999924446, -0.0004299085099, -0.0002640333168, -0.0001621591356], "AUX_ENDO_LAG_6_3": [0, 0, 0, 0, -0.6443705751, -0.3957476911, -0.2430530522, -0.1492738619, -0.09167828027, -0.05630528324, -0.03458054527, -0.0212380445, -0.0130435923, -0.00801087408, -0.004919971587, -0.003021657834, -0.00185578634, -0.001139752787, -0.0006999924446, -0.0004299085099, -0.0002640333168], "AUX_ENDO_LAG_3_1": [0, 0, 0.7222911995, 0.4436035498, 0.272444285, 0.1673248297, 0.1027644923, 0.06311400946, 0.03876220375, 0.02380625874, 0.01462089098, 0.008979590428, 0.005514920011, 0.003387052335, 0.002080197627, 0.001277577593, 0.0007846391533, 0.0004818952716, 0.0002959615918, 0.0001817682575, 0.0001116350917], "AUX_ENDO_LAG_3_2": [0, 0, 0, 0.7222911995, 0.4436035498, 0.272444285, 0.1673248297, 0.1027644923, 0.06311400946, 0.03876220375, 0.02380625874, 0.01462089098, 0.008979590428, 0.005514920011, 0.003387052335, 0.002080197627, 0.001277577593, 0.0007846391533, 0.0004818952716, 0.0002959615918, 0.0001817682575], "AUX_ENDO_LAG_3_3": [0, 0, 0, 0, 0.7222911995, 0.4436035498, 0.272444285, 0.1673248297, 0.1027644923, 0.06311400946, 0.03876220375, 0.02380625874, 0.01462089098, 0.008979590428, 0.005514920011, 0.003387052335, 0.002080197627, 0.001277577593, 0.0007846391533, 0.0004818952716, 0.0002959615918], "AUX_ENDO_LAG_5_1": [0, 0, -1.252839726, -0.7694461043, -0.4725642836, -0.2902308569, -0.1782486599, -0.1094734898, -0.06723441839, -0.04129280087, -0.02536045442, -0.01557541836, -0.009565824529, -0.00587496251, -0.003608176628, -0.002216003686, -0.001360984465, -0.000835864455, -0.000513355887, -0.000315283495, -0.0001936350293], "AUX_ENDO_LAG_5_2": [0, 0, 0, -1.252839726, -0.7694461043, -0.4725642836, -0.2902308569, -0.1782486599, -0.1094734898, -0.06723441839, -0.04129280087, -0.02536045442, -0.01557541836, -0.009565824529, -0.00587496251, -0.003608176628, -0.002216003686, -0.001360984465, -0.000835864455, -0.000513355887, -0.000315283495],