{"interest_": {"x": [0, -0.3271071608, -0.1532375729, -0.06097826882, -0.01771205889, -0.004341395772, -0.0008423153061, -0.0001021999472, 9.851921395e-06, 1.189776745e-05, 5.039895784e-06, 1.593527823e-06, 4.143385179e-07, 8.790157987e-08, 1.330540428e-08, 2.498104313e-10, -8.117523626e-10, -4.084082879e-10, -1.398100508e-10, -3.871791923e-11, -8.851288222e-12], "pi": [0, -0.08245955257, -0.03221086018, -0.0104170563, -0.002698057916, -0.000575198905, -8.748040795e-05, -1.880806475e-06, 5.226572375e-06, 2.648283405e-06, 9.092224162e-07, 2.523296553e-07, 5.782100664e-08, 1.016851009e-08, 8.463705846e-10, -3.047309456e-10, -2.0603553e-10, -7.787224023e-11, -2.306737551e-11, -5.653367042e-12, -1.106561378e-12], "R": [0, 0.2285935217, 0.1279718999, 0.06220125698, 0.01948079577, 0.005161140291, 0.001108292232, 0.0001733043753, 5.717052491e-06, -9.377585087e-06, -4.917222286e-06, -1.710962951e-06, -4.79486897e-07, -1.110478928e-07, -1.988812172e-08, -1.798379721e-09, 5.271438718e-10, 3.798299801e-10, 1.459848303e-10, 4.369338513e-11, 1.081473514e-11], "interest": [0, 0.9143740867, 0.5118875995, 0.2488050279, 0.07792318308, 0.02064456116, 0.004433168928, 0.0006932175011, 2.286820996e-05, -3.751034035e-05, -1.966888914e-05, -6.843851804e-06, -1.917947588e-06, -4.441915712e-07, -7.955248687e-08, -7.193518883e-09, 2.108575487e-09, 1.51931992e-09, 5.839393214e-10, 1.747735405e-10, 4.325894054e-11], "inflation": [0, -0.08245955257, -0.1146704128, -0.125087469, -0.127785527, -0.0459011733, -0.01377779352, -0.003362618035, -0.000659333547, -8.148635864e-05, 6.903271721e-06, 9.036407851e-06, 3.867656483e-06, 1.229541588e-06, 3.211655426e-07, 6.853115637e-08, 1.05041142e-08, 2.577318687e-10, -6.117060914e-10, -3.126285128e-10, -1.076995442e-10], "inflationq": [0, -0.3298382103, -0.1288434407, -0.04166822518, -0.01079223166, -0.00230079562, -0.0003499216318, -7.523225901e-06, 2.09062895e-05, 1.059313362e-05, 3.636889665e-06, 1.009318621e-06, 2.312840265e-07, 4.067404037e-08, 3.385482338e-09, -1.218923783e-09, -8.241421199e-10, -3.114889609e-10, -9.226950202e-11, -2.261346817e-11, -4.426245513e-12], "outputgap": [0, -0.3271071608, -0.1532375729, -0.06097826882, -0.01771205889, -0.004341395772, -0.0008423153061, -0.0001021999472, 9.851921395e-06, 1.189776745e-05, 5.039895784e-06, 1.593527823e-06, 4.143385179e-07, 8.790157987e-08, 1.330540428e-08, 2.498104313e-10, -8.117523626e-10, -4.084082879e-10, -1.398100508e-10, -3.871791923e-11, -8.851288222e-12], "AUX_ENDO_LEAD_71": [0, -0.1288434407, -0.04166822518, -0.01079223166, -0.00230079562, -0.0003499216318, -7.523225901e-06, 2.09062895e-05, 1.059313362e-05, 3.636889665e-06, 1.009318621e-06, 2.312840265e-07, 4.067404037e-08, 3.385482338e-09, -1.218923783e-09, -8.241421199e-10, -3.114889609e-10, -9.226950202e-11, -2.261346817e-11, -4.426245513e-12, -5.474230826e-13], "AUX_ENDO_LEAD_75": [0, -0.04166822518, -0.01079223166, -0.00230079562, -0.0003499216318, -7.523225901e-06, 2.09062895e-05, 1.059313362e-05, 3.636889665e-06, 1.009318621e-06, 2.312840265e-07, 4.067404037e-08, 3.385482338e-09, -1.218923783e-09, -8.241421199e-10, -3.114889609e-10, -9.226950202e-11, -2.261346817e-11, -4.426245513e-12, -5.474230826e-13, 4.644322145e-14], "AUX_ENDO_LEAD_79": [0, -0.01079223166, -0.00230079562, -0.0003499216318, -7.523225901e-06, 2.09062895e-05, 1.059313362e-05, 3.636889665e-06, 1.009318621e-06, 2.312840265e-07, 4.067404037e-08, 3.385482338e-09, -1.218923783e-09, -8.241421199e-10, -3.114889609e-10, -9.226950202e-11, -2.261346817e-11, -4.426245513e-12, -5.474230826e-13, 4.644322145e-14, 6.071260457e-14], "AUX_ENDO_LEAD_106": [0, -0.1532375729, -0.06097826882, -0.01771205889, -0.004341395772, -0.0008423153061, -0.0001021999472, 9.851921395e-06, 1.189776745e-05, 5.039895784e-06, 1.593527823e-06, 4.143385179e-07, 8.790157987e-08, 1.330540428e-08, 2.498104313e-10, -8.117523626e-10, -4.084082879e-10, -1.398100508e-10, -3.871791923e-11, -8.851288222e-12, -1.550227618e-12], "AUX_ENDO_LEAD_110": [0, -0.06097826882, -0.01771205889, -0.004341395772, -0.0008423153061, -0.0001021999472, 9.851921395e-06, 1.189776745e-05, 5.039895784e-06, 1.593527823e-06, 4.143385179e-07, 8.790157987e-08, 1.330540428e-08, 2.498104313e-10, -8.117523626e-10, -4.084082879e-10, -1.398100508e-10, -3.871791923e-11, -8.851288222e-12, -1.550227618e-12, -1.264921023e-13], "AUX_ENDO_LEAD_114": [0, -0.01771205889, -0.004341395772, -0.0008423153061, -0.0001021999472, 9.851921395e-06, 1.189776745e-05, 5.039895784e-06, 1.593527823e-06, 4.143385179e-07, 8.790157987e-08, 1.330540428e-08, 2.498104313e-10, -8.117523626e-10, -4.084082879e-10, -1.398100508e-10, -3.871791923e-11, -8.851288222e-12, -1.550227618e-12, -1.264921023e-13, 4.768064626e-14], "AUX_ENDO_LAG_1_1": [0, 0, -0.08245955257, -0.03221086018, -0.0104170563, -0.002698057916, -0.000575198905, -8.748040795e-05, -1.880806475e-06, 5.226572375e-06, 2.648283405e-06, 9.092224162e-07, 2.523296553e-07, 5.782100664e-08, 1.016851009e-08, 8.463705846e-10, -3.047309456e-10, -2.0603553e-10, -7.787224023e-11, -2.306737551e-11, -5.653367042e-12], "AUX_ENDO_LAG_1_2": [0, 0, 0, -0.08245955257, -0.03221086018, -0.0104170563, -0.002698057916, -0.000575198905, -8.748040795e-05, -1.880806475e-06, 5.226572375e-06, 2.648283405e-06, 9.092224162e-07, 2.523296553e-07, 5.782100664e-08, 1.016851009e-08, 8.463705846e-10, -3.047309456e-10, -2.0603553e-10, -7.787224023e-11, -2.306737551e-11], "AUX_ENDO_LAG_6_1": [0, 0, -0.3271071608, -0.1532375729, -0.06097826882, -0.01771205889, -0.004341395772, -0.0008423153061, -0.0001021999472, 9.851921395e-06, 1.189776745e-05, 5.039895784e-06, 1.593527823e-06, 4.143385179e-07, 8.790157987e-08, 1.330540428e-08, 2.498104313e-10, -8.117523626e-10, -4.084082879e-10, -1.398100508e-10, -3.871791923e-11], "AUX_ENDO_LAG_6_2": [0, 0, 0, -0.3271071608, -0.1532375729, -0.06097826882, -0.01771205889, -0.004341395772, -0.0008423153061, -0.0001021999472, 9.851921395e-06, 1.189776745e-05, 5.039895784e-06, 1.593527823e-06, 4.143385179e-07, 8.790157987e-08, 1.330540428e-08, 2.498104313e-10, -8.117523626e-10, -4.084082879e-10, -1.398100508e-10], "AUX_ENDO_LAG_6_3": [0, 0, 0, 0, -0.3271071608, -0.1532375729, -0.06097826882, -0.01771205889, -0.004341395772, -0.0008423153061, -0.0001021999472, 9.851921395e-06, 1.189776745e-05, 5.039895784e-06, 1.593527823e-06, 4.143385179e-07, 8.790157987e-08, 1.330540428e-08, 2.498104313e-10, -8.117523626e-10, -4.084082879e-10], "AUX_ENDO_LAG_3_1": [0, 0, 0.9143740867, 0.5118875995, 0.2488050279, 0.07792318308, 0.02064456116, 0.004433168928, 0.0006932175011, 2.286820996e-05, -3.751034035e-05, -1.966888914e-05, -6.843851804e-06, -1.917947588e-06, -4.441915712e-07, -7.955248687e-08, -7.193518883e-09, 2.108575487e-09, 1.51931992e-09, 5.839393214e-10, 1.747735405e-10], "AUX_ENDO_LAG_3_2": [0, 0, 0, 0.9143740867, 0.5118875995, 0.2488050279, 0.07792318308, 0.02064456116, 0.004433168928, 0.0006932175011, 2.286820996e-05, -3.751034035e-05, -1.966888914e-05, -6.843851804e-06, -1.917947588e-06, -4.441915712e-07, -7.955248687e-08, -7.193518883e-09, 2.108575487e-09, 1.51931992e-09, 5.839393214e-10], "AUX_ENDO_LAG_3_3": [0, 0, 0, 0, 0.9143740867, 0.5118875995, 0.2488050279, 0.07792318308, 0.02064456116, 0.004433168928, 0.0006932175011, 2.286820996e-05, -3.751034035e-05, -1.966888914e-05, -6.843851804e-06, -1.917947588e-06, -4.441915712e-07, -7.955248687e-08, -7.193518883e-09, 2.108575487e-09, 1.51931992e-09], "AUX_ENDO_LAG_5_1": [0, 0, -0.3298382103, -0.1288434407, -0.04166822518, -0.01079223166, -0.00230079562, -0.0003499216318, -7.523225901e-06, 2.09062895e-05, 1.059313362e-05, 3.636889665e-06, 1.009318621e-06, 2.312840265e-07, 4.067404037e-08, 3.385482338e-09, -1.218923783e-09, -8.241421199e-10, -3.114889609e-10, -9.226950202e-11, -2.261346817e-11],