{"interest_": {"x": [0, -0.3122156713, -0.1810401225, -0.09411508359, -0.04204510082, -0.01829700805, -0.007861409412, -0.0033646673, -0.001437898664, -0.0006141687976, -0.0002622790809, -0.0001119978539, -4.782389089e-05, -2.04209625e-05, -8.719791417e-06, -3.723363826e-06, -1.589881184e-06, -6.788812242e-07, -2.89883103e-07, -1.237804328e-07, -5.285439291e-08], "pi": [0, -0.1093199579, -0.05503875791, -0.02545204993, -0.01111745797, -0.004789633176, -0.002051417683, -0.000876944192, -0.0003746064717, -0.0001599807316, -6.831554899e-05, -2.917137493e-05, -1.245629731e-05, -5.318867007e-06, -2.271164598e-06, -9.697903106e-07, -4.141016697e-07, -1.768219152e-07, -7.550317024e-08, -3.223994409e-08, -1.376649468e-08], "R": [0, 0.1417245653, 0.1049355084, 0.0669875162, 0.03083250598, 0.01360198027, 0.005868168977, 0.002515546482, 0.001075614067, 0.0004595190261, 0.0001962504656, 8.380464714e-05, 3.578552558e-05, 1.528059203e-05, 6.524851075e-06, 2.786122294e-06, 1.189678025e-06, 5.079940116e-07, 2.169140613e-07, 9.26225651e-08, 3.954994624e-08], "interest": [0, 0.5668982613, 0.4197420336, 0.2679500648, 0.1233300239, 0.05440792109, 0.02347267591, 0.01006218593, 0.004302456269, 0.001838076104, 0.0007850018626, 0.0003352185885, 0.0001431421023, 6.112236813e-05, 2.60994043e-05, 1.114448917e-05, 4.758712099e-06, 2.031976046e-06, 8.676562451e-07, 3.704902604e-07, 1.58199785e-07], "inflation": [0, -0.1093199579, -0.1643587159, -0.1898107658, -0.2009282238, -0.09639789899, -0.04341055876, -0.01883545302, -0.008092601522, -0.003462949078, -0.001479846944, -0.0006320741272, -0.0002699239528, -0.0001152620882, -4.921770385e-05, -2.101611923e-05, -8.973923586e-06, -3.831878494e-06, -1.636217066e-06, -6.986666993e-07, -2.983315243e-07], "inflationq": [0, -0.4372798318, -0.2201550316, -0.1018081997, -0.04446983186, -0.0191585327, -0.00820567073, -0.003507776768, -0.001498425887, -0.0006399229264, -0.000273262196, -0.0001166854997, -4.982518925e-05, -2.127546803e-05, -9.084658394e-06, -3.879161242e-06, -1.656406679e-06, -7.07287661e-07, -3.02012681e-07, -1.289597764e-07, -5.506597871e-08], "outputgap": [0, -0.3122156713, -0.1810401225, -0.09411508359, -0.04204510082, -0.01829700805, -0.007861409412, -0.0033646673, -0.001437898664, -0.0006141687976, -0.0002622790809, -0.0001119978539, -4.782389089e-05, -2.04209625e-05, -8.719791417e-06, -3.723363826e-06, -1.589881184e-06, -6.788812242e-07, -2.89883103e-07, -1.237804328e-07, -5.285439291e-08], "AUX_ENDO_LEAD_71": [0, -0.2201550316, -0.1018081997, -0.04446983186, -0.0191585327, -0.00820567073, -0.003507776768, -0.001498425887, -0.0006399229264, -0.000273262196, -0.0001166854997, -4.982518925e-05, -2.127546803e-05, -9.084658394e-06, -3.879161242e-06, -1.656406679e-06, -7.07287661e-07, -3.02012681e-07, -1.289597764e-07, -5.506597871e-08, -2.351323872e-08], "AUX_ENDO_LEAD_75": [0, -0.1018081997, -0.04446983186, -0.0191585327, -0.00820567073, -0.003507776768, -0.001498425887, -0.0006399229264, -0.000273262196, -0.0001166854997, -4.982518925e-05, -2.127546803e-05, -9.084658394e-06, -3.879161242e-06, -1.656406679e-06, -7.07287661e-07, -3.02012681e-07, -1.289597764e-07, -5.506597871e-08, -2.351323872e-08, -1.004018103e-08], "AUX_ENDO_LEAD_79": [0, -0.04446983186, -0.0191585327, -0.00820567073, -0.003507776768, -0.001498425887, -0.0006399229264, -0.000273262196, -0.0001166854997, -4.982518925e-05, -2.127546803e-05, -9.084658394e-06, -3.879161242e-06, -1.656406679e-06, -7.07287661e-07, -3.02012681e-07, -1.289597764e-07, -5.506597871e-08, -2.351323872e-08, -1.004018103e-08, -4.287169299e-09], "AUX_ENDO_LEAD_106": [0, -0.1810401225, -0.09411508359, -0.04204510082, -0.01829700805, -0.007861409412, -0.0033646673, -0.001437898664, -0.0006141687976, -0.0002622790809, -0.0001119978539, -4.782389089e-05, -2.04209625e-05, -8.719791417e-06, -3.723363826e-06, -1.589881184e-06, -6.788812242e-07, -2.89883103e-07, -1.237804328e-07, -5.285439291e-08, -2.256888896e-08], "AUX_ENDO_LEAD_110": [0, -0.09411508359, -0.04204510082, -0.01829700805, -0.007861409412, -0.0033646673, -0.001437898664, -0.0006141687976, -0.0002622790809, -0.0001119978539, -4.782389089e-05, -2.04209625e-05, -8.719791417e-06, -3.723363826e-06, -1.589881184e-06, -6.788812242e-07, -2.89883103e-07, -1.237804328e-07, -5.285439291e-08, -2.256888896e-08, -9.63694256e-09], "AUX_ENDO_LEAD_114": [0, -0.04204510082, -0.01829700805, -0.007861409412, -0.0033646673, -0.001437898664, -0.0006141687976, -0.0002622790809, -0.0001119978539, -4.782389089e-05, -2.04209625e-05, -8.719791417e-06, -3.723363826e-06, -1.589881184e-06, -6.788812242e-07, -2.89883103e-07, -1.237804328e-07, -5.285439291e-08, -2.256888896e-08, -9.63694256e-09, -4.114985989e-09], "AUX_ENDO_LAG_1_1": [0, 0, -0.1093199579, -0.05503875791, -0.02545204993, -0.01111745797, -0.004789633176, -0.002051417683, -0.000876944192, -0.0003746064717, -0.0001599807316, -6.831554899e-05, -2.917137493e-05, -1.245629731e-05, -5.318867007e-06, -2.271164598e-06, -9.697903106e-07, -4.141016697e-07, -1.768219152e-07, -7.550317024e-08, -3.223994409e-08], "AUX_ENDO_LAG_1_2": [0, 0, 0, -0.1093199579, -0.05503875791, -0.02545204993, -0.01111745797, -0.004789633176, -0.002051417683, -0.000876944192, -0.0003746064717, -0.0001599807316, -6.831554899e-05, -2.917137493e-05, -1.245629731e-05, -5.318867007e-06, -2.271164598e-06, -9.697903106e-07, -4.141016697e-07, -1.768219152e-07, -7.550317024e-08], "AUX_ENDO_LAG_6_1": [0, 0, -0.3122156713, -0.1810401225, -0.09411508359, -0.04204510082, -0.01829700805, -0.007861409412, -0.0033646673, -0.001437898664, -0.0006141687976, -0.0002622790809, -0.0001119978539, -4.782389089e-05, -2.04209625e-05, -8.719791417e-06, -3.723363826e-06, -1.589881184e-06, -6.788812242e-07, -2.89883103e-07, -1.237804328e-07], "AUX_ENDO_LAG_6_2": [0, 0, 0, -0.3122156713, -0.1810401225, -0.09411508359, -0.04204510082, -0.01829700805, -0.007861409412, -0.0033646673, -0.001437898664, -0.0006141687976, -0.0002622790809, -0.0001119978539, -4.782389089e-05, -2.04209625e-05, -8.719791417e-06, -3.723363826e-06, -1.589881184e-06, -6.788812242e-07, -2.89883103e-07], "AUX_ENDO_LAG_6_3": [0, 0, 0, 0, -0.3122156713, -0.1810401225, -0.09411508359, -0.04204510082, -0.01829700805, -0.007861409412, -0.0033646673, -0.001437898664, -0.0006141687976, -0.0002622790809, -0.0001119978539, -4.782389089e-05, -2.04209625e-05, -8.719791417e-06, -3.723363826e-06, -1.589881184e-06, -6.788812242e-07], "AUX_ENDO_LAG_3_1": [0, 0, 0.5668982613, 0.4197420336, 0.2679500648, 0.1233300239, 0.05440792109, 0.02347267591, 0.01006218593, 0.004302456269, 0.001838076104, 0.0007850018626, 0.0003352185885, 0.0001431421023, 6.112236813e-05, 2.60994043e-05, 1.114448917e-05, 4.758712099e-06, 2.031976046e-06, 8.676562451e-07, 3.704902604e-07], "AUX_ENDO_LAG_3_2": [0, 0, 0, 0.5668982613, 0.4197420336, 0.2679500648, 0.1233300239, 0.05440792109, 0.02347267591, 0.01006218593, 0.004302456269, 0.001838076104, 0.0007850018626, 0.0003352185885, 0.0001431421023, 6.112236813e-05, 2.60994043e-05, 1.114448917e-05, 4.758712099e-06, 2.031976046e-06, 8.676562451e-07], "AUX_ENDO_LAG_3_3": [0, 0, 0, 0, 0.5668982613, 0.4197420336, 0.2679500648, 0.1233300239, 0.05440792109, 0.02347267591, 0.01006218593, 0.004302456269, 0.001838076104, 0.0007850018626, 0.0003352185885, 0.0001431421023, 6.112236813e-05, 2.60994043e-05, 1.114448917e-05, 4.758712099e-06, 2.031976046e-06], "AUX_ENDO_LAG_5_1": [0, 0, -0.4372798318, -0.2201550316, -0.1018081997, -0.04446983186, -0.0191585327, -0.00820567073, -0.003507776768, -0.001498425887, -0.0006399229264, -0.000273262196, -0.0001166854997, -4.982518925e-05, -2.127546803e-05, -9.084658394e-06, -3.879161242e-06, -1.656406679e-06, -7.07287661e-07, -3.02012681e-07, -1.289597764e-07],