{"interest_": {"x": [0, -0.3629570897, -0.2260805232, -0.1408221644, -0.08771601246, -0.05463698754, -0.03403255944, -0.02119837044, -0.01320414676, -0.008224664822, -0.005123020265, -0.003191052426, -0.001987658659, -0.001238082744, -0.0007711831573, -0.0004803584132, -0.0002992080454, -0.0001863722004, -0.0001160884461, -7.230975061e-05, -4.504065828e-05], "pi": [0, -0.1826778334, -0.1137872804, -0.07087638904, -0.04414783887, -0.02749902617, -0.01712873064, -0.01066922921, -0.006645702732, -0.00413950848, -0.002578437698, -0.001606070139, -0.001000396983, -0.0006231322645, -0.0003881397343, -0.0002417664145, -0.0001505926707, -9.380191416e-05, -5.842780436e-05, -3.639380233e-05, -2.26691532e-05], "R": [0, 0.09152756934, 0.05701114911, 0.03551138904, 0.02211951121, 0.01377791152, 0.008582054276, 0.005345632792, 0.003329714428, 0.002074029138, 0.001291881619, 0.0008046936691, 0.000501231608, 0.0003122096451, 0.0001944707017, 0.0001211328811, 7.54518534e-05, 4.699782695e-05, 2.927424097e-05, 1.823448529e-05, 1.135798719e-05], "interest": [0, 0.3661102774, 0.2280445964, 0.1420455562, 0.08847804482, 0.05511164606, 0.0343282171, 0.02138253117, 0.01331885771, 0.008296116551, 0.005167526475, 0.003218774676, 0.002004926432, 0.00124883858, 0.0007778828067, 0.0004845315242, 0.0003018074136, 0.0001879913078, 0.0001170969639, 7.293794116e-05, 4.543194875e-05], "inflation": [0, -0.1826778334, -0.2964651139, -0.3673415029, -0.4114893418, -0.2563105345, -0.1596519847, -0.09944482491, -0.06194268876, -0.03858317107, -0.02403287812, -0.01496971905, -0.009324413299, -0.005808037084, -0.003617739121, -0.002253435396, -0.001403631084, -0.0008743007337, -0.0005445888037, -0.0003392161915, -0.0002112926741], "inflationq": [0, -0.7307113337, -0.4551491218, -0.2835055562, -0.1765913555, -0.1099961047, -0.06851492257, -0.04267691686, -0.02658281093, -0.01655803392, -0.01031375079, -0.006424280558, -0.004001587931, -0.002492529058, -0.001552558937, -0.0009670656581, -0.0006023706827, -0.0003752076567, -0.0002337112175, -0.0001455752093, -9.067661281e-05], "outputgap": [0, -0.3629570897, -0.2260805232, -0.1408221644, -0.08771601246, -0.05463698754, -0.03403255944, -0.02119837044, -0.01320414676, -0.008224664822, -0.005123020265, -0.003191052426, -0.001987658659, -0.001238082744, -0.0007711831573, -0.0004803584132, -0.0002992080454, -0.0001863722004, -0.0001160884461, -7.230975061e-05, -4.504065828e-05], "AUX_ENDO_LEAD_71": [0, -0.4551491218, -0.2835055562, -0.1765913555, -0.1099961047, -0.06851492257, -0.04267691686, -0.02658281093, -0.01655803392, -0.01031375079, -0.006424280558, -0.004001587931, -0.002492529058, -0.001552558937, -0.0009670656581, -0.0006023706827, -0.0003752076567, -0.0002337112175, -0.0001455752093, -9.067661281e-05, -5.648110106e-05], "AUX_ENDO_LEAD_75": [0, -0.2835055562, -0.1765913555, -0.1099961047, -0.06851492257, -0.04267691686, -0.02658281093, -0.01655803392, -0.01031375079, -0.006424280558, -0.004001587931, -0.002492529058, -0.001552558937, -0.0009670656581, -0.0006023706827, -0.0003752076567, -0.0002337112175, -0.0001455752093, -9.067661281e-05, -5.648110106e-05, -3.518123006e-05], "AUX_ENDO_LEAD_79": [0, -0.1765913555, -0.1099961047, -0.06851492257, -0.04267691686, -0.02658281093, -0.01655803392, -0.01031375079, -0.006424280558, -0.004001587931, -0.002492529058, -0.001552558937, -0.0009670656581, -0.0006023706827, -0.0003752076567, -0.0002337112175, -0.0001455752093, -9.067661281e-05, -5.648110106e-05, -3.518123006e-05, -2.191386014e-05], "AUX_ENDO_LEAD_106": [0, -0.2260805232, -0.1408221644, -0.08771601246, -0.05463698754, -0.03403255944, -0.02119837044, -0.01320414676, -0.008224664822, -0.005123020265, -0.003191052426, -0.001987658659, -0.001238082744, -0.0007711831573, -0.0004803584132, -0.0002992080454, -0.0001863722004, -0.0001160884461, -7.230975061e-05, -4.504065828e-05, -2.805514998e-05], "AUX_ENDO_LEAD_110": [0, -0.1408221644, -0.08771601246, -0.05463698754, -0.03403255944, -0.02119837044, -0.01320414676, -0.008224664822, -0.005123020265, -0.003191052426, -0.001987658659, -0.001238082744, -0.0007711831573, -0.0004803584132, -0.0002992080454, -0.0001863722004, -0.0001160884461, -7.230975061e-05, -4.504065828e-05, -2.805514998e-05, -1.747513182e-05], "AUX_ENDO_LEAD_114": [0, -0.08771601246, -0.05463698754, -0.03403255944, -0.02119837044, -0.01320414676, -0.008224664822, -0.005123020265, -0.003191052426, -0.001987658659, -0.001238082744, -0.0007711831573, -0.0004803584132, -0.0002992080454, -0.0001863722004, -0.0001160884461, -7.230975061e-05, -4.504065828e-05, -2.805514998e-05, -1.747513182e-05, -1.088499731e-05], "AUX_ENDO_LAG_1_1": [0, 0, -0.1826778334, -0.1137872804, -0.07087638904, -0.04414783887, -0.02749902617, -0.01712873064, -0.01066922921, -0.006645702732, -0.00413950848, -0.002578437698, -0.001606070139, -0.001000396983, -0.0006231322645, -0.0003881397343, -0.0002417664145, -0.0001505926707, -9.380191416e-05, -5.842780436e-05, -3.639380233e-05], "AUX_ENDO_LAG_1_2": [0, 0, 0, -0.1826778334, -0.1137872804, -0.07087638904, -0.04414783887, -0.02749902617, -0.01712873064, -0.01066922921, -0.006645702732, -0.00413950848, -0.002578437698, -0.001606070139, -0.001000396983, -0.0006231322645, -0.0003881397343, -0.0002417664145, -0.0001505926707, -9.380191416e-05, -5.842780436e-05], "AUX_ENDO_LAG_6_1": [0, 0, -0.3629570897, -0.2260805232, -0.1408221644, -0.08771601246, -0.05463698754, -0.03403255944, -0.02119837044, -0.01320414676, -0.008224664822, -0.005123020265, -0.003191052426, -0.001987658659, -0.001238082744, -0.0007711831573, -0.0004803584132, -0.0002992080454, -0.0001863722004, -0.0001160884461, -7.230975061e-05], "AUX_ENDO_LAG_6_2": [0, 0, 0, -0.3629570897, -0.2260805232, -0.1408221644, -0.08771601246, -0.05463698754, -0.03403255944, -0.02119837044, -0.01320414676, -0.008224664822, -0.005123020265, -0.003191052426, -0.001987658659, -0.001238082744, -0.0007711831573, -0.0004803584132, -0.0002992080454, -0.0001863722004, -0.0001160884461], "AUX_ENDO_LAG_6_3": [0, 0, 0, 0, -0.3629570897, -0.2260805232, -0.1408221644, -0.08771601246, -0.05463698754, -0.03403255944, -0.02119837044, -0.01320414676, -0.008224664822, -0.005123020265, -0.003191052426, -0.001987658659, -0.001238082744, -0.0007711831573, -0.0004803584132, -0.0002992080454, -0.0001863722004], "AUX_ENDO_LAG_3_1": [0, 0, 0.3661102774, 0.2280445964, 0.1420455562, 0.08847804482, 0.05511164606, 0.0343282171, 0.02138253117, 0.01331885771, 0.008296116551, 0.005167526475, 0.003218774676, 0.002004926432, 0.00124883858, 0.0007778828067, 0.0004845315242, 0.0003018074136, 0.0001879913078, 0.0001170969639, 7.293794116e-05], "AUX_ENDO_LAG_3_2": [0, 0, 0, 0.3661102774, 0.2280445964, 0.1420455562, 0.08847804482, 0.05511164606, 0.0343282171, 0.02138253117, 0.01331885771, 0.008296116551, 0.005167526475, 0.003218774676, 0.002004926432, 0.00124883858, 0.0007778828067, 0.0004845315242, 0.0003018074136, 0.0001879913078, 0.0001170969639], "AUX_ENDO_LAG_3_3": [0, 0, 0, 0, 0.3661102774, 0.2280445964, 0.1420455562, 0.08847804482, 0.05511164606, 0.0343282171, 0.02138253117, 0.01331885771, 0.008296116551, 0.005167526475, 0.003218774676, 0.002004926432, 0.00124883858, 0.0007778828067, 0.0004845315242, 0.0003018074136, 0.0001879913078], "AUX_ENDO_LAG_5_1": [0, 0, -0.7307113337, -0.4551491218, -0.2835055562, -0.1765913555, -0.1099961047, -0.06851492257, -0.04267691686, -0.02658281093, -0.01655803392, -0.01031375079, -0.006424280558, -0.004001587931, -0.002492529058, -0.001552558937, -0.0009670656581, -0.0006023706827, -0.0003752076567, -0.0002337112175, -0.0001455752093], "AUX_ENDO_LAG_5_2": [0, 0, 0, -0.7307113337, -0.4551491218, -0.2835055562, -0.1765913555, -0.1099961047, -0.06851492257, -0.04267691686, -0.02658281093, -0.01655803392, -0.01031375079, -0.006424280558, -0.004001587931, -0.002492529058, -0.001552558937, -0.0009670656581, -0.0006023706827, -0.0003752076567, -0.0002337112175],