{"interest_": {"cons_h": [0, -4.978859676, -2.643315007, -1.403356326, -0.7450526985, -0.3955542246, -0.210002789, -0.1114921005, -0.05919201617, -0.03142549797, -0.01668403927, -0.008857685143, -0.004702613366, -0.00249665371, -0.001325492713, -0.0007037143054, -0.0003736073529, -0.0001983510255, -0.0001053060894, -5.590781515e-05, -2.968189031e-05], "i_dep": [0, 0.08331837521, 0.04423436808, 0.02348436722, 0.0124680317, 0.006619374204, 0.003514276823, 0.001865756673, 0.0009905446093, 0.0005258877737, 0.0002791978755, 0.0001482283057, 7.869555087e-05, 4.178007498e-05, 2.218136408e-05, 1.177625729e-05, 6.25210583e-06, 3.319291211e-06, 1.762237307e-06, 9.355853796e-07, 4.967094947e-07], "infl": [0, -0.5469289002, -0.2903687719, -0.1541590208, -0.08184421324, -0.04345172412, -0.0230688555, -0.01224743333, -0.006502256825, -0.003452098304, -0.001832745617, -0.0009730187852, -0.0005165831785, -0.0002742579942, -0.0001456056846, -7.730318109e-05, -4.104085512e-05, -2.178890655e-05, -1.156789856e-05, -6.141486575e-06, -3.260562595e-06], "omeg_t": [0, -0.7909082004, -0.4198992643, -0.2229277583, -0.1183540665, -0.06283508681, -0.03335963227, -0.01771088609, -0.00940284604, -0.004992043492, -0.002650314396, -0.001407072356, -0.0007470255674, -0.000396601636, -0.0002105588677, -0.000111787327, -5.93487542e-05, -3.150871139e-05, -1.672821792e-05, -8.881139929e-06, -4.715065693e-06], "s_t": [0, -4.857704463e-16, -4.645610934e-16, -4.43304224e-16, -2.368003619e-16, -1.266739804e-16, -6.788238887e-17, -3.645521293e-17, -1.962886693e-17, -1.060229556e-17, -5.748418436e-18, -3.13080113e-18, -1.714254621e-18, -9.444891815e-19, -5.241261906e-19, -2.932377727e-19, -1.655657847e-19, -9.442332111e-20, -5.4435361e-20, -3.174164542e-20, -1.872726936e-20], "chi_t": [0, 1.453159419, 0.7714935447, 0.4095918738, 0.2174554852, 0.1154487945, 0.06129265549, 0.03254074359, 0.01727613177, 0.009172031619, 0.004869502335, 0.002585256351, 0.001372532538, 0.0007286881116, 0.0003868661392, 0.0002053902174, 0.0001090432507, 5.789190291e-05, 3.073525781e-05, 1.631758545e-05, 8.663131981e-06], "thet1_t": [0, -6.444579456, -3.421476943, -1.816488501, -0.9643877567, -0.5120008989, -0.2718252266, -0.1443141095, -0.07661747392, -0.04067680789, -0.02159563107, -0.01146528712, -0.006087009368, -0.003231640226, -0.001715702723, -0.0009108798099, -0.0004835931172, -0.0002567433161, -0.0001363070069, -7.236644139e-05, -3.841990194e-05], "thet2_t": [0, -5.382893943, -2.857819916, -1.517238637, -0.8055136957, -0.4276534344, -0.2270445071, -0.1205396801, -0.06399544596, -0.03397567589, -0.0180379484, -0.009576485944, -0.005084230256, -0.002699257061, -0.001433056394, -0.0007608206937, -0.0004039255749, -0.0002144472034, -0.0001138516744, -6.044473216e-05, -3.209057455e-05], "y_t": [0, -4.512073365, -2.395494554, -1.271786536, -0.6752012821, -0.3584695689, -0.1903142592, -0.1010393082, -0.05364254809, -0.02847924256, -0.01511984955, -0.008027244753, -0.004261726158, -0.00226258329, -0.001201222921, -0.0006377385146, -0.0003385802966, -0.0001797548911, -9.543325825e-05, -5.066625293e-05, -2.68991045e-05], "spread": [0, -0.05882340439, -0.03122979913, -0.01658014125, -0.00880252488, -0.004673328358, -0.002481106073, -0.001317238352, -0.0006993320018, -0.0003712807541, -0.0001971158162, -0.0001046503073, -5.555965537e-05, -2.94970496e-05, -1.566021116e-05, -8.314126899e-06, -4.414034102e-06, -2.343444753e-06, -1.244152895e-06, -6.60530369e-07, -3.506806679e-07], "q_t": [0, -0.1602138009, -0.08505874271, -0.04515834261, -0.02397491242, -0.01272846594, -0.006757640747, -0.003587683598, -0.001904728896, -0.001011235263, -0.0005368726013, -0.0002850298052, -0.0001513245222, -8.033935608e-05, -4.265278384e-05, -2.264469195e-05, -1.202224162e-05, -6.382700813e-06, -3.388625095e-06, -1.799047201e-06, -9.551280361e-07], "ygap": [0, -4.512073365, -2.395494554, -1.271786536, -0.6752012821, -0.3584695689, -0.1903142592, -0.1010393082, -0.05364254809, -0.02847924256, -0.01511984955, -0.008027244753, -0.004261726158, -0.00226258329, -0.001201222921, -0.0006377385146, -0.0003385802966, -0.0001797548911, -9.543325825e-05, -5.066625293e-05, -2.68991045e-05], "cons_e": [0, -1.609254711, -0.8543657392, -0.4535893612, -0.2408140906, -0.1278500582, -0.0678765821, -0.036036201, -0.01913189708, -0.01015727173, -0.005392573912, -0.002862959086, -0.001519967062, -0.0008069622377, -0.0004284224765, -0.0002274527974, -0.0001207564446, -6.411052791e-05, -3.403677379e-05, -1.807038575e-05, -9.59370718e-06], "mon_cost": [0, -27.8102454, -14.7646738, -7.838679207, -4.161615255, -2.20943364, -1.173005362, -0.6227575947, -0.3306268107, -0.1755323241, -0.09319146484, -0.04947606752, -0.02626722588, -0.01394547283, -0.007403759096, -0.003930712813, -0.002086845752, -0.001107922507, -0.0005882046049, -0.0003122823619, -0.0001657931147], "Bankrupt": [0, -27.8102454, -14.7646738, -7.838679207, -4.161615255, -2.20943364, -1.173005362, -0.6227575947, -0.3306268107, -0.1755323241, -0.09319146484, -0.04947606752, -0.02626722588, -0.01394547283, -0.007403759096, -0.003930712813, -0.002086845752, -0.001107922507, -0.0005882046049, -0.0003122823619, -0.0001657931147], "fo_t": [0, 4.355978073, 2.312622359, 1.227789049, 0.6518426767, 0.3460683051, 0.1837303326, 0.09754385078, 0.05178678279, 0.02749400244, 0.01459677797, 0.007749542018, 0.004114291634, 0.002184309164, 0.001159666584, 0.0006156759346, 0.0003268671027, 0.0001735362661, 9.213174227e-05, 4.891345264e-05, 2.59685293e-05], "ho_t": [0, -23.23015242, -12.33306711, -6.54772046, -3.476235298, -1.845560134, -0.9798221109, -0.5201951166, -0.2761755999, -0.1466237563, -0.07784368321, -0.04132781187, -0.0219412541, -0.01164878105, -0.006184427712, -0.003283360376, -0.00174316135, -0.0009254578067, -0.0004913326881, -0.000260852314, -0.0001384885056], "i_l": [0, 0.02449497082, 0.01300456895, 0.006904225968, 0.003665506822, 0.001946045846, 0.001033170751, 0.0005485183209, 0.0002912126076, 0.0001546070196, 8.20820593e-05, 4.357799842e-05, 2.31358955e-05, 1.228302538e-05, 6.521152921e-06, 3.462130387e-06, 1.838071728e-06, 9.758464583e-07, 5.18084412e-07, 2.750550106e-07, 1.460288268e-07], "credit": [0, -6.780635956, -3.599891932, -1.911210394, -1.014676341, -0.538699496, -0.2859997177, -0.1518394562, -0.08061273851, -0.04279792469, -0.02272174834, -0.01206315146, -0.006404420159, -0.003400156063, -0.001805169081, -0.0009583781895, -0.0005088103733, -0.0002701313519, -0.0001434148184, -7.614003332e-05, -4.0423331e-05], "stdoi_t": [0, 0, 0, 0, 0, 0, 0, 0, 0, 0, 0, 0, 0, 0, 0, 0, 0, 0, 0, 0, 0], "Util": [0, -3.726670572e-08, -1.978517616e-08, -1.050411003e-08, -5.576710649e-09, -2.960718781e-09, -1.571868413e-09, -8.345169e-10, -4.430513734e-10, -2.352193995e-10, -1.248796622e-10, -6.629941041e-11, -3.519895486e-11, -1.868727395e-11, -9.921397037e-12, -5.267342118e-12, -2.796429754e-12, -1.484590229e-12, -7.882583475e-13, -4.183320357e-13, -2.220446049e-13], "Welf": [0, -7.855525119e-10, -4.170559453e-10, -2.214182171e-10, -1.175526343e-10, -6.240963302e-11, -3.313371799e-11, -1.759103974e-11, -9.339196083e-12, -4.958256028e-12, -2.632338791e-12, -1.397548743e-12, -7.420730697e-13, -3.939071291e-13, -2.091660178e-13, -1.110223025e-13, -5.884182031e-14, -3.130828929e-14, -1.665334537e-14, -8.881784197e-15, -4.662936703e-15], "i_e": [0, -4.33680869e-17, 1.561251128e-17, 6.938893904e-18, 3.469446952e-18, 1.734723476e-18, 0, 0, 0, -1.734723476e-18, -1.734723476e-18, 0, 0, 0, 0, 0, 0, 0, 0, 0, 0], "y_e": [0, 2.220446049e-16, 0, 0, 0, 0, 0, 0, 0, 0, 0, 0, 0, 0, 0, 0, 0, 0, 0, 0, 0], "a_t": [0, 3.982932146e-17, 3.584638932e-17, 3.226175039e-17, 2.903557535e-17, 2.613201781e-17, 2.351881603e-17, 2.116693443e-17, 1.905024099e-17, 1.714521689e-17, 1.54306952e-17, 1.388762568e-17, 1.249886311e-17, 1.12489768e-17, 1.012407912e-17, 9.111671208e-18, 8.200504087e-18, 7.380453678e-18, 6.64240831e-18, 5.978167479e-18, 5.380350731e-18], "mu_t": [0, 0, 0, 0, 0, 0, 0, 0, 0, 0, 0, 0, 0, 0, 0, 0, 0, 0, 0, 0, 0],