{"interest_": {"cons_h": [0, -2.059203457, -0.723513728, -0.1689247903, 0.02179103621, 0.02302993706, 0.006746676603, 0.0002222282618, -0.0005790399699, -0.0002400732367, -3.281841957e-05, 1.140277453e-05, 7.529331454e-06, 1.699961568e-06, -1.060699677e-07, -2.07942138e-07, -6.760630678e-08, -4.828065281e-09, 4.872065418e-09, 2.307199987e-09, 3.847242525e-10], "i_dep": [0, 0.1888294686, 0.08773745889, 0.03286015549, 0.001142478933, -0.002477857339, -0.001090063651, -0.0001580521613, 4.757616242e-05, 3.361336193e-05, 7.903580206e-06, -3.534374483e-07, -9.145815658e-07, -3.084947846e-07, -2.542587152e-08, 2.095743505e-08, 1.03850251e-08, 1.827865812e-09, -3.404522168e-10, -3.086114767e-10, -8.223761429e-11], "infl": [0, -0.1037547093, -0.0248808881, -0.0009967711382, 0.002345623252, 0.0009442547962, 0.0001274643344, -4.615191627e-05, -2.984924426e-05, -6.658514896e-06, 4.525911979e-07, 8.281891489e-07, 2.663134443e-07, 1.811761586e-08, -1.952973886e-08, -9.126324284e-09, -1.496297934e-09, 3.405064389e-10, 2.758449153e-10, 6.992624035e-11, -1.015341233e-12], "omeg_t": [0, -0.3237253742, -0.1132737115, -0.02617552561, 0.003494634287, 0.003612486265, 0.001050299257, 3.191663755e-05, -9.115142586e-05, -3.748728398e-05, -5.052007175e-06, 1.807801385e-06, 1.178762732e-06, 2.639020989e-07, -1.744617006e-08, -3.26489473e-08, -1.053651941e-08, -7.286348469e-10, 7.682645631e-10, 3.605842291e-10, 5.945216541e-11], "s_t": [0, -9.215269375e-17, -1.344707734e-17, -7.359013237e-17, -9.053280953e-18, 5.964849923e-18, 5.776052148e-18, 3.150843707e-18, 1.67257173e-18, 1.013287244e-18, 6.754136022e-19, 4.571700623e-19, 3.053634855e-19, 2.017755833e-19, 1.329014662e-19, 8.759008253e-20, 5.778929533e-20, 3.814571287e-20, 2.517995842e-20, 1.661972269e-20, 1.096899924e-20], "chi_t": [0, 0.4431361449, 0.1338217973, 0.01858812654, -0.007901422749, -0.004581675515, -0.0009697746411, 9.297688929e-05, 0.0001302554867, 3.980128746e-05, 2.057199342e-06, -3.161770084e-06, -1.391066351e-06, -2.097549119e-07, 5.877675027e-08, 4.281671495e-08, 1.026818118e-08, -3.775939561e-10, -1.157189497e-09, -3.972602941e-10, -3.476721688e-11], "thet1_t": [0, -1.3332911, -0.364927749, -0.04682543059, 0.02414986461, 0.01293320611, 0.002573299024, -0.0003266073696, -0.0003752057434, -0.0001088776124, -3.752655837e-06, 9.352285708e-06, 3.884121647e-06, 5.338408129e-07, -1.835809298e-07, -1.217373717e-07, -2.756644833e-08, 1.685093294e-09, 3.358795797e-09, 1.094811658e-09, 7.903507016e-11], "thet2_t": [0, -1.131884899, -0.3166295544, -0.04489052191, 0.01959659594, 0.01110024092, 0.002325868258, -0.0002370183557, -0.0003172630928, -9.595225991e-05, -4.631215221e-06, 7.744624418e-06, 3.367160255e-06, 4.986713233e-07, -1.456702603e-07, -1.040215658e-07, -2.466186998e-08, 1.024110206e-09, 2.823332138e-09, 9.590724881e-10, 8.100602827e-11], "y_t": [0, -1.843757216, -0.6447130097, -0.1487317208, 0.01996662846, 0.02056732444, 0.005972432437, 0.0001790104701, -0.0005192581804, -0.0002132731797, -2.867496079e-05, 1.031013801e-05, 6.709060345e-06, 1.499968531e-06, -1.000704868e-07, -1.859120056e-07, -5.992590091e-08, -4.122037378e-09, 4.377739948e-09, 2.051733006e-09, 3.376616764e-10], "spread": [0, -0.02407691384, -0.008424676002, -0.00194679171, 0.0002599116886, 0.0002686768708, 7.81154853e-05, 2.373784058e-06, -6.779342003e-06, -2.788098118e-06, -3.757405232e-07, 1.344543296e-07, 8.766989242e-08, 1.962758747e-08, -1.29755023e-09, -2.428249231e-09, -7.836483953e-10, -5.419185413e-11, 5.713929503e-11, 2.68182733e-11, 4.421724271e-12], "q_t": [0, 0.08914970199, 0.0528588302, 0.0248003292, 0.002218527824, -0.001365520104, -0.0007666611835, -0.0001482245629, 1.950930829e-05, 2.207048017e-05, 6.347993476e-06, 2.032109781e-07, -5.516233198e-07, -2.272354775e-07, -3.079780186e-08, 1.090434775e-08, 7.140677018e-09, 1.603508513e-09, -1.038923496e-10, -1.97582329e-10, -6.393142959e-11], "ygap": [0, -1.843757216, -0.6447130097, -0.1487317208, 0.01996662846, 0.02056732444, 0.005972432437, 0.0001790104701, -0.0005192581804, -0.0002132731797, -2.867496079e-05, 1.031013801e-05, 6.709060345e-06, 1.499968531e-06, -1.000704869e-07, -1.859120057e-07, -5.992590094e-08, -4.12203742e-09, 4.377739879e-09, 2.051732976e-09, 3.376615926e-10], "cons_e": [0, -0.5039549221, -0.154672514, -0.02315644688, 0.00862112682, 0.005252998181, 0.001157615983, -8.9749365e-05, -0.0001474912931, -4.661082579e-05, -2.907903824e-06, 3.51532503e-06, 1.608014703e-06, 2.562655625e-07, -6.27613268e-08, -4.891253136e-08, -1.216351997e-08, 2.68559841e-10, 1.303662511e-09, 4.630522632e-10, 4.499201012e-11], "mon_cost": [0, -11.38296719, -3.982977685, -0.9203947947, 0.1228797945, 0.1270237551, 0.03693106236, 0.001122266177, -0.003205104613, -0.00131814358, -0.0001776407922, 6.356666945e-05, 4.144814887e-05, 9.279436131e-06, -6.134495392e-07, -1.14801596e-06, -3.704895084e-07, -2.562056345e-08, 2.701403989e-08, 1.267901428e-08, 2.090481566e-09], "Bankrupt": [0, -11.38296719, -3.982977685, -0.9203947947, 0.1228797945, 0.1270237551, 0.03693106236, 0.001122266177, -0.003205104613, -0.00131814358, -0.0001776407922, 6.356666945e-05, 4.144814887e-05, 9.279436131e-06, -6.134495392e-07, -1.14801596e-06, -3.704895084e-07, -2.562056345e-08, 2.701403989e-08, 1.267901428e-08, 2.090481566e-09], "fo_t": [0, 1.782938438, 0.623862293, 0.1441634005, -0.01924692439, -0.01989600178, -0.005784591095, -0.0001757829458, 0.000502022374, 0.0002064636414, 2.782425631e-05, -9.956583063e-06, -6.492111993e-06, -1.45345788e-06, 9.608591012e-08, 1.79816189e-07, 5.803056213e-08, 4.013003485e-09, -4.23126667e-09, -1.985940967e-09, -3.274365223e-10], "ho_t": [0, -9.508296642, -3.327017702, -0.7688141929, 0.1026426166, 0.1061041048, 0.03084885428, 0.0009374392057, -0.002677253208, -0.001101057392, -0.000148384979, 5.309782058e-05, 3.462201797e-05, 7.7511979e-06, -5.124200123e-07, -9.589482343e-07, -3.09473276e-07, -2.140109101e-08, 2.256507492e-08, 1.059089638e-08, 1.746198408e-09], "i_l": [0, 0.1647525548, 0.07931278289, 0.03091336378, 0.001402390621, -0.002209180468, -0.001011948166, -0.0001556783773, 4.079682042e-05, 3.082526381e-05, 7.527839683e-06, -2.189831186e-07, -8.269116734e-07, -2.888671972e-07, -2.672342175e-08, 1.852918582e-08, 9.601376701e-09, 1.773673958e-09, -2.833129217e-10, -2.817932034e-10, -7.781588915e-11], "credit": [0, -2.775371289, -0.9711213013, -0.2244087367, 0.02996029487, 0.03097066669, 0.0090044545, 0.0002736285956, -0.0007814619134, -0.0003213870149, -4.331200699e-05, 1.54986926e-05, 1.01058011e-05, 2.262492739e-06, -1.495699855e-07, -2.799068537e-07, -9.033197812e-08, -6.246752227e-09, 6.586506895e-09, 3.091370715e-09, 5.096969513e-10], "stdoi_t": [0, 0, 0, 0, 0, 0, 0, 0, 0, 0, 0, 0, 0, 0, 0, 0, 0, 0, 0, 0, 0], "Util": [0, -1.523543336e-08, -5.328442132e-09, -1.229833124e-09, 1.648383652e-10, 1.69969816e-10, 4.937428244e-11, 1.485922496e-12, -4.290345856e-12, -1.763034163e-12, -2.371436381e-13, 8.526512829e-14, 5.551115123e-14, 1.243449788e-14, -8.881784197e-16, -1.33226763e-15, -4.440892099e-16, 0, 0, 0, 0], "Welf": [0, -2.135009947e-10, -6.176414935e-11, -8.565370635e-12, 3.770539436e-12, 2.143618616e-12, 4.485301019e-13, -4.574118861e-14, -6.128431096e-14, -1.842970221e-14, -8.881784197e-16, 1.554312234e-15, 6.661338148e-16, 0, 0, 0, 0, 0, 0, 0, 0], "i_e": [0, 6.938893904e-18, 3.469446952e-18, -1.734723476e-18, 0, 0, 0, 0, 0, 0, 0, 0, 0, 0, 0, 0, 0, 0, 0, 0, 0], "y_e": [0, 0, 0, 0, 0, 0, 0, 0, 0, 0, 0, 0, 0, 0, 0, 0, 0, 0, 0, 0, 0], "a_t": [0, 3.913722746e-18, 3.522350471e-18, 3.170115424e-18, 2.853103882e-18, 2.567793493e-18, 2.311014144e-18, 2.07991273e-18, 1.871921457e-18, 1.684729311e-18, 1.51625638e-18, 1.364630742e-18, 1.228167668e-18, 1.105350901e-18, 9.948158109e-19, 8.953342298e-19, 8.058008068e-19, 7.252207261e-19, 6.526986535e-19, 5.874287882e-19, 5.286859094e-19], "mu_t": [0, 0, 0, 0, 0, 0, 0, 0, 0, 0, 0, 0, 0, 0, 0, 0, 0, 0, 0, 0, 0], "tau_t": [0, 0, 0, 0, 0, 0, 0, 0, 0, 0, 0, 0, 0, 0, 0, 0, 0, 0, 0, 0, 0],