{"interest_": {"cons_h": [0, -0.9137423166, -0.5951240834, -0.3476378754, -0.1705284163, -0.08136759623, -0.03828192919, -0.01793713843, -0.008390881064, -0.0039230377, -0.00183378797, -0.0008571257424, -0.0004006163524, -0.0001872443717, -8.751599238e-05, -4.09039785e-05, -1.911804565e-05, -8.935551666e-06, -4.17637245e-06, -1.95198765e-06, -9.123361966e-07], "i_dep": [0, -0.01196297412, 0.00775389983, 0.01312380089, 0.007092943696, 0.003531402557, 0.001681965672, 0.0007918249707, 0.0003710077842, 0.0001735618968, 8.114688363e-05, 3.79315034e-05, 1.772947665e-05, 8.286673563e-06, 3.873114995e-06, 1.810252116e-06, 8.460912453e-07, 3.954532482e-07, 1.848302386e-07, 8.638749412e-08, 4.037650465e-08], "infl": [0, -0.114907146, -0.06294189142, -0.03184389346, -0.01521371256, -0.007172787514, -0.003362304169, -0.001573200851, -0.0007355762073, -0.0003438471541, -0.00016071806, -7.511907286e-05, -3.5109999e-05, -1.641004026e-05, -7.669867128e-06, -3.584807227e-06, -1.675497139e-06, -7.831077925e-07, -3.660154264e-07, -1.710713295e-07, -7.995673834e-08], "omeg_t": [0, -0.1457487368, -0.09458578054, -0.05506316605, -0.02699601756, -0.01287791949, -0.00605837, -0.002838589604, -0.001327861352, -0.0006208205369, -0.0002901964904, -0.0001356398728, -6.339739831e-05, -2.963135488e-05, -1.384937421e-05, -6.473039785e-06, -3.025423793e-06, -1.41404781e-06, -6.609094252e-07, -3.089013374e-07, -1.443768722e-07], "s_t": [0, -1.020580473e-16, -1.327756293e-16, -1.578639901e-16, -1.166925807e-16, -8.180800646e-17, -5.585018155e-17, -3.768286463e-17, -2.524545495e-17, -1.683573644e-17, -1.119253746e-17, -7.424869434e-18, -4.918071661e-18, -3.2541792e-18, -2.15161492e-18, -1.421868366e-18, -9.392755928e-19, -6.203156514e-19, -4.095923687e-19, -2.704169809e-19, -1.785154109e-19], "chi_t": [0, 0.2945630196, 0.1759516679, 0.09399146239, 0.04543592316, 0.02152939662, 0.01010820505, 0.004732418009, 0.002213184942, 0.001034638516, 0.0004836149263, 0.0002260421807, 0.0001056505129, 4.937998869e-05, 2.307965839e-05, 1.078716726e-05, 5.041796615e-06, 2.356476897e-06, 1.101389759e-06, 5.147766931e-07, 2.406006051e-07], "thet1_t": [0, -1.311238644, -0.7287881132, -0.3777468309, -0.1812362136, -0.08562775055, -0.04016394217, -0.01879709086, -0.008789632425, -0.004108865532, -0.001920551421, -0.0008976627389, -0.0004195603237, -0.0001960981346, -9.165406589e-05, -4.283805362e-05, -2.002200772e-05, -9.358052625e-06, -4.373844399e-06, -2.044283719e-06, -9.554742982e-07], "thet2_t": [0, -1.088183596, -0.6066067946, -0.3159322142, -0.1517037127, -0.0717041042, -0.03363711643, -0.01574323038, -0.007361749199, -0.003441397527, -0.001608569305, -0.0007518433621, -0.0003514056198, -0.0001642433505, -7.676550029e-05, -3.587931018e-05, -1.67695721e-05, -7.837902204e-06, -3.663343865e-06, -1.712204079e-06, -8.002641591e-07], "y_t": [0, -0.8320282902, -0.5396488396, -0.3139859172, -0.1539259319, -0.07342440407, -0.034541832, -0.01618416065, -0.007570762446, -0.003539587986, -0.00165454546, -0.000773346083, -0.0003614580826, -0.0001689421475, -7.896172896e-05, -3.690581283e-05, -1.724934929e-05, -8.062144761e-06, -3.768152265e-06, -1.761190308e-06, -8.231597508e-07], "spread": [0, -0.01083998987, -0.007034770426, -0.004095295613, -0.002007815391, -0.0009577888627, -0.0004505882582, -0.0002111186913, -9.875902821e-05, -4.617321894e-05, -2.158321977e-05, -1.008814814e-05, -4.715149996e-06, -2.203817295e-06, -1.030040325e-06, -4.814291175e-07, -2.250143912e-07, -1.051691032e-07, -4.915481008e-08, -2.297438347e-08, -1.073795812e-08], "q_t": [0, -0.05684113699, -0.02137044222, -0.003830951434, -0.001219524047, -0.0004338967726, -0.0001834948571, -8.221819011e-05, -3.786010263e-05, -1.759780578e-05, -8.208850422e-06, -3.833992746e-06, -1.791507403e-06, -8.372529944e-07, -3.913094187e-07, -1.828912908e-07, -8.548088867e-08, -3.995270682e-08, -1.867341764e-08, -8.72773526e-09, -4.079241077e-09], "ygap": [0, -0.8320282902, -0.5396488396, -0.3139859172, -0.1539259319, -0.07342440407, -0.034541832, -0.01618416065, -0.007570762446, -0.003539587986, -0.00165454546, -0.000773346083, -0.0003614580826, -0.0001689421475, -7.896172896e-05, -3.690581283e-05, -1.724934929e-05, -8.062144761e-06, -3.768152265e-06, -1.761190308e-06, -8.231597509e-07], "cons_e": [0, -0.3238707141, -0.194663203, -0.1047134309, -0.0506795421, -0.02402782609, -0.01128317239, -0.005282862794, -0.0024706651, -0.001155017238, -0.0005398844437, -0.0002523428901, -0.0001179433234, -5.51255325e-05, -2.576506304e-05, -1.204229477e-05, -5.628428661e-06, -2.630661875e-06, -1.229540614e-06, -5.746729044e-07, -2.685953935e-07], "mon_cost": [0, -5.124878128, -3.325864831, -1.936154107, -0.9492452764, -0.4528187987, -0.2130269434, -0.09981167656, -0.04669081701, -0.02182955174, -0.01020401054, -0.004769426019, -0.002229205872, -0.001041910111, -0.0004869774966, -0.0002276077361, -0.0001063812186, -4.972134135e-05, -2.323917402e-05, -1.08617182e-05, -5.076640048e-06], "Bankrupt": [0, -5.124878128, -3.325864831, -1.936154107, -0.9492452764, -0.4528187987, -0.2130269434, -0.09981167656, -0.04669081701, -0.02182955174, -0.01020401054, -0.004769426019, -0.002229205872, -0.001041910111, -0.0004869774966, -0.0002276077361, -0.0001063812186, -4.972134135e-05, -2.323917402e-05, -1.08617182e-05, -5.076640048e-06], "fo_t": [0, 0.8027205957, 0.5209373046, 0.3032639488, 0.148682313, 0.07092597459, 0.03336686466, 0.01563371586, 0.007313282288, 0.003419209265, 0.001598275942, 0.0007470453735, 0.0003491652721, 0.0001631966037, 7.627632431e-05, 3.565068533e-05, 1.666271724e-05, 7.787959782e-06, 3.64000141e-06, 1.701294097e-06, 7.951649623e-07], "ho_t": [0, -4.280857589, -2.778125322, -1.61728724, -0.7929132642, -0.3782436855, -0.1779433548, -0.08337360663, -0.03900126663, -0.01823442429, -0.008523503363, -0.00398394519, -0.001862076061, -0.0008703170483, -0.0004067767583, -0.0001901228244, -8.886120517e-05, -4.153269134e-05, -1.941189468e-05, -9.072892592e-06, -4.240563879e-06], "i_l": [0, -0.02280296399, 0.0007191294043, 0.009028505279, 0.005085128304, 0.002573613694, 0.001231377413, 0.0005807062794, 0.000272248756, 0.0001273886778, 5.956366386e-05, 2.784335526e-05, 1.301432666e-05, 6.082856269e-06, 2.843074671e-06, 1.328822998e-06, 6.21076854e-07, 2.90284145e-07, 1.356754285e-07, 6.341311065e-08, 2.963854653e-08], "credit": [0, -1.249537083, -0.8109054175, -0.472069051, -0.2314430009, -0.1104053339, -0.05193978446, -0.02433587454, -0.0113840575, -0.005322435717, -0.00248792054, -0.001162871492, -0.0005435203204, -0.0002540363474, -0.0001187338362, -5.549484288e-05, -2.593764655e-05, -1.212295361e-05, -5.666126878e-06, -2.648281449e-06, -1.237775775e-06], "stdoi_t": [0, 0, 0, 0, 0, 0, 0, 0, 0, 0, 0, 0, 0, 0, 0, 0, 0, 0, 0, 0, 0], "Util": [0, -6.870711111e-09, -4.457030744e-09, -2.593654624e-09, -1.271523775e-09, -6.06537931e-10, -2.853410841e-10, -1.336935007e-10, -6.254019524e-11, -2.923972175e-11, -1.366773361e-11, -6.388223284e-12, -2.986055847e-12, -1.395772387e-12, -6.523670493e-13, -3.050892872e-13, -1.425526364e-13, -6.661338148e-14, -3.108624469e-14, -1.465494393e-14, -6.661338148e-15], "Welf": [0, -1.614735012e-10, -9.370326737e-11, -4.962941169e-11, -2.393218956e-11, -1.133027006e-11, -5.317968288e-12, -2.48956411e-12, -1.164179864e-12, -5.442313267e-13, -2.544631172e-13, -1.187938636e-13, -5.551115123e-14, -2.597921878e-14, -1.221245327e-14, -5.773159728e-15, -2.664535259e-15, -1.33226763e-15, -6.661338148e-16, -2.220446049e-16, -2.220446049e-16], "i_e": [0, 2.255140519e-17, 0, 1.734723476e-18, 3.469446952e-18, 1.734723476e-18, 1.734723476e-18, 0, 0, 0, 0, 0, 0, 0, 0, 0, 0, 0, 0, 0, 0], "y_e": [0, -2.220446049e-16, 0, 0, 0, 0, 0, 0, 0, 0, 0, 0, 0, 0, 0, 0, 0, 0, 0, 0, 0],