{"interest_": {"x": [0, -2.090801954, -1.055730067, 0.1777075783, 0.5819391765, 0.377221122, 0.06380627719, -0.09229206396, -0.09020400588, -0.03081100965, 0.01144578854, 0.01990386309, 0.0102176583, -8.422674615e-06, -0.00382955928, -0.002784068699, -0.0005928892845, 0.0006106996141, 0.0006665445588, 0.0002566110749, -6.271792871e-05], "i": [0, 0.1473429673, -5.346087759e-05, -0.04594425137, -0.03018053532, -0.003632718089, 0.00905294378, 0.00809015806, 0.002549431597, -0.001155481625, -0.001789507255, -0.0008680204728, 3.876654334e-05, 0.0003534299761, 0.0002428637994, 4.451991343e-05, -5.84973306e-05, -5.924641384e-05, -2.122914741e-05, 6.725647736e-06, 1.284347194e-05], "pi": [0, -0.09874573304, -0.09259193135, -0.03770041308, 0.004670607672, 0.01662010689, 0.01003710096, 0.0009749500732, -0.00308625516, -0.002625181576, -0.0007604238087, 0.000427527858, 0.0005953119246, 0.0002731145818, -2.411228472e-05, -0.0001198201738, -7.820722519e-05, -1.207986513e-05, 2.048253757e-05, 1.943237686e-05, 6.478209188e-06], "interest": [0, 0.5893718692, -0.0002138435103, -0.1837770055, -0.1207221413, -0.01453087236, 0.03621177512, 0.03236063224, 0.01019772639, -0.004621926502, -0.007158029018, -0.003472081891, 0.0001550661734, 0.001413719905, 0.0009714551974, 0.0001780796537, -0.0002339893224, -0.0002369856554, -8.491658965e-05, 2.690259094e-05, 5.137388775e-05], "inflation": [0, -0.09874573304, -0.1913376644, -0.2290380775, -0.2243674698, -0.1090016299, -0.006372597561, 0.03230276559, 0.02454590276, 0.005300614299, -0.005496910472, -0.006044332688, -0.002362765602, 0.0005355305558, 0.00127184208, 0.0007244940479, 5.097489811e-05, -0.0002342195488, -0.0001896247265, -5.037217588e-05, 3.431325849e-05], "inflationq": [0, -0.3949829322, -0.3703677254, -0.1508016523, 0.01868243069, 0.06648042754, 0.04014840385, 0.003899800293, -0.01234502064, -0.01050072631, -0.003041695235, 0.001710111432, 0.002381247699, 0.001092458327, -9.644913887e-05, -0.000479280695, -0.0003128289007, -4.831946052e-05, 8.193015027e-05, 7.772950745e-05, 2.591283675e-05], "outputgap": [0, -2.090801954, -1.055730067, 0.1777075783, 0.5819391765, 0.377221122, 0.06380627719, -0.09229206396, -0.09020400588, -0.03081100965, 0.01144578854, 0.01990386309, 0.0102176583, -8.422674615e-06, -0.00382955928, -0.002784068699, -0.0005928892845, 0.0006106996141, 0.0006665445588, 0.0002566110749, -6.271792871e-05], "AUX_ENDO_LEAD_71": [0, -0.3703677254, -0.1508016523, 0.01868243069, 0.06648042754, 0.04014840385, 0.003899800293, -0.01234502064, -0.01050072631, -0.003041695235, 0.001710111432, 0.002381247699, 0.001092458327, -9.644913887e-05, -0.000479280695, -0.0003128289007, -4.831946052e-05, 8.193015027e-05, 7.772950745e-05, 2.591283675e-05, -1.023504323e-05], "AUX_ENDO_LEAD_75": [0, -0.1508016523, 0.01868243069, 0.06648042754, 0.04014840385, 0.003899800293, -0.01234502064, -0.01050072631, -0.003041695235, 0.001710111432, 0.002381247699, 0.001092458327, -9.644913887e-05, -0.000479280695, -0.0003128289007, -4.831946052e-05, 8.193015027e-05, 7.772950745e-05, 2.591283675e-05, -1.023504323e-05, -1.7151455e-05], "AUX_ENDO_LEAD_79": [0, 0.01868243069, 0.06648042754, 0.04014840385, 0.003899800293, -0.01234502064, -0.01050072631, -0.003041695235, 0.001710111432, 0.002381247699, 0.001092458327, -9.644913887e-05, -0.000479280695, -0.0003128289007, -4.831946052e-05, 8.193015027e-05, 7.772950745e-05, 2.591283675e-05, -1.023504323e-05, -1.7151455e-05, -8.654144489e-06], "AUX_ENDO_LEAD_106": [0, -1.055730067, 0.1777075783, 0.5819391765, 0.377221122, 0.06380627719, -0.09229206396, -0.09020400588, -0.03081100965, 0.01144578854, 0.01990386309, 0.0102176583, -8.422674615e-06, -0.00382955928, -0.002784068699, -0.0005928892845, 0.0006106996141, 0.0006665445588, 0.0002566110749, -6.271792871e-05, -0.0001417193696], "AUX_ENDO_LEAD_110": [0, 0.1777075783, 0.5819391765, 0.377221122, 0.06380627719, -0.09229206396, -0.09020400588, -0.03081100965, 0.01144578854, 0.01990386309, 0.0102176583, -8.422674615e-06, -0.00382955928, -0.002784068699, -0.0005928892845, 0.0006106996141, 0.0006665445588, 0.0002566110749, -6.271792871e-05, -0.0001417193696, -7.968764255e-05], "AUX_ENDO_LEAD_114": [0, 0.5819391765, 0.377221122, 0.06380627719, -0.09229206396, -0.09020400588, -0.03081100965, 0.01144578854, 0.01990386309, 0.0102176583, -8.422674615e-06, -0.00382955928, -0.002784068699, -0.0005928892845, 0.0006106996141, 0.0006665445588, 0.0002566110749, -6.271792871e-05, -0.0001417193696, -7.968764255e-05, -4.956238001e-06], "AUX_ENDO_LAG_2_1": [0, 0, -0.09874573304, -0.09259193135, -0.03770041308, 0.004670607672, 0.01662010689, 0.01003710096, 0.0009749500732, -0.00308625516, -0.002625181576, -0.0007604238087, 0.000427527858, 0.0005953119246, 0.0002731145818, -2.411228472e-05, -0.0001198201738, -7.820722519e-05, -1.207986513e-05, 2.048253757e-05, 1.943237686e-05], "AUX_ENDO_LAG_2_2": [0, 0, 0, -0.09874573304, -0.09259193135, -0.03770041308, 0.004670607672, 0.01662010689, 0.01003710096, 0.0009749500732, -0.00308625516, -0.002625181576, -0.0007604238087, 0.000427527858, 0.0005953119246, 0.0002731145818, -2.411228472e-05, -0.0001198201738, -7.820722519e-05, -1.207986513e-05, 2.048253757e-05], "AUX_ENDO_LAG_6_1": [0, 0, -2.090801954, -1.055730067, 0.1777075783, 0.5819391765, 0.377221122, 0.06380627719, -0.09229206396, -0.09020400588, -0.03081100965, 0.01144578854, 0.01990386309, 0.0102176583, -8.422674615e-06, -0.00382955928, -0.002784068699, -0.0005928892845, 0.0006106996141, 0.0006665445588, 0.0002566110749], "AUX_ENDO_LAG_6_2": [0, 0, 0, -2.090801954, -1.055730067, 0.1777075783, 0.5819391765, 0.377221122, 0.06380627719, -0.09229206396, -0.09020400588, -0.03081100965, 0.01144578854, 0.01990386309, 0.0102176583, -8.422674615e-06, -0.00382955928, -0.002784068699, -0.0005928892845, 0.0006106996141, 0.0006665445588], "AUX_ENDO_LAG_6_3": [0, 0, 0, 0, -2.090801954, -1.055730067, 0.1777075783, 0.5819391765, 0.377221122, 0.06380627719, -0.09229206396, -0.09020400588, -0.03081100965, 0.01144578854, 0.01990386309, 0.0102176583, -8.422674615e-06, -0.00382955928, -0.002784068699, -0.0005928892845, 0.0006106996141], "AUX_ENDO_LAG_3_1": [0, 0, 0.5893718692, -0.0002138435103, -0.1837770055, -0.1207221413, -0.01453087236, 0.03621177512, 0.03236063224, 0.01019772639, -0.004621926502, -0.007158029018, -0.003472081891, 0.0001550661734, 0.001413719905, 0.0009714551974, 0.0001780796537, -0.0002339893224, -0.0002369856554, -8.491658965e-05, 2.690259094e-05], "AUX_ENDO_LAG_3_2": [0, 0, 0, 0.5893718692, -0.0002138435103, -0.1837770055, -0.1207221413, -0.01453087236, 0.03621177512, 0.03236063224, 0.01019772639, -0.004621926502, -0.007158029018, -0.003472081891, 0.0001550661734, 0.001413719905, 0.0009714551974, 0.0001780796537, -0.0002339893224, -0.0002369856554, -8.491658965e-05], "AUX_ENDO_LAG_3_3": [0, 0, 0, 0, 0.5893718692, -0.0002138435103, -0.1837770055, -0.1207221413, -0.01453087236, 0.03621177512, 0.03236063224, 0.01019772639, -0.004621926502, -0.007158029018, -0.003472081891, 0.0001550661734, 0.001413719905, 0.0009714551974, 0.0001780796537, -0.0002339893224, -0.0002369856554], "AUX_ENDO_LAG_5_1": [0, 0, -0.3949829322, -0.3703677254, -0.1508016523, 0.01868243069, 0.06648042754, 0.04014840385, 0.003899800293, -0.01234502064, -0.01050072631, -0.003041695235, 0.001710111432, 0.002381247699, 0.001092458327, -9.644913887e-05, -0.000479280695, -0.0003128289007, -4.831946052e-05, 8.193015027e-05, 7.772950745e-05], "AUX_ENDO_LAG_5_2": [0, 0, 0, -0.3949829322, -0.3703677254, -0.1508016523, 0.01868243069, 0.06648042754, 0.04014840385, 0.003899800293, -0.01234502064, -0.01050072631, -0.003041695235, 0.001710111432, 0.002381247699, 0.001092458327, -9.644913887e-05, -0.000479280695, -0.0003128289007, -4.831946052e-05, 8.193015027e-05],