{"interest_": {"x": [0, -2.612841276, -1.512602456, 0.1556554639, 0.9482411073, 0.7451941042, 0.1507594209, -0.2590077747, -0.303301737, -0.1273318488, 0.04834177204, 0.1085192013, 0.06875660702, 0.002809641303, -0.03353977218, -0.03053781972, -0.0089174105, 0.008249571017, 0.01181538124, 0.005923646389, -0.001048218103], "i": [0, 0.1672439752, 0.03468042287, -0.01888609809, -0.03067479943, -0.01585757102, 0.002492739064, 0.01049840187, 0.00780339383, 0.001271955138, -0.002980089403, -0.003248155596, -0.001255802083, 0.0006111427359, 0.001186717461, 0.0007087254628, -6.685783704e-06, -0.0003766133048, -0.0003228996064, -8.27945109e-05, 9.719222634e-05], "pi": [0, -0.1231796998, -0.1152814488, -0.03733867377, 0.02754358578, 0.04331624135, 0.02310926759, -0.002640321912, -0.01438046968, -0.0110818031, -0.002080121157, 0.003995435843, 0.004551063867, 0.00185375941, -0.0007746162025, -0.001641256189, -0.001017125749, -2.277051879e-05, 0.0005124455977, 0.0004560328764, 0.0001271064139], "interest": [0, 0.668975901, 0.1387216915, -0.07554439236, -0.1226991977, -0.06343028406, 0.009970956254, 0.04199360748, 0.03121357532, 0.005087820551, -0.01192035761, -0.01299262238, -0.00502320833, 0.002444570944, 0.004746869844, 0.002834901851, -2.674313482e-05, -0.001506453219, -0.001291598425, -0.0003311780436, 0.0003887689053], "inflation": [0, -0.1231796998, -0.2384611486, -0.2757998224, -0.2482562366, -0.08176029548, 0.05663042095, 0.09132877281, 0.04940471735, -0.004993327104, -0.03018271585, -0.02354695809, -0.004615424549, 0.008320137963, 0.009625642918, 0.003988950886, -0.001579238731, -0.00345576866, -0.002168706859, -7.141779413e-05, 0.001072814369], "inflationq": [0, -0.4927187991, -0.4611257954, -0.1493546951, 0.1101743431, 0.1732649654, 0.09243707034, -0.01056128765, -0.0575218787, -0.04432721241, -0.008320484628, 0.01598174337, 0.01820425547, 0.007415037641, -0.00309846481, -0.006565024756, -0.004068502998, -9.108207516e-05, 0.002049782391, 0.001824131505, 0.0005084256555], "outputgap": [0, -2.612841276, -1.512602456, 0.1556554639, 0.9482411073, 0.7451941042, 0.1507594209, -0.2590077747, -0.303301737, -0.1273318488, 0.04834177204, 0.1085192013, 0.06875660702, 0.002809641303, -0.03353977218, -0.03053781972, -0.0089174105, 0.008249571017, 0.01181538124, 0.005923646389, -0.001048218103], "AUX_ENDO_LEAD_71": [0, -0.4611257954, -0.1493546951, 0.1101743431, 0.1732649654, 0.09243707034, -0.01056128765, -0.0575218787, -0.04432721241, -0.008320484628, 0.01598174337, 0.01820425547, 0.007415037641, -0.00309846481, -0.006565024756, -0.004068502998, -9.108207516e-05, 0.002049782391, 0.001824131505, 0.0005084256555, -0.0005137862114], "AUX_ENDO_LEAD_75": [0, -0.1493546951, 0.1101743431, 0.1732649654, 0.09243707034, -0.01056128765, -0.0575218787, -0.04432721241, -0.008320484628, 0.01598174337, 0.01820425547, 0.007415037641, -0.00309846481, -0.006565024756, -0.004068502998, -9.108207516e-05, 0.002049782391, 0.001824131505, 0.0005084256555, -0.0005137862114, -0.0007112989749], "AUX_ENDO_LEAD_79": [0, 0.1101743431, 0.1732649654, 0.09243707034, -0.01056128765, -0.0575218787, -0.04432721241, -0.008320484628, 0.01598174337, 0.01820425547, 0.007415037641, -0.00309846481, -0.006565024756, -0.004068502998, -9.108207516e-05, 0.002049782391, 0.001824131505, 0.0005084256555, -0.0005137862114, -0.0007112989749, -0.0003476352881], "AUX_ENDO_LEAD_106": [0, -1.512602456, 0.1556554639, 0.9482411073, 0.7451941042, 0.1507594209, -0.2590077747, -0.303301737, -0.1273318488, 0.04834177204, 0.1085192013, 0.06875660702, 0.002809641303, -0.03353977218, -0.03053781972, -0.0089174105, 0.008249571017, 0.01181538124, 0.005923646389, -0.001048218103, -0.004007821685], "AUX_ENDO_LEAD_110": [0, 0.1556554639, 0.9482411073, 0.7451941042, 0.1507594209, -0.2590077747, -0.303301737, -0.1273318488, 0.04834177204, 0.1085192013, 0.06875660702, 0.002809641303, -0.03353977218, -0.03053781972, -0.0089174105, 0.008249571017, 0.01181538124, 0.005923646389, -0.001048218103, -0.004007821685, -0.002924992459], "AUX_ENDO_LEAD_114": [0, 0.9482411073, 0.7451941042, 0.1507594209, -0.2590077747, -0.303301737, -0.1273318488, 0.04834177204, 0.1085192013, 0.06875660702, 0.002809641303, -0.03353977218, -0.03053781972, -0.0089174105, 0.008249571017, 0.01181538124, 0.005923646389, -0.001048218103, -0.004007821685, -0.002924992459, -0.0004380194856], "AUX_ENDO_LAG_2_1": [0, 0, -0.1231796998, -0.1152814488, -0.03733867377, 0.02754358578, 0.04331624135, 0.02310926759, -0.002640321912, -0.01438046968, -0.0110818031, -0.002080121157, 0.003995435843, 0.004551063867, 0.00185375941, -0.0007746162025, -0.001641256189, -0.001017125749, -2.277051879e-05, 0.0005124455977, 0.0004560328764], "AUX_ENDO_LAG_2_2": [0, 0, 0, -0.1231796998, -0.1152814488, -0.03733867377, 0.02754358578, 0.04331624135, 0.02310926759, -0.002640321912, -0.01438046968, -0.0110818031, -0.002080121157, 0.003995435843, 0.004551063867, 0.00185375941, -0.0007746162025, -0.001641256189, -0.001017125749, -2.277051879e-05, 0.0005124455977], "AUX_ENDO_LAG_6_1": [0, 0, -2.612841276, -1.512602456, 0.1556554639, 0.9482411073, 0.7451941042, 0.1507594209, -0.2590077747, -0.303301737, -0.1273318488, 0.04834177204, 0.1085192013, 0.06875660702, 0.002809641303, -0.03353977218, -0.03053781972, -0.0089174105, 0.008249571017, 0.01181538124, 0.005923646389], "AUX_ENDO_LAG_6_2": [0, 0, 0, -2.612841276, -1.512602456, 0.1556554639, 0.9482411073, 0.7451941042, 0.1507594209, -0.2590077747, -0.303301737, -0.1273318488, 0.04834177204, 0.1085192013, 0.06875660702, 0.002809641303, -0.03353977218, -0.03053781972, -0.0089174105, 0.008249571017, 0.01181538124], "AUX_ENDO_LAG_6_3": [0, 0, 0, 0, -2.612841276, -1.512602456, 0.1556554639, 0.9482411073, 0.7451941042, 0.1507594209, -0.2590077747, -0.303301737, -0.1273318488, 0.04834177204, 0.1085192013, 0.06875660702, 0.002809641303, -0.03353977218, -0.03053781972, -0.0089174105, 0.008249571017], "AUX_ENDO_LAG_3_1": [0, 0, 0.668975901, 0.1387216915, -0.07554439236, -0.1226991977, -0.06343028406, 0.009970956254, 0.04199360748, 0.03121357532, 0.005087820551, -0.01192035761, -0.01299262238, -0.00502320833, 0.002444570944, 0.004746869844, 0.002834901851, -2.674313482e-05, -0.001506453219, -0.001291598425, -0.0003311780436], "AUX_ENDO_LAG_3_2": [0, 0, 0, 0.668975901, 0.1387216915, -0.07554439236, -0.1226991977, -0.06343028406, 0.009970956254, 0.04199360748, 0.03121357532, 0.005087820551, -0.01192035761, -0.01299262238, -0.00502320833, 0.002444570944, 0.004746869844, 0.002834901851, -2.674313482e-05, -0.001506453219, -0.001291598425], "AUX_ENDO_LAG_3_3": [0, 0, 0, 0, 0.668975901, 0.1387216915, -0.07554439236, -0.1226991977, -0.06343028406, 0.009970956254, 0.04199360748, 0.03121357532, 0.005087820551, -0.01192035761, -0.01299262238, -0.00502320833, 0.002444570944, 0.004746869844, 0.002834901851, -2.674313482e-05, -0.001506453219], "AUX_ENDO_LAG_5_1": [0, 0, -0.4927187991, -0.4611257954, -0.1493546951, 0.1101743431, 0.1732649654, 0.09243707034, -0.01056128765, -0.0575218787, -0.04432721241, -0.008320484628, 0.01598174337, 0.01820425547, 0.007415037641, -0.00309846481, -0.006565024756, -0.004068502998, -9.108207516e-05, 0.002049782391, 0.001824131505], "AUX_ENDO_LAG_5_2": [0, 0, -6.284986522e-16, -0.4927187991, -0.4611257954, -0.1493546951, 0.1101743431, 0.1732649654, 0.09243707034, -0.01056128765, -0.0575218787, -0.04432721241, -0.008320484628, 0.01598174337, 0.01820425547, 0.007415037641, -0.00309846481, -0.006565024756, -0.004068502998, -9.108207516e-05, 0.002049782391], "AUX_ENDO_LAG_5_3": [0, 0, 2.080845387e-17, -6.180640995e-16, -0.4927187991, -0.4611257954, -0.1493546951, 0.1101743431, 0.1732649654, 0.09243707034, -0.01056128765, -0.0575218787, -0.04432721241, -0.008320484628, 0.01598174337, 0.01820425547, 0.007415037641, -0.00309846481, -0.006565024756, -0.004068502998, -9.108207516e-05]}}