{"interest_": {"x": [0, -1.485620385, -0.7955638139, -0.009382509141, 0.2221399809, -0.2595366714, -0.2736548219, 0.07862275832, 0.2700451921, 0.08859314064, -0.05947669674, 0.01114382116, 0.113880584, 0.06837910671, -0.02746191649, -0.03600301779, 0.01440408405, 0.02348858842, -0.01205681759, -0.02798951447, -0.007687324155], "i": [0, 0.05242084931, -0.07315071679, -0.1123261922, -0.1322767867, -0.0239602341, 0.003508304646, -0.01501576033, -0.02975776052, 0.002127796665, 0.02467263221, 0.01663166016, -2.439581218e-05, 0.001726960229, 0.01056821582, 0.009097440666, 3.315039703e-05, -0.003272562895, 0.0001387812965, 0.001935884027, -0.0006531927946], "pi": [0, -0.09501282036, -0.1139958946, -0.09501257907, -0.07772344344, -0.07281937539, -0.05660528414, -0.02904968433, -0.007366868752, -2.351737516e-05, 0.002620629674, 0.007920917253, 0.01239813067, 0.01128520466, 0.007111011904, 0.004586290465, 0.003979670809, 0.002767838775, 0.0005518545911, -0.0009360456467, -0.001004854086], "interest": [0, 0.2096833973, -0.2926028671, -0.4493047687, -0.529107147, -0.09584093638, 0.01403321858, -0.06006304134, -0.1190310421, 0.008511186659, 0.09869052884, 0.06652664066, -9.75832487e-05, 0.006907840916, 0.04227286329, 0.03638976266, 0.0001326015881, -0.01309025158, 0.0005551251858, 0.007743536108, -0.002612771179], "inflation": [0, -0.09501282036, -0.2090087149, -0.304021294, -0.3817447375, -0.3595512925, -0.302160682, -0.2361977873, -0.1658412126, -0.0930453546, -0.03381944079, 0.003151160799, 0.02291616022, 0.03422488226, 0.03871526449, 0.0353806377, 0.02696217784, 0.01844481195, 0.01188565464, 0.006363318529, 0.001378793634], "inflationq": [0, -0.3800512814, -0.4559835784, -0.3800503163, -0.3108937738, -0.2912775016, -0.2264211366, -0.1161987373, -0.02946747501, -9.406950063e-05, 0.01048251869, 0.03168366901, 0.04959252268, 0.04514081865, 0.02844404762, 0.01834516186, 0.01591868324, 0.0110713551, 0.002207418364, -0.003744182587, -0.004019416343], "outputgap": [0, -1.485620385, -0.7955638139, -0.009382509141, 0.2221399809, -0.2595366714, -0.2736548219, 0.07862275832, 0.2700451921, 0.08859314064, -0.05947669674, 0.01114382116, 0.113880584, 0.06837910671, -0.02746191649, -0.03600301779, 0.01440408405, 0.02348858842, -0.01205681759, -0.02798951447, -0.007687324155], "AUX_ENDO_LEAD_71": [0, -0.4559835784, -0.3800503163, -0.3108937738, -0.2912775016, -0.2264211366, -0.1161987373, -0.02946747501, -9.406950063e-05, 0.01048251869, 0.03168366901, 0.04959252268, 0.04514081865, 0.02844404762, 0.01834516186, 0.01591868324, 0.0110713551, 0.002207418364, -0.003744182587, -0.004019416343, -0.002855394645], "AUX_ENDO_LEAD_75": [0, -0.3800503163, -0.3108937738, -0.2912775016, -0.2264211366, -0.1161987373, -0.02946747501, -9.406950063e-05, 0.01048251869, 0.03168366901, 0.04959252268, 0.04514081865, 0.02844404762, 0.01834516186, 0.01591868324, 0.0110713551, 0.002207418364, -0.003744182587, -0.004019416343, -0.002855394645, -0.003489404949], "AUX_ENDO_LEAD_79": [0, -0.3108937738, -0.2912775016, -0.2264211366, -0.1161987373, -0.02946747501, -9.406950063e-05, 0.01048251869, 0.03168366901, 0.04959252268, 0.04514081865, 0.02844404762, 0.01834516186, 0.01591868324, 0.0110713551, 0.002207418364, -0.003744182587, -0.004019416343, -0.002855394645, -0.003489404949, -0.004342102844], "AUX_ENDO_LEAD_106": [0, -0.7955638139, -0.009382509141, 0.2221399809, -0.2595366714, -0.2736548219, 0.07862275832, 0.2700451921, 0.08859314064, -0.05947669674, 0.01114382116, 0.113880584, 0.06837910671, -0.02746191649, -0.03600301779, 0.01440408405, 0.02348858842, -0.01205681759, -0.02798951447, -0.007687324155, 0.008941359607], "AUX_ENDO_LEAD_110": [0, -0.009382509141, 0.2221399809, -0.2595366714, -0.2736548219, 0.07862275832, 0.2700451921, 0.08859314064, -0.05947669674, 0.01114382116, 0.113880584, 0.06837910671, -0.02746191649, -0.03600301779, 0.01440408405, 0.02348858842, -0.01205681759, -0.02798951447, -0.007687324155, 0.008941359607, 0.001224311084], "AUX_ENDO_LEAD_114": [0, 0.2221399809, -0.2595366714, -0.2736548219, 0.07862275832, 0.2700451921, 0.08859314064, -0.05947669674, 0.01114382116, 0.113880584, 0.06837910671, -0.02746191649, -0.03600301779, 0.01440408405, 0.02348858842, -0.01205681759, -0.02798951447, -0.007687324155, 0.008941359607, 0.001224311084, -0.009634606282], "AUX_ENDO_LAG_2_1": [0, 0, -0.09501282036, -0.1139958946, -0.09501257907, -0.07772344344, -0.07281937539, -0.05660528414, -0.02904968433, -0.007366868752, -2.351737516e-05, 0.002620629674, 0.007920917253, 0.01239813067, 0.01128520466, 0.007111011904, 0.004586290465, 0.003979670809, 0.002767838775, 0.0005518545911, -0.0009360456467], "AUX_ENDO_LAG_2_2": [0, 0, 0, -0.09501282036, -0.1139958946, -0.09501257907, -0.07772344344, -0.07281937539, -0.05660528414, -0.02904968433, -0.007366868752, -2.351737516e-05, 0.002620629674, 0.007920917253, 0.01239813067, 0.01128520466, 0.007111011904, 0.004586290465, 0.003979670809, 0.002767838775, 0.0005518545911], "AUX_ENDO_LAG_6_1": [0, 0, -1.485620385, -0.7955638139, -0.009382509141, 0.2221399809, -0.2595366714, -0.2736548219, 0.07862275832, 0.2700451921, 0.08859314064, -0.05947669674, 0.01114382116, 0.113880584, 0.06837910671, -0.02746191649, -0.03600301779, 0.01440408405, 0.02348858842, -0.01205681759, -0.02798951447], "AUX_ENDO_LAG_6_2": [0, 0, 1.279634484e-15, -1.485620385, -0.7955638139, -0.009382509141, 0.2221399809, -0.2595366714, -0.2736548219, 0.07862275832, 0.2700451921, 0.08859314064, -0.05947669674, 0.01114382116, 0.113880584, 0.06837910671, -0.02746191649, -0.03600301779, 0.01440408405, 0.02348858842, -0.01205681759], "AUX_ENDO_LAG_6_3": [0, 0, 4.19980551e-16, 2.276198821e-15, -1.485620385, -0.7955638139, -0.009382509141, 0.2221399809, -0.2595366714, -0.2736548219, 0.07862275832, 0.2700451921, 0.08859314064, -0.05947669674, 0.01114382116, 0.113880584, 0.06837910671, -0.02746191649, -0.03600301779, 0.01440408405, 0.02348858842], "AUX_ENDO_LAG_3_1": [0, 0, 0.2096833973, -0.2926028671, -0.4493047687, -0.529107147, -0.09584093638, 0.01403321858, -0.06006304134, -0.1190310421, 0.008511186659, 0.09869052884, 0.06652664066, -9.75832487e-05, 0.006907840916, 0.04227286329, 0.03638976266, 0.0001326015881, -0.01309025158, 0.0005551251858, 0.007743536108], "AUX_ENDO_LAG_3_2": [0, 0, 0, 0.2096833973, -0.2926028671, -0.4493047687, -0.529107147, -0.09584093638, 0.01403321858, -0.06006304134, -0.1190310421, 0.008511186659, 0.09869052884, 0.06652664066, -9.75832487e-05, 0.006907840916, 0.04227286329, 0.03638976266, 0.0001326015881, -0.01309025158, 0.0005551251858], "AUX_ENDO_LAG_3_3": [0, 0, 0, 0, 0.2096833973, -0.2926028671, -0.4493047687, -0.529107147, -0.09584093638, 0.01403321858, -0.06006304134, -0.1190310421, 0.008511186659, 0.09869052884, 0.06652664066, -9.75832487e-05, 0.006907840916, 0.04227286329, 0.03638976266, 0.0001326015881, -0.01309025158], "AUX_ENDO_LAG_5_1": [0, 0, -0.3800512814, -0.4559835784, -0.3800503163, -0.3108937738, -0.2912775016, -0.2264211366, -0.1161987373, -0.02946747501, -9.406950063e-05, 0.01048251869, 0.03168366901, 0.04959252268, 0.04514081865, 0.02844404762, 0.01834516186, 0.01591868324, 0.0110713551, 0.002207418364, -0.003744182587], "AUX_ENDO_LAG_5_2": [0, 0, 4.543168992e-16, -0.3800512814, -0.4559835784, -0.3800503163, -0.3108937738, -0.2912775016, -0.2264211366, -0.1161987373, -0.02946747501, -9.406950063e-05, 0.01048251869, 0.03168366901, 0.04959252268, 0.04514081865, 0.02844404762, 0.01834516186, 0.01591868324, 0.0110713551, 0.002207418364], "AUX_ENDO_LAG_5_3": [0, 0, 8.59455545e-17, 5.616663589e-16, -0.3800512814, -0.4559835784, -0.3800503163, -0.3108937738, -0.2912775016, -0.2264211366, -0.1161987373, -0.02946747501, -9.406950063e-05, 0.01048251869, 0.03168366901, 0.04959252268, 0.04514081865, 0.02844404762, 0.01834516186, 0.01591868324, 0.0110713551]}}