{"mean":[[2.15548,8.65463,-2.66041,3.04487,16.1832,-9.22541,-3.23424,4.11798,5.7585,17.1101,2.93743,3.98397,5.49896],[2.04703,9.48419,6.53021,3.10614,15.8203,0.986915,1.44919,4.22897,5.82673,11.8138,4.02805,3.89341,5.32269],[1.86445,7.87392,8.88578,3.03334,15.5514,-0.845589,-2.70765,4.27792,5.81642,9.53192,3.98234,3.47294,5.20584],[1.7993,7.38503,6.17491,3.0803,15.4083,-3.01162,-9.85951,4.3071,5.84396,7.57423,3.75628,3.53663,5.11865],[2.09963,8.03102,-0.95211,3.20105,15.2971,-3.82011,-10.2091,4.34334,5.87823,7.94048,3.77377,3.66959,5.03171],[2.33283,8.03759,1.88502,3.22642,15.0921,-3.13448,-4.23662,4.38526,5.88555,9.847,4.03085,3.61356,4.96893],[2.48171,7.52733,5.83076,3.2036,14.9033,-3.07607,-2.94024,4.41752,5.87528,10.2138,4.13335,3.53106,4.93565],[2.61106,7.44088,5.6765,3.21826,14.8029,-3.55547,-4.81289,4.44103,5.87413,9.70868,4.06941,3.6064,4.91315],[2.71495,7.70565,4.03895,3.24944,14.7175,-3.52121,-4.40273,4.46492,5.88004,9.67427,4.06103,3.70067,4.89294],[2.76286,7.7358,4.77539,3.25132,14.6066,-3.05508,-2.6985,4.48855,5.88205,9.83333,4.12023,3.7146,4.88016],[2.77692,7.5917,5.81797,3.2397,14.5128,-3.05439,-2.61627,4.50779,5.88145,9.63107,4.11861,3.71803,4.87492],[2.78488,7.589,5.52076,3.24055,14.4538,-3.28166,-3.25065,4.52435,5.88442,9.354,4.06878,3.76629,4.87186],[2.79496,7.67774,4.99412,3.24527,14.4034,-3.27079,-3.05866,4.54132,5.8894,9.31181,4.04718,3.81585,4.86952],[2.79995,7.68101,5.24518,3.23997,14.3508,-3.14334,-2.52441,4.55827,5.89261,9.35486,4.04853,3.83814,4.86991],[2.8011,7.63355,5.58,3.23026,14.3095,-3.16009,-2.48993,4.5739,5.89473,9.30383,4.03243,3.85806,4.87315],[2.8041,7.63361,5.48929,3.22392,14.2837,-3.23321,-2.64721,4.58881,5.89778,9.23617,4.00442,3.89109,4.87769],[2.8089,7.6594,5.36099,3.21779,14.2645,-3.22381,-2.53982,4.60386,5.90129,9.23941,3.98708,3.92276,4.88315],[2.81208,7.65742,5.47185,3.20786,14.2488,-3.18269,-2.35128,4.61886,5.9042,9.26109,3.97681,3.94501,4.89012],[2.81369,7.64191,5.59083,3.19626,14.2407,-3.18686,-2.33125,4.63345,5.90689,9.25006,3.96112,3.96614,4.89848],[2.81551,7.64238,5.57319,3.18535,14.2407,-3.2051,-2.3668,4.64784,5.90998,9.23572,3.94253,3.99044,4.90764]],"q16":[[-2.28939,4.97832,-38.6247,2.60838,13.818,-36.1816,-57.1039,3.82711,5.45943,-4.99006,0.815927,2.29856,5.21337],[-2.77847,4.85429,-41.1576,2.62103,13.009,-23.5955,-62.4123,3.78145,5.37048,-14.7473,1.61722,1.7063,4.73558],[-3.36633,3.66771,-40.8167,2.39815,12.412,-28.2798,-61.5627,3.72636,5.28246,-12.9795,1.24798,1.19848,4.40393],[-3.57948,2.34049,-40.5065,2.31922,12.0805,-31.4988,-57.4907,3.72926,5.21681,-15.994,0.753084,0.944053,4.04607],[-2.97126,2.91665,-47.6986,2.29965,11.5839,-30.7944,-64.52,3.67541,5.17702,-15.7803,0.558966,0.865354,3.82484],[-3.58968,1.87051,-44.1199,2.1803,11.4687,-31.7233,-68.6641,3.59788,5.0301,-17.7388,0.891568,0.895563,3.63626],[-3.01264,2.65066,-40.7338,2.18261,10.763,-31.1156,-61.0642,3.54748,4.91403,-16.4723,0.710957,0.687468,3.46314],[-2.93599,1.69368,-44.5594,2.02933,10.2676,-31.0703,-63.9785,3.5036,4.79412,-14.3257,1.14393,0.381896,3.27224],[-2.69435,1.53903,-39.2714,2.05716,9.77995,-31.5888,-58.9859,3.41414,4.70247,-15.8547,0.8532,0.471938,3.15083],[-2.81077,1.8402,-42.5044,1.88893,9.45477,-31.7895,-64.6431,3.42577,4.60125,-17.0519,0.417851,0.696973,3.16447],[-2.43211,2.45009,-45.2372,1.79392,9.44446,-30.0226,-63.2169,3.39473,4.52604,-16.9919,0.785997,0.788284,3.06267],[-2.44994,2.03725,-41.4127,1.57758,9.28055,-31.1302,-59.7506,3.18196,4.47672,-15.5682,0.455239,0.907649,2.98869],[-2.60665,1.55533,-46.8537,1.65808,8.83919,-32.6787,-62.0067,3.17106,4.2435,-12.1517,0.296884,1.04312,3.0985],[-1.90677,1.61596,-44.7949,1.59234,8.60606,-32.7463,-68.5288,3.12993,4.28581,-13.3437,0.680293,0.692916,2.90923],[-2.69987,1.84008,-41.238,1.45302,8.85466,-36.8781,-61.7755,3.16886,4.21456,-16.3392,0.585539,0.871647,2.83379],[-3.04043,1.92964,-44.405,1.42884,8.53419,-34.5587,-62.172,3.17446,4.09124,-16.1526,0.627978,0.883978,2.73098],[-2.76592,2.47625,-44.522,1.41189,8.60258,-34.5053,-63.1154,3.04974,3.99517,-17.3147,1.07055,1.22324,2.65574],[-2.9659,2.26028,-45.5278,1.12367,8.50695,-33.2935,-65.1636,3.09254,3.99409,-15.261,0.687939,1.38488,2.6611],[-3.05281,2.37892,-43.1782,1.06646,8.55363,-31.7355,-63.1652,3.12403,4.02337,-14.4492,0.447889,1.34099,2.62025],[-3.13187,2.02536,-45.9677,0.894104,8.42237,-33.2754,-58.395,2.95831,3.8943,-17.6117,0.31741,0.991957,2.5837]],"q84":[[6.24382,12.237,36.3024,3.38658,18.3752,14.6826,47.8085,4.42984,6.0738,37.2637,5.01614,5.57384,5.77981],[6.58331,14.2609,47.1318,3.61396,18.4597,25.6562,55.593,4.67578,6.33198,33.431,6.50616,6.10813,5.80956],[8.13967,13.0683,56.5438,3.76781,18.8109,22.5884,51.2109,4.86789,6.42111,33.2197,7.10064,6.03147,5.96227],[6.96362,12.9816,52.3416,3.89296,18.9644,28.044,50.5858,4.95123,6.56159,33.2338,6.85567,6.03852,6.09542],[7.7694,13.1284,47.9422,4.05159,18.9564,24.536,50.6488,5.05779,6.75498,33.7073,7.22138,6.36366,6.22245],[7.68173,13.1577,57.1621,4.20507,18.9281,25.3249,56.7334,5.20853,6.86176,35.1937,7.54254,6.2787,6.40222],[7.72203,13.5643,49.4979,4.34038,18.7529,28.9584,51.5726,5.38565,6.87485,34.2479,7.53527,6.4896,6.47845],[8.16531,13.2952,49.9775,4.43986,18.8552,24.8032,55.7764,5.41146,6.97768,34.4452,7.72362,6.60654,6.50543],[7.98917,13.0071,59.4248,4.45645,18.9508,22.3148,54.7781,5.5704,7.20734,36.1117,7.30493,6.73134,6.57671],[8.59559,13.8562,59.1552,4.56315,19.3282,27.4719,54.4134,5.63032,7.15724,36.0105,7.28879,6.98127,6.58942],[7.996,13.1574,53.6381,4.59995,19.6108,29.7928,59.5571,5.73392,7.29572,36.15,7.92145,6.61902,6.65801],[8.82615,13.7893,59.1573,4.70299,19.2494,24.3737,62.8216,5.80264,7.43027,36.9427,7.90207,6.8225,6.81214],[9.03079,13.4545,62.5826,4.86116,19.983,25.2499,57.1431,5.92373,7.58691,38.0677,7.90979,7.09637,6.88274],[8.6369,13.73,56.2708,4.99285,19.9725,26.1694,53.492,6.11319,7.53397,34.6746,8.00498,7.31191,6.93004],[8.21204,13.7311,53.3353,5.02463,20.0365,24.1976,60.3872,6.27342,7.60464,32.8811,7.66307,7.13975,7.082],[8.3643,14.6648,51.0202,4.95099,20.2394,26.8958,52.5691,6.3366,7.74098,34.6566,7.68172,7.31329,7.28394],[8.7737,13.6935,56.5331,5.00333,20.5123,30.0306,55.5828,6.49944,7.90206,35.8492,7.94739,7.29908,7.30403],[8.55089,13.392,53.1832,5.07693,20.5677,26.2688,55.833,6.59232,8.01973,35.7219,8.13721,7.50551,7.41025],[8.52101,13.9412,60.0388,5.18232,21.0198,25.6198,59.9048,6.68168,8.01023,34.219,7.96407,7.60654,7.38778],[8.80106,14.315,59.0465,5.1617,21.6907,29.2494,57.8331,6.66792,8.05738,36.7989,8.25643,7.35643,7.38156]],