{"mean":[[2.86398,7.56143,-12.1299,3.08179,16.2346,-17.7162,16.4636,-1.86616,-31.9888,4.00038,5.73614,11.9023,1.51105,3.3596,5.44105],[1.77176,8.70587,-2.86664,3.15495,15.9639,-7.89444,16.5476,-2.79887,-11.8669,4.01584,5.73171,12.0211,1.57396,3.68362,5.27192],[1.71273,7.57138,0.300168,3.13603,15.5538,-5.05027,16.3021,-0.459735,-6.82663,4.0297,5.68098,12.286,1.81183,3.5399,5.19972],[2.10686,6.77288,5.04516,3.17846,15.1984,-4.24611,15.9518,0.868181,-10.8708,4.04778,5.6639,12.0916,2.44372,3.67789,5.16701],[2.73813,6.9931,1.6168,3.24354,15.0053,-6.2092,15.7233,1.47081,-9.23268,4.07379,5.64611,13.4265,2.80996,3.86867,5.14933],[3.01245,7.10908,4.60716,3.2361,14.8162,-5.68993,15.5621,1.82748,-4.31817,4.10175,5.61977,14.4438,3.09901,4.00481,5.16309],[3.16265,6.94038,7.31079,3.18984,14.6866,-4.99201,15.4369,2.48334,-2.45238,4.12165,5.59147,14.0085,3.19703,4.1327,5.20675],[3.23553,6.97008,7.68652,3.15587,14.6462,-4.71499,15.3775,3.03305,-3.06888,4.13412,5.57695,12.9569,3.15159,4.32332,5.26131],[3.23513,7.16236,6.84055,3.12587,14.6495,-4.44462,15.3768,3.33372,-2.86184,4.1444,5.57363,12.1888,3.03431,4.50259,5.31704],[3.16002,7.24527,6.84558,3.08283,14.6581,-4.02794,15.3989,3.54495,-2.19771,4.15428,5.57606,11.6082,2.90307,4.6251,5.37418],[3.06609,7.23616,6.89225,3.0364,14.6808,-3.86403,15.4327,3.71598,-2.33079,4.16324,5.5837,11.0087,2.76424,4.71451,5.43174],[2.98316,7.26256,6.44492,2.99715,14.7253,-3.93684,15.4847,3.79226,-2.8292,4.17172,5.59658,10.5327,2.63109,4.79292,5.48633],[2.90996,7.3146,5.9981,2.9616,14.7819,-4.00921,15.5533,3.78534,-2.96307,4.18058,5.612,10.2854,2.52177,4.85308,5.53674],[2.84282,7.33809,5.90565,2.92547,14.8442,-4.02309,15.6314,3.75601,-2.89311,4.18976,5.62769,10.164,2.43996,4.89278,5.58345],[2.78554,7.34453,5.92554,2.89064,14.9147,-4.04534,15.7169,3.7213,-2.93867,4.19889,5.64333,10.0734,2.37729,4.9231,5.62627],[2.73797,7.36157,5.89067,2.85881,14.9937,-4.06822,15.8102,3.66761,-3.0204,4.20804,5.659,10.0185,2.32796,4.95112,5.66451],[2.69599,7.3829,5.88901,2.82868,15.0769,-4.04988,15.9088,3.59578,-3.00821,4.21746,5.67434,10.0088,2.28998,4.97607,5.69813],[2.65821,7.3948,5.96804,2.79907,15.161,-3.99784,16.009,3.51715,-2.95833,4.22728,5.6891,10.0202,2.26058,4.99797,5.72766],[2.62624,7.39965,6.0627,2.77018,15.2449,-3.94133,16.1086,3.43479,-2.93546,4.23758,5.70339,10.0388,2.23664,5.01937,5.75368],[2.60106,7.40317,6.14169,2.74208,15.3278,-3.88665,16.2064,3.34759,-2.9095,4.24852,5.7173,10.072,2.21686,5.04167,5.77679]],"q16":[[-0.601779,4.42395,-51.9054,2.71688,14.3805,-41.7484,15.1202,-20.367,-88.6803,3.68082,5.44509,-10.3932,-2.26225,1.68913,5.1439],[-3.19677,3.88146,-47.5877,2.57062,13.7644,-33.1075,14.4217,-20.2207,-73.6509,3.55416,5.29178,-12.8173,-3.98775,1.60869,4.75442],[-3.83842,2.82344,-52.5908,2.49058,12.7751,-29.843,13.9453,-21.2539,-72.3647,3.3789,5.0452,-12.602,-3.8931,1.0237,4.48747],[-2.91885,1.46803,-33.4741,2.3575,11.9546,-29.3622,13.2126,-19.5116,-69.8265,3.26096,4.90359,-12.7502,-3.11723,0.949369,4.18655],[-2.21794,1.54478,-44.1816,2.38461,11.7331,-35.005,12.9531,-20.3361,-66.9435,3.21605,4.77311,-8.34114,-2.34625,1.04456,4.01703],[-2.42478,1.84175,-38.4629,2.26959,11.2838,-30.7684,12.47,-18.4967,-66.6673,3.12029,4.63816,-10.4689,-2.61772,1.13191,3.83417],[-2.52642,1.33168,-41.3574,2.15553,11.2412,-33.1328,12.1146,-16.2721,-69.5082,3.07277,4.54802,-11.7487,-2.75,1.23085,3.81521],[-2.59747,1.30589,-41.0003,2.04549,10.8394,-30.7647,11.9295,-17.7694,-70.5554,2.93353,4.3903,-12.6735,-2.50887,1.31872,3.65817],[-2.10807,1.6068,-43.3138,1.89469,10.6449,-32.508,11.5086,-16.1471,-62.2213,2.86687,4.27039,-13.7882,-2.56638,1.67284,3.40137],[-1.96216,2.12938,-46.8213,1.72867,10.1786,-29.2428,11.1045,-13.2325,-64.9941,2.84049,4.14371,-13.939,-3.02003,1.624,3.35331],[-2.64228,1.42521,-42.3696,1.63548,9.71511,-29.2726,10.6083,-17.7564,-71.4549,2.85854,4.07238,-15.3507,-3.27598,1.42698,3.29599],[-2.71232,1.20218,-51.5584,1.4472,9.10487,-36.8628,10.5917,-15.2926,-73.8319,2.74665,3.98109,-19.1866,-4.44162,1.66154,3.38269],[-2.62814,1.48007,-46.92,1.40353,9.26383,-35.9996,10.3995,-18.3939,-72.0522,2.64417,3.97678,-19.3099,-4.18325,1.81805,3.40211],[-2.91382,1.51859,-48.4049,1.27887,9.47195,-31.856,10.3032,-18.627,-71.5935,2.52447,3.89124,-14.801,-4.01228,1.42644,3.42429],[-2.23234,1.40531,-46.7279,1.19895,8.94835,-30.7608,9.90251,-18.3533,-67.8387,2.44846,3.84389,-14.2988,-3.40724,1.74677,3.34142],[-3.11187,0.618936,-38.6872,1.07858,9.24939,-30.0559,9.77058,-17.3847,-68.4952,2.24813,3.77176,-15.6279,-4.23706,1.62003,3.3751],[-3.12904,1.3084,-46.3723,0.961488,9.18545,-33.6689,9.57296,-16.2576,-74.7304,2.28958,3.68593,-17.7325,-3.33278,1.55858,3.3103],[-3.55653,1.22206,-46.6535,1.00312,9.09927,-32.3686,9.57316,-16.2824,-71.6119,2.26299,3.65811,-15.1666,-4.26037,1.59786,3.28883],[-3.21868,1.86894,-46.7445,0.670936,9.65327,-32.2,9.8869,-19.5174,-77.7673,2.3066,3.71104,-17.8154,-3.90016,1.56238,3.17017],[-3.6086,1.59976,-47.1442,0.664612,9.12581,-34.8911,9.92143,-18.3501,-79.1324,2.26164,3.52588,-20.069,-4.94967,1.69872,3.16264]],"q84":[[7.18283,11.038,23.2025,3.50927,18.3049,4.08931,17.7626,15.714,30.8248,4.27387,6.02058,35.9555,5.6785,5.20391,5.74871],[6.55601,13.8291,47.5084,3.74626,18.6745,15.2043,18.7862,15.7676,52.5445,4.54832,6.2346,33.9091,6.18534,5.91409,5.80174],[6.52416,12.7603,48.7662,3.89031,18.3245,20.5714,18.8018,20.3708,56.3341,4.66485,6.31907,33.3943,6.35236,6.12822,5.9437],[7.18649,11.3271,51.464,3.9695,18.232,26.3245,18.7452,23.0538,53.575,4.81341,6.37728,36.9265,7.54786,6.14156,6.03434],[8.18013,13.2227,48.9399,4.12753,18.2597,24.0202,18.5397,22.4572,62.8598,4.94718,6.53521,38.5147,8.3041,6.54345,6.22557],[7.62976,12.7788,56.3538,4.2426,18.676,22.3704,18.8027,24.9382,63.5858,5.1145,6.55902,39.8081,8.32997,6.98075,6.42592],[8.94595,12.8375,53.9982,4.31616,19.1942,22.7984,19.1196,22.4354,62.9363,5.21788,6.62469,42.3371,9.00153,7.07842,6.64562],[8.55687,12.6358,56.3269,4.44737,19.0634,25.1245,19.329,23.8523,61.8256,5.40334,6.78498,39.3449,9.10673,7.11146,6.87094],[8.91605,13.5229,55.3012,4.53177,18.9441,25.1314,19.6745,24.6371,71.397,5.62648,6.89679,39.5565,8.97341,7.18379,7.03034],[8.84552,13.1341,60.5194,4.40153,19.3108,24.233,19.8317,24.3764,67.6475,5.63435,6.971,40.2443,9.8005,7.80309,7.22766],[9.05056,12.5691,60.3406,4.34587,19.8711,27.0551,20.2468,27.9012,64.8851,5.79459,7.10888,39.1008,10.0036,7.78111,7.31262],[8.3151,13.3212,57.8805,4.38274,19.5468,28.0128,20.5972,27.6126,62.8834,5.92926,7.24031,36.8158,9.40984,7.3309,7.42509],[8.8611,13.2975,50.0459,4.43184,20.0083,20.7831,20.9327,29.1805,61.247,5.94848,7.31969,37.1731,8.60525,7.75907,7.49011],[9.1744,13.5668,60.8921,4.35871,20.4564,23.3693,21.4756,28.0316,66.649,5.99979,7.27572,39.6658,9.62413,8.01884,7.72337],[8.3947,13.684,63.7621,4.34714,20.4129,25.919,21.6311,25.2629,73.1541,6.11712,7.3054,39.7478,8.98403,8.17862,7.94644],[8.68753,13.17,56.703,4.33481,20.7267,29.369,22.2747,28.891,64.5456,6.21928,7.56986,35.5755,9.30506,8.26939,8.18338],[9.00372,14.6547,64.0018,4.48458,21.5971,26.9797,22.7885,28.6632,70.5511,6.3415,7.82197,41.9774,10.0047,8.29969,8.22234],[8.24097,14.3689,60.3237,4.33167,22.5322,28.1271,23.2142,29.7494,67.8904,6.51703,7.89831,38.2962,9.60141,8.43402,8.45113],[9.23575,14.8051,52.4647,4.52867,22.151,26.3617,23.7399,28.9768,63.7504,6.63593,8.06099,36.6616,9.62792,8.46882,8.47383],[9.57848,13.7085,58.9511,4.47374,23.1811,25.2847,24.2427,28.2938,63.7064,6.76691,8.18414,42.2274,9.94159,8.76199,8.34297]],