{"mean":[[1742.53,569.066,2551.11,3.04487,16.1832,394.157,408.024,4.11798,5.7585,535.468,2.93743,3.98397,5.49896],[1743.05,571.437,2552.74,3.10614,15.8203,394.404,408.386,4.22897,5.82673,538.422,4.02805,3.89341,5.32269],[1743.51,573.406,2554.96,3.03334,15.5514,394.192,407.709,4.27792,5.81642,540.805,3.98234,3.47294,5.20584],[1743.96,575.252,2556.5,3.0803,15.4083,393.439,405.245,4.3071,5.84396,542.698,3.75628,3.53663,5.11865],[1744.49,577.26,2556.27,3.20105,15.2971,392.484,402.692,4.34334,5.87823,544.683,3.77377,3.66959,5.03171],[1745.07,579.269,2556.74,3.22642,15.0921,391.701,401.633,4.38526,5.88555,547.145,4.03085,3.61356,4.96893],[1745.69,581.151,2558.2,3.2036,14.9033,390.932,400.898,4.41752,5.87528,549.699,4.13335,3.53106,4.93565],[1746.34,583.011,2559.61,3.21826,14.8029,390.043,399.695,4.44103,5.87413,552.126,4.06941,3.6064,4.91315],[1747.02,584.938,2560.62,3.24944,14.7175,389.163,398.594,4.46492,5.88004,554.544,4.06103,3.70067,4.89294],[1747.71,586.872,2561.82,3.25132,14.6066,388.399,397.92,4.48855,5.88205,557.003,4.12023,3.7146,4.88016],[1748.41,588.77,2563.27,3.2397,14.5128,387.635,397.265,4.50779,5.88145,559.41,4.11861,3.71803,4.87492],[1749.1,590.667,2564.65,3.24055,14.4538,386.815,396.453,4.52435,5.88442,561.749,4.06878,3.76629,4.87186],[1749.8,592.586,2565.9,3.24527,14.4034,385.997,395.688,4.54132,5.8894,564.077,4.04718,3.81585,4.86952],[1750.5,594.506,2567.21,3.23997,14.3508,385.211,395.057,4.55827,5.89261,566.416,4.04853,3.83814,4.86991],[1751.2,596.415,2568.61,3.23026,14.3095,384.421,394.435,4.5739,5.89473,568.742,4.03243,3.85806,4.87315],[1751.9,598.323,2569.98,3.22392,14.2837,383.613,393.773,4.58881,5.89778,571.051,4.00442,3.89109,4.87769],[1752.6,600.238,2571.32,3.21779,14.2645,382.807,393.138,4.60386,5.90129,573.36,3.98708,3.92276,4.88315],[1753.31,602.152,2572.69,3.20786,14.2488,382.011,392.55,4.61886,5.9042,575.676,3.97681,3.94501,4.89012],[1754.01,604.063,2574.09,3.19626,14.2407,381.215,391.967,4.63345,5.90689,577.988,3.96112,3.96614,4.89848],[1754.71,605.974,2575.48,3.18535,14.2407,380.413,391.375,4.64784,5.90998,580.297,3.94253,3.99044,4.90764]],"horizon":20,"q16":[[1741.42,568.147,2542.12,2.60838,13.818,387.418,394.557,3.82711,5.45943,529.943,0.815927,2.29856,5.21337],[1741.14,569.739,2537.88,2.62103,13.009,385.208,386.304,3.78145,5.37048,528.568,1.61722,1.7063,4.73558],[1740.7,571.178,2534.62,2.39815,12.412,382.971,381.071,3.72636,5.28246,528.552,1.24798,1.19848,4.40393],[1740.26,572.596,2532.28,2.31922,12.0805,379.694,372.196,3.72926,5.21681,529.953,0.753084,0.944053,4.04607],[1740.24,573.93,2527.04,2.29965,11.5839,377.909,364.821,3.67541,5.17702,530.198,0.558966,0.865354,3.82484],[1740.35,575.297,2525.86,2.1803,11.4687,375.352,362.565,3.59788,5.0301,529.616,0.891568,0.895563,3.63626],[1740.29,576.806,2526.68,2.18261,10.763,371.702,355.247,3.54748,4.91403,532.107,0.710957,0.687468,3.46314],[1740.63,578.493,2525.85,2.02933,10.2676,369.759,349.926,3.5036,4.79412,532.029,1.14393,0.381896,3.27224],[1741.39,579.613,2521.96,2.05716,9.77995,367.305,352.604,3.41414,4.70247,534.919,0.8532,0.471938,3.15083],[1741.69,580.867,2521.0,1.88893,9.45477,365.119,350.393,3.42577,4.60125,535.265,0.417851,0.696973,3.16447],[1742.17,582.612,2518.12,1.79392,9.44446,362.379,348.841,3.39473,4.52604,535.242,0.785997,0.788284,3.06267],[1742.54,583.865,2518.36,1.57758,9.28055,361.556,345.179,3.18196,4.47672,534.361,0.455239,0.907649,2.98869],[1743.02,585.6,2519.52,1.65808,8.83919,358.483,338.405,3.17106,4.2435,536.352,0.296884,1.04312,3.0985],[1743.83,586.888,2519.11,1.59234,8.60606,357.682,334.328,3.12993,4.28581,538.74,0.680293,0.692916,2.90923],[1743.89,588.592,2519.7,1.45302,8.85466,353.413,331.025,3.16886,4.21456,540.499,0.585539,0.871647,2.83379],[1744.26,589.908,2519.59,1.42884,8.53419,351.314,331.017,3.17446,4.09124,542.557,0.627978,0.883978,2.73098],[1744.7,591.534,2516.23,1.41189,8.60258,349.85,328.951,3.04974,3.99517,541.589,1.07055,1.22324,2.65574],[1744.81,592.698,2514.97,1.12367,8.50695,346.396,322.179,3.09254,3.99409,541.618,0.687939,1.38488,2.6611],[1745.22,594.906,2515.42,1.06646,8.55363,345.769,324.185,3.12403,4.02337,541.509,0.447889,1.34099,2.62025],[1745.55,595.987,2514.28,0.894104,8.42237,342.33,318.473,2.95831,3.8943,540.936,0.31741,0.991957,2.5837]],"q84":[[1743.56,569.962,2560.85,3.38658,18.3752,400.134,420.785,4.42984,6.0738,540.507,5.01614,5.57384,5.77981],[1744.74,573.062,2567.11,3.61396,18.4597,403.301,428.325,4.67578,6.33198,546.965,6.50616,6.10813,5.80956],[1746.35,575.845,2574.98,3.76781,18.8109,404.895,434.168,4.86789,6.42111,552.488,7.10064,6.03147,5.96227],[1747.45,578.277,2581.16,3.89296,18.9644,406.237,437.97,4.95123,6.56159,555.924,6.85567,6.03852,6.09542],[1748.69,580.669,2583.89,4.05159,18.9564,407.125,438.756,5.05779,6.75498,560.368,7.22138,6.36366,6.22245],[1749.85,582.988,2589.07,4.20507,18.9281,407.465,438.752,5.20853,6.86176,563.487,7.54254,6.2787,6.40222],[1750.87,585.625,2593.03,4.34038,18.7529,409.294,442.773,5.38565,6.87485,567.765,7.53527,6.4896,6.47845],[1751.77,587.997,2593.97,4.43986,18.8552,409.053,444.971,5.41146,6.97768,570.597,7.72362,6.60654,6.50543],[1752.52,590.199,2599.34,4.45645,18.9508,410.007,451.483,5.5704,7.20734,573.149,7.30493,6.73134,6.57671],[1753.67,592.722,2603.6,4.56315,19.3282,411.285,451.977,5.63032,7.15724,577.752,7.28879,6.98127,6.58942],[1754.48,595.579,2605.2,4.59995,19.6108,412.012,452.712,5.73392,7.29572,581.555,7.92145,6.61902,6.65801],[1755.32,597.78,2611.86,4.70299,19.2494,413.322,455.547,5.80264,7.43027,586.341,7.90207,6.8225,6.81214],[1756.13,600.017,2615.86,4.86116,19.983,413.023,458.08,5.92373,7.58691,591.96,7.90979,7.09637,6.88274],[1757.7,602.339,2616.73,4.99285,19.9725,413.28,459.811,6.11319,7.53397,595.614,8.00498,7.31191,6.93004],[1758.69,604.682,2622.78,5.02463,20.0365,413.813,459.131,6.27342,7.60464,599.022,7.66307,7.13975,7.082],[1759.51,607.044,2625.67,4.95099,20.2394,413.408,464.354,6.3366,7.74098,603.498,7.68172,7.31329,7.28394],[1761.55,609.484,2630.71,5.00333,20.5123,414.982,461.387,6.49944,7.90206,606.858,7.94739,7.29908,7.30403],[1762.36,611.37,2633.35,5.07693,20.5677,415.37,464.102,6.59232,8.01973,610.024,8.13721,7.50551,7.41025],[1763.09,614.313,2635.23,5.18232,21.0198,418.402,466.866,6.68168,8.01023,613.366,7.96407,7.60654,7.38778],[1763.9,616.754,2643.16,5.1617,21.6907,421.138,467.753,6.66792,8.05738,617.593,8.25643,7.35643,7.38156]],