{"mean":[[5.16,7.484,-18.88,3.04889,15.9533,-13.992,17.5289,-35.652,32.832,4.11062,5.85953,-59.02,1208.34,19.4139,2.63394,4.66178,5.60013],[2.44,7.596,6.76,3.10062,15.9458,3.54,17.6935,-12.804,8.556,4.12998,5.88452,-11.868,1206.3,19.5144,2.54464,4.84262,5.41925],[2.04,6.508,6.24,3.13263,15.8724,4.868,17.6605,-8.328,0.176,4.12862,5.89342,-8.8,1204.45,19.4759,2.35488,4.6642,5.25756],[1.96,6.336,3.52,3.19834,15.8227,3.716,17.6,-6.156,-5.576,4.11746,5.89792,-7.432,1202.45,19.4283,2.26489,4.55944,5.10516],[2.08,6.444,2.4,3.26788,15.791,2.304,17.5608,-4.964,-4.424,4.10961,5.89413,-5.7,1200.48,19.3957,2.29642,4.50061,4.9695],[2.12,6.456,3.08,3.32716,15.7635,2.04,17.5294,-3.984,-2.848,4.10516,5.88694,-4.58,1198.52,19.3659,2.38526,4.46152,4.85305],[2.16,6.428,3.6,3.37858,15.7396,2.088,17.5008,-3.148,-1.764,4.10241,5.88001,-3.876,1196.59,19.3368,2.47417,4.44054,4.75511],[2.2,6.412,3.84,3.42466,15.7213,2.16,17.4775,-2.452,-1.088,4.10055,5.8747,-3.456,1194.7,19.3119,2.54725,4.43191,4.67313],[2.2,6.412,3.88,3.46624,15.7069,2.2,17.4591,-1.864,-0.636,4.09925,5.87096,-3.204,1192.88,19.2917,2.60492,4.42789,4.60461],[2.24,6.408,3.84,3.50406,15.6948,2.204,17.4441,-1.368,-0.344,4.0983,5.86836,-3.024,1191.12,19.2749,2.65134,4.42415,4.54732],[2.2,6.408,3.84,3.53886,15.6844,2.172,17.4313,-0.956,-0.16,4.0976,5.86649,-2.868,1189.43,19.2608,2.6904,4.41935,4.49934],[2.2,6.404,3.84,3.57118,15.6753,2.112,17.4203,-0.62,-0.028,4.09708,5.8651,-2.712,1187.82,19.2489,2.72471,4.41342,4.45902],[2.2,6.404,3.8,3.60134,15.6676,2.036,17.4109,-0.348,0.068,4.09673,5.86404,-2.564,1186.27,19.2388,2.75564,4.40665,4.42501],[2.2,6.4,3.84,3.62956,15.661,1.956,17.4029,-0.136,0.148,4.09652,5.86322,-2.424,1184.79,19.2304,2.78383,4.39937,4.39621],[2.2,6.4,3.8,3.65604,15.6555,1.88,17.3962,0.036,0.204,4.09643,5.8626,-2.292,1183.38,19.2233,2.8096,4.3918,4.37167],[2.24,6.396,3.76,3.68093,15.6509,1.796,17.3906,0.168,0.252,4.09642,5.86215,-2.168,1182.04,19.2174,2.83319,4.3841,4.35066],[2.2,6.4,3.8,3.70438,15.647,1.72,17.3858,0.268,0.284,4.09649,5.86184,-2.056,1180.76,19.2125,2.85484,4.37637,4.33253],[2.2,6.396,3.8,3.72649,15.6436,1.64,17.3817,0.344,0.304,4.0966,5.86165,-1.948,1179.54,19.2083,2.87477,4.36868,4.31679],[2.2,6.396,3.8,3.74737,15.6407,1.572,17.3783,0.4,0.32,4.09676,5.86154,-1.852,1178.38,19.2048,2.8932,4.36109,4.30303],[2.24,6.396,3.76,3.76712,15.6383,1.496,17.3752,0.436,0.328,4.09694,5.86149,-1.756,1177.27,19.2018,2.91029,4.35363,4.2909]],"q16":[[1.32,3.42,-58.28,2.4625,14.6558,-49.704,16.3017,-72.224,-57.748,3.87421,5.5989,-107.372,1199.46,18.3492,-0.962197,2.38086,5.02817],[2.12,5.768,8.52,2.47642,14.4828,-0.4,16.4761,-17.996,4.664,3.88731,5.57631,-15.608,1191.97,18.5594,-1.55136,2.79429,4.75845],[1.36,7.48,4.2,2.46427,14.2208,3.7,16.3651,-16.14,-10.996,3.82445,5.59219,-10.868,1189.78,18.3533,-1.83795,2.40523,4.35392],[2.24,6.5,6.84,2.36288,14.3654,10.332,16.582,1.2,13.968,3.87065,5.59709,-11.864,1185.34,18.4268,-1.81025,2.61223,4.20061],[1.8,5.936,-6.56,2.45112,14.4246,-3.14,16.2689,-10.744,-11.66,3.8643,5.62294,-9.456,1183.92,18.4619,-1.6514,2.12903,3.89158],[2.24,6.72,3.88,2.52343,14.0314,0.124,16.4519,-7.12,-19.54,3.83198,5.61251,-3.952,1182.07,18.2829,-1.12858,2.34195,3.71553],[2.0,6.04,11.44,2.50984,14.1769,-2.16,16.3046,0.164,10.02,3.84277,5.6304,-0.18,1177.01,18.268,-1.40696,1.77966,3.57989],[2.64,6.488,4.68,2.6715,14.5181,3.096,16.2426,-6.004,-1.348,3.82348,5.58385,-12.132,1174.84,18.3154,-1.36635,2.06103,3.77072],[2.4,6.504,-5.48,2.72367,14.18,0.708,16.3337,-7.428,-3.212,3.84038,5.61823,-10.836,1170.28,18.4141,-1.88794,2.21026,3.52092],[1.24,6.32,9.76,2.73049,14.1456,-9.564,16.1519,0.044,4.952,3.83457,5.61075,3.376,1170.32,18.1877,-1.01904,2.15753,3.53474],[3.08,6.272,6.0,2.73752,14.2181,14.632,16.1937,0.616,-15.3,3.79886,5.6062,8.652,1168.32,18.2912,-0.892887,2.29805,3.28288],[1.4,6.888,1.84,2.65039,14.3665,-6.568,16.2969,-2.996,10.656,3.82811,5.58461,-18.54,1164.39,18.3405,-0.78348,2.05481,3.08623],[2.68,6.16,3.36,2.66671,14.134,9.156,16.1505,1.212,0.232,3.8289,5.59448,2.968,1160.17,18.1193,-1.25532,2.09609,3.26778],[3.0,6.876,3.48,2.83482,14.3304,4.004,16.2471,3.236,8.524,3.79315,5.62365,-2.4,1157.57,18.4159,-1.26541,1.82692,3.26568],[1.64,6.636,6.24,2.78176,14.0631,-8.528,16.1555,-7.832,-24.184,3.82984,5.59554,-3.152,1154.66,18.1783,-0.792578,1.58905,3.27339],[2.36,5.704,-0.76,2.85764,14.2421,5.388,16.2319,-5.052,32.796,3.80768,5.59616,-10.628,1153.11,18.375,-1.6611,2.3355,3.37853],[1.8,6.204,3.44,2.80371,14.2461,-2.18,16.3998,-0.38,-11.58,3.83838,5.62013,-4.768,1151.93,18.2322,-1.07954,2.10335,3.26748],[2.96,6.776,7.92,2.67198,14.357,2.48,16.1996,2.316,-14.832,3.79083,5.55214,2.076,1150.8,18.0957,-0.868213,2.20298,3.13894],[1.4,6.768,-6.8,2.9062,14.267,-13.592,16.3141,-1.996,-1.712,3.80501,5.61169,1.284,1149.01,18.3062,-0.44884,2.32239,3.09769],[2.92,6.068,10.2,2.98191,14.0211,11.896,16.06,9.324,8.664,3.8216,5.59031,-8.572,1145.66,18.1686,-0.504073,1.79802,3.05375]],"q84":[[8.84,12.62,13.88,3.65597,17.3772,14.16,18.7322,2.188,119.824,4.33314,6.11938,-14.584,1218.36,20.4923,5.74289,6.96246,6.19611],[3.44,7.12,15.08,3.75385,17.6611,12.12,18.8458,-5.26,21.064,4.40163,6.16136,-8.264,1220.05,20.5091,6.31297,6.83061,6.18435],[2.92,6.628,12.56,3.89106,17.3177,4.068,18.8546,-3.548,2.144,4.46274,6.21671,3.512,1218.37,20.5367,6.60522,6.97858,6.11122],[1.04,6.024,-5.96,4.00794,17.2519,5.276,18.5158,-9.384,-13.688,4.3934,6.19645,-4.568,1220.84,20.4297,6.10885,6.44784,6.08045],[1.84,6.94,3.16,4.03999,17.1902,6.648,18.6878,3.088,-7.656,4.37079,6.15794,-9.504,1217.75,20.3881,6.76316,6.92551,6.07624],[2.16,6.652,2.92,4.18197,17.3581,4.268,18.6991,-5.64,12.496,4.41322,6.15108,8.56,1214.98,20.4308,6.41225,6.83021,5.99873],[2.2,6.396,0.96,4.15897,17.0652,6.28,18.6547,-4.64,9.516,4.37844,6.17735,-20.476,1214.19,20.4058,6.52854,6.8645,5.92788],[2.2,6.376,8.88,4.22995,17.0554,2.264,18.6516,-0.74,-18.684,4.36387,6.21226,0.976,1212.46,20.2206,6.41217,6.91325,5.70624],[2.04,5.82,2.68,4.27597,17.2244,1.7,18.6713,-2.62,-8.764,4.33085,6.14417,-0.872,1213.77,20.2972,6.57446,6.66529,5.6821],[2.2,7.412,5.96,4.41719,17.2947,5.916,18.6649,5.688,23.64,4.334,6.10323,12.424,1213.08,20.3683,6.88082,6.70981,5.75771],[2.28,6.308,7.24,4.37865,17.2227,-2.48,18.6655,-6.256,-13.58,4.41678,6.1131,-22.86,1207.31,20.21,6.47419,6.80199,5.63238],[2.4,5.468,-4.36,4.4359,17.0831,7.872,18.436,3.392,-14.696,4.34623,6.18721,2.164,1211.97,20.1545,6.52213,7.00578,5.68224],[1.4,7.26,7.28,4.44863,17.2738,-3.4,18.6909,-1.672,24.06,4.33801,6.0942,-3.344,1210.57,20.2223,6.85153,6.60386,5.60253],[2.24,5.876,-1.56,4.45107,17.0251,-4.648,18.5151,-0.244,4.012,4.38054,6.14478,7.236,1210.46,20.0897,6.80529,6.96588,5.52443],[2.92,6.192,5.24,4.5429,17.2739,22.424,18.7685,2.828,-7.404,4.37043,6.13079,5.488,1210.06,20.4125,6.91985,7.15296,5.51198],[2.24,6.752,13.76,4.47293,16.8312,-9.588,18.4909,4.912,-8.472,4.35381,6.12853,-11.508,1211.25,20.1144,7.43052,6.39051,5.30451],[2.0,7.004,-1.36,4.59642,17.0328,4.212,18.5909,6.996,-7.26,4.39536,6.1217,1.24,1209.71,20.0992,6.33488,6.62575,5.49976],[2.12,5.872,5.52,4.66684,16.907,11.62,18.3885,-4.704,13.288,4.41603,6.13543,4.6,1208.25,20.19,6.79217,6.68221,5.67691],[2.2,6.888,5.44,4.79358,16.8312,0.312,18.5542,0.468,-4.632,4.38129,6.14754,1.372,1205.75,20.2848,6.3148,6.4761,5.66314],[2.44,5.9,-2.84,4.67854,17.2441,-0.268,18.6615,-10.128,17.416,4.37069,6.11855,-6.572,1210.01,20.2786,6.85226,7.04391,5.45468]],