{"mean":[[2.04079,8.59427,-2.01616,3.05103,16.1818,-8.94291,-3.44312,4.12096,5.76661,16.6172,2.88425,3.95721,5.48867],[1.86056,9.4636,5.73859,3.11899,15.8122,0.931093,0.60047,4.22778,5.83933,11.071,3.95064,3.85846,5.30257],[1.68002,7.85407,8.31154,3.05516,15.5033,-0.715846,-3.56215,4.27594,5.83155,8.9594,3.88285,3.42347,5.1696],[1.63756,7.30904,5.68335,3.10511,15.3211,-3.05666,-10.2656,4.30503,5.85924,7.20946,3.67738,3.47132,5.06609],[1.95515,7.93637,-1.01009,3.22688,15.1751,-3.96848,-10.4333,4.34056,5.89285,7.59177,3.70172,3.59568,4.96592],[2.20334,7.9419,1.76475,3.25604,14.9316,-3.30893,-4.44515,4.38192,5.89977,9.59859,3.94694,3.54445,4.89147],[2.37241,7.43206,5.74783,3.23676,14.6991,-3.16487,-2.96813,4.41445,5.88954,10.0291,4.05169,3.46551,4.84742],[2.51059,7.33004,5.70162,3.25177,14.5549,-3.62997,-4.71927,4.43812,5.88851,9.48208,3.99151,3.5335,4.81558],[2.61093,7.57995,4.08945,3.28295,14.4291,-3.64923,-4.36062,4.46128,5.89481,9.37921,3.97504,3.62211,4.78731],[2.65587,7.61286,4.6928,3.28689,14.2782,-3.22035,-2.73414,4.48378,5.89749,9.52017,4.02263,3.63622,4.76685],[2.67246,7.47041,5.68973,3.27712,14.1431,-3.2181,-2.59136,4.50191,5.89721,9.33912,4.01711,3.63796,4.75405],[2.68143,7.45745,5.45498,3.27812,14.0438,-3.46105,-3.15344,4.51712,5.89985,9.06572,3.96576,3.68035,4.74397],[2.68914,7.53737,4.94999,3.28288,13.9561,-3.48777,-2.97735,4.53224,5.9042,9.00848,3.93816,3.72569,4.73515],[2.69183,7.54153,5.14857,3.2785,13.8683,-3.38536,-2.46771,4.54706,5.90667,9.04702,3.93234,3.74657,4.72922],[2.69154,7.49487,5.45955,3.26955,13.7923,-3.40842,-2.40298,4.56047,5.90778,9.00184,3.91224,3.76409,4.72621],[2.69194,7.48987,5.38715,3.26325,13.7331,-3.49393,-2.53366,4.57293,5.90944,8.93115,3.881,3.79307,4.7247],[2.69286,7.51102,5.25541,3.25719,13.6825,-3.50749,-2.43842,4.58525,5.91136,8.92367,3.85861,3.82148,4.72431],[2.69228,7.50829,5.33395,3.24769,13.637,-3.48472,-2.26078,4.59735,5.91256,8.9397,3.84312,3.84159,4.72547],[2.69053,7.49165,5.43398,3.23642,13.5999,-3.49963,-2.22851,4.60894,5.91332,8.92802,3.82365,3.8602,4.72806],[2.68874,7.48838,5.41429,3.22557,13.5719,-3.53057,-2.25436,4.6202,5.91427,8.91043,3.8016,3.88147,4.73158]],"q16":[[-1.57062,5.03519,-38.2574,2.60418,14.2595,-33.1716,-52.7018,3.8366,5.48372,-4.6481,1.0337,2.17339,5.19117],[-3.02648,4.55362,-33.3986,2.58736,13.4102,-22.5137,-50.7701,3.77134,5.41387,-13.0983,1.51072,1.74056,4.80802],[-3.62139,3.39126,-37.3935,2.48599,12.6585,-25.8863,-59.1726,3.63998,5.27795,-13.8704,1.10829,0.814066,4.37732],[-4.3002,1.29404,-48.1639,2.35443,11.8152,-34.1391,-67.8751,3.58768,5.23543,-18.2187,0.393165,0.619381,4.0505],[-3.74283,2.68229,-49.187,2.51199,11.7974,-33.0595,-72.0745,3.53896,5.15972,-16.0519,0.247281,0.598928,3.75322],[-2.74926,2.96691,-50.7315,2.34527,11.2346,-31.5388,-62.6123,3.53131,5.00875,-13.2543,0.816284,0.542542,3.54126],[-3.04071,1.8487,-38.6868,2.1898,10.3994,-34.3212,-57.9821,3.43703,4.82692,-11.0231,0.897934,0.529853,3.30697],[-3.29495,1.39552,-41.3776,2.03034,9.95775,-32.3202,-62.9864,3.45078,4.74581,-15.5677,0.722883,0.657406,3.26193],[-3.06534,1.7117,-45.3006,1.99991,9.795,-36.4408,-71.6959,3.37581,4.73552,-18.2213,0.389425,0.66658,3.21686],[-2.64532,2.25227,-42.8341,1.985,9.77113,-34.2751,-65.6884,3.35825,4.61708,-17.5726,0.537229,0.629989,3.07762],[-3.1198,2.05843,-49.0949,1.87576,9.87446,-31.8145,-61.5443,3.42241,4.52012,-16.2714,0.646162,0.538205,2.98558],[-2.92346,2.28626,-48.1606,1.78012,9.54127,-34.4557,-66.6104,3.30231,4.36866,-17.5636,0.289776,0.194749,2.94387],[-2.32789,1.37412,-42.0265,1.68571,9.25845,-33.9763,-66.4336,3.26336,4.36036,-16.6299,0.315773,0.584255,2.87803],[-2.90035,1.83372,-44.6193,1.55592,9.22096,-32.6496,-69.2314,3.19426,4.32184,-18.132,0.0479979,0.279255,2.6781],[-2.77514,1.36308,-44.5971,1.48303,9.15488,-34.5802,-59.5133,3.21211,4.28568,-16.0523,0.00473605,0.282663,2.62154],[-3.29401,2.34682,-46.8121,1.45213,8.59661,-33.1926,-67.4405,3.20182,4.18325,-17.377,-0.202979,0.326363,2.72864],[-2.35291,1.80561,-42.1508,1.26067,8.78842,-30.9825,-66.4482,3.18274,4.10073,-14.5459,-0.0676528,0.518762,2.70083],[-2.73308,1.21593,-43.2481,1.29191,8.34381,-35.6595,-60.267,3.10014,3.97529,-15.894,-0.186531,0.49799,2.75682],[-2.61536,1.24715,-41.2563,1.16804,8.311,-37.3237,-56.3877,3.03412,4.04564,-14.9111,0.142968,0.697814,2.72476],[-3.16961,2.1678,-41.5915,1.10367,8.34183,-32.1872,-65.7532,2.95974,3.8618,-17.8245,-0.318946,0.866563,2.74252]],"q84":[[6.04899,12.7077,34.8743,3.47392,18.5537,13.9136,39.067,4.39134,6.05943,36.5126,5.10979,5.53126,5.79585],[6.55296,15.1403,44.865,3.69046,18.739,26.1392,54.0594,4.68679,6.32248,33.1941,6.5029,6.16035,5.79608],[6.42976,12.8572,48.3204,3.78689,18.7511,28.2399,50.8508,4.87162,6.46176,31.3243,6.48493,5.28996,5.84181],[6.4415,12.7963,51.0082,3.93929,18.7599,23.1023,45.9437,4.96788,6.67039,28.654,6.77318,5.83987,5.94716],[7.21898,12.7161,45.5511,4.19765,18.9064,20.3765,46.9863,5.0301,6.81142,31.2311,6.63366,6.16486,5.9784],[7.01551,13.7788,48.0333,4.325,18.9886,22.5399,59.6043,5.14412,6.82721,35.9859,7.13473,6.30592,6.04919],[7.45333,12.8496,53.2457,4.54626,18.7208,28.6685,60.2074,5.31509,6.88211,36.426,7.53276,6.22209,6.11944],[8.02358,12.8323,59.939,4.43392,18.7399,26.8254,58.9602,5.35967,6.97879,35.2673,7.60203,6.25517,6.15701],[8.49467,13.0104,55.5902,4.54421,19.0692,23.775,54.1159,5.49526,7.08651,35.8703,7.04774,6.46204,6.23091],[8.70095,13.457,53.0019,4.70357,19.1464,27.3225,52.1079,5.65909,7.17668,33.2107,7.62539,6.68117,6.32568],[8.3952,13.6829,57.5589,4.78206,18.5731,22.1606,55.981,5.72339,7.28095,34.8111,7.64665,6.54279,6.46037],[7.9672,13.2769,54.0401,4.84242,19.024,25.9479,54.4607,5.75281,7.37546,33.3089,7.50902,6.7761,6.58582],[8.09144,12.8599,53.4406,4.97938,19.0063,28.1846,57.8726,5.74008,7.48243,35.1583,7.21054,6.83,6.6842],[8.11679,13.9058,48.4144,5.00574,19.6108,23.0941,54.9543,5.79642,7.58926,33.0351,7.11419,7.04586,6.79603],[8.3145,13.3385,53.7578,5.18194,19.3054,23.8661,53.9408,5.82119,7.56385,37.7783,7.36465,7.0136,6.664],[8.27812,13.2003,53.5211,5.21056,19.3673,29.0664,52.7766,5.96638,7.62593,36.5134,7.80768,6.89286,6.72772],[8.31829,13.161,59.9925,5.22883,19.5107,25.8701,67.0311,6.0271,7.7083,37.0929,7.7028,7.09449,6.77854],[7.94937,13.4419,54.2484,5.32789,19.5606,25.4957,58.3771,6.09253,7.83928,31.2545,7.74097,7.3949,6.88191],[8.13617,13.2714,59.5667,5.38431,19.9126,25.9794,60.1747,6.10649,7.92829,34.262,7.37053,7.55261,6.92428],[8.46684,13.1454,54.6119,5.51693,19.639,24.7823,60.098,6.27173,7.96621,35.1181,7.64235,7.37944,6.90616]],