{"interest_": {"pi": [0, -0.1308577672, -0.009048895699, -0.01267157397, -0.01045957885, -0.008851279205, -0.007479254383, -0.006320450007, -0.005341158972, -0.004513600703, -0.003814264107, -0.003223282618, -0.002723867709, -0.002301832069, -0.001945186565, -0.00164379966, -0.001389109596, -0.001173881171, -0.0009920002042, -0.0008382998464, -0.0007084137982], "mc": [0, -1.462792326, 0.04195155038, -0.02779909086, -0.0203617493, -0.01736180838, -0.01466410651, -0.0123924315, -0.01047233131, -0.008849750851, -0.007478571781, -0.006319843031, -0.005340647532, -0.004513168432, -0.003813898815, -0.003222973924, -0.002723606844, -0.002301611622, -0.001945000275, -0.001643642234, -0.001388976561], "xhat": [0, -44.27672268, -3.247690888, -4.435442795, -3.664534167, -3.100893064, -2.620236231, -2.214267378, -1.871188632, -1.58126698, -1.336265719, -1.129224915, -0.9542629822, -0.8064096238, -0.6814646418, -0.5758786159, -0.4866520725, -0.4112502758, -0.3475312219, -0.2936847883, -0.2481813127], "c": [0, -1.543968701, -1.310676135, -1.107306728, -0.9357553178, -0.7907688153, -0.6682472533, -0.5647091258, -0.4772131815, -0.4032738452, -0.3407906582, -0.2879886064, -0.2433676964, -0.2056603433, -0.1737953616, -0.1468675352, -0.1241119021, -0.1048820232, -0.08863161884, -0.07489904956, -0.06329420244], "a": [0, 4.153720351e-17, -6.637113418e-16, -1.427992505e-15, -1.975357095e-15, -2.361634679e-15, -2.618799696e-15, -2.773813401e-15, -2.848732223e-15, -2.861573834e-15, -2.827003394e-15, -2.756909156e-15, -2.660883185e-15, -2.546622552e-15, -2.420263825e-15, -2.286661642e-15, -2.149620448e-15, -2.012087016e-15, -1.876310149e-15, -1.74397297e-15, -1.616302291e-15], "n": [0, -1.639878618, -1.304641627, -1.106516834, -0.9348745347, -0.7900350552, -0.6676266595, -0.5641847126, -0.4767700195, -0.4028993467, -0.3404741844, -0.2877211671, -0.2431416941, -0.2054693577, -0.1736339673, -0.1467311474, -0.1239966461, -0.104784625, -0.08854931147, -0.07482949489, -0.06323542456], "uhat": [0, 1.475890756, 1.174177465, 0.9958651509, 0.8413870812, 0.7110315497, 0.6008639936, 0.5077662413, 0.4290930176, 0.362609412, 0.306426766, 0.2589490504, 0.2188275247, 0.184922422, 0.1562705706, 0.1320580326, 0.1115969815, 0.09430616252, 0.07969438033, 0.0673465454, 0.0569118821], "i": [0, 0.2242436703, 0.1906978328, 0.1610918316, 0.1361352233, 0.1150423076, 0.09721767752, 0.08215478529, 0.06942573562, 0.05866892291, 0.0495787691, 0.0418970423, 0.03540552107, 0.02991979512, 0.02528402671, 0.02136652353, 0.01805599769, 0.01525840421, 0.01289426943, 0.01089643332, 0.009208141634], "xhatf": [0, -4.479966057e-13, -4.879230043e-13, -5.084092346e-13, -5.141883324e-13, -5.110266021e-13, -5.009183334e-13, -4.856334764e-13, -4.66606356e-13, -4.449967596e-13, -4.217346785e-13, -3.975589258e-13, -3.730499639e-13, -3.486577085e-13, -3.247249817e-13, -3.015072215e-13, -2.791889842e-13, -2.57897711e-13, -2.377151717e-13, -2.186869415e-13, -2.008302178e-13], "cf": [0, -1.55696405e-14, -2.931512461e-14, -4.051772467e-14, -4.892415726e-14, -5.490929429e-14, -5.887288746e-14, -6.11707508e-14, -6.211639648e-14, -6.198186818e-14, -6.100024186e-14, -5.936894426e-14, -5.725344028e-14, -5.479098796e-14, -5.209427085e-14, -4.925479456e-14, -4.634598685e-14, -4.342597621e-14, -4.054004716e-14, -3.772278474e-14, -3.499992973e-14], "nf": [0, -1.659246688e-14, -2.988779525e-14, -4.027267362e-14, -4.800914387e-14, -5.349818824e-14, -5.710392083e-14, -5.915530954e-14, -5.994344511e-14, -5.972183539e-14, -5.870828444e-14, -5.708768758e-14, -5.501527238e-14, -5.261997469e-14, -5.000775012e-14, -4.72646996e-14, -4.445994119e-14, -4.164819693e-14, -3.887208726e-14, -3.616414113e-14, -3.354853891e-14], "uhatf": [0, 1.493322019e-14, 2.689901573e-14, 3.624540626e-14, 4.320822949e-14, 4.814836942e-14, 5.139352875e-14, 5.323977859e-14, 5.39491006e-14, 5.374965185e-14, 5.2837456e-14, 5.137891882e-14, 4.951374514e-14, 4.735797722e-14, 4.500697511e-14, 4.253822964e-14, 4.001394707e-14, 3.748337724e-14, 3.498487854e-14, 3.254772701e-14, 3.019368502e-14], "r": [0, -1.374594882e-14, -1.120284421e-14, -8.406469965e-15, -5.984795992e-15, -3.963843143e-15, -2.298508606e-15, -9.454242944e-16, 1.353084311e-16, 9.818534874e-16, 1.630640067e-15, 2.116362641e-15, 2.463307336e-15, 2.697495005e-15, 2.83974233e-15, 2.909131269e-15, 2.91953961e-15, 2.886579864e-15, 2.817190925e-15, 2.723515857e-15, 2.610758831e-15], "y": [0, -1.639878618, -1.304641627, -1.106516834, -0.9348745347, -0.7900350552, -0.6676266595, -0.5641847126, -0.4767700195, -0.4028993467, -0.3404741844, -0.2877211671, -0.2431416941, -0.2054693577, -0.1736339673, -0.1467311474, -0.1239966461, -0.104784625, -0.08854931147, -0.07482949489, -0.06323542456], "yf": [0, -1.674129141e-14, -3.026218827e-14, -4.150246126e-14, -4.98147153e-14, -5.571645718e-14, -5.960156224e-14, -6.182673718e-14, -6.270565519e-14, -6.251029281e-14, -6.147350007e-14, -5.979238235e-14, -5.763203127e-14, -5.512930956e-14, -5.239650361e-14, -4.952473311e-14, -4.658705927e-14, -4.364126809e-14, -4.073232787e-14, -3.789453437e-14, -3.515336551e-14], "interest": [0, 0.8969746811, 0.7627913313, 0.6443673264, 0.544540893, 0.4601692305, 0.3888707101, 0.3286191412, 0.2777029425, 0.2346756916, 0.1983150764, 0.1675881692, 0.1416220843, 0.1196791805, 0.1011361068, 0.08546609413, 0.07222399076, 0.06103361684, 0.05157707771, 0.04358573329, 0.03683256654], "inflation": [0, -0.1308577672, -0.1399066629, -0.1525782369, -0.1630378158, -0.04103132773, -0.03946168641, -0.03311056245, -0.02799214257, -0.02365446407, -0.01998947379, -0.0168923064, -0.01427501514, -0.0120632465, -0.01019416896, -0.008614686003, -0.00727992789, -0.006151976992, -0.005198790631, -0.004393290817, -0.003712595019], "inflationq": [0, -0.5234310689, -0.03619558279, -0.05068629588, -0.04183831542, -0.03540511682, -0.02991701753, -0.02528180003, -0.02136463589, -0.01805440281, -0.01525705643, -0.01289313047, -0.01089547084, -0.009207328275, -0.00778074626, -0.006575198642, -0.005556438384, -0.004695524683, -0.003968000817, -0.003353199386, -0.002833655193], "outputgap": [0, -1.639878618, -1.304641627, -1.106516834, -0.9348745347, -0.7900350552, -0.6676266595, -0.5641847126, -0.4767700195, -0.4028993467, -0.3404741844, -0.2877211671, -0.2431416941, -0.2054693577, -0.1736339673, -0.1467311474, -0.1239966461, -0.104784625, -0.08854931147, -0.07482949489, -0.06323542456], "output": [0, -1.639878618, -1.304641627, -1.106516834, -0.9348745347, -0.7900350552, -0.6676266595, -0.5641847126, -0.4767700195, -0.4028993467, -0.3404741844, -0.2877211671, -0.2431416941, -0.2054693577, -0.1736339673, -0.1467311474, -0.1239966461, -0.104784625, -0.08854931147, -0.07482949489, -0.06323542456], "fispol": [0, 0, -7.614327722e-33, -6.50772752e-33, -5.495800553e-33, -4.644461248e-33, -3.924840276e-33, -3.316726571e-33, -2.802833449e-33, -2.36856287e-33, -2.001578106e-33, -1.691453905e-33, -1.429380299e-33, -1.207912337e-33, -1.020758587e-33, -8.626024101e-34, -7.289509265e-34, -6.16007383e-34, -5.205632946e-34, -4.399072985e-34, -3.717481299e-34], "AUX_ENDO_LEAD_80": [0, -0.03619558279, -0.05068629588, -0.04183831542, -0.03540511682, -0.02991701753, -0.02528180003, -0.02136463589, -0.01805440281, -0.01525705643, -0.01289313047, -0.01089547084, -0.009207328275, -0.00778074626, -0.006575198642, -0.005556438384, -0.004695524683, -0.003968000817, -0.003353199386, -0.002833655193, -0.002394609097], "AUX_ENDO_LEAD_84": [0, -0.05068629588, -0.04183831542, -0.03540511682, -0.02991701753, -0.02528180003, -0.02136463589, -0.01805440281, -0.01525705643, -0.01289313047, -0.01089547084, -0.009207328275, -0.00778074626, -0.006575198642, -0.005556438384, -0.004695524683, -0.003968000817, -0.003353199386, -0.002833655193, -0.002394609097, -0.002023588735],