{"interest_": {"pih": [0, -0.1585694622, -0.04218576643, -0.006290054209, -0.001622747758, -0.004582468081, -0.002185588891, -0.0003614833402, 7.236497126e-05, -8.181398737e-05, -8.923917591e-05, -2.688465728e-05, 3.448576963e-06, 1.010787353e-06, -2.569632795e-06, -1.551622953e-06, -6.993273848e-08, 1.533823993e-07, -2.558001968e-08, -6.547821323e-08, -1.689663727e-08], "x": [0, -0.3402433831, -0.1047439929, -0.01364268549, 0.008487898754, -0.007045543485, -0.005323974321, -0.001261650631, 0.0004467253678, 1.902941095e-05, -0.0001824158613, -8.825735065e-05, 7.130490775e-06, 1.035456982e-05, -3.010562399e-06, -4.31805867e-06, -6.460277129e-07, 5.205552543e-07, 1.143122966e-07, -1.420056578e-07, -6.642191163e-08], "y": [0, -0.3402433831, -0.1047439929, -0.01364268549, 0.008487898754, -0.007045543485, -0.005323974321, -0.001261650631, 0.0004467253678, 1.902941095e-05, -0.0001824158613, -8.825735065e-05, 7.130490775e-06, 1.035456982e-05, -3.010562399e-06, -4.31805867e-06, -6.460277129e-07, 5.205552543e-07, 1.143122966e-07, -1.420056578e-07, -6.642191163e-08], "ynat": [0, -6.906157341e-17, -1.325026402e-16, -1.783193757e-16, -4.562105737e-17, 3.88648188e-17, 9.413910719e-18, -5.706576108e-18, -3.873917117e-18, 6.805228681e-19, 7.843531295e-19, -8.914831253e-21, -1.892324855e-19, -2.866764438e-20, 3.191771459e-20, 1.104513733e-20, -5.501792925e-21, -3.280590791e-21, 5.441137853e-22, 7.676768818e-22, -5.200404644e-24], "rnat": [0, -9.298926972e-17, 1.624072872e-16, 8.228772449e-17, 1.741459461e-16, -4.552689574e-17, -1.679828112e-17, -3.938435367e-19, 7.355356906e-18, 3.449198937e-19, -9.457262909e-19, -3.40658141e-19, 2.246482167e-19, 9.474859343e-20, -2.042683829e-20, -2.480878373e-20, 2.048416805e-21, 5.436655563e-21, 7.110559703e-22, -1.040885579e-21, -2.778157794e-22], "r": [0, 0.1933136237, 0.08481125321, 0.02050783649, -0.02011591032, -0.0004640197278, 0.00370084035, 0.00178074097, -0.0005095099442, -0.0002906844482, 6.72738534e-05, 9.883641839e-05, 4.2348664e-06, -1.593476502e-05, -2.859119224e-06, 3.602098219e-06, 1.319965367e-06, -4.318229774e-07, -3.217961677e-07, 5.868710893e-08, 8.274422698e-08], "s": [0, -0.3402433831, -0.1047439929, -0.01364268549, 0.008487898754, -0.007045543485, -0.005323974321, -0.001261650631, 0.0004467253678, 1.902941095e-05, -0.0001824158613, -8.825735065e-05, 7.130490775e-06, 1.035456982e-05, -3.010562399e-06, -4.31805867e-06, -6.460277129e-07, 5.205552543e-07, 1.143122966e-07, -1.420056578e-07, -6.642191163e-08], "pi": [0, -0.2946668154, 0.05201398964, 0.03015046876, 0.00722948594, -0.01079584498, -0.001496961226, 0.001263446136, 0.0007557153709, -0.0002528923701, -0.0001698172848, 1.077874699e-05, 4.160371353e-05, 2.300418972e-06, -7.915685683e-06, -2.074621461e-06, 1.398879645e-06, 6.200155862e-07, -1.880772028e-07, -1.68005395e-07, 1.333686121e-08], "p": [0, -0.2946668154, -0.2426528258, -0.212502357, -0.2052728711, -0.216068716, -0.2175656773, -0.2163022311, -0.2155465158, -0.2157994081, -0.2159692254, -0.2159584467, -0.215916843, -0.2159145425, -0.2159224582, -0.2159245328, -0.215923134, -0.215922514, -0.215922702, -0.21592287, -0.2159228567], "ph": [0, -0.1585694622, -0.2007552286, -0.2070452828, -0.2086680306, -0.2132504987, -0.2154360875, -0.2157975709, -0.2157252059, -0.2158070199, -0.2158962591, -0.2159231437, -0.2159196952, -0.2159186844, -0.215921254, -0.2159228056, -0.2159228756, -0.2159227222, -0.2159227478, -0.2159228132, -0.2159228301], "e": [0, -0.4988128452, -0.3054992215, -0.2206879683, -0.2001801318, -0.2202960421, -0.2207600619, -0.2170592215, -0.2152784805, -0.2157879905, -0.2160786749, -0.2160114011, -0.2159125647, -0.2159083298, -0.2159242646, -0.2159271237, -0.2159235216, -0.2159222016, -0.2159226334, -0.2159229552, -0.2159228966], "ystar": [0, 0, 0, 0, 0, 0, 0, 0, 0, 0, 0, 0, 0, 0, 0, 0, 0, 0, 0, 0, 0], "a": [0, 0, 0, 0, 0, 0, 0, 0, 0, 0, 0, 0, 0, 0, 0, 0, 0, 0, 0, 0, 0], "pistar": [0, 0, 0, 0, 0, 0, 0, 0, 0, 0, 0, 0, 0, 0, 0, 0, 0, 0, 0, 0, 0], "tar": [0, 0, 0, 0, 0, 0, 0, 0, 0, 0, 0, 0, 0, 0, 0, 0, 0, 0, 0, 0, 0], "pf": [0, -0.4988128452, -0.3054992215, -0.2206879683, -0.2001801318, -0.2202960421, -0.2207600619, -0.2170592215, -0.2152784805, -0.2157879905, -0.2160786749, -0.2160114011, -0.2159125647, -0.2159083298, -0.2159242646, -0.2159271237, -0.2159235216, -0.2159222016, -0.2159226334, -0.2159229552, -0.2159228966], "interest": [0, 0.7732544949, 0.3392450128, 0.08203134595, -0.08046364128, -0.001856078911, 0.0148033614, 0.007122963882, -0.002038039777, -0.001162737793, 0.0002690954136, 0.0003953456735, 1.69394656e-05, -6.373906007e-05, -1.14364769e-05, 1.440839288e-05, 5.279861466e-06, -1.72729191e-06, -1.287184671e-06, 2.347484357e-07, 3.309769079e-07], "inflation": [0, -0.2946668154, -0.2426528258, -0.212502357, -0.2052728711, 0.07859809936, 0.02508714849, -0.003799874126, -0.0102736447, 0.0002693079107, 0.001596451852, 0.000343784463, -0.0003703271944, -0.0001151344053, 4.676719381e-05, 3.391382536e-05, -6.291008528e-06, -7.971411914e-06, -2.438034331e-07, 1.662812633e-06, 2.772698496e-07], "inflationq": [0, -1.178667262, 0.2080559585, 0.120601875, 0.02891794376, -0.04318337991, -0.005987844904, 0.005053784543, 0.003022861484, -0.00101156948, -0.0006792691393, 4.311498796e-05, 0.0001664148541, 9.201675888e-06, -3.166274273e-05, -8.298485844e-06, 5.595518578e-06, 2.480062345e-06, -7.523088111e-07, -6.7202158e-07, 5.334744483e-08], "outputgap": [0, -0.3402433831, -0.1047439929, -0.01364268549, 0.008487898754, -0.007045543485, -0.005323974321, -0.001261650631, 0.0004467253678, 1.902941095e-05, -0.0001824158613, -8.825735065e-05, 7.130490775e-06, 1.035456982e-05, -3.010562399e-06, -4.31805867e-06, -6.460277129e-07, 5.205552543e-07, 1.143122966e-07, -1.420056578e-07, -6.642191163e-08], "output": [0, -0.3402433831, -0.1047439929, -0.01364268549, 0.008487898754, -0.007045543485, -0.005323974321, -0.001261650631, 0.0004467253678, 1.902941095e-05, -0.0001824158613, -8.825735065e-05, 7.130490775e-06, 1.035456982e-05, -3.010562399e-06, -4.31805867e-06, -6.460277129e-07, 5.205552543e-07, 1.143122966e-07, -1.420056578e-07, -6.642191163e-08], "AUX_ENDO_LEAD_79": [0, 0.2080559585, 0.120601875, 0.02891794376, -0.04318337991, -0.005987844904, 0.005053784543, 0.003022861484, -0.00101156948, -0.0006792691393, 4.311498796e-05, 0.0001664148541, 9.201675888e-06, -3.166274273e-05, -8.298485844e-06, 5.595518578e-06, 2.480062345e-06, -7.523088111e-07, -6.7202158e-07, 5.334744483e-08, 1.46708351e-07], "AUX_ENDO_LEAD_83": [0, 0.120601875, 0.02891794376, -0.04318337991, -0.005987844904, 0.005053784543, 0.003022861484, -0.00101156948, -0.0006792691393, 4.311498796e-05, 0.0001664148541, 9.201675888e-06, -3.166274273e-05, -8.298485844e-06, 5.595518578e-06, 2.480062345e-06, -7.523088111e-07, -6.7202158e-07, 5.334744483e-08, 1.46708351e-07, 1.272817828e-08], "AUX_ENDO_LEAD_87": [0, 0.02891794376, -0.04318337991, -0.005987844904, 0.005053784543, 0.003022861484, -0.00101156948, -0.0006792691393, 4.311498796e-05, 0.0001664148541, 9.201675888e-06, -3.166274273e-05, -8.298485844e-06, 5.595518578e-06, 2.480062345e-06, -7.523088111e-07, -6.7202158e-07, 5.334744483e-08, 1.46708351e-07, 1.272817828e-08, -2.953879713e-08], "AUX_ENDO_LEAD_114": [0, -0.1047439929, -0.01364268549, 0.008487898754, -0.007045543485, -0.005323974321, -0.001261650631, 0.0004467253678, 1.902941095e-05, -0.0001824158613, -8.825735065e-05, 7.130490775e-06, 1.035456982e-05, -3.010562399e-06, -4.31805867e-06, -6.460277129e-07, 5.205552543e-07, 1.143122966e-07, -1.420056578e-07, -6.642191163e-08, 1.035665375e-08], "AUX_ENDO_LEAD_118": [0, -0.01364268549, 0.008487898754, -0.007045543485, -0.005323974321, -0.001261650631, 0.0004467253678, 1.902941095e-05, -0.0001824158613, -8.825735065e-05, 7.130490775e-06, 1.035456982e-05, -3.010562399e-06, -4.31805867e-06, -6.460277129e-07, 5.205552543e-07, 1.143122966e-07, -1.420056578e-07, -6.642191163e-08, 1.035665375e-08, 1.222534504e-08],