{"interest_": {"pih": [0, -0.2677962893, -0.1488372447, -0.08272155471, -0.04597542524, -0.02555246614, -0.01420168541, -0.007893088182, -0.004386862491, -0.002438153746, -0.001355090045, -0.0007531391457, -0.0004185836764, -0.0002326426599, -0.0001292993737, -7.186269299e-05, -3.994022937e-05, -2.219819291e-05, -1.233742961e-05, -6.856962187e-06, -3.81099888e-06], "x": [0, -0.3508517829, -0.1949982682, -0.1083771737, -0.06023444148, -0.03347741796, -0.01860625724, -0.01034108452, -0.005747422904, -0.003194333242, -0.001775363503, -0.0009867209615, -0.0005484050191, -0.0003047954556, -0.0001694008379, -9.415049785e-05, -5.232746399e-05, -2.908283599e-05, -1.616381312e-05, -8.983609949e-06, -4.992958474e-06], "y": [0, -0.3508517829, -0.1949982682, -0.1083771737, -0.06023444148, -0.03347741796, -0.01860625724, -0.01034108452, -0.005747422904, -0.003194333242, -0.001775363503, -0.0009867209615, -0.0005484050191, -0.0003047954556, -0.0001694008379, -9.415049785e-05, -5.232746399e-05, -2.908283599e-05, -1.616381312e-05, -8.983609949e-06, -4.992958474e-06], "ynat": [0, -6.372274777e-17, -9.082799165e-17, 1.238464812e-17, -8.877238885e-18, -5.878985633e-18, -3.267453874e-18, -1.816002877e-18, -1.009307729e-18, -5.609584126e-19, -3.117724473e-19, -1.732785474e-19, -9.630567186e-20, -5.352527805e-20, -2.974856345e-20, -1.653381467e-20, -9.189251375e-21, -5.107250958e-21, -2.838535076e-21, -1.577616108e-21, -8.768158635e-22], "rnat": [0, 8.61468804e-17, 1.565797221e-16, 2.677167957e-17, 2.495211072e-18, 1.090232086e-17, 6.059349818e-18, 3.36769764e-18, 1.871716889e-18, 1.040272758e-18, 5.781683215e-19, 3.213374619e-19, 1.785946421e-19, 9.926027919e-20, 5.516740541e-20, 3.066123372e-20, 1.704106341e-20, 9.471172771e-21, 5.26393873e-21, 2.925619839e-21, 1.62601654e-21], "r": [0, 0.007016270012, 0.00389953983, 0.002167306968, 0.001204557383, 0.0006694753031, 0.0003720845413, 0.0002067991235, 0.0001149359158, 6.3879694e-05, 3.550339577e-05, 1.973226596e-05, 1.096690363e-05, 6.095243973e-06, 3.387647084e-06, 1.882804497e-06, 1.046435088e-06, 5.815932538e-07, 3.23240989e-07, 1.796525945e-07, 9.98482736e-08], "s": [0, -0.3508517829, -0.1949982682, -0.1083771737, -0.06023444148, -0.03347741796, -0.01860625724, -0.01034108452, -0.005747422904, -0.003194333242, -0.001775363503, -0.0009867209615, -0.0005484050191, -0.0003047954556, -0.0001694008379, -9.415049785e-05, -5.232746399e-05, -2.908283599e-05, -1.616381312e-05, -8.983609949e-06, -4.992958474e-06], "pi": [0, -0.4081370024, -0.08649583879, -0.0480731169, -0.02671833236, -0.01484965673, -0.008253221125, -0.004587019093, -0.002549397845, -0.001416917881, -0.0007875021493, -0.0004376821291, -0.0002432572994, -0.0001351988345, -7.514152664e-05, -4.176255696e-05, -2.321101582e-05, -1.290034171e-05, -7.169820465e-06, -3.984880917e-06, -2.21473829e-06], "p": [0, -0.4081370024, -0.4946328412, -0.5427059581, -0.5694242905, -0.5842739472, -0.5925271683, -0.5971141874, -0.5996635853, -0.6010805031, -0.6018680053, -0.6023056874, -0.6025489447, -0.6026841436, -0.6027592851, -0.6028010476, -0.6028242587, -0.602837159, -0.6028443288, -0.6028483137, -0.6028505284], "ph": [0, -0.2677962893, -0.4166335339, -0.4993550886, -0.5453305139, -0.57088298, -0.5850846654, -0.5929777536, -0.5973646161, -0.5998027699, -0.6011578599, -0.601910999, -0.6023295827, -0.6025622254, -0.6026915248, -0.6027633874, -0.6028033277, -0.6028255259, -0.6028378633, -0.6028447203, -0.6028485313], "e": [0, -0.6186480722, -0.6116318022, -0.6077322623, -0.6055649554, -0.604360398, -0.6036909227, -0.6033188381, -0.603112039, -0.6029971031, -0.6029332234, -0.60289772, -0.6028779877, -0.6028670208, -0.6028609256, -0.6028575379, -0.6028556551, -0.6028546087, -0.6028540271, -0.6028537039, -0.6028535242], "ystar": [0, 0, 0, 0, 0, 0, 0, 0, 0, 0, 0, 0, 0, 0, 0, 0, 0, 0, 0, 0, 0], "a": [0, 0, 0, 0, 0, 0, 0, 0, 0, 0, 0, 0, 0, 0, 0, 0, 0, 0, 0, 0, 0], "pistar": [0, 0, 0, 0, 0, 0, 0, 0, 0, 0, 0, 0, 0, 0, 0, 0, 0, 0, 0, 0, 0], "tar": [0, 0, 0, 0, 0, 0, 0, 0, 0, 0, 0, 0, 0, 0, 0, 0, 0, 0, 0, 0, 0], "pf": [0, -0.6186480722, -0.6116318022, -0.6077322623, -0.6055649554, -0.604360398, -0.6036909227, -0.6033188381, -0.603112039, -0.6029971031, -0.6029332234, -0.60289772, -0.6028779877, -0.6028670208, -0.6028609256, -0.6028575379, -0.6028556551, -0.6028546087, -0.6028540271, -0.6028537039, -0.6028535242], "interest": [0, 0.02806508005, 0.01559815932, 0.008669227871, 0.004818229532, 0.002677901212, 0.001488338165, 0.0008271964942, 0.0004597436631, 0.000255518776, 0.0001420135831, 7.892906383e-05, 4.386761451e-05, 2.438097589e-05, 1.355058833e-05, 7.531217989e-06, 4.185740353e-06, 2.326373015e-06, 1.292963956e-06, 7.18610378e-07, 3.993930944e-07], "inflation": [0, -0.4081370024, -0.4946328412, -0.5427059581, -0.5694242905, -0.1761369448, -0.09789432711, -0.05440822931, -0.0302392948, -0.01680655594, -0.009340836969, -0.005191500005, -0.002885359459, -0.001603640412, -0.0008912797897, -0.0004953602175, -0.0002753139339, -0.0001530154411, -8.504373496e-05, -4.726605891e-05, -2.626978138e-05], "inflationq": [0, -1.63254801, -0.3459833551, -0.1922924676, -0.1068733294, -0.05939862693, -0.0330128845, -0.01834807637, -0.01019759138, -0.005667671526, -0.003150008597, -0.001750728516, -0.0009730291977, -0.0005407953379, -0.0003005661066, -0.0001670502278, -9.284406329e-05, -5.160136684e-05, -2.867928186e-05, -1.593952367e-05, -8.858953162e-06], "outputgap": [0, -0.3508517829, -0.1949982682, -0.1083771737, -0.06023444148, -0.03347741796, -0.01860625724, -0.01034108452, -0.005747422904, -0.003194333242, -0.001775363503, -0.0009867209615, -0.0005484050191, -0.0003047954556, -0.0001694008379, -9.415049785e-05, -5.232746399e-05, -2.908283599e-05, -1.616381312e-05, -8.983609949e-06, -4.992958474e-06], "output": [0, -0.3508517829, -0.1949982682, -0.1083771737, -0.06023444148, -0.03347741796, -0.01860625724, -0.01034108452, -0.005747422904, -0.003194333242, -0.001775363503, -0.0009867209615, -0.0005484050191, -0.0003047954556, -0.0001694008379, -9.415049785e-05, -5.232746399e-05, -2.908283599e-05, -1.616381312e-05, -8.983609949e-06, -4.992958474e-06], "AUX_ENDO_LEAD_79": [0, -0.3459833551, -0.1922924676, -0.1068733294, -0.05939862693, -0.0330128845, -0.01834807637, -0.01019759138, -0.005667671526, -0.003150008597, -0.001750728516, -0.0009730291977, -0.0005407953379, -0.0003005661066, -0.0001670502278, -9.284406329e-05, -5.160136684e-05, -2.867928186e-05, -1.593952367e-05, -8.858953162e-06, -4.923676062e-06], "AUX_ENDO_LEAD_83": [0, -0.1922924676, -0.1068733294, -0.05939862693, -0.0330128845, -0.01834807637, -0.01019759138, -0.005667671526, -0.003150008597, -0.001750728516, -0.0009730291977, -0.0005407953379, -0.0003005661066, -0.0001670502278, -9.284406329e-05, -5.160136684e-05, -2.867928186e-05, -1.593952367e-05, -8.858953162e-06, -4.923676062e-06, -2.736506845e-06], "AUX_ENDO_LEAD_87": [0, -0.1068733294, -0.05939862693, -0.0330128845, -0.01834807637, -0.01019759138, -0.005667671526, -0.003150008597, -0.001750728516, -0.0009730291977, -0.0005407953379, -0.0003005661066, -0.0001670502278, -9.284406329e-05, -5.160136684e-05, -2.867928186e-05, -1.593952367e-05, -8.858953162e-06, -4.923676062e-06, -2.736506845e-06, -1.520910315e-06], "AUX_ENDO_LEAD_114": [0, -0.1949982682, -0.1083771737, -0.06023444148, -0.03347741796, -0.01860625724, -0.01034108452, -0.005747422904, -0.003194333242, -0.001775363503, -0.0009867209615, -0.0005484050191, -0.0003047954556, -0.0001694008379, -9.415049785e-05, -5.232746399e-05, -2.908283599e-05, -1.616381312e-05, -8.983609949e-06, -4.992958474e-06, -2.775012992e-06], "AUX_ENDO_LEAD_118": [0, -0.1083771737, -0.06023444148, -0.03347741796, -0.01860625724, -0.01034108452, -0.005747422904, -0.003194333242, -0.001775363503, -0.0009867209615, -0.0005484050191, -0.0003047954556, -0.0001694008379, -9.415049785e-05, -5.232746399e-05, -2.908283599e-05, -1.616381312e-05, -8.983609949e-06, -4.992958474e-06, -2.775012992e-06, -1.542311466e-06],