{"interest_": {"x": [0, -4.287338275, -3.284502106, -0.903385405, 0.7217143274, 1.143876918, 0.8038911654, 0.2835892975, -0.0696391373, -0.1834635542, -0.1412100249, -0.05354312544, 0.01047887602, 0.03299495756, 0.026663939, 0.01100662099, -0.00104560041, -0.005694174711, -0.004910456794, -0.002181912021, 5.082321518e-05], "i": [0, 0.06678344839, -0.07869685774, -0.1063124148, -0.06805895627, -0.01930676533, 0.01062518024, 0.01811133574, 0.01242243089, 0.003898467259, -0.001670740589, -0.00325263066, -0.002350878012, -0.0008215511964, 0.0002331363132, 0.0005713180357, 0.0004379331167, 0.0001674553889, -3.005140829e-05, -0.0001000977494, -8.13959211e-05], "pi": [0, -0.2720932143, -0.324899287, -0.2214452478, -0.08429073511, 0.008522296789, 0.04087620445, 0.03330923063, 0.01313135199, -0.002246183165, -0.007900687907, -0.006551046326, -0.002817252266, 0.0001388299854, 0.001330840206, 0.001190328301, 0.0005489218847, 5.968987676e-06, -0.0002300253673, -0.0002193552785, -0.0001080612746], "interest": [0, 0.2671337936, -0.3147874309, -0.4252496593, -0.2722358251, -0.07722706132, 0.04250072094, 0.07244534294, 0.04968972357, 0.01559386904, -0.006682962356, -0.01301052264, -0.009403512047, -0.003286204786, 0.0009325452528, 0.002285272143, 0.001751732467, 0.0006698215557, -0.0001202056332, -0.0004003909978, -0.0003255836844], "inflation": [0, -0.2720932143, -0.5969925013, -0.818437749, -0.9027284842, -0.6221129731, -0.2563374817, -0.001583003243, 0.09583908386, 0.08507060391, 0.03629371155, -0.003566565407, -0.01951516966, -0.01713015651, -0.0078986284, -0.0001572537735, 0.003208920377, 0.00307605938, 0.001515193806, 0.0001055102266, -0.0005514729328], "inflationq": [0, -1.088372857, -1.299597148, -0.8857809911, -0.3371629404, 0.03408918716, 0.1635048178, 0.1332369225, 0.05252540797, -0.008984732661, -0.03160275163, -0.0262041853, -0.01126900906, 0.0005553199417, 0.005323360825, 0.004761313204, 0.002195687539, 2.38759507e-05, -0.0009201014693, -0.000877421114, -0.0004322450985], "outputgap": [0, -4.287338275, -3.284502106, -0.903385405, 0.7217143274, 1.143876918, 0.8038911654, 0.2835892975, -0.0696391373, -0.1834635542, -0.1412100249, -0.05354312544, 0.01047887602, 0.03299495756, 0.026663939, 0.01100662099, -0.00104560041, -0.005694174711, -0.004910456794, -0.002181912021, 5.082321518e-05], "AUX_ENDO_LEAD_71": [0, -1.299597148, -0.8857809911, -0.3371629404, 0.03408918716, 0.1635048178, 0.1332369225, 0.05252540797, -0.008984732661, -0.03160275163, -0.0262041853, -0.01126900906, 0.0005553199417, 0.005323360825, 0.004761313204, 0.002195687539, 2.38759507e-05, -0.0009201014693, -0.000877421114, -0.0004322450985, -3.112247795e-05], "AUX_ENDO_LEAD_75": [0, -0.8857809911, -0.3371629404, 0.03408918716, 0.1635048178, 0.1332369225, 0.05252540797, -0.008984732661, -0.03160275163, -0.0262041853, -0.01126900906, 0.0005553199417, 0.005323360825, 0.004761313204, 0.002195687539, 2.38759507e-05, -0.0009201014693, -0.000877421114, -0.0004322450985, -3.112247795e-05, 0.0001558984783], "AUX_ENDO_LEAD_79": [0, -0.3371629404, 0.03408918716, 0.1635048178, 0.1332369225, 0.05252540797, -0.008984732661, -0.03160275163, -0.0262041853, -0.01126900906, 0.0005553199417, 0.005323360825, 0.004761313204, 0.002195687539, 2.38759507e-05, -0.0009201014693, -0.000877421114, -0.0004322450985, -3.112247795e-05, 0.0001558984783, 0.0001601278218], "AUX_ENDO_LEAD_106": [0, -3.284502106, -0.903385405, 0.7217143274, 1.143876918, 0.8038911654, 0.2835892975, -0.0696391373, -0.1834635542, -0.1412100249, -0.05354312544, 0.01047887602, 0.03299495756, 0.026663939, 0.01100662099, -0.00104560041, -0.005694174711, -0.004910456794, -0.002181912021, 5.082321518e-05, 0.0009835158382], "AUX_ENDO_LEAD_110": [0, -0.903385405, 0.7217143274, 1.143876918, 0.8038911654, 0.2835892975, -0.0696391373, -0.1834635542, -0.1412100249, -0.05354312544, 0.01047887602, 0.03299495756, 0.026663939, 0.01100662099, -0.00104560041, -0.005694174711, -0.004910456794, -0.002181912021, 5.082321518e-05, 0.0009835158382, 0.0009046420306], "AUX_ENDO_LEAD_114": [0, 0.7217143274, 1.143876918, 0.8038911654, 0.2835892975, -0.0696391373, -0.1834635542, -0.1412100249, -0.05354312544, 0.01047887602, 0.03299495756, 0.026663939, 0.01100662099, -0.00104560041, -0.005694174711, -0.004910456794, -0.002181912021, 5.082321518e-05, 0.0009835158382, 0.0009046420306, 0.0004304738202], "AUX_ENDO_LAG_2_1": [0, 0, -0.2720932143, -0.324899287, -0.2214452478, -0.08429073511, 0.008522296789, 0.04087620445, 0.03330923063, 0.01313135199, -0.002246183165, -0.007900687907, -0.006551046326, -0.002817252266, 0.0001388299854, 0.001330840206, 0.001190328301, 0.0005489218847, 5.968987676e-06, -0.0002300253673, -0.0002193552785], "AUX_ENDO_LAG_2_2": [0, 0, 0, -0.2720932143, -0.324899287, -0.2214452478, -0.08429073511, 0.008522296789, 0.04087620445, 0.03330923063, 0.01313135199, -0.002246183165, -0.007900687907, -0.006551046326, -0.002817252266, 0.0001388299854, 0.001330840206, 0.001190328301, 0.0005489218847, 5.968987676e-06, -0.0002300253673], "AUX_ENDO_LAG_6_1": [0, 0, -4.287338275, -3.284502106, -0.903385405, 0.7217143274, 1.143876918, 0.8038911654, 0.2835892975, -0.0696391373, -0.1834635542, -0.1412100249, -0.05354312544, 0.01047887602, 0.03299495756, 0.026663939, 0.01100662099, -0.00104560041, -0.005694174711, -0.004910456794, -0.002181912021], "AUX_ENDO_LAG_6_2": [0, 0, 0, -4.287338275, -3.284502106, -0.903385405, 0.7217143274, 1.143876918, 0.8038911654, 0.2835892975, -0.0696391373, -0.1834635542, -0.1412100249, -0.05354312544, 0.01047887602, 0.03299495756, 0.026663939, 0.01100662099, -0.00104560041, -0.005694174711, -0.004910456794], "AUX_ENDO_LAG_6_3": [0, 0, 0, 0, -4.287338275, -3.284502106, -0.903385405, 0.7217143274, 1.143876918, 0.8038911654, 0.2835892975, -0.0696391373, -0.1834635542, -0.1412100249, -0.05354312544, 0.01047887602, 0.03299495756, 0.026663939, 0.01100662099, -0.00104560041, -0.005694174711], "AUX_ENDO_LAG_3_1": [0, 0, 0.2671337936, -0.3147874309, -0.4252496593, -0.2722358251, -0.07722706132, 0.04250072094, 0.07244534294, 0.04968972357, 0.01559386904, -0.006682962356, -0.01301052264, -0.009403512047, -0.003286204786, 0.0009325452528, 0.002285272143, 0.001751732467, 0.0006698215557, -0.0001202056332, -0.0004003909978], "AUX_ENDO_LAG_3_2": [0, 0, 0, 0.2671337936, -0.3147874309, -0.4252496593, -0.2722358251, -0.07722706132, 0.04250072094, 0.07244534294, 0.04968972357, 0.01559386904, -0.006682962356, -0.01301052264, -0.009403512047, -0.003286204786, 0.0009325452528, 0.002285272143, 0.001751732467, 0.0006698215557, -0.0001202056332], "AUX_ENDO_LAG_3_3": [0, 0, 0, 0, 0.2671337936, -0.3147874309, -0.4252496593, -0.2722358251, -0.07722706132, 0.04250072094, 0.07244534294, 0.04968972357, 0.01559386904, -0.006682962356, -0.01301052264, -0.009403512047, -0.003286204786, 0.0009325452528, 0.002285272143, 0.001751732467, 0.0006698215557], "AUX_ENDO_LAG_5_1": [0, 0, -1.088372857, -1.299597148, -0.8857809911, -0.3371629404, 0.03408918716, 0.1635048178, 0.1332369225, 0.05252540797, -0.008984732661, -0.03160275163, -0.0262041853, -0.01126900906, 0.0005553199417, 0.005323360825, 0.004761313204, 0.002195687539, 2.38759507e-05, -0.0009201014693, -0.000877421114], "AUX_ENDO_LAG_5_2": [0, 0, 0, -1.088372857, -1.299597148, -0.8857809911, -0.3371629404, 0.03408918716, 0.1635048178, 0.1332369225, 0.05252540797, -0.008984732661, -0.03160275163, -0.0262041853, -0.01126900906, 0.0005553199417, 0.005323360825, 0.004761313204, 0.002195687539, 2.38759507e-05, -0.0009201014693], "AUX_ENDO_LAG_5_3": [0, 0, 0, 0, -1.088372857, -1.299597148, -0.8857809911, -0.3371629404, 0.03408918716, 0.1635048178, 0.1332369225, 0.05252540797, -0.008984732661, -0.03160275163, -0.0262041853, -0.01126900906, 0.0005553199417, 0.005323360825, 0.004761313204, 0.002195687539, 2.38759507e-05]}}