{"interest_": {"x": [0, -6.873830388, -5.703986712, -1.74822104, 1.342463389, 2.32678354, 1.702642701, 0.5553583605, -0.2930578289, -0.5714442614, -0.4251593711, -0.1384955974, 0.07551032908, 0.1458699509, 0.1085787327, 0.03557754469, -0.01900024829, -0.03704031098, -0.02764503775, -0.00910255229, 0.004795714587], "i": [0, 0.05869893121, -0.07555802241, -0.09964873593, -0.05951027204, -0.008460955177, 0.02198228629, 0.02656449346, 0.01569921971, 0.00241737848, -0.005473271334, -0.006713945498, -0.003984688918, -0.0006172511903, 0.001390085281, 0.001708823887, 0.001016522586, 0.0001598244072, -0.0003520920864, -0.0004345140678, -0.0002591422218], "pi": [0, -0.4409498086, -0.5300367215, -0.3476376318, -0.09808815758, 0.06987882636, 0.1167582026, 0.0808394481, 0.02181376649, -0.01908585567, -0.03028815253, -0.02085988918, -0.00570774685, 0.004777106191, 0.007677359342, 0.005305689963, 0.001459710502, -0.001209364424, -0.001952012487, -0.001352071549, -0.0003744078036], "interest": [0, 0.2347957248, -0.3022320897, -0.3985949437, -0.2380410882, -0.03384382071, 0.08792914515, 0.1062579738, 0.06279687885, 0.00966951392, -0.02189308534, -0.02685578199, -0.01593875567, -0.002469004761, 0.005560341122, 0.006835295547, 0.004066090345, 0.0006392976288, -0.001408368345, -0.001738056271, -0.001036568887], "inflation": [0, -0.4409498086, -0.97098653, -1.318624162, -1.416712319, -0.9058836845, -0.2590887604, 0.1693883195, 0.2892902435, 0.2003255615, 0.05327920638, -0.04842013089, -0.07594164424, -0.05207868237, -0.01411317049, 0.01205240865, 0.019219866, 0.01323339538, 0.003604023555, -0.003053737957, -0.004887856262], "inflationq": [0, -1.763799234, -2.120146886, -1.390550527, -0.3923526303, 0.2795153054, 0.4670328103, 0.3233577924, 0.08725506596, -0.07634342269, -0.1211526101, -0.08343955671, -0.0228309874, 0.01910842476, 0.03070943737, 0.02122275985, 0.005838842007, -0.004837457694, -0.007808049946, -0.005408286194, -0.001497631214], "outputgap": [0, -6.873830388, -5.703986712, -1.74822104, 1.342463389, 2.32678354, 1.702642701, 0.5553583605, -0.2930578289, -0.5714442614, -0.4251593711, -0.1384955974, 0.07551032908, 0.1458699509, 0.1085787327, 0.03557754469, -0.01900024829, -0.03704031098, -0.02764503775, -0.00910255229, 0.004795714587], "AUX_ENDO_LEAD_71": [0, -2.120146886, -1.390550527, -0.3923526303, 0.2795153054, 0.4670328103, 0.3233577924, 0.08725506596, -0.07634342269, -0.1211526101, -0.08343955671, -0.0228309874, 0.01910842476, 0.03070943737, 0.02122275985, 0.005838842007, -0.004837457694, -0.007808049946, -0.005408286194, -0.001497631214, 0.001222691161], "AUX_ENDO_LEAD_75": [0, -1.390550527, -0.3923526303, 0.2795153054, 0.4670328103, 0.3233577924, 0.08725506596, -0.07634342269, -0.1211526101, -0.08343955671, -0.0228309874, 0.01910842476, 0.03070943737, 0.02122275985, 0.005838842007, -0.004837457694, -0.007808049946, -0.005408286194, -0.001497631214, 0.001222691161, 0.001984402916], "AUX_ENDO_LEAD_79": [0, -0.3923526303, 0.2795153054, 0.4670328103, 0.3233577924, 0.08725506596, -0.07634342269, -0.1211526101, -0.08343955671, -0.0228309874, 0.01910842476, 0.03070943737, 0.02122275985, 0.005838842007, -0.004837457694, -0.007808049946, -0.005408286194, -0.001497631214, 0.001222691161, 0.001984402916, 0.001377849155], "AUX_ENDO_LEAD_106": [0, -5.703986712, -1.74822104, 1.342463389, 2.32678354, 1.702642701, 0.5553583605, -0.2930578289, -0.5714442614, -0.4251593711, -0.1384955974, 0.07551032908, 0.1458699509, 0.1085787327, 0.03557754469, -0.01900024829, -0.03704031098, -0.02764503775, -0.00910255229, 0.004795714587, 0.009412042445], "AUX_ENDO_LEAD_110": [0, -1.74822104, 1.342463389, 2.32678354, 1.702642701, 0.5553583605, -0.2930578289, -0.5714442614, -0.4251593711, -0.1384955974, 0.07551032908, 0.1458699509, 0.1085787327, 0.03557754469, -0.01900024829, -0.03704031098, -0.02764503775, -0.00910255229, 0.004795714587, 0.009412042445, 0.007041438847], "AUX_ENDO_LEAD_114": [0, 1.342463389, 2.32678354, 1.702642701, 0.5553583605, -0.2930578289, -0.5714442614, -0.4251593711, -0.1384955974, 0.07551032908, 0.1458699509, 0.1085787327, 0.03557754469, -0.01900024829, -0.03704031098, -0.02764503775, -0.00910255229, 0.004795714587, 0.009412042445, 0.007041438847, 0.002330030764], "AUX_ENDO_LAG_2_1": [0, 0, -0.4409498086, -0.5300367215, -0.3476376318, -0.09808815758, 0.06987882636, 0.1167582026, 0.0808394481, 0.02181376649, -0.01908585567, -0.03028815253, -0.02085988918, -0.00570774685, 0.004777106191, 0.007677359342, 0.005305689963, 0.001459710502, -0.001209364424, -0.001952012487, -0.001352071549], "AUX_ENDO_LAG_2_2": [0, 0, 0, -0.4409498086, -0.5300367215, -0.3476376318, -0.09808815758, 0.06987882636, 0.1167582026, 0.0808394481, 0.02181376649, -0.01908585567, -0.03028815253, -0.02085988918, -0.00570774685, 0.004777106191, 0.007677359342, 0.005305689963, 0.001459710502, -0.001209364424, -0.001952012487], "AUX_ENDO_LAG_6_1": [0, 0, -6.873830388, -5.703986712, -1.74822104, 1.342463389, 2.32678354, 1.702642701, 0.5553583605, -0.2930578289, -0.5714442614, -0.4251593711, -0.1384955974, 0.07551032908, 0.1458699509, 0.1085787327, 0.03557754469, -0.01900024829, -0.03704031098, -0.02764503775, -0.00910255229], "AUX_ENDO_LAG_6_2": [0, 0, 0, -6.873830388, -5.703986712, -1.74822104, 1.342463389, 2.32678354, 1.702642701, 0.5553583605, -0.2930578289, -0.5714442614, -0.4251593711, -0.1384955974, 0.07551032908, 0.1458699509, 0.1085787327, 0.03557754469, -0.01900024829, -0.03704031098, -0.02764503775], "AUX_ENDO_LAG_6_3": [0, 0, 0, 0, -6.873830388, -5.703986712, -1.74822104, 1.342463389, 2.32678354, 1.702642701, 0.5553583605, -0.2930578289, -0.5714442614, -0.4251593711, -0.1384955974, 0.07551032908, 0.1458699509, 0.1085787327, 0.03557754469, -0.01900024829, -0.03704031098], "AUX_ENDO_LAG_3_1": [0, 0, 0.2347957248, -0.3022320897, -0.3985949437, -0.2380410882, -0.03384382071, 0.08792914515, 0.1062579738, 0.06279687885, 0.00966951392, -0.02189308534, -0.02685578199, -0.01593875567, -0.002469004761, 0.005560341122, 0.006835295547, 0.004066090345, 0.0006392976288, -0.001408368345, -0.001738056271], "AUX_ENDO_LAG_3_2": [0, 0, 0, 0.2347957248, -0.3022320897, -0.3985949437, -0.2380410882, -0.03384382071, 0.08792914515, 0.1062579738, 0.06279687885, 0.00966951392, -0.02189308534, -0.02685578199, -0.01593875567, -0.002469004761, 0.005560341122, 0.006835295547, 0.004066090345, 0.0006392976288, -0.001408368345], "AUX_ENDO_LAG_3_3": [0, 0, 0, 0, 0.2347957248, -0.3022320897, -0.3985949437, -0.2380410882, -0.03384382071, 0.08792914515, 0.1062579738, 0.06279687885, 0.00966951392, -0.02189308534, -0.02685578199, -0.01593875567, -0.002469004761, 0.005560341122, 0.006835295547, 0.004066090345, 0.0006392976288], "AUX_ENDO_LAG_5_1": [0, 0, -1.763799234, -2.120146886, -1.390550527, -0.3923526303, 0.2795153054, 0.4670328103, 0.3233577924, 0.08725506596, -0.07634342269, -0.1211526101, -0.08343955671, -0.0228309874, 0.01910842476, 0.03070943737, 0.02122275985, 0.005838842007, -0.004837457694, -0.007808049946, -0.005408286194], "AUX_ENDO_LAG_5_2": [0, 0, 0, -1.763799234, -2.120146886, -1.390550527, -0.3923526303, 0.2795153054, 0.4670328103, 0.3233577924, 0.08725506596, -0.07634342269, -0.1211526101, -0.08343955671, -0.0228309874, 0.01910842476, 0.03070943737, 0.02122275985, 0.005838842007, -0.004837457694, -0.007808049946], "AUX_ENDO_LAG_5_3": [0, 0, 0, 0, -1.763799234, -2.120146886, -1.390550527, -0.3923526303, 0.2795153054, 0.4670328103, 0.3233577924, 0.08725506596, -0.07634342269, -0.1211526101, -0.08343955671, -0.0228309874, 0.01910842476, 0.03070943737, 0.02122275985, 0.005838842007, -0.004837457694]}}