{"interest_": {"x": [0, -0.9501144354, -0.8662117761, -0.5571914454, -0.2104097913, 0.06676155782, 0.2264391399, 0.2691108263, 0.2258057867, 0.1389076565, 0.04693824029, -0.02415208864, -0.06325358672, -0.07165524545, -0.05823236296, -0.0343811754, -0.01012029275, 0.00803967558, 0.01753767685, 0.01900859789, 0.01496342775], "i": [0, -0.04189799976, -0.08542308009, -0.06397934616, -0.03198257553, -0.002976075505, 0.01636207659, 0.02443251582, 0.02318300821, 0.01630436714, 0.00763199485, 8.765140832e-05, -0.004757127651, -0.006605930903, -0.006055051114, -0.004114945897, -0.001795769804, 0.000157443702, 0.00136450274, 0.001778106148, 0.001576117509], "pi": [0, -0.08313614224, -0.1163037343, -0.1072045545, -0.0732959511, -0.03240369996, 0.00222967612, 0.02377999526, 0.03131673408, 0.0279204059, 0.01842719846, 0.007527041419, -0.00141361352, -0.006757084494, -0.008400097949, -0.007247146592, -0.004609597379, -0.001714936828, 0.0005848845589, 0.001901367504, 0.002244106234], "interest": [0, -0.167591999, -0.3416923204, -0.2559173847, -0.1279303021, -0.01190430202, 0.06544830634, 0.09773006327, 0.09273203284, 0.06521746855, 0.0305279794, 0.0003506056333, -0.01902851061, -0.02642372361, -0.02422020446, -0.01645978359, -0.007183079217, 0.0006297748081, 0.00545801096, 0.007112424591, 0.006304470036], "inflation": [0, -0.08313614224, -0.1994398765, -0.306644431, -0.3799403821, -0.3292079398, -0.2106745294, -0.07968997967, 0.0249227055, 0.08524681136, 0.1014443337, 0.08519137986, 0.05246103226, 0.01778354187, -0.009043754544, -0.02381794256, -0.02701392641, -0.02197177875, -0.01298679624, -0.003838282144, 0.003015421468], "inflationq": [0, -0.332544569, -0.4652149372, -0.428818218, -0.2931838044, -0.1296147998, 0.008918704479, 0.09511998105, 0.1252669363, 0.1116816236, 0.07370879385, 0.03010816568, -0.005654454082, -0.02702833798, -0.03360039179, -0.02898858637, -0.01843838952, -0.006859747312, 0.002339538236, 0.007605470015, 0.008976424935], "outputgap": [0, -0.9501144354, -0.8662117761, -0.5571914454, -0.2104097913, 0.06676155782, 0.2264391399, 0.2691108263, 0.2258057867, 0.1389076565, 0.04693824029, -0.02415208864, -0.06325358672, -0.07165524545, -0.05823236296, -0.0343811754, -0.01012029275, 0.00803967558, 0.01753767685, 0.01900859789, 0.01496342775], "AUX_ENDO_LEAD_71": [0, -0.4652149372, -0.428818218, -0.2931838044, -0.1296147998, 0.008918704479, 0.09511998105, 0.1252669363, 0.1116816236, 0.07370879385, 0.03010816568, -0.005654454082, -0.02702833798, -0.03360039179, -0.02898858637, -0.01843838952, -0.006859747312, 0.002339538236, 0.007605470015, 0.008976424935, 0.007498443762], "AUX_ENDO_LEAD_75": [0, -0.428818218, -0.2931838044, -0.1296147998, 0.008918704479, 0.09511998105, 0.1252669363, 0.1116816236, 0.07370879385, 0.03010816568, -0.005654454082, -0.02702833798, -0.03360039179, -0.02898858637, -0.01843838952, -0.006859747312, 0.002339538236, 0.007605470015, 0.008976424935, 0.007498443762, 0.004587253062], "AUX_ENDO_LEAD_79": [0, -0.2931838044, -0.1296147998, 0.008918704479, 0.09511998105, 0.1252669363, 0.1116816236, 0.07370879385, 0.03010816568, -0.005654454082, -0.02702833798, -0.03360039179, -0.02898858637, -0.01843838952, -0.006859747312, 0.002339538236, 0.007605470015, 0.008976424935, 0.007498443762, 0.004587253062, 0.001523561048], "AUX_ENDO_LEAD_106": [0, -0.8662117761, -0.5571914454, -0.2104097913, 0.06676155782, 0.2264391399, 0.2691108263, 0.2258057867, 0.1389076565, 0.04693824029, -0.02415208864, -0.06325358672, -0.07165524545, -0.05823236296, -0.0343811754, -0.01012029275, 0.00803967558, 0.01753767685, 0.01900859789, 0.01496342775, 0.008453679881], "AUX_ENDO_LEAD_110": [0, -0.5571914454, -0.2104097913, 0.06676155782, 0.2264391399, 0.2691108263, 0.2258057867, 0.1389076565, 0.04693824029, -0.02415208864, -0.06325358672, -0.07165524545, -0.05823236296, -0.0343811754, -0.01012029275, 0.00803967558, 0.01753767685, 0.01900859789, 0.01496342775, 0.008453679881, 0.002076028522], "AUX_ENDO_LEAD_114": [0, -0.2104097913, 0.06676155782, 0.2264391399, 0.2691108263, 0.2258057867, 0.1389076565, 0.04693824029, -0.02415208864, -0.06325358672, -0.07165524545, -0.05823236296, -0.0343811754, -0.01012029275, 0.00803967558, 0.01753767685, 0.01900859789, 0.01496342775, 0.008453679881, 0.002076028522, -0.00254456669], "AUX_ENDO_LAG_2_1": [0, 0, -0.08313614224, -0.1163037343, -0.1072045545, -0.0732959511, -0.03240369996, 0.00222967612, 0.02377999526, 0.03131673408, 0.0279204059, 0.01842719846, 0.007527041419, -0.00141361352, -0.006757084494, -0.008400097949, -0.007247146592, -0.004609597379, -0.001714936828, 0.0005848845589, 0.001901367504], "AUX_ENDO_LAG_2_2": [0, 0, 0, -0.08313614224, -0.1163037343, -0.1072045545, -0.0732959511, -0.03240369996, 0.00222967612, 0.02377999526, 0.03131673408, 0.0279204059, 0.01842719846, 0.007527041419, -0.00141361352, -0.006757084494, -0.008400097949, -0.007247146592, -0.004609597379, -0.001714936828, 0.0005848845589], "AUX_ENDO_LAG_6_1": [0, 0, -0.9501144354, -0.8662117761, -0.5571914454, -0.2104097913, 0.06676155782, 0.2264391399, 0.2691108263, 0.2258057867, 0.1389076565, 0.04693824029, -0.02415208864, -0.06325358672, -0.07165524545, -0.05823236296, -0.0343811754, -0.01012029275, 0.00803967558, 0.01753767685, 0.01900859789], "AUX_ENDO_LAG_6_2": [0, 0, 0, -0.9501144354, -0.8662117761, -0.5571914454, -0.2104097913, 0.06676155782, 0.2264391399, 0.2691108263, 0.2258057867, 0.1389076565, 0.04693824029, -0.02415208864, -0.06325358672, -0.07165524545, -0.05823236296, -0.0343811754, -0.01012029275, 0.00803967558, 0.01753767685], "AUX_ENDO_LAG_6_3": [0, 0, 0, 0, -0.9501144354, -0.8662117761, -0.5571914454, -0.2104097913, 0.06676155782, 0.2264391399, 0.2691108263, 0.2258057867, 0.1389076565, 0.04693824029, -0.02415208864, -0.06325358672, -0.07165524545, -0.05823236296, -0.0343811754, -0.01012029275, 0.00803967558], "AUX_ENDO_LAG_3_1": [0, 0, -0.167591999, -0.3416923204, -0.2559173847, -0.1279303021, -0.01190430202, 0.06544830634, 0.09773006327, 0.09273203284, 0.06521746855, 0.0305279794, 0.0003506056333, -0.01902851061, -0.02642372361, -0.02422020446, -0.01645978359, -0.007183079217, 0.0006297748081, 0.00545801096, 0.007112424591], "AUX_ENDO_LAG_3_2": [0, 0, 0, -0.167591999, -0.3416923204, -0.2559173847, -0.1279303021, -0.01190430202, 0.06544830634, 0.09773006327, 0.09273203284, 0.06521746855, 0.0305279794, 0.0003506056333, -0.01902851061, -0.02642372361, -0.02422020446, -0.01645978359, -0.007183079217, 0.0006297748081, 0.00545801096], "AUX_ENDO_LAG_3_3": [0, 0, 0, 0, -0.167591999, -0.3416923204, -0.2559173847, -0.1279303021, -0.01190430202, 0.06544830634, 0.09773006327, 0.09273203284, 0.06521746855, 0.0305279794, 0.0003506056333, -0.01902851061, -0.02642372361, -0.02422020446, -0.01645978359, -0.007183079217, 0.0006297748081], "AUX_ENDO_LAG_5_1": [0, 0, -0.332544569, -0.4652149372, -0.428818218, -0.2931838044, -0.1296147998, 0.008918704479, 0.09511998105, 0.1252669363, 0.1116816236, 0.07370879385, 0.03010816568, -0.005654454082, -0.02702833798, -0.03360039179, -0.02898858637, -0.01843838952, -0.006859747312, 0.002339538236, 0.007605470015], "AUX_ENDO_LAG_5_2": [0, 0, -2.943759228e-16, -0.332544569, -0.4652149372, -0.428818218, -0.2931838044, -0.1296147998, 0.008918704479, 0.09511998105, 0.1252669363, 0.1116816236, 0.07370879385, 0.03010816568, -0.005654454082, -0.02702833798, -0.03360039179, -0.02898858637, -0.01843838952, -0.006859747312, 0.002339538236], "AUX_ENDO_LAG_5_3": [0, 0, -8.69847576e-17, -3.608093904e-16, -0.332544569, -0.4652149372, -0.428818218, -0.2931838044, -0.1296147998, 0.008918704479, 0.09511998105, 0.1252669363, 0.1116816236, 0.07370879385, 0.03010816568, -0.005654454082, -0.02702833798, -0.03360039179, -0.02898858637, -0.01843838952, -0.006859747312]}}