{"interest_": {"x": [0, -1.269227167, -1.231463713, -0.8821594533, -0.4834942747, -0.1410750882, 0.1003196854, 0.2331560892, 0.2731664962, 0.247511641, 0.1854349956, 0.1120468392, 0.045198709, -0.005127543839, -0.03574069104, -0.04830164972, -0.04720613217, -0.0377484915, -0.02480308262, -0.01207521321, -0.00184852184], "i": [0, -0.1087130886, -0.1783322204, -0.1610380688, -0.1157658608, -0.06513232178, -0.02115464665, 0.01037865572, 0.02823190771, 0.03418513241, 0.03156790219, 0.02406127386, 0.01488255878, 0.006360398886, -0.0001666081591, -0.004229545155, -0.005992099939, -0.005984333211, -0.004867622435, -0.003262831594, -0.001650062307], "pi": [0, -0.1348146439, -0.2014502867, -0.2069713348, -0.172167449, -0.1183805913, -0.06265498276, -0.01606259637, 0.01614540608, 0.03334731538, 0.03794109805, 0.03377328516, 0.02488434011, 0.01468568267, 0.005560368675, -0.001196311824, -0.005211995019, -0.006762380108, -0.006478423942, -0.005096682749, -0.003283101135], "interest": [0, -0.4348523545, -0.7133288816, -0.6441522753, -0.4630634432, -0.2605292871, -0.0846185866, 0.04151462288, 0.1129276308, 0.1367405297, 0.1262716088, 0.09624509544, 0.05953023512, 0.02544159554, -0.0006664326364, -0.01691818062, -0.02396839976, -0.02393733284, -0.01947048974, -0.01305132638, -0.00660024923], "inflation": [0, -0.1348146439, -0.3362649306, -0.5432362654, -0.7154037144, -0.6989696619, -0.5601743579, -0.3692656194, -0.1809527644, -0.02922485767, 0.07137122314, 0.1212071047, 0.1299460387, 0.111284406, 0.07890367662, 0.04393407963, 0.0138377445, -0.007610318275, -0.01964911089, -0.02354948182, -0.02162058793], "inflationq": [0, -0.5392585754, -0.805801147, -0.8278853393, -0.6886697959, -0.4735223653, -0.250619931, -0.06425038547, 0.06458162434, 0.1333892615, 0.1517643922, 0.1350931407, 0.09953736045, 0.05874273068, 0.0222414747, -0.004785247297, -0.02084798008, -0.02704952043, -0.02591369577, -0.020386731, -0.01313240454], "outputgap": [0, -1.269227167, -1.231463713, -0.8821594533, -0.4834942747, -0.1410750882, 0.1003196854, 0.2331560892, 0.2731664962, 0.247511641, 0.1854349956, 0.1120468392, 0.045198709, -0.005127543839, -0.03574069104, -0.04830164972, -0.04720613217, -0.0377484915, -0.02480308262, -0.01207521321, -0.00184852184], "AUX_ENDO_LEAD_71": [0, -0.805801147, -0.8278853393, -0.6886697959, -0.4735223653, -0.250619931, -0.06425038547, 0.06458162434, 0.1333892615, 0.1517643922, 0.1350931407, 0.09953736045, 0.05874273068, 0.0222414747, -0.004785247297, -0.02084798008, -0.02704952043, -0.02591369577, -0.020386731, -0.01313240454, -0.006142429925], "AUX_ENDO_LEAD_75": [0, -0.8278853393, -0.6886697959, -0.4735223653, -0.250619931, -0.06425038547, 0.06458162434, 0.1333892615, 0.1517643922, 0.1350931407, 0.09953736045, 0.05874273068, 0.0222414747, -0.004785247297, -0.02084798008, -0.02704952043, -0.02591369577, -0.020386731, -0.01313240454, -0.006142429925, -0.0006169420715], "AUX_ENDO_LEAD_79": [0, -0.6886697959, -0.4735223653, -0.250619931, -0.06425038547, 0.06458162434, 0.1333892615, 0.1517643922, 0.1350931407, 0.09953736045, 0.05874273068, 0.0222414747, -0.004785247297, -0.02084798008, -0.02704952043, -0.02591369577, -0.020386731, -0.01313240454, -0.006142429925, -0.0006169420715, 0.002963395793], "AUX_ENDO_LEAD_106": [0, -1.231463713, -0.8821594533, -0.4834942747, -0.1410750882, 0.1003196854, 0.2331560892, 0.2731664962, 0.247511641, 0.1854349956, 0.1120468392, 0.045198709, -0.005127543839, -0.03574069104, -0.04830164972, -0.04720613217, -0.0377484915, -0.02480308262, -0.01207521321, -0.00184852184, 0.004909338051], "AUX_ENDO_LEAD_110": [0, -0.8821594533, -0.4834942747, -0.1410750882, 0.1003196854, 0.2331560892, 0.2731664962, 0.247511641, 0.1854349956, 0.1120468392, 0.045198709, -0.005127543839, -0.03574069104, -0.04830164972, -0.04720613217, -0.0377484915, -0.02480308262, -0.01207521321, -0.00184852184, 0.004909338051, 0.008235911619], "AUX_ENDO_LEAD_114": [0, -0.4834942747, -0.1410750882, 0.1003196854, 0.2331560892, 0.2731664962, 0.247511641, 0.1854349956, 0.1120468392, 0.045198709, -0.005127543839, -0.03574069104, -0.04830164972, -0.04720613217, -0.0377484915, -0.02480308262, -0.01207521321, -0.00184852184, 0.004909338051, 0.008235911619, 0.008792252503], "AUX_ENDO_LAG_2_1": [0, 0, -0.1348146439, -0.2014502867, -0.2069713348, -0.172167449, -0.1183805913, -0.06265498276, -0.01606259637, 0.01614540608, 0.03334731538, 0.03794109805, 0.03377328516, 0.02488434011, 0.01468568267, 0.005560368675, -0.001196311824, -0.005211995019, -0.006762380108, -0.006478423942, -0.005096682749], "AUX_ENDO_LAG_2_2": [0, 0, 0, -0.1348146439, -0.2014502867, -0.2069713348, -0.172167449, -0.1183805913, -0.06265498276, -0.01606259637, 0.01614540608, 0.03334731538, 0.03794109805, 0.03377328516, 0.02488434011, 0.01468568267, 0.005560368675, -0.001196311824, -0.005211995019, -0.006762380108, -0.006478423942], "AUX_ENDO_LAG_6_1": [0, 0, -1.269227167, -1.231463713, -0.8821594533, -0.4834942747, -0.1410750882, 0.1003196854, 0.2331560892, 0.2731664962, 0.247511641, 0.1854349956, 0.1120468392, 0.045198709, -0.005127543839, -0.03574069104, -0.04830164972, -0.04720613217, -0.0377484915, -0.02480308262, -0.01207521321], "AUX_ENDO_LAG_6_2": [0, 0, 0, -1.269227167, -1.231463713, -0.8821594533, -0.4834942747, -0.1410750882, 0.1003196854, 0.2331560892, 0.2731664962, 0.247511641, 0.1854349956, 0.1120468392, 0.045198709, -0.005127543839, -0.03574069104, -0.04830164972, -0.04720613217, -0.0377484915, -0.02480308262], "AUX_ENDO_LAG_6_3": [0, 0, 0, 0, -1.269227167, -1.231463713, -0.8821594533, -0.4834942747, -0.1410750882, 0.1003196854, 0.2331560892, 0.2731664962, 0.247511641, 0.1854349956, 0.1120468392, 0.045198709, -0.005127543839, -0.03574069104, -0.04830164972, -0.04720613217, -0.0377484915], "AUX_ENDO_LAG_3_1": [0, 0, -0.4348523545, -0.7133288816, -0.6441522753, -0.4630634432, -0.2605292871, -0.0846185866, 0.04151462288, 0.1129276308, 0.1367405297, 0.1262716088, 0.09624509544, 0.05953023512, 0.02544159554, -0.0006664326364, -0.01691818062, -0.02396839976, -0.02393733284, -0.01947048974, -0.01305132638], "AUX_ENDO_LAG_3_2": [0, 0, 0, -0.4348523545, -0.7133288816, -0.6441522753, -0.4630634432, -0.2605292871, -0.0846185866, 0.04151462288, 0.1129276308, 0.1367405297, 0.1262716088, 0.09624509544, 0.05953023512, 0.02544159554, -0.0006664326364, -0.01691818062, -0.02396839976, -0.02393733284, -0.01947048974], "AUX_ENDO_LAG_3_3": [0, 0, 0, 0, -0.4348523545, -0.7133288816, -0.6441522753, -0.4630634432, -0.2605292871, -0.0846185866, 0.04151462288, 0.1129276308, 0.1367405297, 0.1262716088, 0.09624509544, 0.05953023512, 0.02544159554, -0.0006664326364, -0.01691818062, -0.02396839976, -0.02393733284], "AUX_ENDO_LAG_5_1": [0, 0, -0.5392585754, -0.805801147, -0.8278853393, -0.6886697959, -0.4735223653, -0.250619931, -0.06425038547, 0.06458162434, 0.1333892615, 0.1517643922, 0.1350931407, 0.09953736045, 0.05874273068, 0.0222414747, -0.004785247297, -0.02084798008, -0.02704952043, -0.02591369577, -0.020386731], "AUX_ENDO_LAG_5_2": [0, 0, 0, -0.5392585754, -0.805801147, -0.8278853393, -0.6886697959, -0.4735223653, -0.250619931, -0.06425038547, 0.06458162434, 0.1333892615, 0.1517643922, 0.1350931407, 0.09953736045, 0.05874273068, 0.0222414747, -0.004785247297, -0.02084798008, -0.02704952043, -0.02591369577], "AUX_ENDO_LAG_5_3": [0, 0, 0, 0, -0.5392585754, -0.805801147, -0.8278853393, -0.6886697959, -0.4735223653, -0.250619931, -0.06425038547, 0.06458162434, 0.1333892615, 0.1517643922, 0.1350931407, 0.09953736045, 0.05874273068, 0.0222414747, -0.004785247297, -0.02084798008, -0.02704952043]}}