{"interest_": {"q": [0, -3.624906574e-17, -0.05549499516, -0.108811499, -0.1489839326, -0.1749043772, -0.1877710608, -0.1892411155, -0.1811248263, -0.1652883231, -0.1435738262, -0.1177628469, -0.08953228792, -0.06041436499, -0.03176610776, -0.004745051121, 0.01970656059, 0.04086882401, 0.05824320276, 0.0715439945, 0.08068321826], "lagq1": [0, 0, 4.280912106e-16, -0.05549499516, -0.108811499, -0.1489839326, -0.1749043772, -0.1877710608, -0.1892411155, -0.1811248263, -0.1652883231, -0.1435738262, -0.1177628469, -0.08953228792, -0.06041436499, -0.03176610776, -0.004745051121, 0.01970656059, 0.04086882401, 0.05824320276, 0.0715439945], "cwp": [0, -0.02868699593, -0.04480929561, -0.06043551375, -0.07369685537, -0.08325438388, -0.08934886329, -0.09187558401, -0.09099497825, -0.08703217259, -0.08040258186, -0.07160067626, -0.06116356661, -0.04964197064, -0.03757551339, -0.0254710004, -0.01378503067, -0.002910817454, 0.006830831074, 0.01519651654, 0.02202154949], "ldvindex1": [0, -0.02442563503, -0.04080756132, -0.05749649521, -0.07031994625, -0.08025654419, -0.08679331932, -0.08982372185, -0.08952238139, -0.08615236395, -0.08010305861, -0.07184402279, -0.06189132605, -0.05078097989, -0.03904276458, -0.02717842393, -0.01564386035, -0.00483537721, 0.004919936236, 0.01336985928, 0.02033900315], "ldvindex2": [0, -0.04080756132, -0.05749649521, -0.07031994625, -0.08025654419, -0.08679331932, -0.08982372185, -0.08952238139, -0.08615236395, -0.08010305861, -0.07184402279, -0.06189132605, -0.05078097989, -0.03904276458, -0.02717842393, -0.01564386035, -0.00483537721, 0.004919936236, 0.01336985928, 0.02033900315, 0.02572745417], "ldq1": [0, -0.05549499516, -0.108811499, -0.1489839326, -0.1749043772, -0.1877710608, -0.1892411155, -0.1811248263, -0.1652883231, -0.1435738262, -0.1177628469, -0.08953228792, -0.06041436499, -0.03176610776, -0.004745051121, 0.01970656059, 0.04086882401, 0.05824320276, 0.0715439945, 0.08068321826, 0.08575010427], "ldq2": [0, -0.108811499, -0.1489839326, -0.1749043772, -0.1877710608, -0.1892411155, -0.1811248263, -0.1652883231, -0.1435738262, -0.1177628469, -0.08953228792, -0.06041436499, -0.03176610776, -0.004745051121, 0.01970656059, 0.04086882401, 0.05824320276, 0.0715439945, 0.08068321826, 0.08575010427, 0.08698643402], "vindex": [0, -0.01036461163, -0.02442563503, -0.04080756132, -0.05749649521, -0.07031994625, -0.08025654419, -0.08679331932, -0.08982372185, -0.08952238139, -0.08615236395, -0.08010305861, -0.07184402279, -0.06189132605, -0.05078097989, -0.03904276458, -0.02717842393, -0.01564386035, -0.00483537721, 0.004919936236, 0.01336985928], "lagcwp1": [0, 0, -0.02868699593, -0.04480929561, -0.06043551375, -0.07369685537, -0.08325438388, -0.08934886329, -0.09187558401, -0.09099497825, -0.08703217259, -0.08040258186, -0.07160067626, -0.06116356661, -0.04964197064, -0.03757551339, -0.0254710004, -0.01378503067, -0.002910817454, 0.006830831074, 0.01519651654], "lagcwp2": [0, 0, -3.370884621e-17, -0.02868699593, -0.04480929561, -0.06043551375, -0.07369685537, -0.08325438388, -0.08934886329, -0.09187558401, -0.09099497825, -0.08703217259, -0.08040258186, -0.07160067626, -0.06116356661, -0.04964197064, -0.03757551339, -0.0254710004, -0.01378503067, -0.002910817454, 0.006830831074], "pi1": [0, -0.01622766812, -0.02930951452, -0.04423290817, -0.05930636455, -0.06784519198, -0.07542881153, -0.07963429006, -0.08041698655, -0.07860105353, -0.07415437216, -0.0675253096, -0.05920919448, -0.04964398438, -0.03932024378, -0.02870227999, -0.01821353447, -0.008233874102, 0.0009172853548, 0.008986154757, 0.01578691058], "lagpi1": [0, 0, -0.01622766812, -0.02930951452, -0.04423290817, -0.05930636455, -0.06784519198, -0.07542881153, -0.07963429006, -0.08041698655, -0.07860105353, -0.07415437216, -0.0675253096, -0.05920919448, -0.04964398438, -0.03932024378, -0.02870227999, -0.01821353447, -0.008233874102, 0.0009172853548, 0.008986154757], "lagpi2": [0, 0, -6.095676685e-17, -0.01622766812, -0.02930951452, -0.04423290817, -0.05930636455, -0.06784519198, -0.07542881153, -0.07963429006, -0.08041698655, -0.07860105353, -0.07415437216, -0.0675253096, -0.05920919448, -0.04964398438, -0.03932024378, -0.02870227999, -0.01821353447, -0.008233874102, 0.0009172853548], "infl": [0, -0.01622766812, -0.04553718264, -0.08977009081, -0.1490764554, -0.2006939792, -0.2468132762, -0.2822146581, -0.3033252801, -0.3140811417, -0.3128067023, -0.3006977218, -0.2794899298, -0.2505328606, -0.2156987322, -0.1768757026, -0.1358800426, -0.09446993235, -0.05423240321, -0.01654396846, 0.01745647659], "is": [0, 0.9576863925, 0.7474147205, 0.5469797014, 0.3649442344, 0.1999936362, 0.05438146828, -0.06993680163, -0.1724966618, -0.2528598339, -0.3112996389, -0.3487602475, -0.366671017, -0.3669476065, -0.3518795955, -0.3240141763, -0.2860538133, -0.2407453399, -0.1907786258, -0.1386974516, -0.08682313097], "dis": [0, 0.9576863925, -0.210271672, -0.2004350191, -0.182035467, -0.1649505982, -0.1456121679, -0.1243182699, -0.1025598602, -0.08036317205, -0.05843980508, -0.03746060857, -0.01791076947, -0.0002765894737, 0.01506801092, 0.02786541928, 0.03796036301, 0.04530847333, 0.04996671413, 0.05208117423, 0.05187432058], "il": [0, 0.3286208362, 0.1773025579, 0.044963263, -0.06700423061, -0.158456137, -0.2293237924, -0.2801064253, -0.3118660972, -0.3260607411, -0.3245464294, -0.3094813027, -0.2832234532, -0.2482424675, -0.2070232904, -0.1619786754, -0.1153727853, -0.06925621113, -0.02541533508, 0.01466351486, 0.04981525536], "ldis1": [0, 0.7474147205, 0.5469797014, 0.3649442344, 0.1999936362, 0.05438146828, -0.06993680163, -0.1724966618, -0.2528598339, -0.3112996389, -0.3487602475, -0.366671017, -0.3669476065, -0.3518795955, -0.3240141763, -0.2860538133, -0.2407453399, -0.1907786258, -0.1386974516, -0.08682313097, -0.03719418962], "ldis2": [0, 0.5469797014, 0.3649442344, 0.1999936362, 0.05438146828, -0.06993680163, -0.1724966618, -0.2528598339, -0.3112996389, -0.3487602475, -0.366671017, -0.3669476065, -0.3518795955, -0.3240141763, -0.2860538133, -0.2407453399, -0.1907786258, -0.1386974516, -0.08682313097, -0.03719418962, 0.008477324099], "ldis3": [0, 0.3649442344, 0.1999936362, 0.05438146828, -0.06993680163, -0.1724966618, -0.2528598339, -0.3112996389, -0.3487602475, -0.366671017, -0.3669476065, -0.3518795955, -0.3240141763, -0.2860538133, -0.2407453399, -0.1907786258, -0.1386974516, -0.08682313097, -0.03719418962, 0.008477324099, 0.04883294429], "ldis4": [0, 0.1999936362, 0.05438146828, -0.06993680163, -0.1724966618, -0.2528598339, -0.3112996389, -0.3487602475, -0.366671017, -0.3669476065, -0.3518795955, -0.3240141763, -0.2860538133, -0.2407453399, -0.1907786258, -0.1386974516, -0.08682313097, -0.03719418962, 0.008477324099, 0.04883294429, 0.08287878046], "ldis5": [0, 0.05438146828, -0.06993680163, -0.1724966618, -0.2528598339, -0.3112996389, -0.3487602475, -0.366671017, -0.3669476065, -0.3518795955, -0.3240141763, -0.2860538133, -0.2407453399, -0.1907786258, -0.1386974516, -0.08682313097, -0.03719418962, 0.008477324099, 0.04883294429, 0.08287878046, 0.1099816684], "ldis6": [0, -0.06993680163, -0.1724966618, -0.2528598339, -0.3112996389, -0.3487602475, -0.366671017, -0.3669476065, -0.3518795955, -0.3240141763, -0.2860538133, -0.2407453399, -0.1907786258, -0.1386974516, -0.08682313097, -0.03719418962, 0.008477324099, 0.04883294429, 0.08287878046, 0.1099816684, 0.1298521738], "rl": [0, 0.5860083967, 0.4571125472, 0.336419453, 0.2244033743, 0.1238508641, 0.0349289249, -0.04131971311, -0.104181111, -0.1535593446, -0.1895808616, -0.2127714672, -0.2240116702, -0.2244538554, -0.2154852658, -0.1986575862, -0.1756169479, -0.1480398509, -0.1175704278, -0.08576514167, -0.05404620218],