{"interest_": {"q": [0, 5.489278463e-17, -0.03330722456, -0.05958381916, -0.07439411761, -0.07960175068, -0.07772302668, -0.0708785736, -0.06077443572, -0.04878578202, -0.03600664177, -0.02330424595, -0.01134835874, -0.0006319207944, 0.008509071101, 0.01587790136, 0.02139894322, 0.02509862451, 0.02708612517, 0.0275340874, 0.02665994247], "lagq1": [0, 0, 3.675885658e-16, -0.03330722456, -0.05958381916, -0.07439411761, -0.07960175068, -0.07772302668, -0.0708785736, -0.06077443572, -0.04878578202, -0.03600664177, -0.02330424595, -0.01134835874, -0.0006319207944, 0.008509071101, 0.01587790136, 0.02139894322, 0.02509862451, 0.02708612517, 0.0275340874], "cwp": [0, -0.01047145315, -0.0161340815, -0.02124199453, -0.02512204507, -0.0273683328, -0.0281928482, -0.02769602776, -0.0260691332, -0.02354527639, -0.02036454642, -0.01676608747, -0.01297395077, -0.009187917661, -0.005577630811, -0.002279017628, 0.0006069389634, 0.003013534727, 0.004906156162, 0.006278922743, 0.007150515129], "ldvindex1": [0, -0.008835597846, -0.0145361998, -0.02006250802, -0.02386093552, -0.02633827244, -0.02741188725, -0.02716855254, -0.02579818886, -0.02350911698, -0.0205328268, -0.01710237389, -0.01343847853, -0.009740659623, -0.006180341517, -0.002896860693, 4.222026715e-06, 0.002450897602, 0.004402896199, 0.005848657749, 0.006801432816], "ldvindex2": [0, -0.0145361998, -0.02006250802, -0.02386093552, -0.02633827244, -0.02741188725, -0.02716855254, -0.02579818886, -0.02350911698, -0.0205328268, -0.01710237389, -0.01343847853, -0.009740659623, -0.006180341517, -0.002896860693, 4.222026715e-06, 0.002450897602, 0.004402896199, 0.005848657749, 0.006801432816, 0.007294838868], "ldq1": [0, -0.03330722456, -0.05958381916, -0.07439411761, -0.07960175068, -0.07772302668, -0.0708785736, -0.06077443572, -0.04878578202, -0.03600664177, -0.02330424595, -0.01134835874, -0.0006319207944, 0.008509071101, 0.01587790136, 0.02139894322, 0.02509862451, 0.02708612517, 0.0275340874, 0.02665994247, 0.0247084455], "ldq2": [0, -0.05958381916, -0.07439411761, -0.07960175068, -0.07772302668, -0.0708785736, -0.06077443572, -0.04878578202, -0.03600664177, -0.02330424595, -0.01134835874, -0.0006319207944, 0.008509071101, 0.01587790136, 0.02139894322, 0.02509862451, 0.02708612517, 0.0275340874, 0.02665994247, 0.0247084455, 0.02193588948], "vindex": [0, -0.003783336023, -0.008835597846, -0.0145361998, -0.02006250802, -0.02386093552, -0.02633827244, -0.02741188725, -0.02716855254, -0.02579818886, -0.02350911698, -0.0205328268, -0.01710237389, -0.01343847853, -0.009740659623, -0.006180341517, -0.002896860693, 4.222026716e-06, 0.002450897602, 0.004402896199, 0.005848657749], "lagcwp1": [0, 0, -0.01047145315, -0.0161340815, -0.02124199453, -0.02512204507, -0.0273683328, -0.0281928482, -0.02769602776, -0.0260691332, -0.02354527639, -0.02036454642, -0.01676608747, -0.01297395077, -0.009187917661, -0.005577630811, -0.002279017628, 0.0006069389634, 0.003013534727, 0.004906156162, 0.006278922743], "lagcwp2": [0, 0, -2.170594291e-16, -0.01047145315, -0.0161340815, -0.02124199453, -0.02512204507, -0.0273683328, -0.0281928482, -0.02769602776, -0.0260691332, -0.02354527639, -0.02036454642, -0.01676608747, -0.01297395077, -0.009187917661, -0.005577630811, -0.002279017628, 0.0006069389634, 0.003013534727, 0.004906156162], "pi1": [0, -0.005923494634, -0.01057287793, -0.01565239895, -0.02049892966, -0.02267500253, -0.02430333491, -0.0246153309, -0.02370898644, -0.02199461849, -0.01955123329, -0.01660867322, -0.01338814518, -0.0100635411, -0.006803480246, -0.003745772211, -0.0009960928034, 0.001368384002, 0.003300347359, 0.004779550972, 0.005809314934], "lagpi1": [0, 0, -0.005923494634, -0.01057287793, -0.01565239895, -0.02049892966, -0.02267500253, -0.02430333491, -0.0246153309, -0.02370898644, -0.02199461849, -0.01955123329, -0.01660867322, -0.01338814518, -0.0100635411, -0.006803480246, -0.003745772211, -0.0009960928034, 0.001368384002, 0.003300347359, 0.004779550972], "lagpi2": [0, 0, -1.750664775e-16, -0.005923494634, -0.01057287793, -0.01565239895, -0.02049892966, -0.02267500253, -0.02430333491, -0.0246153309, -0.02370898644, -0.02199461849, -0.01955123329, -0.01660867322, -0.01338814518, -0.0100635411, -0.006803480246, -0.003745772211, -0.0009960928034, 0.001368384002, 0.003300347359], "infl": [0, -0.005923494634, -0.01649637256, -0.03214877152, -0.05264770118, -0.06939920908, -0.08312966605, -0.092092598, -0.09530265478, -0.09462227074, -0.08987016912, -0.08186351144, -0.07154267019, -0.0596115928, -0.04686383976, -0.03400093875, -0.02160888637, -0.01017696126, -7.313365289e-05, 0.00845218953, 0.01525759727], "is": [0, 0.9960958886, 0.6418747409, 0.3957901794, 0.2188159857, 0.09073926059, -0.002469601134, -0.06910082709, -0.1141272539, -0.1421825122, -0.1563029945, -0.1591096803, -0.1530123243, -0.1401088559, -0.1223359228, -0.1014499925, -0.07900115926, -0.05633011634, -0.03455179966, -0.01454893051, 0.00302480465], "dis": [0, 0.9960958886, -0.3542211477, -0.2460845616, -0.1769741937, -0.1280767251, -0.09320886173, -0.06663122596, -0.04502642679, -0.02805525835, -0.01412048223, -0.002806685807, 0.006097355978, 0.01290346836, 0.01777293308, 0.02088593038, 0.02244883321, 0.02267104292, 0.02177831667, 0.02000286916, 0.01757373516], "il": [0, 0.2697022966, 0.1274174965, 0.02764527961, -0.04171720285, -0.08819574159, -0.1170517562, -0.1320350464, -0.136078692, -0.1316879302, -0.1209563807, -0.1057374814, -0.08766738766, -0.06816274654, -0.04843221663, -0.02947129201, -0.01206233, 0.003218811235, 0.01599210477, 0.02605688221, 0.03337086414], "ldis1": [0, 0.6418747409, 0.3957901794, 0.2188159857, 0.09073926059, -0.002469601134, -0.06910082709, -0.1141272539, -0.1421825122, -0.1563029945, -0.1591096803, -0.1530123243, -0.1401088559, -0.1223359228, -0.1014499925, -0.07900115926, -0.05633011634, -0.03455179966, -0.01454893051, 0.00302480465, 0.01773538338], "ldis2": [0, 0.3957901794, 0.2188159857, 0.09073926059, -0.002469601134, -0.06910082709, -0.1141272539, -0.1421825122, -0.1563029945, -0.1591096803, -0.1530123243, -0.1401088559, -0.1223359228, -0.1014499925, -0.07900115926, -0.05633011634, -0.03455179966, -0.01454893051, 0.00302480465, 0.01773538338, 0.02935147416], "ldis3": [0, 0.2188159857, 0.09073926059, -0.002469601134, -0.06910082709, -0.1141272539, -0.1421825122, -0.1563029945, -0.1591096803, -0.1530123243, -0.1401088559, -0.1223359228, -0.1014499925, -0.07900115926, -0.05633011634, -0.03455179966, -0.01454893051, 0.00302480465, 0.01773538338, 0.02935147416, 0.03782170357], "ldis4": [0, 0.09073926059, -0.002469601134, -0.06910082709, -0.1141272539, -0.1421825122, -0.1563029945, -0.1591096803, -0.1530123243, -0.1401088559, -0.1223359228, -0.1014499925, -0.07900115926, -0.05633011634, -0.03455179966, -0.01454893051, 0.00302480465, 0.01773538338, 0.02935147416, 0.03782170357, 0.04324797063], "ldis5": [0, -0.002469601134, -0.06910082709, -0.1141272539, -0.1421825122, -0.1563029945, -0.1591096803, -0.1530123243, -0.1401088559, -0.1223359228, -0.1014499925, -0.07900115926, -0.05633011634, -0.03455179966, -0.01454893051, 0.00302480465, 0.01773538338, 0.02935147416, 0.03782170357, 0.04324797063, 0.04585623194], "ldis6": [0, -0.06910082709, -0.1141272539, -0.1421825122, -0.1563029945, -0.1591096803, -0.1530123243, -0.1401088559, -0.1223359228, -0.1014499925, -0.07900115926, -0.05633011634, -0.03455179966, -0.01454893051, 0.00302480465, 0.01773538338, 0.02935147416, 0.03782170357, 0.04324797063, 0.04585623194, 0.04596641988], "rl": [0, 0.3517130365, 0.2139174141, 0.1146233343, 0.04170545963, -0.01107880982, -0.04868475172, -0.07410282128, -0.08950291377, -0.09679365319, -0.09748789402, -0.09296310677, -0.08449174311, -0.07322534974, -0.06021133381, -0.04637814279, -0.03252294698, -0.0193058405, -0.007245703581, 0.00327816185, 0.01201929992],