{"interest_": {"q": [0, 8.179409088e-18, -0.01041103835, -0.01093247871, -0.009507386436, -0.007819340059, -0.006233660902, -0.004824544368, -0.003602715579, -0.002562699815, -0.001692535724, -0.0009778770511, -0.0004031249765, 4.783124307e-05, 0.000390924567, 0.000641507274, 0.0008140375756, 0.0009218572443, 0.0009770656103, 0.0009904560436, 0.0009715056858], "lagq1": [0, 0, -8.052995209e-17, -0.01041103835, -0.01093247871, -0.009507386436, -0.007819340059, -0.006233660902, -0.004824544368, -0.003602715579, -0.002562699815, -0.001692535724, -0.0009778770511, -0.0004031249765, 4.783124307e-05, 0.000390924567, 0.000641507274, 0.0008140375756, 0.0009218572443, 0.0009770656103, 0.0009904560436], "cwp": [0, -0.001258342492, -0.001876335842, -0.002328765956, -0.002631305911, -0.002772953652, -0.002802033112, -0.00274196905, -0.002614951147, -0.002440995445, -0.002236180368, -0.002013827147, -0.001784638573, -0.001556975255, -0.001337185129, -0.001129885039, -0.0009382336159, -0.0007641830463, -0.0006087060861, -0.0004719986582, -0.0003536574749], "ldvindex1": [0, -0.001039190269, -0.001647980277, -0.002193283536, -0.002513358135, -0.002691694423, -0.002750461086, -0.002713162685, -0.002605091332, -0.002445775965, -0.002251984786, -0.002037608559, -0.001813806911, -0.00158939996, -0.001371142717, -0.001164012982, -0.0009714863081, -0.0007957874533, -0.0006381202056, -0.0004988729747, -0.0003777998027], "ldvindex2": [0, -0.001647980277, -0.002193283536, -0.002513358135, -0.002691694423, -0.002750461086, -0.002713162685, -0.002605091332, -0.002445775965, -0.002251984786, -0.002037608559, -0.001813806911, -0.00158939996, -0.001371142717, -0.001164012982, -0.0009714863081, -0.0007957874533, -0.0006381202056, -0.0004988729747, -0.0003777998027, -0.0002741773689], "ldq1": [0, -0.01041103835, -0.01093247871, -0.009507386436, -0.007819340059, -0.006233660902, -0.004824544368, -0.003602715579, -0.002562699815, -0.001692535724, -0.0009778770511, -0.0004031249765, 4.783124307e-05, 0.000390924567, 0.000641507274, 0.0008140375756, 0.0009218572443, 0.0009770656103, 0.0009904560436, 0.0009715056858, 0.0009284073523], "ldq2": [0, -0.01093247871, -0.009507386436, -0.007819340059, -0.006233660902, -0.004824544368, -0.003602715579, -0.002562699815, -0.001692535724, -0.0009778770511, -0.0004031249765, 4.783124307e-05, 0.000390924567, 0.000641507274, 0.0008140375756, 0.0009218572443, 0.0009770656103, 0.0009904560436, 0.0009715056858, 0.0009284073523, 0.0008681312564], "vindex": [0, -0.0004546391425, -0.001039190269, -0.001647980277, -0.002193283536, -0.002513358135, -0.002691694423, -0.002750461086, -0.002713162685, -0.002605091332, -0.002445775965, -0.002251984786, -0.002037608559, -0.001813806911, -0.00158939996, -0.001371142717, -0.001164012982, -0.0009714863081, -0.0007957874533, -0.0006381202056, -0.0004988729747], "lagcwp1": [0, 0, -0.001258342492, -0.001876335842, -0.002328765956, -0.002631305911, -0.002772953652, -0.002802033112, -0.00274196905, -0.002614951147, -0.002440995445, -0.002236180368, -0.002013827147, -0.001784638573, -0.001556975255, -0.001337185129, -0.001129885039, -0.0009382336159, -0.0007641830463, -0.0006087060861, -0.0004719986582], "lagcwp2": [0, 0, 9.069053092e-17, -0.001258342492, -0.001876335842, -0.002328765956, -0.002631305911, -0.002772953652, -0.002802033112, -0.00274196905, -0.002614951147, -0.002440995445, -0.002236180368, -0.002013827147, -0.001784638573, -0.001556975255, -0.001337185129, -0.001129885039, -0.0009382336159, -0.0007641830463, -0.0006087060861], "pi1": [0, -0.0007118195435, -0.001235187909, -0.001745669073, -0.002204768634, -0.002342315927, -0.002446116696, -0.002451115136, -0.002367424796, -0.002243205111, -0.002080324455, -0.001893549646, -0.001696094413, -0.001494950335, -0.001297208592, -0.00110802343, -0.0009308111984, -0.0007680135289, -0.0006210276863, -0.0004904390084, -0.000376229966], "lagpi1": [0, 0, -0.0007118195435, -0.001235187909, -0.001745669073, -0.002204768634, -0.002342315927, -0.002446116696, -0.002451115136, -0.002367424796, -0.002243205111, -0.002080324455, -0.001893549646, -0.001696094413, -0.001494950335, -0.001297208592, -0.00110802343, -0.0009308111984, -0.0007680135289, -0.0006210276863, -0.0004904390084], "lagpi2": [0, 0, 3.368355704e-16, -0.0007118195435, -0.001235187909, -0.001745669073, -0.002204768634, -0.002342315927, -0.002446116696, -0.002451115136, -0.002367424796, -0.002243205111, -0.002080324455, -0.001893549646, -0.001696094413, -0.001494950335, -0.001297208592, -0.00110802343, -0.0009308111984, -0.0007680135289, -0.0006210276863], "infl": [0, -0.0007118195435, -0.001947007453, -0.003692676526, -0.00589744516, -0.007527941544, -0.008738870331, -0.009444316393, -0.009606972555, -0.009507861738, -0.009142069497, -0.008584504007, -0.007913173624, -0.007164918849, -0.006381802986, -0.00559627677, -0.004830993556, -0.004104056749, -0.003427875844, -0.002810291422, -0.00225571019], "is": [0, 0.9789268277, -0.02359717836, -0.02521770716, -0.0257904768, -0.0252363932, -0.02420886183, -0.02268723245, -0.02083581532, -0.01882521689, -0.01672931921, -0.01463436169, -0.01260453458, -0.01068178617, -0.008898272001, -0.007273774283, -0.005818383054, -0.004535159994, -0.003421259895, -0.00246950949, -0.00166968236], "dis": [0, 0.9789268277, -1.002524006, -0.001620528806, -0.0005727696374, 0.000554083606, 0.001027531369, 0.001521629374, 0.00185141713, 0.002010598434, 0.002095897682, 0.002094957513, 0.002029827115, 0.001922748402, 0.001783514174, 0.001624497718, 0.001455391229, 0.00128322306, 0.0011139001, 0.0009517504048, 0.0007998271297], "il": [0, 0.1014191453, -0.02329986025, -0.02244137786, -0.02111845967, -0.01947021689, -0.01765089102, -0.01573706729, -0.01381038502, -0.01193320598, -0.01014694887, -0.008483441459, -0.006962834934, -0.005595978406, -0.004386939632, -0.003334078123, -0.002431526367, -0.001670402528, -0.001039741784, -0.0005273250915, -0.000120336634], "ldis1": [0, -0.02359717836, -0.02521770716, -0.0257904768, -0.0252363932, -0.02420886183, -0.02268723245, -0.02083581532, -0.01882521689, -0.01672931921, -0.01463436169, -0.01260453458, -0.01068178617, -0.008898272001, -0.007273774283, -0.005818383054, -0.004535159994, -0.003421259895, -0.00246950949, -0.00166968236, -0.001009475977], "ldis2": [0, -0.02521770716, -0.0257904768, -0.0252363932, -0.02420886183, -0.02268723245, -0.02083581532, -0.01882521689, -0.01672931921, -0.01463436169, -0.01260453458, -0.01068178617, -0.008898272001, -0.007273774283, -0.005818383054, -0.004535159994, -0.003421259895, -0.00246950949, -0.00166968236, -0.001009475977, -0.0004753799322], "ldis3": [0, -0.0257904768, -0.0252363932, -0.02420886183, -0.02268723245, -0.02083581532, -0.01882521689, -0.01672931921, -0.01463436169, -0.01260453458, -0.01068178617, -0.008898272001, -0.007273774283, -0.005818383054, -0.004535159994, -0.003421259895, -0.00246950949, -0.00166968236, -0.001009475977, -0.0004753799322, -5.336023612e-05], "ldis4": [0, -0.0252363932, -0.02420886183, -0.02268723245, -0.02083581532, -0.01882521689, -0.01672931921, -0.01463436169, -0.01260453458, -0.01068178617, -0.008898272001, -0.007273774283, -0.005818383054, -0.004535159994, -0.003421259895, -0.00246950949, -0.00166968236, -0.001009475977, -0.0004753799322, -5.336023612e-05, 0.0002706076631], "ldis5": [0, -0.02420886183, -0.02268723245, -0.02083581532, -0.01882521689, -0.01672931921, -0.01463436169, -0.01260453458, -0.01068178617, -0.008898272001, -0.007273774283, -0.005818383054, -0.004535159994, -0.003421259895, -0.00246950949, -0.00166968236, -0.001009475977, -0.0004753799322, -5.336023612e-05, 0.0002706076631, 0.0005101259539], "ldis6": [0, -0.02268723245, -0.02083581532, -0.01882521689, -0.01672931921, -0.01463436169, -0.01260453458, -0.01068178617, -0.008898272001, -0.007273774283, -0.005818383054, -0.004535159994, -0.003421259895, -0.00246950949, -0.00166968236, -0.001009475977, -0.0004753799322, -5.336023612e-05, 0.0002706076631, 0.0005101259539, 0.0006780736456],