{"interest_": {"c": [0, -0.711747056, -0.6821113131, -0.4765827884, -0.2869872745, -0.1564343718, -0.07850054238, -0.03630137291, -0.01525405784, -0.005584878763, -0.001556180952, -0.000101520865, 0.0002899804794, 0.0003031709442, 0.0002183823987, 0.0001338416762, 7.392170474e-05, 3.753565118e-05, 1.757644163e-05, 7.503398185e-06, 2.816864068e-06], "p_m": [0, -0.8730763389, -1.283756146, -1.460060582, -1.526821474, -1.54692711, -1.549581341, -1.547121528, -1.5441036, -1.541823486, -1.540389359, -1.539582379, -1.539165901, -1.53896759, -1.538881182, -1.538847724, -1.538837163, -1.538835368, -1.538836276, -1.538837593, -1.538838629], "i": [0, 0.3680635969, 0.06006147345, -0.03403638981, -0.04756619671, -0.03711527202, -0.02373244918, -0.0135076981, -0.007039160783, -0.003384512017, -0.001491808383, -0.0005874161875, -0.0001917030032, -3.753533443e-05, 1.173514477e-05, 2.058763277e-05, 1.680997343e-05, 1.098656101e-05, 6.345739629e-06, 3.347378629e-06, 1.628787291e-06], "pi_e_c": [0, -0.4106798072, -0.176304436, -0.06676089221, -0.02010563583, -0.002654231447, 0.002459813119, 0.003017928551, 0.002280114088, 0.001434127072, 0.0008069792278, 0.0004164785549, 0.0001983107907, 8.640785818e-05, 3.345799669e-05, 1.056124421e-05, 1.795072767e-06, -9.079622815e-07, -1.316881821e-06, -1.036092203e-06, -6.652295996e-07], "w": [0, -2.506794128, -2.110724585, -1.846025503, -1.690914604, -1.608135746, -1.567404835, -1.548970387, -1.541439886, -1.538810573, -1.538164795, -1.538200241, -1.538394922, -1.538572674, -1.538694577, -1.538767169, -1.538806401, -1.538825934, -1.53883489, -1.538838612, -1.538839951], "p_c": [0, -0.8730763389, -1.283756146, -1.460060582, -1.526821474, -1.54692711, -1.549581341, -1.547121528, -1.5441036, -1.541823486, -1.540389359, -1.539582379, -1.539165901, -1.53896759, -1.538881182, -1.538847724, -1.538837163, -1.538835368, -1.538836276, -1.538837593, -1.538838629], "n": [0, -0.708446616, -0.6804406698, -0.4758030613, -0.2866557733, -0.156310718, -0.07846453533, -0.03629763785, -0.01525943908, -0.005590965454, -0.00156067502, -0.000104313063, 0.0002884229455, 0.0003023731348, 0.0002180054194, 0.0001336789379, 7.385955841e-05, 3.751659186e-05, 1.757364175e-05, 7.505458031e-06, 2.819534929e-06], "s": [0, 0, 3.047333867e-19, 6.508831803e-19, 9.197061644e-19, 1.09661656e-18, 1.202932366e-18, 1.264462878e-18, 1.300637504e-18, 1.323653707e-18, 1.34036583e-18, 1.354307337e-18, 1.367158784e-18, 1.37965141e-18, 1.392067785e-18, 1.404496737e-18, 1.416953082e-18, 1.429428913e-18, 1.441912971e-18, 1.454396436e-18, 1.466873662e-18], "u": [0, 1.614113175, 0.8170448173, 0.3813333416, 0.1621240127, 0.06047413221, 0.01760961181, 0.001826672255, -0.002631748991, -0.002976757363, -0.002197868892, -0.001365552346, -0.0007617275172, -0.0003901766757, -0.0001843654986, -7.958875726e-05, -3.039328218e-05, -9.321153075e-06, -1.369307385e-06, 1.007388141e-06, 1.306210983e-06], "pi_q": [0, -0.8730763389, -0.4106798072, -0.176304436, -0.06676089221, -0.02010563583, -0.002654231447, 0.002459813119, 0.003017928551, 0.002280114088, 0.001434127072, 0.0008069792278, 0.0004164785549, 0.0001983107907, 8.640785818e-05, 3.345799669e-05, 1.056124422e-05, 1.795072768e-06, -9.079622803e-07, -1.31688182e-06, -1.036092202e-06], "pi_e_q": [0, -0.4106798072, -0.176304436, -0.06676089221, -0.02010563583, -0.002654231447, 0.002459813119, 0.003017928551, 0.002280114088, 0.001434127072, 0.0008069792278, 0.0004164785549, 0.0001983107907, 8.640785818e-05, 3.345799669e-05, 1.056124421e-05, 1.795072767e-06, -9.079622816e-07, -1.316881822e-06, -1.036092204e-06, -6.652295997e-07], "x_f": [0, -0.711747056, -0.6821113131, -0.4765827884, -0.2869872745, -0.1564343718, -0.07850054238, -0.03630137291, -0.01525405784, -0.005584878763, -0.001556180952, -0.000101520865, 0.0002899804794, 0.0003031709442, 0.0002183823987, 0.0001338416762, 7.392170474e-05, 3.753565118e-05, 1.757644163e-05, 7.503398185e-06, 2.816864068e-06], "y": [0, -0.711747056, -0.6821113131, -0.4765827884, -0.2869872745, -0.1564343718, -0.07850054238, -0.03630137291, -0.01525405784, -0.005584878763, -0.001556180952, -0.000101520865, 0.0002899804794, 0.0003031709442, 0.0002183823987, 0.0001338416762, 7.392170474e-05, 3.753565118e-05, 1.757644163e-05, 7.503398185e-06, 2.816864068e-06], "y_f": [0, 0, -3.910975086e-16, -6.340849312e-18, 5.873777572e-17, 1.755471153e-16, 2.333940185e-16, 2.599467309e-16, 2.710810411e-16, 2.751813191e-16, 2.763569029e-16, 2.764707599e-16, 2.762907317e-16, 2.760913741e-16, 2.759457679e-16, 2.758560959e-16, 2.758064765e-16, 2.757812425e-16, 2.757693751e-16, 2.757642328e-16, 2.75762202e-16], "n_f": [0, 0, -3.429329856e-16, -8.631739801e-17, 6.834837277e-17, 1.663508883e-16, 2.221889923e-16, 2.514968509e-16, 2.65771502e-16, 2.721957123e-16, 2.748169531e-16, 2.757379345e-16, 2.759716545e-16, 2.759679551e-16, 2.75906894e-16, 2.758495549e-16, 2.758098821e-16, 2.757861341e-16, 2.757732154e-16, 2.75766696e-16, 2.757636068e-16], "q": [0, -0.7280512295, -0.690364291, -0.4804346404, -0.2886248908, -0.1570452216, -0.07867841725, -0.03631982415, -0.01522747452, -0.005554810506, -0.001533980256, -8.772740697e-05, 0.0002976746968, 0.0003071121228, 0.0002202446765, 0.000134645603, 7.422870759e-05, 3.762980424e-05, 1.759027302e-05, 7.493222547e-06, 2.803670018e-06], "p_q": [0, -0.8730763389, -1.283756146, -1.460060582, -1.526821474, -1.54692711, -1.549581341, -1.547121528, -1.5441036, -1.541823486, -1.540389359, -1.539582379, -1.539165901, -1.53896759, -1.538881182, -1.538847724, -1.538837163, -1.538835368, -1.538836276, -1.538837593, -1.538838629], "pi_c": [0, -0.8730763389, -0.4106798072, -0.176304436, -0.06676089221, -0.02010563583, -0.002654231447, 0.002459813119, 0.003017928551, 0.002280114088, 0.001434127072, 0.0008069792278, 0.0004164785549, 0.0001983107907, 8.640785818e-05, 3.345799669e-05, 1.056124421e-05, 1.795072767e-06, -9.079622814e-07, -1.316881821e-06, -1.036092203e-06], "p_y": [0, -0.8730763389, -1.283756146, -1.460060582, -1.526821474, -1.54692711, -1.549581341, -1.547121528, -1.5441036, -1.541823486, -1.540389359, -1.539582379, -1.539165901, -1.53896759, -1.538881182, -1.538847724, -1.538837163, -1.538835368, -1.538836276, -1.538837593, -1.538838629], "interest": [0, 0.3680635969, 0.06006147345, -0.03403638981, -0.04756619671, -0.03711527202, -0.02373244918, -0.0135076981, -0.007039160783, -0.003384512017, -0.001491808383, -0.0005874161875, -0.0001917030032, -3.753533443e-05, 1.173514477e-05, 2.058763277e-05, 1.680997343e-05, 1.098656101e-05, 6.345739629e-06, 3.347378629e-06, 1.628787291e-06], "inflation": [0, -0.8730763389, -1.283756146, -1.460060582, -1.526821474, -0.6738507712, -0.2658251954, -0.08706094636, -0.0172821256, 0.00510362431, 0.009191982829, 0.007539148938, 0.004937698943, 0.002855895646, 0.001508176432, 0.0007346552005, 0.0003287378898, 0.0001322221719, 4.490635139e-05, 1.013147288e-05, -1.465863535e-06], "inflationq": [0, -3.492305355, -1.642719229, -0.7052177438, -0.2670435688, -0.08042254331, -0.01061692579, 0.009839252475, 0.0120717142, 0.009120456351, 0.005736508289, 0.003227916911, 0.001665914219, 0.0007932431629, 0.0003456314327, 0.0001338319868, 4.224497686e-05, 7.18029107e-06, -3.631849122e-06, -5.267527282e-06, -4.14436881e-06], "outputgap": [0, -0.711747056, -0.6821113131, -0.4765827884, -0.2869872745, -0.1564343718, -0.07850054238, -0.03630137291, -0.01525405784, -0.005584878763, -0.001556180952, -0.000101520865, 0.0002899804794, 0.0003031709442, 0.0002183823987, 0.0001338416762, 7.392170474e-05, 3.753565118e-05, 1.757644163e-05, 7.503398185e-06, 2.816864068e-06], "output": [0, -0.711747056, -0.6821113131, -0.4765827884, -0.2869872745, -0.1564343718, -0.07850054238, -0.03630137291, -0.01525405784, -0.005584878763, -0.001556180952, -0.000101520865, 0.0002899804794, 0.0003031709442, 0.0002183823987, 0.0001338416762, 7.392170474e-05, 3.753565118e-05, 1.757644163e-05, 7.503398185e-06, 2.816864069e-06],