{"interest_": {"c": [0, -0.1847709958, -0.1241202628, -0.0638839026, -0.02981892195, -0.01329089651, -0.005782163055, -0.002481933431, -0.001057200932, -0.0004483222996, -0.0001896222037, -8.007918401e-05, -3.378740254e-05, -1.424806053e-05, -6.006448399e-06, -2.531612705e-06, -1.06691003e-06, -4.496030328e-07, -1.89458188e-07, -7.983388346e-08, -3.363992584e-08], "p_m": [0, -0.1525929191, -0.1843986744, -0.1896650558, -0.1898471166, -0.1894137909, -0.1891034953, -0.1889407714, -0.1888641988, -0.188829929, -0.188814987, -0.1888085653, -0.1888058279, -0.1888046666, -0.1888041753, -0.1888039678, -0.1888038802, -0.1888038433, -0.1888038277, -0.1888038212, -0.1888038184], "i": [0, 0.2392020332, 0.009964124487, -0.01854340052, -0.01350782107, -0.007117497437, -0.003356060353, -0.00150351394, -0.0006559098359, -0.0002819816222, -0.000120220439, -5.1008059e-05, -2.158099768e-05, -9.115511048e-06, -3.846475679e-06, -1.622152522e-06, -6.838646472e-07, -2.882434501e-07, -1.214774835e-07, -5.119183176e-08, -2.157182384e-08], "pi_e_c": [0, -0.03180575529, -0.005266381457, -0.0001820607606, 0.0004333257201, 0.0003102955402, 0.0001627239262, 7.657261886e-05, 3.426974216e-05, 1.494203043e-05, 6.421735125e-06, 2.7373656e-06, 1.161310429e-06, 4.913088821e-07, 2.075145316e-07, 8.756312374e-08, 3.692703733e-08, 1.556752902e-08, 6.561559205e-09, 2.765299993e-09, 1.165323417e-09], "w": [0, -0.5767094083, -0.2775253086, -0.2074769748, -0.1919870553, -0.1889720664, -0.1885809935, -0.1886363836, -0.1887148519, -0.1887617192, -0.1887849236, -0.1887955666, -0.1888002678, -0.188802303, -0.1888031742, -0.1888035446, -0.1888037016, -0.1888037679, -0.188803796, -0.1888038078, -0.1888038127], "p_c": [0, -0.1525929191, -0.1843986744, -0.1896650558, -0.1898471166, -0.1894137909, -0.1891034953, -0.1889407714, -0.1888641988, -0.188829929, -0.188814987, -0.1888085653, -0.1888058279, -0.1888046666, -0.1888041753, -0.1888039678, -0.1888038802, -0.1888038433, -0.1888038277, -0.1888038212, -0.1888038184], "n": [0, -0.1839141948, -0.1239321282, -0.06384791892, -0.02981459885, -0.01329178888, -0.005783218614, -0.002482548356, -0.001057502643, -0.0004484600974, -0.0001896829379, -8.010544403e-05, -3.379863505e-05, -1.425283545e-05, -6.008470882e-06, -2.532467538e-06, -1.067270886e-06, -4.497552495e-07, -1.895223681e-07, -7.986093706e-08, -3.365132788e-08], "s": [0, 0, -2.68119656e-17, -3.979351374e-17, -6.031450572e-17, -7.699263354e-17, -9.27784623e-17, -1.083635785e-16, -1.239012664e-16, -1.394215364e-16, -1.549283828e-16, -1.70421329e-16, -1.858996405e-16, -2.013628805e-16, -2.168108402e-16, -2.322434317e-16, -2.476606251e-16, -2.630624159e-16, -2.784488111e-16, -2.938198226e-16, -3.091754642e-16], "u": [0, 0.4190270914, 0.09200911459, 0.01759817598, 0.002114259419, -0.0004364237992, -0.0005162317598, -0.0003007351074, -0.0001475547519, -6.739136343e-05, -2.970262825e-05, -1.284272414e-05, -5.493371899e-06, -2.335221499e-06, -9.891155969e-07, -4.180645738e-07, -1.764798085e-07, -7.444307258e-08, -3.138791197e-08, -1.323083161e-08, -5.57627923e-09], "pi_q": [0, -0.1525929191, -0.03180575529, -0.005266381457, -0.0001820607606, 0.0004333257201, 0.0003102955402, 0.0001627239262, 7.657261886e-05, 3.426974216e-05, 1.494203043e-05, 6.421735125e-06, 2.7373656e-06, 1.161310429e-06, 4.91308882e-07, 2.075145316e-07, 8.756312368e-08, 3.692703727e-08, 1.556752896e-08, 6.561559144e-09, 2.765299932e-09], "pi_e_q": [0, -0.03180575529, -0.005266381457, -0.0001820607606, 0.0004333257201, 0.0003102955402, 0.0001627239262, 7.657261886e-05, 3.426974216e-05, 1.494203043e-05, 6.421735125e-06, 2.7373656e-06, 1.161310429e-06, 4.913088821e-07, 2.075145316e-07, 8.756312371e-08, 3.69270373e-08, 1.556752899e-08, 6.561559177e-09, 2.765299965e-09, 1.165323389e-09], "x_f": [0, -0.1847709958, -0.1241202628, -0.0638839026, -0.02981892195, -0.01329089651, -0.005782163055, -0.002481933431, -0.001057200932, -0.0004483222996, -0.0001896222037, -8.007918401e-05, -3.378740254e-05, -1.424806053e-05, -6.006448399e-06, -2.531612705e-06, -1.06691003e-06, -4.496030328e-07, -1.894581879e-07, -7.98338834e-08, -3.363992579e-08], "y": [0, -0.1847709958, -0.1241202628, -0.0638839026, -0.02981892195, -0.01329089651, -0.005782163055, -0.002481933431, -0.001057200932, -0.0004483222996, -0.0001896222037, -8.007918401e-05, -3.378740254e-05, -1.424806053e-05, -6.006448399e-06, -2.531612705e-06, -1.06691003e-06, -4.496030328e-07, -1.89458188e-07, -7.983388343e-08, -3.363992582e-08], "y_f": [0, 0, 2.166988793e-19, 3.925149259e-19, 7.129788145e-19, 1.005935074e-18, 1.288082116e-18, 1.563886835e-18, 1.835611375e-18, 2.10476681e-18, 2.372338846e-18, 2.638924915e-18, 2.904865234e-18, 3.170344769e-18, 3.435460736e-18, 3.700262994e-18, 3.964776683e-18, 4.229014355e-18, 4.492982266e-18, 4.756683578e-18, 5.020119942e-18], "n_f": [0, 0, 2.945166551e-19, 5.011611924e-19, 8.274033025e-19, 1.120988558e-18, 1.402948502e-18, 1.678561176e-18, 1.95017645e-18, 2.219278746e-18, 2.486826614e-18, 2.753402055e-18, 3.019337784e-18, 3.284815357e-18, 3.54993049e-18, 3.814732395e-18, 4.079245935e-18, 4.343483544e-18, 4.607451429e-18, 4.871152729e-18, 5.134589089e-18], "q": [0, -0.1890035926, -0.1250496478, -0.06406166195, -0.02984027811, -0.01328648819, -0.005776948593, -0.002478895703, -0.00105571048, -0.0004476415788, -0.0001893221772, -7.994945953e-05, -3.373191394e-05, -1.422447243e-05, -5.996457333e-06, -2.52738983e-06, -1.065127406e-06, -4.488510826e-07, -1.891411384e-07, -7.970023868e-08, -3.358359978e-08], "p_q": [0, -0.1525929191, -0.1843986744, -0.1896650558, -0.1898471166, -0.1894137909, -0.1891034953, -0.1889407714, -0.1888641988, -0.188829929, -0.188814987, -0.1888085653, -0.1888058279, -0.1888046666, -0.1888041753, -0.1888039678, -0.1888038802, -0.1888038433, -0.1888038277, -0.1888038212, -0.1888038184], "pi_c": [0, -0.1525929191, -0.03180575529, -0.005266381457, -0.0001820607606, 0.0004333257201, 0.0003102955402, 0.0001627239262, 7.657261886e-05, 3.426974216e-05, 1.494203043e-05, 6.421735125e-06, 2.7373656e-06, 1.161310429e-06, 4.91308882e-07, 2.075145315e-07, 8.756312366e-08, 3.692703725e-08, 1.556752894e-08, 6.56155912e-09, 2.765299908e-09], "p_y": [0, -0.1525929191, -0.1843986744, -0.1896650558, -0.1898471166, -0.1894137909, -0.1891034953, -0.1889407714, -0.1888641988, -0.188829929, -0.188814987, -0.1888085653, -0.1888058279, -0.1888046666, -0.1888041753, -0.1888039678, -0.1888038802, -0.1888038433, -0.1888038277, -0.1888038212, -0.1888038184], "interest": [0, 0.2392020332, 0.009964124487, -0.01854340052, -0.01350782107, -0.007117497437, -0.003356060353, -0.00150351394, -0.0006559098359, -0.0002819816222, -0.000120220439, -5.1008059e-05, -2.158099768e-05, -9.115511048e-06, -3.846475679e-06, -1.622152522e-06, -6.838646472e-07, -2.882434501e-07, -1.214774834e-07, -5.119183174e-08, -2.157182381e-08], "inflation": [0, -0.1525929191, -0.1843986744, -0.1896650558, -0.1898471166, -0.03682087179, -0.004704820958, 0.000724284426, 0.0009829178054, 0.0005838618274, 0.0002885083176, 0.0001322061266, 5.837087331e-05, 2.526244158e-05, 1.081172004e-05, 4.597499442e-06, 1.947696966e-06, 8.233135745e-07, 3.475722215e-07, 1.466192491e-07, 6.182142531e-08], "inflationq": [0, -0.6103716763, -0.1272230211, -0.02106552583, -0.0007282430423, 0.00173330288, 0.001241182161, 0.0006508957048, 0.0003062904755, 0.0001370789686, 5.976812172e-05, 2.56869405e-05, 1.09494624e-05, 4.645241714e-06, 1.965235528e-06, 8.300581263e-07, 3.502524947e-07, 1.477081491e-07, 6.227011586e-08, 2.624623659e-08, 1.106119975e-08], "outputgap": [0, -0.1847709958, -0.1241202628, -0.0638839026, -0.02981892195, -0.01329089651, -0.005782163055, -0.002481933431, -0.001057200932, -0.0004483222996, -0.0001896222037, -8.007918401e-05, -3.378740254e-05, -1.424806053e-05, -6.006448399e-06, -2.531612705e-06, -1.06691003e-06, -4.496030328e-07, -1.894581879e-07, -7.983388337e-08, -3.363992575e-08],