{"interest_": {"c": [0, -0.5063477798, -0.3467447759, -0.1036006188, 0.03215030395, 0.01994477741, -0.01184329821, -0.01510561467, -0.00345808065, 0.002704616212, 0.00171332648, -0.0004074878495, -0.0007612050829, -0.0001756282976, 0.0001650155513, 0.0001089659916, -1.597548645e-05, -4.155838734e-05, -1.037945867e-05, 9.24497034e-06, 6.517838004e-06], "p_m": [0, -0.3354077372, -0.3389735033, -0.2645935065, -0.2246757762, -0.236654378, -0.2523338702, -0.2543600841, -0.2499514772, -0.2477309756, -0.2483138729, -0.2492273096, -0.2493672856, -0.2491267032, -0.2489952925, -0.2490243804, -0.249076504, -0.2490859569, -0.2490727739, -0.249065027, -0.2490664297], "i": [0, 0.7305198301, 0.2244802769, -0.03647599352, -0.1690267459, -0.04431024288, 0.02679237326, 0.02294321026, -0.00188142782, -0.0082807787, -0.00263955396, 0.001605838497, 0.001369698109, -3.475211868e-05, -0.000456222002, -0.0001562559228, 8.722844853e-05, 8.032186501e-05, 8.325646947e-07, -2.53574449e-05, -9.43489425e-06], "pi_e_c": [0, -0.003565766052, 0.07437999678, 0.03991773033, -0.0119786018, -0.01567949218, -0.002026213976, 0.004408606902, 0.002220501645, -0.0005828973123, -0.0009134366526, -0.000139976002, 0.0002405823653, 0.0001314107346, -2.908797166e-05, -5.212354338e-05, -9.45291751e-06, 1.318304082e-05, 7.746892803e-06, -1.402766694e-06, -2.964491295e-06], "w": [0, -1.497659647, -0.6093386047, -0.1425070022, -0.04335174475, -0.22424278, -0.3002192863, -0.2767407543, -0.2422108611, -0.2379337468, -0.2471882968, -0.2519409091, -0.2506915945, -0.2487397767, -0.2484342367, -0.2489455341, -0.2492262697, -0.2491647675, -0.2490534649, -0.2490330335, -0.2490610643], "p_c": [0, -0.3354077372, -0.3389735033, -0.2645935065, -0.2246757762, -0.236654378, -0.2523338702, -0.2543600841, -0.2499514772, -0.2477309756, -0.2483138729, -0.2492273096, -0.2493672856, -0.2491267032, -0.2489952925, -0.2490243804, -0.249076504, -0.2490859569, -0.2490727739, -0.249065027, -0.2490664297], "n": [0, -0.5039997962, -0.3461985838, -0.1038472582, 0.03178399278, 0.01991970348, -0.01174655999, -0.0150604012, -0.003473718258, 0.00268482383, 0.001711052589, -0.0004020058301, -0.0007585297113, -0.0001764099673, 0.0001638821053, 0.0001088067061, -1.56729295e-05, -4.139917406e-05, -1.041846667e-05, 9.180337137e-06, 6.506998774e-06], "s": [0, 0, -8.048556685e-18, -9.818859168e-18, -1.137169958e-17, -1.260611069e-17, -1.303826134e-17, -1.287802857e-17, -1.260340392e-17, -1.240005904e-17, -1.222747681e-17, -1.20289762e-17, -1.18053965e-17, -1.157845165e-17, -1.13572627e-17, -1.113887975e-17, -1.091964972e-17, -1.069932941e-17, -1.047905123e-17, -1.025932495e-17, -1.003998515e-17], "u": [0, 1.148304887, 0.2671207202, -0.1206214663, -0.1791481431, -0.01226265882, 0.04731079118, 0.0221121021, -0.007647728764, -0.009679662036, -0.001112069239, 0.002681036379, 0.001308417248, -0.0003822834137, -0.0005543230824, -7.790016603e-05, 0.0001479685048, 7.786484483e-05, -1.907725238e-05, -3.160951436e-05, -5.301033997e-06], "pi_q": [0, -0.3354077372, -0.003565766052, 0.07437999678, 0.03991773033, -0.0119786018, -0.01567949218, -0.002026213976, 0.004408606902, 0.002220501645, -0.0005828973123, -0.0009134366526, -0.000139976002, 0.0002405823653, 0.0001314107346, -2.908797166e-05, -5.212354338e-05, -9.45291751e-06, 1.318304082e-05, 7.746892804e-06, -1.402766694e-06], "pi_e_q": [0, -0.003565766052, 0.07437999678, 0.03991773033, -0.0119786018, -0.01567949218, -0.002026213976, 0.004408606902, 0.002220501645, -0.0005828973123, -0.0009134366526, -0.000139976002, 0.0002405823653, 0.0001314107346, -2.908797166e-05, -5.212354338e-05, -9.45291751e-06, 1.318304082e-05, 7.746892803e-06, -1.402766694e-06, -2.964491295e-06], "x_f": [0, -0.5063477798, -0.3467447759, -0.1036006188, 0.03215030395, 0.01994477741, -0.01184329821, -0.01510561467, -0.00345808065, 0.002704616212, 0.00171332648, -0.0004074878495, -0.0007612050829, -0.0001756282976, 0.0001650155513, 0.0001089659916, -1.597548645e-05, -4.155838734e-05, -1.037945867e-05, 9.24497034e-06, 6.517838004e-06], "y": [0, -0.5063477798, -0.3467447759, -0.1036006188, 0.03215030395, 0.01994477741, -0.01184329821, -0.01510561467, -0.00345808065, 0.002704616212, 0.00171332648, -0.0004074878495, -0.0007612050829, -0.0001756282976, 0.0001650155513, 0.0001089659916, -1.597548645e-05, -4.155838734e-05, -1.037945867e-05, 9.24497034e-06, 6.517838004e-06], "y_f": [0, 0, 1.007597083e-19, 9.088224683e-20, 6.257943695e-20, 4.374678122e-20, 5.198822905e-20, 6.158682578e-20, 6.253936861e-20, 5.811752678e-20, 5.373622215e-20, 5.05155087e-20, 4.74264503e-20, 4.386276589e-20, 4.001251619e-20, 3.617327694e-20, 3.241273751e-20, 2.867064051e-20, 2.490893055e-20, 2.113556222e-20, 1.736670966e-20], "n_f": [0, 0, 1.007597083e-19, 9.088224683e-20, 6.257943695e-20, 4.374678122e-20, 5.198822905e-20, 6.158682578e-20, 6.253936861e-20, 5.811752678e-20, 5.373622215e-20, 5.05155087e-20, 4.74264503e-20, 4.386276589e-20, 4.001251619e-20, 3.617327694e-20, 3.241273751e-20, 2.867064051e-20, 2.490893055e-20, 2.113556222e-20, 1.736670966e-20], "q": [0, -0.5179468191, -0.349442965, -0.1023822201, 0.03395988116, 0.02006864265, -0.01232118499, -0.01532896924, -0.003380830864, 0.002802390576, 0.001724559503, -0.000434569025, -0.0007744214188, -0.0001717668489, 0.0001706147743, 0.000109752862, -1.747011782e-05, -4.234490092e-05, -1.018675915e-05, 9.564258364e-06, 6.571383802e-06], "p_q": [0, -0.3354077372, -0.3389735033, -0.2645935065, -0.2246757762, -0.236654378, -0.2523338702, -0.2543600841, -0.2499514772, -0.2477309756, -0.2483138729, -0.2492273096, -0.2493672856, -0.2491267032, -0.2489952925, -0.2490243804, -0.249076504, -0.2490859569, -0.2490727739, -0.249065027, -0.2490664297], "pi_c": [0, -0.3354077372, -0.003565766052, 0.07437999678, 0.03991773033, -0.0119786018, -0.01567949218, -0.002026213976, 0.004408606902, 0.002220501645, -0.0005828973123, -0.0009134366526, -0.000139976002, 0.0002405823653, 0.0001314107346, -2.908797166e-05, -5.212354338e-05, -9.45291751e-06, 1.318304082e-05, 7.746892803e-06, -1.402766694e-06], "p_y": [0, -0.3354077372, -0.3389735033, -0.2645935065, -0.2246757762, -0.236654378, -0.2523338702, -0.2543600841, -0.2499514772, -0.2477309756, -0.2483138729, -0.2492273096, -0.2493672856, -0.2491267032, -0.2489952925, -0.2490243804, -0.249076504, -0.2490859569, -0.2490727739, -0.249065027, -0.2490664297], "interest": [0, 0.7305198301, 0.2244802769, -0.03647599352, -0.1690267459, -0.04431024288, 0.02679237326, 0.02294321026, -0.00188142782, -0.0082807787, -0.00263955396, 0.001605838497, 0.001369698109, -3.475211868e-05, -0.000456222002, -0.0001562559228, 8.722844853e-05, 8.032186501e-05, 8.325646947e-07, -2.53574449e-05, -9.43489425e-06], "inflation": [0, -0.3354077372, -0.3389735033, -0.2645935065, -0.2246757762, 0.09875335926, 0.08663963313, 0.01023342238, -0.02527570105, -0.01107659761, 0.004019997258, 0.005132774582, 0.0005841916783, -0.001395727602, -0.0006814195547, 0.0002029291263, 0.0002907815849, 4.074630209e-05, -7.748139173e-05, -4.064652727e-05, 1.007424942e-05], "inflationq": [0, -1.341630949, -0.01426306421, 0.2975199871, 0.1596709213, -0.04791440719, -0.06271796871, -0.008104855905, 0.01763442761, 0.008882006581, -0.002331589249, -0.00365374661, -0.0005599040079, 0.0009623294612, 0.0005256429386, -0.0001163518866, -0.0002084941735, -3.781167004e-05, 5.273216329e-05, 3.098757121e-05, -5.611066776e-06], "outputgap": [0, -0.5063477798, -0.3467447759, -0.1036006188, 0.03215030395, 0.01994477741, -0.01184329821, -0.01510561467, -0.00345808065, 0.002704616212, 0.00171332648, -0.0004074878495, -0.0007612050829, -0.0001756282976, 0.0001650155513, 0.0001089659916, -1.597548645e-05, -4.155838734e-05, -1.037945867e-05, 9.24497034e-06, 6.517838004e-06],