{"interest_": {"c": [0, -0.3527479054, -0.2747022855, -0.1313538858, -0.02603993359, -0.000155155341, -0.002777206753, -0.005565454506, -0.003690218598, -0.001193613134, -8.086311281e-05, 2.915867957e-05, -7.301344867e-05, -8.669357904e-05, -4.200667591e-05, -7.927013492e-06, 1.424389786e-06, -2.586376073e-08, -1.532944843e-06, -1.189809179e-06, -3.945814933e-07], "p_m": [0, -0.2865504292, -0.3424568979, -0.3226601152, -0.2979358452, -0.2950445816, -0.2998168072, -0.3028450222, -0.3030505853, -0.3024811941, -0.3022205325, -0.3022610267, -0.3023454421, -0.3023736422, -0.3023665889, -0.3023576065, -0.3023558606, -0.3023574131, -0.3023585377, -0.3023586666, -0.302358468], "i": [0, 0.4124106588, 0.1249822576, 0.01255007212, -0.072985035, -0.03510106179, -0.003926003604, 0.00513202129, 0.001864732914, -0.0008892329896, -0.001054725918, -0.000331661824, 6.027472191e-05, 7.937364137e-05, 6.811551733e-06, -2.154008809e-05, -1.316330208e-05, -1.575602678e-06, 1.884570181e-06, 8.755731392e-07, -2.173371283e-07], "pi_e_c": [0, -0.05590646874, 0.01979678272, 0.02472426995, 0.002891263575, -0.004772225581, -0.003028214995, -0.000205563052, 0.0005693911545, 0.0002606616652, -4.049422574e-05, -8.441539321e-05, -2.820012198e-05, 7.053331699e-06, 8.982369856e-06, 1.745936562e-06, -1.552513066e-06, -1.12466096e-06, -1.288705068e-07, 1.986382387e-07, 1.056933442e-07], "w": [0, -1.096234886, -0.6068801445, -0.3390505636, -0.221374321, -0.2683737884, -0.3060304684, -0.3127372882, -0.305744573, -0.3013908796, -0.3011672877, -0.3021101688, -0.3025432983, -0.3024968545, -0.3023730299, -0.302332203, -0.3023443636, -0.3023589508, -0.3023620296, -0.3023598066, -0.3023581388], "p_c": [0, -0.2865504292, -0.3424568979, -0.3226601152, -0.2979358452, -0.2950445816, -0.2998168072, -0.3028450222, -0.3030505853, -0.3024811941, -0.3022205325, -0.3022610267, -0.3023454421, -0.3023736422, -0.3023665889, -0.3023576065, -0.3023558606, -0.3023574131, -0.3023585377, -0.3023586666, -0.302358468], "n": [0, -0.3511121793, -0.2741680971, -0.1313207738, -0.02619460333, -0.0002090357314, -0.002764653902, -0.00554547013, -0.003684776199, -0.00119581579, -8.299087995e-05, 2.885391627e-05, -7.261373907e-05, -8.644466524e-05, -4.199366374e-05, -7.978333677e-06, 1.401163595e-06, -2.275720423e-08, -1.52589066e-06, -1.187506158e-06, -3.952465419e-07], "s": [0, 0, 1.463712909e-16, 4.262019157e-16, 5.664293258e-16, 5.739385548e-16, 5.631813413e-16, 5.71412361e-16, 5.913155442e-16, 6.107787371e-16, 6.270589877e-16, 6.419720853e-16, 6.570061775e-16, 6.723728251e-16, 6.878225808e-16, 7.032086428e-16, 7.185329513e-16, 7.338327531e-16, 7.491237867e-16, 7.644040918e-16, 7.796693019e-16], "u": [0, 0.7999682429, 0.2612501677, 0.016193763, -0.07564278594, -0.02635074374, 0.006139097193, 0.009773558772, 0.002661659838, -0.001077230704, -0.001040605796, -0.000149047543, 0.0001954819741, 0.0001217337834, 6.363727975e-06, -2.509864983e-05, -1.135900078e-05, 1.519292525e-06, 3.449918796e-06, 1.126315508e-06, -3.252486739e-07], "pi_q": [0, -0.2865504292, -0.05590646874, 0.01979678272, 0.02472426995, 0.002891263575, -0.004772225581, -0.003028214995, -0.000205563052, 0.0005693911545, 0.0002606616652, -4.049422574e-05, -8.441539321e-05, -2.820012198e-05, 7.053331699e-06, 8.982369857e-06, 1.745936562e-06, -1.552513066e-06, -1.12466096e-06, -1.288705066e-07, 1.986382389e-07], "pi_e_q": [0, -0.05590646874, 0.01979678272, 0.02472426995, 0.002891263575, -0.004772225581, -0.003028214995, -0.000205563052, 0.0005693911545, 0.0002606616652, -4.049422574e-05, -8.441539321e-05, -2.820012198e-05, 7.053331699e-06, 8.982369857e-06, 1.745936562e-06, -1.552513066e-06, -1.12466096e-06, -1.288705068e-07, 1.986382388e-07, 1.056933443e-07], "x_f": [0, -0.3527479054, -0.2747022855, -0.1313538858, -0.02603993359, -0.000155155341, -0.002777206753, -0.005565454506, -0.003690218598, -0.001193613134, -8.086311281e-05, 2.915867957e-05, -7.301344867e-05, -8.669357904e-05, -4.200667591e-05, -7.927013491e-06, 1.424389786e-06, -2.58637607e-08, -1.532944843e-06, -1.189809179e-06, -3.945814933e-07], "y": [0, -0.3527479054, -0.2747022855, -0.1313538858, -0.02603993359, -0.000155155341, -0.002777206753, -0.005565454506, -0.003690218598, -0.001193613134, -8.086311281e-05, 2.915867957e-05, -7.301344867e-05, -8.669357904e-05, -4.200667591e-05, -7.927013492e-06, 1.424389786e-06, -2.586376077e-08, -1.532944843e-06, -1.189809179e-06, -3.945814933e-07], "y_f": [0, 0, 3.654708535e-16, -3.18163328e-16, -3.929173707e-16, -3.346590369e-16, -2.636151091e-16, -2.4966456e-16, -2.563594702e-16, -2.614588252e-16, -2.611402845e-16, -2.595508981e-16, -2.589116065e-16, -2.591066747e-16, -2.594846599e-16, -2.597756963e-16, -2.600046408e-16, -2.602374609e-16, -2.604909812e-16, -2.607542432e-16, -2.610175538e-16], "n_f": [0, 0, 3.654708535e-16, -3.18163328e-16, -3.929173707e-16, -3.346590369e-16, -2.636151091e-16, -2.4966456e-16, -2.563594702e-16, -2.614588252e-16, -2.611402845e-16, -2.595508981e-16, -2.589116065e-16, -2.591066747e-16, -2.594846599e-16, -2.597756963e-16, -2.600046408e-16, -2.602374609e-16, -2.604909812e-16, -2.607542432e-16, -2.610175538e-16], "q": [0, -0.3608283927, -0.2773411761, -0.1315174592, -0.02527586504, 0.0001110137877, -0.002839217836, -0.005664177321, -0.003717104051, -0.001182732016, -7.035194315e-05, 3.066421031e-05, -7.498801406e-05, -8.792321322e-05, -4.207095599e-05, -7.673491776e-06, 1.539127167e-06, -4.121014989e-08, -1.567792507e-06, -1.201186103e-06, -3.912961532e-07], "p_q": [0, -0.2865504292, -0.3424568979, -0.3226601152, -0.2979358452, -0.2950445816, -0.2998168072, -0.3028450222, -0.3030505853, -0.3024811941, -0.3022205325, -0.3022610267, -0.3023454421, -0.3023736422, -0.3023665889, -0.3023576065, -0.3023558606, -0.3023574131, -0.3023585377, -0.3023586666, -0.302358468], "pi_c": [0, -0.2865504292, -0.05590646874, 0.01979678272, 0.02472426995, 0.002891263575, -0.004772225581, -0.003028214995, -0.000205563052, 0.0005693911545, 0.0002606616652, -4.049422574e-05, -8.441539321e-05, -2.820012198e-05, 7.0533317e-06, 8.982369857e-06, 1.745936562e-06, -1.552513065e-06, -1.12466096e-06, -1.288705065e-07, 1.986382391e-07], "p_y": [0, -0.2865504292, -0.3424568979, -0.3226601152, -0.2979358452, -0.2950445816, -0.2998168072, -0.3028450222, -0.3030505853, -0.3024811941, -0.3022205325, -0.3022610267, -0.3023454421, -0.3023736422, -0.3023665889, -0.3023576065, -0.3023558606, -0.3023574131, -0.3023585377, -0.3023586666, -0.302358468], "interest": [0, 0.4124106588, 0.1249822576, 0.01255007212, -0.072985035, -0.03510106179, -0.003926003604, 0.00513202129, 0.001864732914, -0.0008892329896, -0.001054725918, -0.000331661824, 6.027472191e-05, 7.937364137e-05, 6.811551733e-06, -2.154008809e-05, -1.316330208e-05, -1.575602678e-06, 1.884570181e-06, 8.755731392e-07, -2.173371284e-07], "inflation": [0, -0.2865504292, -0.3424568979, -0.3226601152, -0.2979358452, -0.008494152496, 0.04264009066, 0.01981509295, -0.005114740053, -0.007436612473, -0.002403725227, 0.000583995542, 0.0007051432008, 0.0001075519243, -0.0001460564092, -9.657981363e-05, -1.041848386e-05, 1.622912505e-05, 8.051132393e-06, -1.06010797e-06, -2.607406293e-06], "inflationq": [0, -1.146201717, -0.223625875, 0.07918713088, 0.0988970798, 0.0115650543, -0.01908890232, -0.01211285998, -0.0008222522079, 0.002277564618, 0.001042646661, -0.000161976903, -0.0003376615728, -0.0001128004879, 2.82133268e-05, 3.592947943e-05, 6.983746248e-06, -6.210052262e-06, -4.498643839e-06, -5.154820262e-07, 7.94552956e-07], "outputgap": [0, -0.3527479054, -0.2747022855, -0.1313538858, -0.02603993359, -0.000155155341, -0.002777206753, -0.005565454506, -0.003690218598, -0.001193613134, -8.086311281e-05, 2.915867957e-05, -7.301344867e-05, -8.669357904e-05, -4.200667591e-05, -7.927013492e-06, 1.424389786e-06, -2.586376075e-08, -1.532944843e-06, -1.189809179e-06, -3.945814933e-07],