{"interest_": {"y": [0, -0.4393410591, -0.2611718202, -0.1552568745, -0.09229440248, -0.05486556878, -0.03261552767, -0.01938871078, -0.01152586307, -0.006851694316, -0.004073075893, -0.002421291211, -0.001439367024, -0.0008556498374, -0.0005086518114, -0.000302374469, -0.0001797503075, -0.0001068548319, -6.352119923e-05, -3.776097609e-05, -2.244748734e-05], "pi": [0, -0.3108893294, -0.1848120734, -0.1098638623, -0.06530995522, -0.03882432459, -0.02307960823, -0.0137199635, -0.008156004922, -0.004848439743, -0.002882216007, -0.001713369569, -0.001018534097, -0.0006054804091, -0.0003599354472, -0.0002139681552, -0.0001271960619, -7.561329937e-05, -4.494927716e-05, -2.672066335e-05, -1.588443452e-05], "r": [0, 0.1857695568, 0.1104330503, 0.06564831622, 0.03902546755, 0.02319918019, 0.01379104455, 0.008198259949, 0.004873558775, 0.002897148332, 0.001722246277, 0.001023810968, 0.0006086173115, 0.0003618002183, 0.0002150766918, 0.0001278550455, 7.600504044e-05, 4.518215257e-05, 2.685909906e-05, 1.596672937e-05, 9.491623166e-06], "mp": [0, -0.5251480522, -0.3121808669, -0.1855798441, -0.1103202733, -0.06558127446, -0.03898561373, -0.02317548859, -0.01377696078, -0.008189887675, -0.004868581771, -0.002894189689, -0.001720487475, -0.001022765426, -0.0006079957757, -0.0003614307385, -0.00021485705, -0.0001277244766, -7.592742213e-05, -4.513601139e-05, -2.683166986e-05], "yf": [0, 1.387778781e-17, 2.775557562e-17, 1.387778781e-17, 6.938893904e-18, 6.938893904e-18, 0, 0, 0, 0, 0, 0, 0, 0, 0, 0, 0, 0, 0, 0, 0], "mpf": [0, 3.469446952e-17, 3.469446952e-17, 1.387778781e-17, 6.938893904e-18, 0, 0, 0, 0, 0, 0, 0, 0, 0, 0, 0, 0, 0, 0, 0, 0], "ep": [0, 0, 0, 0, 0, 0, 0, 0, 0, 0, 0, 0, 0, 0, 0, 0, 0, 0, 0, 0, 0], "ei": [0, 0, 0, 0, 0, 0, 0, 0, 0, 0, 0, 0, 0, 0, 0, 0, 0, 0, 0, 0, 0], "em": [0, 4.001353234e-17, 0, 0, 0, 0, 0, 0, 0, 0, 0, 0, 0, 0, 0, 0, 0, 0, 0, 0, 0], "at": [0, 0, 0, 0, 0, 0, 0, 0, 0, 0, 0, 0, 0, 0, 0, 0, 0, 0, 0, 0, 0], "interest": [0, 0.7430782272, 0.4417322014, 0.2625932649, 0.1561018702, 0.09279672077, 0.05516417821, 0.0327930398, 0.0194942351, 0.01158859333, 0.006888985109, 0.004095243873, 0.002434469246, 0.001447200873, 0.0008603067674, 0.000511420182, 0.0003040201618, 0.0001807286103, 0.0001074363963, 6.386691749e-05, 3.796649266e-05], "inflation": [0, -0.3108893294, -0.4957014028, -0.6055652651, -0.6708752203, -0.3988102155, -0.2370777503, -0.1409338515, -0.08377990125, -0.04980401639, -0.02960662417, -0.01760003024, -0.01046255942, -0.006219600082, -0.003697319522, -0.002197918109, -0.001306580073, -0.0007767129637, -0.0004617267937, -0.0002744793018, -0.0001631676744], "inflationq": [0, -1.243557318, -0.7392482936, -0.4394554492, -0.2612398209, -0.1552972984, -0.09231843293, -0.05487985399, -0.03262401969, -0.01939375897, -0.01152886403, -0.006853478274, -0.004074136389, -0.002421921636, -0.001439741789, -0.0008558726208, -0.0005087842478, -0.0003024531975, -0.0001797971086, -0.0001068826534, -6.353773808e-05], "outputgap": [0, -0.4393410591, -0.2611718202, -0.1552568745, -0.09229440248, -0.05486556878, -0.03261552767, -0.01938871078, -0.01152586307, -0.006851694316, -0.004073075893, -0.002421291211, -0.001439367024, -0.0008556498374, -0.0005086518114, -0.000302374469, -0.0001797503075, -0.0001068548319, -6.352119923e-05, -3.776097609e-05, -2.244748734e-05], "output": [0, -0.4393410591, -0.2611718202, -0.1552568745, -0.09229440248, -0.05486556878, -0.03261552767, -0.01938871078, -0.01152586307, -0.006851694316, -0.004073075893, -0.002421291211, -0.001439367024, -0.0008556498374, -0.0005086518114, -0.000302374469, -0.0001797503075, -0.0001068548319, -6.352119923e-05, -3.776097609e-05, -2.244748734e-05], "AUX_ENDO_LEAD_80": [0, -0.7392482936, -0.4394554492, -0.2612398209, -0.1552972984, -0.09231843293, -0.05487985399, -0.03262401969, -0.01939375897, -0.01152886403, -0.006853478274, -0.004074136389, -0.002421921636, -0.001439741789, -0.0008558726208, -0.0005087842478, -0.0003024531975, -0.0001797971086, -0.0001068826534, -6.353773808e-05, -3.777080782e-05], "AUX_ENDO_LEAD_84": [0, -0.4394554492, -0.2612398209, -0.1552972984, -0.09231843293, -0.05487985399, -0.03262401969, -0.01939375897, -0.01152886403, -0.006853478274, -0.004074136389, -0.002421921636, -0.001439741789, -0.0008558726208, -0.0005087842478, -0.0003024531975, -0.0001797971086, -0.0001068826534, -6.353773808e-05, -3.777080782e-05, -2.245333193e-05], "AUX_ENDO_LEAD_88": [0, -0.2612398209, -0.1552972984, -0.09231843293, -0.05487985399, -0.03262401969, -0.01939375897, -0.01152886403, -0.006853478274, -0.004074136389, -0.002421921636, -0.001439741789, -0.0008558726208, -0.0005087842478, -0.0003024531975, -0.0001797971086, -0.0001068826534, -6.353773808e-05, -3.777080782e-05, -2.245333193e-05, -1.334766567e-05], "AUX_ENDO_LEAD_115": [0, -0.2611718202, -0.1552568745, -0.09229440248, -0.05486556878, -0.03261552767, -0.01938871078, -0.01152586307, -0.006851694316, -0.004073075893, -0.002421291211, -0.001439367024, -0.0008556498374, -0.0005086518114, -0.000302374469, -0.0001797503075, -0.0001068548319, -6.352119923e-05, -3.776097609e-05, -2.244748734e-05, -1.334419128e-05], "AUX_ENDO_LEAD_119": [0, -0.1552568745, -0.09229440248, -0.05486556878, -0.03261552767, -0.01938871078, -0.01152586307, -0.006851694316, -0.004073075893, -0.002421291211, -0.001439367024, -0.0008556498374, -0.0005086518114, -0.000302374469, -0.0001797503075, -0.0001068548319, -6.352119923e-05, -3.776097609e-05, -2.244748734e-05, -1.334419128e-05, -7.932622398e-06], "AUX_ENDO_LEAD_123": [0, -0.09229440248, -0.05486556878, -0.03261552767, -0.01938871078, -0.01152586307, -0.006851694316, -0.004073075893, -0.002421291211, -0.001439367024, -0.0008556498374, -0.0005086518114, -0.000302374469, -0.0001797503075, -0.0001068548319, -6.352119923e-05, -3.776097609e-05, -2.244748734e-05, -1.334419128e-05, -7.932622398e-06, -4.715647191e-06], "AUX_ENDO_LEAD_150": [0, -0.2611718202, -0.1552568745, -0.09229440248, -0.05486556878, -0.03261552767, -0.01938871078, -0.01152586307, -0.006851694316, -0.004073075893, -0.002421291211, -0.001439367024, -0.0008556498374, -0.0005086518114, -0.000302374469, -0.0001797503075, -0.0001068548319, -6.352119923e-05, -3.776097609e-05, -2.244748734e-05, -1.334419128e-05], "AUX_ENDO_LEAD_154": [0, -0.1552568745, -0.09229440248, -0.05486556878, -0.03261552767, -0.01938871078, -0.01152586307, -0.006851694316, -0.004073075893, -0.002421291211, -0.001439367024, -0.0008556498374, -0.0005086518114, -0.000302374469, -0.0001797503075, -0.0001068548319, -6.352119923e-05, -3.776097609e-05, -2.244748734e-05, -1.334419128e-05, -7.932622398e-06], "AUX_ENDO_LEAD_158": [0, -0.09229440248, -0.05486556878, -0.03261552767, -0.01938871078, -0.01152586307, -0.006851694316, -0.004073075893, -0.002421291211, -0.001439367024, -0.0008556498374, -0.0005086518114, -0.000302374469, -0.0001797503075, -0.0001068548319, -6.352119923e-05, -3.776097609e-05, -2.244748734e-05, -1.334419128e-05, -7.932622398e-06, -4.715647191e-06], "AUX_ENDO_LAG_1_1": [0, 0, -0.3108893294, -0.1848120734, -0.1098638623, -0.06530995522, -0.03882432459, -0.02307960823, -0.0137199635, -0.008156004922, -0.004848439743, -0.002882216007, -0.001713369569, -0.001018534097, -0.0006054804091, -0.0003599354472, -0.0002139681552, -0.0001271960619, -7.561329937e-05, -4.494927716e-05, -2.672066335e-05], "AUX_ENDO_LAG_1_2": [0, 0, -1.181013419e-16, -0.3108893294, -0.1848120734, -0.1098638623, -0.06530995522, -0.03882432459, -0.02307960823, -0.0137199635, -0.008156004922, -0.004848439743, -0.002882216007, -0.001713369569, -0.001018534097, -0.0006054804091, -0.0003599354472, -0.0002139681552, -0.0001271960619, -7.561329937e-05, -4.494927716e-05],