{"interest_": {"y": [0, -0.146860772, -0.06273165696, -0.02679586067, -0.01144586615, -0.004889107818, -0.002088385007, -0.0008920547677, -0.0003810416689, -0.0001627621517, -6.952393975e-05, -2.969718788e-05, -1.268516961e-05, -5.418476952e-06, -2.314505315e-06, -9.886421772e-07, -4.222990323e-07, -1.803852565e-07, -7.705165832e-08, -3.291265687e-08, -1.40586589e-08], "pi": [0, -0.07544535692, -0.03222652437, -0.01376557704, -0.005879973561, -0.002511633837, -0.00107284573, -0.0004582666249, -0.0001957488328, -8.361421813e-05, -3.571585779e-05, -1.525604767e-05, -6.516628883e-06, -2.783581496e-06, -1.189008318e-06, -5.07885536e-07, -2.169435771e-07, -9.266756444e-08, -3.958299948e-08, -1.69078993e-08, -7.222218187e-09], "r": [0, 0.1525537616, 0.06516342046, 0.02783458974, 0.01188955982, 0.005078631809, 0.002169340281, 0.0009266348557, 0.0003958125719, 0.0001690715508, 7.221900293e-05, 3.084838555e-05, 1.317690431e-05, 5.62852169e-06, 2.404226036e-06, 1.026966431e-06, 4.386692578e-07, 1.87377807e-07, 8.003853001e-08, 3.41885007e-08, 1.460363628e-08], "mp": [0, -0.2173253831, -0.0928306531, -0.03965266289, -0.01693765606, -0.007234928804, -0.00309040369, -0.001320067581, -0.0005638675701, -0.0002408563328, -0.0001028819108, -4.394606295e-05, -1.877158418e-05, -8.018292177e-06, -3.425017772e-06, -1.462998165e-06, -6.249204448e-07, -2.669351007e-07, -1.140214704e-07, -4.870433176e-08, -2.080408124e-08], "yf": [0, 6.938893904e-18, 0, 0, 0, 0, 0, 0, 0, 0, 0, 0, 0, 0, 0, 0, 0, 0, 0, 0, 0], "mpf": [0, 4.163336342e-17, 0, 0, 0, 0, 0, 0, 0, 0, 0, 0, 0, 0, 0, 0, 0, 0, 0, 0, 0], "ep": [0, 0, 0, 0, 0, 0, 0, 0, 0, 0, 0, 0, 0, 0, 0, 0, 0, 0, 0, 0, 0], "ei": [0, 0, 0, 0, 0, 0, 0, 0, 0, 0, 0, 0, 0, 0, 0, 0, 0, 0, 0, 0, 0], "em": [0, 3.548786918e-17, 0, 0, 0, 0, 0, 0, 0, 0, 0, 0, 0, 0, 0, 0, 0, 0, 0, 0, 0], "at": [0, 0, 0, 0, 0, 0, 0, 0, 0, 0, 0, 0, 0, 0, 0, 0, 0, 0, 0, 0, 0], "interest": [0, 0.6102150462, 0.2606536818, 0.111338359, 0.0475582393, 0.02031452723, 0.008677361122, 0.003706539423, 0.001583250288, 0.0006762862032, 0.0002888760117, 0.0001233935422, 5.270761724e-05, 2.251408676e-05, 9.616904145e-06, 4.107865725e-06, 1.754677031e-06, 7.49511228e-07, 3.201541201e-07, 1.367540028e-07, 5.84145451e-08], "inflation": [0, -0.07544535692, -0.1076718813, -0.1214374583, -0.1273174319, -0.05438370881, -0.02323003017, -0.009922719754, -0.004238495025, -0.001810475406, -0.0007733455336, -0.0003303349564, -0.0001411027525, -6.027211583e-05, -2.574526636e-05, -1.099710423e-05, -4.697418927e-06, -2.006504995e-06, -8.57079677e-07, -3.661020403e-07, -1.563806814e-07], "inflationq": [0, -0.3017814277, -0.1289060975, -0.05506230816, -0.02351989425, -0.01004653535, -0.004291382922, -0.0018330665, -0.0007829953312, -0.0003344568725, -0.0001428634311, -6.102419067e-05, -2.606651553e-05, -1.113432599e-05, -4.756033272e-06, -2.031542144e-06, -8.677743083e-07, -3.706702577e-07, -1.583319979e-07, -6.76315972e-08, -2.888887275e-08], "outputgap": [0, -0.146860772, -0.06273165696, -0.02679586067, -0.01144586615, -0.004889107818, -0.002088385007, -0.0008920547677, -0.0003810416689, -0.0001627621517, -6.952393975e-05, -2.969718788e-05, -1.268516961e-05, -5.418476952e-06, -2.314505315e-06, -9.886421772e-07, -4.222990323e-07, -1.803852565e-07, -7.705165833e-08, -3.291265687e-08, -1.40586589e-08], "output": [0, -0.146860772, -0.06273165696, -0.02679586067, -0.01144586615, -0.004889107818, -0.002088385007, -0.0008920547677, -0.0003810416689, -0.0001627621517, -6.952393975e-05, -2.969718788e-05, -1.268516961e-05, -5.418476952e-06, -2.314505315e-06, -9.886421772e-07, -4.222990323e-07, -1.803852565e-07, -7.705165832e-08, -3.291265687e-08, -1.40586589e-08], "AUX_ENDO_LEAD_80": [0, -0.1289060975, -0.05506230816, -0.02351989425, -0.01004653535, -0.004291382922, -0.0018330665, -0.0007829953312, -0.0003344568725, -0.0001428634311, -6.102419067e-05, -2.606651553e-05, -1.113432599e-05, -4.756033272e-06, -2.031542144e-06, -8.677743083e-07, -3.706702577e-07, -1.583319979e-07, -6.76315972e-08, -2.888887275e-08, -1.233989737e-08], "AUX_ENDO_LEAD_84": [0, -0.05506230816, -0.02351989425, -0.01004653535, -0.004291382922, -0.0018330665, -0.0007829953312, -0.0003344568725, -0.0001428634311, -6.102419067e-05, -2.606651553e-05, -1.113432599e-05, -4.756033272e-06, -2.031542144e-06, -8.677743083e-07, -3.706702577e-07, -1.583319979e-07, -6.76315972e-08, -2.888887275e-08, -1.233989737e-08, -5.270993732e-09], "AUX_ENDO_LEAD_88": [0, -0.02351989425, -0.01004653535, -0.004291382922, -0.0018330665, -0.0007829953312, -0.0003344568725, -0.0001428634311, -6.102419067e-05, -2.606651553e-05, -1.113432599e-05, -4.756033272e-06, -2.031542144e-06, -8.677743083e-07, -3.706702577e-07, -1.583319979e-07, -6.76315972e-08, -2.888887275e-08, -1.233989737e-08, -5.270993732e-09, -2.251507779e-09], "AUX_ENDO_LEAD_115": [0, -0.06273165696, -0.02679586067, -0.01144586615, -0.004889107818, -0.002088385007, -0.0008920547677, -0.0003810416689, -0.0001627621517, -6.952393975e-05, -2.969718788e-05, -1.268516961e-05, -5.418476952e-06, -2.314505315e-06, -9.886421772e-07, -4.222990323e-07, -1.803852565e-07, -7.705165833e-08, -3.291265687e-08, -1.40586589e-08, -6.005163635e-09], "AUX_ENDO_LEAD_119": [0, -0.02679586067, -0.01144586615, -0.004889107818, -0.002088385007, -0.0008920547677, -0.0003810416689, -0.0001627621517, -6.952393975e-05, -2.969718788e-05, -1.268516961e-05, -5.418476952e-06, -2.314505315e-06, -9.886421772e-07, -4.222990323e-07, -1.803852565e-07, -7.705165833e-08, -3.291265687e-08, -1.40586589e-08, -6.005163635e-09, -2.565108844e-09], "AUX_ENDO_LEAD_123": [0, -0.01144586615, -0.004889107818, -0.002088385007, -0.0008920547677, -0.0003810416689, -0.0001627621517, -6.952393975e-05, -2.969718788e-05, -1.268516961e-05, -5.418476952e-06, -2.314505315e-06, -9.886421772e-07, -4.222990323e-07, -1.803852565e-07, -7.705165833e-08, -3.291265687e-08, -1.40586589e-08, -6.005163635e-09, -2.565108844e-09, -1.095687608e-09], "AUX_ENDO_LEAD_150": [0, -0.06273165696, -0.02679586067, -0.01144586615, -0.004889107818, -0.002088385007, -0.0008920547677, -0.0003810416689, -0.0001627621517, -6.952393975e-05, -2.969718788e-05, -1.268516961e-05, -5.418476952e-06, -2.314505315e-06, -9.886421772e-07, -4.222990323e-07, -1.803852565e-07, -7.705165832e-08, -3.291265687e-08, -1.40586589e-08, -6.005163637e-09], "AUX_ENDO_LEAD_154": [0, -0.02679586067, -0.01144586615, -0.004889107818, -0.002088385007, -0.0008920547677, -0.0003810416689, -0.0001627621517, -6.952393975e-05, -2.969718788e-05, -1.268516961e-05, -5.418476952e-06, -2.314505315e-06, -9.886421772e-07, -4.222990323e-07, -1.803852565e-07, -7.705165832e-08, -3.291265687e-08, -1.40586589e-08, -6.005163637e-09, -2.565108841e-09], "AUX_ENDO_LEAD_158": [0, -0.01144586615, -0.004889107818, -0.002088385007, -0.0008920547677, -0.0003810416689, -0.0001627621517, -6.952393975e-05, -2.969718788e-05, -1.268516961e-05, -5.418476952e-06, -2.314505315e-06, -9.886421772e-07, -4.222990323e-07, -1.803852565e-07, -7.705165832e-08, -3.291265687e-08, -1.40586589e-08, -6.005163637e-09, -2.565108841e-09, -1.09568761e-09], "AUX_ENDO_LAG_1_1": [0, 0, -0.07544535692, -0.03222652437, -0.01376557704, -0.005879973561, -0.002511633837, -0.00107284573, -0.0004582666249, -0.0001957488328, -8.361421813e-05, -3.571585779e-05, -1.525604767e-05, -6.516628883e-06, -2.783581496e-06, -1.189008318e-06, -5.07885536e-07, -2.169435771e-07, -9.266756444e-08, -3.958299948e-08, -1.69078993e-08], "AUX_ENDO_LAG_1_2": [0, 0, -7.383970485e-17, -0.07544535692, -0.03222652437, -0.01376557704, -0.005879973561, -0.002511633837, -0.00107284573, -0.0004582666249, -0.0001957488328, -8.361421813e-05, -3.571585779e-05, -1.525604767e-05, -6.516628883e-06, -2.783581496e-06, -1.189008318e-06, -5.07885536e-07, -2.169435771e-07, -9.266756444e-08, -3.958299948e-08],