{"interest_": {"y": [0, -0.3220517832, -0.1778469896, -0.09068701691, -0.04675183293, -0.03312418555, -0.02196212974, -0.01363361223, -0.008223674652, -0.005111865569, -0.003218968398, -0.002018681162, -0.001256270731, -0.0007818188891, -0.0004877581786, -0.0003045838546, -0.0001900585639, -0.0001185335107, -7.393275122e-05, -4.612481747e-05, -2.877696853e-05], "pi": [0, -0.2098116154, -0.1168145, -0.06526659996, -0.03902341136, -0.02583605849, -0.01642825315, -0.01015543037, -0.00625299033, -0.003905035111, -0.002447026713, -0.001528555183, -0.000952197775, -0.0005935250011, -0.0003703575809, -0.0002311386833, -0.0001441968894, -8.994343319e-05, -5.610759294e-05, -3.500361996e-05, -2.183739642e-05], "r": [0, 0.1835170752, 0.1204579371, 0.06013547052, 0.000426975569, 0.005675354047, 0.006841671158, 0.005042952571, 0.002524880813, 0.00143370719, 0.0009315420424, 0.0006167075093, 0.0003835311517, 0.0002346239026, 0.0001454457375, 9.130552083e-05, 5.717977238e-05, 3.563587132e-05, 2.219072489e-05, 1.38416626e-05, 8.640356705e-06], "mp": [0, -0.4068183547, -0.2334865333, -0.118463602, -0.04694905303, -0.03574563265, -0.02512229893, -0.01596295297, -0.009389917573, -0.005774095189, -0.003649247842, -0.002303538476, -0.001433423842, -0.0008901917138, -0.0005549395921, -0.0003467578918, -0.0002164699115, -0.0001349937264, -8.418265122e-05, -5.251828402e-05, -3.276795092e-05], "yf": [0, 2.081668171e-17, 4.093947403e-16, 3.955169525e-16, 3.955169525e-16, 2.012279232e-16, 1.179611964e-16, 7.632783294e-17, 4.857225733e-17, 2.775557562e-17, 2.081668171e-17, 1.387778781e-17, 6.938893904e-18, 6.938893904e-18, 0, 0, 0, 0, 0, 0, 0], "mpf": [0, -3.469446952e-16, 3.816391647e-16, 3.60822483e-16, 5.134781489e-16, 2.498001805e-16, 1.387778781e-16, 9.020562075e-17, 6.245004514e-17, 3.469446952e-17, 2.081668171e-17, 1.387778781e-17, 6.938893904e-18, 6.938893904e-18, 0, 0, 0, 0, 0, 0, 0], "ep": [0, 0, 0, 0, 0, 0, 0, 0, 0, 0, 0, 0, 0, 0, 0, 0, 0, 0, 0, 0, 0], "ei": [0, 0, 0, 0, 0, 0, 0, 0, 0, 0, 0, 0, 0, 0, 0, 0, 0, 0, 0, 0, 0], "em": [0, -9.511919647e-17, 0, 0, 0, 0, 0, 0, 0, 0, 0, 0, 0, 0, 0, 0, 0, 0, 0, 0, 0], "at": [0, 0, 0, 0, 0, 0, 0, 0, 0, 0, 0, 0, 0, 0, 0, 0, 0, 0, 0, 0, 0], "interest": [0, 0.7340683007, 0.4818317482, 0.2405418821, 0.001707902276, 0.02270141619, 0.02736668463, 0.02017181028, 0.01009952325, 0.00573482876, 0.00372616817, 0.002466830037, 0.001534124607, 0.0009384956105, 0.00058178295, 0.0003652220833, 0.0002287190895, 0.0001425434853, 8.876289956e-05, 5.536665039e-05, 3.456142682e-05], "inflation": [0, -0.2098116154, -0.3266261154, -0.3918927153, -0.4309161267, -0.2469405698, -0.146554323, -0.09144315338, -0.05867273234, -0.03674170896, -0.02276048252, -0.01413360734, -0.008832814782, -0.005521304672, -0.00344463554, -0.00214721904, -0.001339218155, -0.0008356365868, -0.0005213865988, -0.0003252515355, -0.0002028920425], "inflationq": [0, -0.8392464615, -0.467258, -0.2610663999, -0.1560936455, -0.103344234, -0.06571301261, -0.04062172147, -0.02501196132, -0.01562014044, -0.009788106851, -0.006114220732, -0.0038087911, -0.002374100004, -0.001481430324, -0.0009245547331, -0.0005767875576, -0.0003597737328, -0.0002244303718, -0.0001400144798, -8.734958567e-05], "outputgap": [0, -0.3220517832, -0.1778469896, -0.09068701691, -0.04675183293, -0.03312418555, -0.02196212974, -0.01363361223, -0.008223674652, -0.005111865569, -0.003218968398, -0.002018681162, -0.001256270731, -0.0007818188891, -0.0004877581786, -0.0003045838546, -0.0001900585639, -0.0001185335107, -7.393275122e-05, -4.612481747e-05, -2.877696853e-05], "output": [0, -0.3220517832, -0.1778469896, -0.09068701691, -0.04675183293, -0.03312418555, -0.02196212974, -0.01363361223, -0.008223674652, -0.005111865569, -0.003218968398, -0.002018681162, -0.001256270731, -0.0007818188891, -0.0004877581786, -0.0003045838546, -0.0001900585639, -0.0001185335107, -7.393275122e-05, -4.612481747e-05, -2.877696853e-05], "AUX_ENDO_LEAD_80": [0, -0.467258, -0.2610663999, -0.1560936455, -0.103344234, -0.06571301261, -0.04062172147, -0.02501196132, -0.01562014044, -0.009788106851, -0.006114220732, -0.0038087911, -0.002374100004, -0.001481430324, -0.0009245547331, -0.0005767875576, -0.0003597737328, -0.0002244303718, -0.0001400144798, -8.734958567e-05, -5.449209295e-05], "AUX_ENDO_LEAD_84": [0, -0.2610663999, -0.1560936455, -0.103344234, -0.06571301261, -0.04062172147, -0.02501196132, -0.01562014044, -0.009788106851, -0.006114220732, -0.0038087911, -0.002374100004, -0.001481430324, -0.0009245547331, -0.0005767875576, -0.0003597737328, -0.0002244303718, -0.0001400144798, -8.734958567e-05, -5.449209295e-05, -3.399402948e-05], "AUX_ENDO_LEAD_88": [0, -0.1560936455, -0.103344234, -0.06571301261, -0.04062172147, -0.02501196132, -0.01562014044, -0.009788106851, -0.006114220732, -0.0038087911, -0.002374100004, -0.001481430324, -0.0009245547331, -0.0005767875576, -0.0003597737328, -0.0002244303718, -0.0001400144798, -8.734958567e-05, -5.449209295e-05, -3.399402948e-05, -2.120686839e-05], "AUX_ENDO_LEAD_115": [0, -0.1778469896, -0.09068701691, -0.04675183293, -0.03312418555, -0.02196212974, -0.01363361223, -0.008223674652, -0.005111865569, -0.003218968398, -0.002018681162, -0.001256270731, -0.0007818188891, -0.0004877581786, -0.0003045838546, -0.0001900585639, -0.0001185335107, -7.393275122e-05, -4.612481747e-05, -2.877696853e-05, -1.795238965e-05], "AUX_ENDO_LEAD_119": [0, -0.09068701691, -0.04675183293, -0.03312418555, -0.02196212974, -0.01363361223, -0.008223674652, -0.005111865569, -0.003218968398, -0.002018681162, -0.001256270731, -0.0007818188891, -0.0004877581786, -0.0003045838546, -0.0001900585639, -0.0001185335107, -7.393275122e-05, -4.612481747e-05, -2.877696853e-05, -1.795238965e-05, -1.119913006e-05], "AUX_ENDO_LEAD_123": [0, -0.04675183293, -0.03312418555, -0.02196212974, -0.01363361223, -0.008223674652, -0.005111865569, -0.003218968398, -0.002018681162, -0.001256270731, -0.0007818188891, -0.0004877581786, -0.0003045838546, -0.0001900585639, -0.0001185335107, -7.393275122e-05, -4.612481747e-05, -2.877696853e-05, -1.795238965e-05, -1.119913006e-05, -6.9864152e-06], "AUX_ENDO_LEAD_150": [0, -0.1778469896, -0.09068701691, -0.04675183293, -0.03312418555, -0.02196212974, -0.01363361223, -0.008223674652, -0.005111865569, -0.003218968398, -0.002018681162, -0.001256270731, -0.0007818188891, -0.0004877581786, -0.0003045838546, -0.0001900585639, -0.0001185335107, -7.393275122e-05, -4.612481747e-05, -2.877696853e-05, -1.795238965e-05], "AUX_ENDO_LEAD_154": [0, -0.09068701691, -0.04675183293, -0.03312418555, -0.02196212974, -0.01363361223, -0.008223674652, -0.005111865569, -0.003218968398, -0.002018681162, -0.001256270731, -0.0007818188891, -0.0004877581786, -0.0003045838546, -0.0001900585639, -0.0001185335107, -7.393275122e-05, -4.612481747e-05, -2.877696853e-05, -1.795238965e-05, -1.119913006e-05], "AUX_ENDO_LEAD_158": [0, -0.04675183293, -0.03312418555, -0.02196212974, -0.01363361223, -0.008223674652, -0.005111865569, -0.003218968398, -0.002018681162, -0.001256270731, -0.0007818188891, -0.0004877581786, -0.0003045838546, -0.0001900585639, -0.0001185335107, -7.393275122e-05, -4.612481747e-05, -2.877696853e-05, -1.795238965e-05, -1.119913006e-05, -6.9864152e-06], "AUX_ENDO_LAG_1_1": [0, 0, -0.2098116154, -0.1168145, -0.06526659996, -0.03902341136, -0.02583605849, -0.01642825315, -0.01015543037, -0.00625299033, -0.003905035111, -0.002447026713, -0.001528555183, -0.000952197775, -0.0005935250011, -0.0003703575809, -0.0002311386833, -0.0001441968894, -8.994343319e-05, -5.610759294e-05, -3.500361996e-05], "AUX_ENDO_LAG_1_2": [0, 0, -3.346637578e-16, -0.2098116154, -0.1168145, -0.06526659996, -0.03902341136, -0.02583605849, -0.01642825315, -0.01015543037, -0.00625299033, -0.003905035111, -0.002447026713, -0.001528555183, -0.000952197775, -0.0005935250011, -0.0003703575809, -0.0002311386833, -0.0001441968894, -8.994343319e-05, -5.610759294e-05],