{"interest_": {"y": [0, -0.2705627619, -0.1619938738, -0.09699049116, -0.05807105635, -0.03476884739, -0.02081713033, -0.01246382748, -0.007462459659, -0.004467993823, -0.002675119158, -0.001601672427, -0.0009589683342, -0.0005741625133, -0.0003437679638, -0.0002058239788, -0.0001232328626, -7.378313505e-05, -4.417613048e-05, -2.644954708e-05, -1.583612084e-05], "pi": [0, -0.1933486936, -0.1157635429, -0.0693110339, -0.04149855215, -0.02484640227, -0.01487627095, -0.008906860439, -0.005332799001, -0.003192903424, -0.001911685078, -0.001144582016, -0.0006852948771, -0.0004103061748, -0.0002456623604, -0.000147085272, -8.806427326e-05, -5.272666746e-05, -3.156900476e-05, -1.890129055e-05, -1.131675792e-05], "r": [0, 0.109696275, 0.0656783824, 0.03932357698, 0.02354418074, 0.01409659267, 0.008440044146, 0.005053302373, 0.003025560582, 0.001811492002, 0.001084593478, 0.0006493779772, 0.0003888016717, 0.0002327869827, 0.0001393764051, 8.34487482e-05, 4.996321702e-05, 2.99144458e-05, 1.791065749e-05, 1.07236368e-05, 6.420556382e-06], "mp": [0, -0.3212314919, -0.192330731, -0.1151540588, -0.06894611785, -0.04128006619, -0.02471558831, -0.01479794879, -0.00885996666, -0.005304722318, -0.003176093089, -0.001901620236, -0.001138555899, -0.0006816868642, -0.0004081459515, -0.0002443689713, -0.0001463108819, -8.760062318e-05, -5.244906654e-05, -3.140279693e-05, -1.880177704e-05], "yf": [0, -1.387778781e-17, -1.734723476e-16, -1.040834086e-16, -3.469446952e-17, -2.081668171e-17, -1.387778781e-17, -6.938893904e-18, -6.938893904e-18, 0, 0, 0, 0, 0, 0, 0, 0, 0, 0, 0, 0], "mpf": [0, 1.110223025e-16, -2.081668171e-16, -1.45716772e-16, -4.163336342e-17, -2.775557562e-17, -1.387778781e-17, -6.938893904e-18, -6.938893904e-18, 0, 0, 0, 0, 0, 0, 0, 0, 0, 0, 0, 0], "ep": [0, 0, 0, 0, 0, 0, 0, 0, 0, 0, 0, 0, 0, 0, 0, 0, 0, 0, 0, 0, 0], "ei": [0, 0, 0, 0, 0, 0, 0, 0, 0, 0, 0, 0, 0, 0, 0, 0, 0, 0, 0, 0, 0], "em": [0, 9.711812799e-18, 0, 0, 0, 0, 0, 0, 0, 0, 0, 0, 0, 0, 0, 0, 0, 0, 0, 0, 0], "at": [0, 0, 0, 0, 0, 0, 0, 0, 0, 0, 0, 0, 0, 0, 0, 0, 0, 0, 0, 0, 0], "interest": [0, 0.4387851001, 0.2627135296, 0.1572943079, 0.09417672298, 0.05638637067, 0.03376017658, 0.02021320949, 0.01210224233, 0.007245968008, 0.004338373911, 0.002597511909, 0.001555206687, 0.0009311479307, 0.0005575056204, 0.0003337949928, 0.0001998528681, 0.0001196577832, 7.164262998e-05, 4.289454721e-05, 2.568222553e-05], "inflation": [0, -0.1933486936, -0.3091122365, -0.3784232704, -0.4199218225, -0.2514195312, -0.1505322593, -0.09012808581, -0.05396233266, -0.03230883382, -0.01934424794, -0.01158196952, -0.006934465394, -0.004151868145, -0.002485845428, -0.001488348684, -0.0008911180804, -0.0005335385731, -0.0003194452175, -0.000191261236, -0.0001145137207], "inflationq": [0, -0.7733947745, -0.4630541715, -0.2772441356, -0.1659942086, -0.09938560909, -0.05950508381, -0.03562744176, -0.02133119601, -0.01277161369, -0.007646740311, -0.004578328062, -0.002741179508, -0.001641224699, -0.0009826494416, -0.000588341088, -0.000352257093, -0.0002109066699, -0.000126276019, -7.560516221e-05, -4.526703167e-05], "outputgap": [0, -0.2705627619, -0.1619938738, -0.09699049116, -0.05807105635, -0.03476884739, -0.02081713033, -0.01246382748, -0.007462459659, -0.004467993823, -0.002675119158, -0.001601672427, -0.0009589683342, -0.0005741625133, -0.0003437679638, -0.0002058239788, -0.0001232328626, -7.378313505e-05, -4.417613048e-05, -2.644954708e-05, -1.583612084e-05], "output": [0, -0.2705627619, -0.1619938738, -0.09699049116, -0.05807105635, -0.03476884739, -0.02081713033, -0.01246382748, -0.007462459659, -0.004467993823, -0.002675119158, -0.001601672427, -0.0009589683342, -0.0005741625133, -0.0003437679638, -0.0002058239788, -0.0001232328626, -7.378313505e-05, -4.417613048e-05, -2.644954708e-05, -1.583612084e-05], "AUX_ENDO_LEAD_80": [0, -0.4630541715, -0.2772441356, -0.1659942086, -0.09938560909, -0.05950508381, -0.03562744176, -0.02133119601, -0.01277161369, -0.007646740311, -0.004578328062, -0.002741179508, -0.001641224699, -0.0009826494416, -0.000588341088, -0.000352257093, -0.0002109066699, -0.000126276019, -7.560516221e-05, -4.526703167e-05, -2.710270167e-05], "AUX_ENDO_LEAD_84": [0, -0.2772441356, -0.1659942086, -0.09938560909, -0.05950508381, -0.03562744176, -0.02133119601, -0.01277161369, -0.007646740311, -0.004578328062, -0.002741179508, -0.001641224699, -0.0009826494416, -0.000588341088, -0.000352257093, -0.0002109066699, -0.000126276019, -7.560516221e-05, -4.526703167e-05, -2.710270167e-05, -1.622718368e-05], "AUX_ENDO_LEAD_88": [0, -0.1659942086, -0.09938560909, -0.05950508381, -0.03562744176, -0.02133119601, -0.01277161369, -0.007646740311, -0.004578328062, -0.002741179508, -0.001641224699, -0.0009826494416, -0.000588341088, -0.000352257093, -0.0002109066699, -0.000126276019, -7.560516221e-05, -4.526703167e-05, -2.710270167e-05, -1.622718368e-05, -9.715691577e-06], "AUX_ENDO_LEAD_115": [0, -0.1619938738, -0.09699049116, -0.05807105635, -0.03476884739, -0.02081713033, -0.01246382748, -0.007462459659, -0.004467993823, -0.002675119158, -0.001601672427, -0.0009589683342, -0.0005741625133, -0.0003437679638, -0.0002058239788, -0.0001232328626, -7.378313505e-05, -4.417613048e-05, -2.644954708e-05, -1.583612084e-05, -9.481550767e-06], "AUX_ENDO_LEAD_119": [0, -0.09699049116, -0.05807105635, -0.03476884739, -0.02081713033, -0.01246382748, -0.007462459659, -0.004467993823, -0.002675119158, -0.001601672427, -0.0009589683342, -0.0005741625133, -0.0003437679638, -0.0002058239788, -0.0001232328626, -7.378313505e-05, -4.417613048e-05, -2.644954708e-05, -1.583612084e-05, -9.481550767e-06, -5.676882984e-06], "AUX_ENDO_LEAD_123": [0, -0.05807105635, -0.03476884739, -0.02081713033, -0.01246382748, -0.007462459659, -0.004467993823, -0.002675119158, -0.001601672427, -0.0009589683342, -0.0005741625133, -0.0003437679638, -0.0002058239788, -0.0001232328626, -7.378313505e-05, -4.417613048e-05, -2.644954708e-05, -1.583612084e-05, -9.481550767e-06, -5.676882984e-06, -3.398916612e-06], "AUX_ENDO_LEAD_150": [0, -0.1619938738, -0.09699049116, -0.05807105635, -0.03476884739, -0.02081713033, -0.01246382748, -0.007462459659, -0.004467993823, -0.002675119158, -0.001601672427, -0.0009589683342, -0.0005741625133, -0.0003437679638, -0.0002058239788, -0.0001232328626, -7.378313505e-05, -4.417613048e-05, -2.644954708e-05, -1.583612084e-05, -9.481550767e-06], "AUX_ENDO_LEAD_154": [0, -0.09699049116, -0.05807105635, -0.03476884739, -0.02081713033, -0.01246382748, -0.007462459659, -0.004467993823, -0.002675119158, -0.001601672427, -0.0009589683342, -0.0005741625133, -0.0003437679638, -0.0002058239788, -0.0001232328626, -7.378313505e-05, -4.417613048e-05, -2.644954708e-05, -1.583612084e-05, -9.481550767e-06, -5.676882984e-06], "AUX_ENDO_LEAD_158": [0, -0.05807105635, -0.03476884739, -0.02081713033, -0.01246382748, -0.007462459659, -0.004467993823, -0.002675119158, -0.001601672427, -0.0009589683342, -0.0005741625133, -0.0003437679638, -0.0002058239788, -0.0001232328626, -7.378313505e-05, -4.417613048e-05, -2.644954708e-05, -1.583612084e-05, -9.481550767e-06, -5.676882984e-06, -3.398916612e-06], "AUX_ENDO_LAG_1_1": [0, 0, -0.1933486936, -0.1157635429, -0.0693110339, -0.04149855215, -0.02484640227, -0.01487627095, -0.008906860439, -0.005332799001, -0.003192903424, -0.001911685078, -0.001144582016, -0.0006852948771, -0.0004103061748, -0.0002456623604, -0.000147085272, -8.806427326e-05, -5.272666746e-05, -3.156900476e-05, -1.890129055e-05], "AUX_ENDO_LAG_1_2": [0, 0, -1.115234255e-32, -0.1933486936, -0.1157635429, -0.0693110339, -0.04149855215, -0.02484640227, -0.01487627095, -0.008906860439, -0.005332799001, -0.003192903424, -0.001911685078, -0.001144582016, -0.0006852948771, -0.0004103061748, -0.0002456623604, -0.000147085272, -8.806427326e-05, -5.272666746e-05, -3.156900476e-05],