{"interest_": {"y": [0, -0.08327302712, 0.00802706704, 0.004339638457, 0.001301726793, -0.0008948516393, -0.0001151903446, 5.956647552e-05, 3.061863561e-05, -6.900546094e-06, -3.684968875e-06, 2.445533065e-07, 5.338375291e-07, 9.998633005e-09, -5.976103193e-08, -8.672522311e-09, 6.719401972e-09, 1.671619849e-09, -6.209230699e-10, -2.758488646e-10, 4.882581839e-11], "pi": [0, -0.02231560943, 0.003783087943, 0.001443760905, 0.0001487449744, -0.0002867492012, -1.361423304e-05, 2.412184233e-05, 6.781250083e-06, -2.947749926e-06, -9.413355459e-07, 2.080174945e-07, 1.513619628e-07, -1.358660215e-08, -1.880251349e-08, -6.095907839e-10, 2.314974725e-09, 2.938927684e-10, -2.457209077e-10, -6.329423502e-11, 2.385178441e-11], "r": [0, 0.2312225181, -0.005946312179, -0.005865830413, -0.006189790005, 0.001796460278, 0.0004701546237, -4.036542213e-05, -9.722029874e-05, 4.51534778e-06, 9.669631493e-06, 1.193137453e-06, -1.256910064e-06, -2.220786799e-07, 1.151512492e-07, 4.330215587e-08, -1.066647414e-08, -6.092261313e-09, 5.79968042e-10, 8.279635234e-10, 9.37675629e-12], "mp": [0, -0.1900747516, 0.01077366975, 0.007049066626, 0.004160791958, -0.001724636979, -0.0003323548536, 7.821127157e-05, 7.552470984e-05, -8.986186081e-06, -8.151373476e-06, -3.06557107e-07, 1.114404524e-06, 1.125768169e-07, -1.129494155e-07, -2.867379623e-08, 1.164624838e-08, 4.485636487e-09, -8.888104142e-10, -6.582853707e-10, 4.449469265e-11], "yf": [0, 0, 4.857225733e-17, -2.775557562e-17, 0, 0, 0, 0, 0, 0, 0, 0, 0, 0, 0, 0, 0, 0, 0, 0, 0], "mpf": [0, -3.469446952e-17, 1.040834086e-16, -4.857225733e-17, -6.938893904e-18, 0, 0, 0, 0, 0, 0, 0, 0, 0, 0, 0, 0, 0, 0, 0, 0], "ep": [0, 0, 0, 0, 0, 0, 0, 0, 0, 0, 0, 0, 0, 0, 0, 0, 0, 0, 0, 0, 0], "ei": [0, 0, 0, 0, 0, 0, 0, 0, 0, 0, 0, 0, 0, 0, 0, 0, 0, 0, 0, 0, 0], "em": [0, -2.165017994e-18, 0, 0, 0, 0, 0, 0, 0, 0, 0, 0, 0, 0, 0, 0, 0, 0, 0, 0, 0], "at": [0, 0, 0, 0, 0, 0, 0, 0, 0, 0, 0, 0, 0, 0, 0, 0, 0, 0, 0, 0, 0], "interest": [0, 0.9248900723, -0.02378524872, -0.02346332165, -0.02475916002, 0.007185841112, 0.001880618495, -0.0001614616885, -0.0003888811949, 1.806139112e-05, 3.867852597e-05, 4.772549812e-06, -5.027640257e-06, -8.883147194e-07, 4.606049966e-07, 1.732086235e-07, -4.266589656e-08, -2.436904525e-08, 2.319872168e-09, 3.311854094e-09, 3.750702516e-11], "inflation": [0, -0.02231560943, -0.01853252149, -0.01708876059, -0.01694001561, 0.005088844621, 0.001292142445, -0.0001274966175, -0.0002694603418, 1.434110945e-05, 2.701400694e-05, 3.100182106e-06, -3.529706014e-06, -5.955426906e-07, 3.269903417e-07, 1.183632564e-07, -3.06837317e-08, -1.680323678e-08, 1.753555802e-09, 2.299852351e-09, 8.729410099e-12], "inflationq": [0, -0.08926243774, 0.01513235177, 0.005775043619, 0.0005949798976, -0.001146996805, -5.445693215e-05, 9.648736931e-05, 2.712500033e-05, -1.17909997e-05, -3.765342183e-06, 8.320699782e-07, 6.054478514e-07, -5.434640858e-08, -7.521005397e-08, -2.438363136e-09, 9.259898901e-09, 1.175571074e-09, -9.828836307e-10, -2.531769401e-10, 9.540713762e-11], "outputgap": [0, -0.08327302712, 0.00802706704, 0.004339638457, 0.001301726793, -0.0008948516393, -0.0001151903446, 5.956647552e-05, 3.061863561e-05, -6.900546094e-06, -3.684968875e-06, 2.445533065e-07, 5.338375291e-07, 9.998633002e-09, -5.976103193e-08, -8.672522314e-09, 6.719401971e-09, 1.671619846e-09, -6.209230701e-10, -2.758488651e-10, 4.882582003e-11], "output": [0, -0.08327302712, 0.00802706704, 0.004339638457, 0.001301726793, -0.0008948516393, -0.0001151903446, 5.956647552e-05, 3.061863561e-05, -6.900546094e-06, -3.684968875e-06, 2.445533065e-07, 5.338375291e-07, 9.998633005e-09, -5.976103193e-08, -8.672522311e-09, 6.719401972e-09, 1.671619849e-09, -6.209230699e-10, -2.758488646e-10, 4.882581839e-11], "AUX_ENDO_LEAD_80": [0, 0.01513235177, 0.005775043619, 0.0005949798976, -0.001146996805, -5.445693215e-05, 9.648736931e-05, 2.712500033e-05, -1.17909997e-05, -3.765342183e-06, 8.320699782e-07, 6.054478514e-07, -5.434640858e-08, -7.521005397e-08, -2.438363136e-09, 9.259898901e-09, 1.175571074e-09, -9.828836307e-10, -2.531769401e-10, 9.540713762e-11, 4.038242212e-11], "AUX_ENDO_LEAD_84": [0, 0.005775043619, 0.0005949798976, -0.001146996805, -5.445693215e-05, 9.648736931e-05, 2.712500033e-05, -1.17909997e-05, -3.765342183e-06, 8.320699782e-07, 6.054478514e-07, -5.434640858e-08, -7.521005397e-08, -2.438363136e-09, 9.259898901e-09, 1.175571074e-09, -9.828836307e-10, -2.531769401e-10, 9.540713762e-11, 4.038242212e-11, -7.285714178e-12], "AUX_ENDO_LEAD_88": [0, 0.0005949798976, -0.001146996805, -5.445693215e-05, 9.648736931e-05, 2.712500033e-05, -1.17909997e-05, -3.765342183e-06, 8.320699782e-07, 6.054478514e-07, -5.434640858e-08, -7.521005397e-08, -2.438363136e-09, 9.259898901e-09, 1.175571074e-09, -9.828836307e-10, -2.531769401e-10, 9.540713762e-11, 4.038242212e-11, -7.285714178e-12, -5.731677015e-12], "AUX_ENDO_LEAD_115": [0, 0.00802706704, 0.004339638457, 0.001301726793, -0.0008948516393, -0.0001151903446, 5.956647552e-05, 3.061863561e-05, -6.900546094e-06, -3.684968875e-06, 2.445533065e-07, 5.338375291e-07, 9.998633002e-09, -5.976103193e-08, -8.672522314e-09, 6.719401971e-09, 1.671619846e-09, -6.209230701e-10, -2.758488651e-10, 4.882582003e-11, 3.828152334e-11], "AUX_ENDO_LEAD_119": [0, 0.004339638457, 0.001301726793, -0.0008948516393, -0.0001151903446, 5.956647552e-05, 3.061863561e-05, -6.900546094e-06, -3.684968875e-06, 2.445533065e-07, 5.338375291e-07, 9.998633002e-09, -5.976103193e-08, -8.672522314e-09, 6.719401971e-09, 1.671619846e-09, -6.209230701e-10, -2.758488651e-10, 4.882582003e-11, 3.828152334e-11, -1.818249367e-12], "AUX_ENDO_LEAD_123": [0, 0.001301726793, -0.0008948516393, -0.0001151903446, 5.956647552e-05, 3.061863561e-05, -6.900546094e-06, -3.684968875e-06, 2.445533065e-07, 5.338375291e-07, 9.998633002e-09, -5.976103193e-08, -8.672522314e-09, 6.719401971e-09, 1.671619846e-09, -6.209230701e-10, -2.758488651e-10, 4.882582003e-11, 3.828152334e-11, -1.818249367e-12, -4.903020803e-12], "AUX_ENDO_LEAD_150": [0, 0.00802706704, 0.004339638457, 0.001301726793, -0.0008948516393, -0.0001151903446, 5.956647552e-05, 3.061863561e-05, -6.900546094e-06, -3.684968875e-06, 2.445533065e-07, 5.338375291e-07, 9.998633005e-09, -5.976103193e-08, -8.672522311e-09, 6.719401972e-09, 1.671619849e-09, -6.209230699e-10, -2.758488646e-10, 4.882581839e-11, 3.828152378e-11], "AUX_ENDO_LEAD_154": [0, 0.004339638457, 0.001301726793, -0.0008948516393, -0.0001151903446, 5.956647552e-05, 3.061863561e-05, -6.900546094e-06, -3.684968875e-06, 2.445533065e-07, 5.338375291e-07, 9.998633005e-09, -5.976103193e-08, -8.672522311e-09, 6.719401972e-09, 1.671619849e-09, -6.209230699e-10, -2.758488646e-10, 4.882581839e-11, 3.828152378e-11, -1.818246942e-12], "AUX_ENDO_LEAD_158": [0, 0.001301726793, -0.0008948516393, -0.0001151903446, 5.956647552e-05, 3.061863561e-05, -6.900546094e-06, -3.684968875e-06, 2.445533065e-07, 5.338375291e-07, 9.998633005e-09, -5.976103193e-08, -8.672522311e-09, 6.719401972e-09, 1.671619849e-09, -6.209230699e-10, -2.758488646e-10, 4.882581839e-11, 3.828152378e-11, -1.818246942e-12, -4.903022433e-12], "AUX_ENDO_LAG_1_1": [0, 0, -0.02231560943, 0.003783087943, 0.001443760905, 0.0001487449744, -0.0002867492012, -1.361423304e-05, 2.412184233e-05, 6.781250083e-06, -2.947749926e-06, -9.413355459e-07, 2.080174945e-07, 1.513619628e-07, -1.358660215e-08, -1.880251349e-08, -6.095907839e-10, 2.314974725e-09, 2.938927684e-10, -2.457209077e-10, -6.329423502e-11], "AUX_ENDO_LAG_1_2": [0, 0, -4.265026189e-19, -0.02231560943, 0.003783087943, 0.001443760905, 0.0001487449744, -0.0002867492012, -1.361423304e-05, 2.412184233e-05, 6.781250083e-06, -2.947749926e-06, -9.413355459e-07, 2.080174945e-07, 1.513619628e-07, -1.358660215e-08, -1.880251349e-08, -6.095907839e-10, 2.314974725e-09, 2.938927684e-10, -2.457209077e-10],