{"interest_": {"dp": [0, -0.06895053784, -0.03095022313, -0.01389280406, -0.006236142589, -0.002799253068, -0.00125651677, -0.0005640198845, -0.0002531748384, -0.0001136440409, -5.101205202e-05, -2.289807218e-05, -1.027838891e-05, -4.613719343e-06, -2.070986646e-06, -9.296156465e-07, -4.172819036e-07, -1.873077199e-07, -8.407788981e-08, -3.774052431e-08, -1.694080545e-08], "mc": [0, -0.7661963388, -0.3439269423, -0.1543804579, -0.06929764102, -0.03110602933, -0.01396274168, -0.006267535889, -0.002813344759, -0.001262842188, -0.0005668592112, -0.0002544493432, -0.0001142161352, -5.126885126e-05, -2.301334313e-05, -1.033013124e-05, -4.63694522e-06, -2.081412179e-06, -9.342954152e-07, -4.193825384e-07, -1.882506439e-07], "omega": [0, 0.03651828502, 0.01639217191, 0.007358048164, 0.003302849255, 0.001482568876, 0.0006654891893, 0.0002987219469, 0.0001340890325, 6.01893126e-05, 2.701752174e-05, 1.212750984e-05, 5.443744857e-06, 2.443564957e-06, 1.096857008e-06, 4.923524925e-07, 2.210050856e-07, 9.920381973e-08, 4.453018737e-08, 1.998852064e-08, 8.972362026e-09], "lambda": [0, 0.3336715275, 0.1497770511, 0.06723128342, 0.03017849155, 0.01354639248, 0.006080646838, 0.002729454799, 0.00122518602, 0.0005499562716, 0.0002468620239, 0.0001108103716, 4.974008666e-05, 2.23271178e-05, 1.002210134e-05, 4.498678074e-06, 2.019347413e-06, 9.064360477e-07, 4.068771442e-07, 1.826372759e-07, 8.198144084e-08], "xi": [0, -0.4325248112, -0.1941498912, -0.08714917449, -0.03911914948, -0.01755963685, -0.007882094841, -0.00353808109, -0.001588158739, -0.0007128859161, -0.0003199971873, -0.0001436389716, -6.447604851e-05, -2.894173346e-05, -1.299124179e-05, -5.831453164e-06, -2.617597807e-06, -1.174976131e-06, -5.27418271e-07, -2.367452625e-07, -1.062692031e-07], "w": [0, -0.5750489351, -0.2581255116, -0.1158662779, -0.05200956029, -0.02334582944, -0.01047937627, -0.004703937694, -0.002111483475, -0.00094779369, -0.0004254415862, -0.0001909704034, -8.572197957e-05, -3.847851631e-05, -1.727207217e-05, -7.753014035e-06, -3.480139849e-06, -1.562150322e-06, -7.012113688e-07, -3.147567664e-07, -1.412866739e-07], "n": [0, -0.5045074214, -0.226461138, -0.101652909, -0.04562952394, -0.02048198595, -0.009193866433, -0.004126903523, -0.001852466839, -0.0008315274081, -0.0003732524739, -0.0001675439774, -7.520642545e-05, -3.375833926e-05, -1.515329924e-05, -6.801948287e-06, -3.053229515e-06, -1.370520633e-06, -6.151934523e-07, -2.761454112e-07, -1.239549736e-07], "m": [0, -0.2454804851, -0.1101902324, -0.04946172121, -0.02220216631, -0.009966013649, -0.00447350167, -0.002008046336, -0.0009013632686, -0.0004046000968, -0.0001816151646, -8.15226399e-05, -3.659353465e-05, -1.642594964e-05, -7.373210167e-06, -3.309655109e-06, -1.485623859e-06, -6.668604965e-07, -2.99337493e-07, -1.343653359e-07, -6.031333811e-08], "c": [0, -0.3133600177, -0.1406597073, -0.06313872904, -0.02834144321, -0.01272178606, -0.005710501028, -0.002563305328, -0.001150605555, -0.0005164789105, -0.0002318348489, -0.0001040650375, -4.671226985e-05, -2.096800432e-05, -9.412028282e-06, -4.224831083e-06, -1.896424144e-06, -8.512587756e-07, -3.821094059e-07, -1.715196392e-07, -7.699100355e-08], "q": [0, -0.3577458905, -0.1605834484, -0.07208201293, -0.03235586631, -0.01452376317, -0.00651936482, -0.002926384655, -0.001313583054, -0.0005896355545, -0.000264673091, -0.0001188053274, -5.332882829e-05, -2.393801683e-05, -1.074519482e-05, -4.82325719e-06, -2.165043101e-06, -9.718353066e-07, -4.362332847e-07, -1.958145352e-07, -8.789639299e-08], "p": [0, -0.06895053784, -0.09990076097, -0.113793565, -0.1200297076, -0.1228289607, -0.1240854775, -0.1246494973, -0.1249026722, -0.1250163162, -0.1250673283, -0.1250902263, -0.1251005047, -0.1251051185, -0.1251071894, -0.1251081191, -0.1251085363, -0.1251087236, -0.1251088077, -0.1251088455, -0.1251088624], "h": [0, -0.3823105556, -0.2405604682, -0.1769322941, -0.1483711508, -0.1355507467, -0.1297959785, -0.1272128027, -0.1260532777, -0.1255327951, -0.1252991631, -0.1251942914, -0.125147217, -0.1251260865, -0.1251166015, -0.1251123439, -0.1251104328, -0.1251095749, -0.1251091898, -0.125109017, -0.1251089394], "b": [0, 0, 0, 0, 0, 0, 0, 0, 0, 0, 0, 0, 0, 0, 0, 0, 0, 0, 0, 0, 0], "a1": [0, 0, -1.367670671e-17, -1.717886642e-17, -1.422833596e-17, -9.377747593e-18, -3.709531021e-18, 2.29078996e-18, 8.405624589e-18, 1.453764725e-17, 2.064351299e-17, 2.670410403e-17, 3.271117419e-17, 3.866135394e-17, 4.455345946e-17, 5.038728472e-17, 5.616305936e-17, 6.188120538e-17, 6.754222788e-17, 7.314666618e-17, 7.869507177e-17], "a2": [0, 0, 0, 0, 0, 0, 0, 0, 0, 0, 0, 0, 0, 0, 0, 0, 0, 0, 0, 0, 0], "a3": [0, 0, 0, 0, 0, 0, 0, 0, 0, 0, 0, 0, 0, 0, 0, 0, 0, 0, 0, 0, 0], "CEFP": [0, -0.002307276772, -0.001035680549, -0.0004648918646, -0.0002086786759, -9.367079337e-05, -4.204654593e-05, -1.887367407e-05, -8.471934262e-06, -3.802845692e-06, -1.707005143e-06, -7.662331828e-07, -3.439434807e-07, -1.543878816e-07, -6.930097333e-08, -3.110752512e-08, -1.39634131e-08, -6.267837273e-09, -2.813480041e-09, -1.262902911e-09, -5.668864669e-10], "UEFP": [0, -0.006592219348, -0.002959087284, -0.00132826247, -0.0005962247884, -0.0002676308382, -0.0001201329884, -5.392478307e-05, -2.420552646e-05, -1.086527341e-05, -4.877157551e-06, -2.189237665e-06, -9.82695659e-07, -4.411082331e-07, -1.980027809e-07, -8.887864319e-08, -3.9895466e-08, -1.790810649e-08, -8.038514404e-09, -3.608294031e-09, -1.61967562e-09], "rT": [0, 0.153720542, 0.06900142079, 0.03097306326, 0.01390305644, 0.006240744632, 0.002801318814, 0.001257444033, 0.0005644361104, 0.0002533616721, 0.000113727906, 5.104969703e-05, 2.291497011e-05, 1.028597398e-05, 4.617124098e-06, 2.072514958e-06, 9.303016686e-07, 4.175898423e-07, 1.874459461e-07, 8.413993625e-08, 3.776837547e-08], "rIB": [0, 0.1603127614, 0.07196050808, 0.03230132573, 0.01449928122, 0.006508375471, 0.002921451802, 0.001311368816, 0.0005886416369, 0.0002642269455, 0.0001186050635, 5.32389347e-05, 2.389766577e-05, 1.072708221e-05, 4.815126879e-06, 2.161393602e-06, 9.701971346e-07, 4.354979488e-07, 1.954844605e-07, 8.774823027e-08, 3.938805108e-08], "rL": [0, 0.1580054846, 0.07092482753, 0.03183643386, 0.01429060255, 0.006414704677, 0.002879405256, 0.001292495142, 0.0005801697026, 0.0002604240998, 0.0001168980584, 5.247270151e-05, 2.355372229e-05, 1.057269433e-05, 4.745825905e-06, 2.130286076e-06, 9.562337215e-07, 4.292301116e-07, 1.926709804e-07, 8.648532735e-08, 3.882116461e-08], "rB": [0, 0.1583773608, 0.07109175374, 0.03191136298, 0.01432423641, 0.006429802103, 0.002886182124, 0.001295537113, 0.0005815351698, 0.0002610370249, 0.0001171731856, 5.259619944e-05, 2.360915751e-05, 1.059757786e-05, 4.756995516e-06, 2.135299844e-06, 9.5848428e-07, 4.302403326e-07, 1.931244442e-07, 8.668887622e-08, 3.891253276e-08], "interest": [0, 0.6412510455, 0.2878420323, 0.1292053029, 0.0579971249, 0.02603350188, 0.01168580721, 0.005245475263, 0.002354566547, 0.001056907782, 0.0004744202542, 0.0002129557388, 9.559066309e-05, 4.290832885e-05, 1.926050751e-05, 8.645574406e-06, 3.880788539e-06, 1.741991795e-06, 7.81937842e-07, 3.509929211e-07, 1.575522043e-07], "inflation": [0, -0.06895053784, -0.09990076097, -0.113793565, -0.1200297076, -0.05387842285, -0.02418471649, -0.01085593231, -0.004872964561, -0.002187355533, -0.0009818508158, -0.0004407290035, -0.000197832554, -8.880223245e-05, -3.986116708e-05, -1.789271054e-05, -8.031603539e-06, -3.605191916e-06, -1.61828316e-06, -7.264080376e-07, -3.260669394e-07], "inflationq": [0, -0.2758021514, -0.1238008925, -0.05557121623, -0.02494457036, -0.01119701227, -0.005026067078, -0.002256079538, -0.001012699354, -0.0004545761635, -0.0002040482081, -9.159228872e-05, -4.111355563e-05, -1.845487737e-05, -8.283946586e-06, -3.718462586e-06, -1.669127615e-06, -7.492308795e-07, -3.363115594e-07, -1.509620974e-07, -6.776322195e-08],