{"interest_": {"dp": [0, -0.05248528254, -0.01803358726, -0.004750742616, -0.0005702142485, 0.0001292023456, 0.0001112794721, 4.081979752e-05, 9.568734731e-06, 9.64675568e-07, -3.718469401e-07, -2.574211084e-07, -8.860024785e-08, -1.934680164e-08, -1.433986258e-09, 9.946540742e-10, 5.896831239e-10, 1.906669671e-10, 3.855577104e-11, 1.643512647e-12, -2.551234601e-12], "mc": [0, -0.6926406231, -0.2666070414, -0.0837246102, -0.01396249141, 0.0003807133647, 0.001417357451, 0.0006269350028, 0.0001722741184, 2.665608077e-05, -2.340000856e-06, -3.39413726e-06, -1.388938285e-06, -3.585431054e-07, -4.837387637e-08, 8.217355098e-09, 8.018455996e-09, 3.049934544e-09, 7.385733378e-10, 8.338416557e-11, -2.454950148e-11], "omega": [0, 0.02744107674, 0.009307538355, 0.002390839832, 0.0002695033127, -7.35209031e-05, -5.844140771e-05, -2.095877099e-05, -4.799699247e-06, -4.423054866e-07, 2.060138501e-07, 1.346761384e-07, 4.53652673e-08, 9.658636489e-09, 6.183151275e-10, -5.423007434e-10, -3.074173601e-10, -9.735257991e-11, -1.91406146e-11, -5.833509029e-13, 1.375650797e-12], "lambda": [0, 0.3033157678, 0.1171282213, 0.03694281795, 0.006199732379, -0.0001491283093, -0.0006199892342, -0.0002757101707, -7.605063348e-05, -1.185777318e-05, 9.906074865e-07, 1.486271746e-06, 6.111413459e-07, 1.583788571e-07, 2.1574278e-08, -3.533236223e-09, -3.514467562e-09, -1.342671406e-09, -3.264767024e-10, -3.733385141e-11, 1.062910005e-11], "xi": [0, -0.3893248553, -0.1494788201, -0.04678179225, -0.007762759035, 0.0002315850554, 0.0007973682173, 0.0003512248321, 9.62234849e-05, 1.47983076e-05, -1.34939337e-06, -1.907865514e-06, -7.777969392e-07, -2.001642484e-07, -2.679959836e-08, 4.684118875e-09, 4.503988434e-09, 1.707263137e-09, 4.120966354e-10, 4.605031416e-11, -1.392040143e-11], "w": [0, -0.5214400171, -0.2010691221, -0.06329570649, -0.0105926507, 0.0002698673565, 0.001066372201, 0.0004730864522, 0.0001302733462, 2.024333896e-05, -1.729153626e-06, -2.555145983e-06, -1.04840164e-06, -2.712243345e-07, -3.678923726e-08, 6.124158039e-09, 6.039466496e-09, 2.302807483e-09, 5.589194353e-10, 6.355355643e-11, -1.836598915e-11], "n": [0, -0.4556761102, -0.1753064411, -0.05501478533, -0.009165412829, 0.0002546395004, 0.0009326180828, 0.000412172403, 0.0001131914175, 1.749272028e-05, -1.547540313e-06, -2.232958126e-06, -9.130678745e-07, -2.355544351e-07, -3.173158205e-08, 5.421538211e-09, 5.274468611e-09, 2.004820978e-09, 4.851714344e-10, 5.466264457e-11, -1.617948334e-11], "m": [0, -0.2334685234, -0.09246783659, -0.03014183146, -0.005294624195, 7.134157399e-06, 0.000473002993, 0.0002193660652, 6.226905054e-05, 1.025782896e-05, -5.537582368e-07, -1.143633261e-06, -4.882070854e-07, -1.30282364e-07, -1.899762989e-08, 2.320322258e-09, 2.724057232e-09, 1.076736682e-09, 2.69939293e-10, 3.374770525e-11, -7.438944e-12], "c": [0, -0.2844755042, -0.1097685218, -0.03458588161, -0.005795572114, 0.0001437934922, 0.0005816328324, 0.0002583238524, 7.119064533e-05, 1.107997846e-05, -9.366930827e-07, -1.393966849e-06, -5.725312298e-07, -1.482356641e-07, -2.014694294e-08, 3.328341153e-09, 3.295479111e-09, 1.257693918e-09, 3.055175323e-10, 3.483203593e-11, -9.995970509e-12], "q": [0, -0.317828553, -0.1210812988, -0.03749180977, -0.006123137873, 0.0002331539168, 0.0006526649986, 0.0002837980318, 7.702440341e-05, 1.161757531e-05, -1.187091056e-06, -1.557657941e-06, -6.276701002e-07, -1.599751807e-07, -2.089846938e-08, 3.987476482e-09, 3.669127212e-09, 1.376020374e-09, 3.287818473e-10, 3.55410654e-11, -1.166799482e-11], "p": [0, -0.05248528254, -0.0705188698, -0.07526961242, -0.07583982667, -0.07571062432, -0.07559934485, -0.07555852505, -0.07554895632, -0.07554799164, -0.07554836349, -0.07554862091, -0.07554870951, -0.07554872886, -0.07554873029, -0.0755487293, -0.07554872871, -0.07554872852, -0.07554872848, -0.07554872848, -0.07554872848], "h": [0, -0.3369607867, -0.1802873916, -0.109855494, -0.08163539878, -0.07556683083, -0.07501771202, -0.0753002012, -0.07547776567, -0.07553691166, -0.07554930018, -0.07555001488, -0.07554928204, -0.07554887709, -0.07554875044, -0.07554872597, -0.07554872541, -0.07554872726, -0.07554872817, -0.07554872844, -0.07554872849], "b": [0, 0, 0, 0, 0, 0, 0, 0, 0, 0, 0, 0, 0, 0, 0, 0, 0, 0, 0, 0, 0], "a1": [0, 0, -6.209544668e-18, -5.494785337e-18, 3.42481687e-18, 1.512725367e-17, 2.73993829e-17, 3.961717232e-17, 5.16864247e-17, 6.361664609e-17, 7.542125352e-17, 8.710643524e-17, 9.867466251e-17, 1.101272782e-16, 1.214654098e-16, 1.326901736e-16, 1.438026926e-16, 1.548040864e-16, 1.656954662e-16, 1.764779321e-16, 1.871525732e-16], "a2": [0, 0, 0, 0, 0, 0, 0, 0, 0, 0, 0, 0, 0, 0, 0, 0, 0, 0, 0, 0, 0], "a3": [0, 0, 0, 0, 0, 0, 0, 0, 0, 0, 0, 0, 0, 0, 0, 0, 0, 0, 0, 0, 0], "CEFP": [0, -0.002140151224, -0.0008360217389, -0.0002677351176, -4.591040251e-05, 6.060061447e-07, 4.357078115e-06, 1.974990959e-06, 5.520681568e-07, 8.835323878e-08, -6.124382316e-09, -1.048533306e-08, -4.385898679e-09, -1.152211414e-09, -1.621374809e-10, 2.327496286e-11, 2.487589407e-11, 9.652979388e-12, 2.380847463e-12, 2.841926051e-13, -7.192005648e-14], "UEFP": [0, -0.006114717781, -0.00238863354, -0.0007649574789, -0.0001311725786, 1.731446128e-06, 1.244879462e-05, 5.642831311e-06, 1.577337591e-06, 2.524378251e-07, -1.749823519e-08, -2.995809445e-08, -1.253113908e-08, -3.292032613e-09, -4.632499453e-10, 6.64998939e-11, 7.107398306e-11, 2.757994111e-11, 6.802421327e-12, 8.119788756e-13, -2.054858718e-13], "rT": [0, 0.1690074468, 0.07581753931, 0.03032601771, 0.006510943297, 0.0005850951274, -0.0003049995135, -0.0001910556334, -6.354910773e-05, -1.328732861e-05, -7.56907752e-07, 7.905222897e-07, 4.356155457e-07, 1.360576841e-07, 2.623465327e-08, 5.738121856e-10, -1.9911847e-09, -9.826010971e-10, -2.889586081e-10, -5.077060634e-11, 1.09982149e-12], "rIB": [0, 0.1751221646, 0.07820617285, 0.03109097519, 0.006642115876, 0.0005833636813, -0.0003174483082, -0.0001966984647, -6.512644532e-05, -1.353976644e-05, -7.394095168e-07, 8.204803842e-07, 4.481466847e-07, 1.393497167e-07, 2.669790319e-08, 5.073122691e-10, -2.062258705e-09, -1.010181061e-09, -2.95761052e-10, -5.15826078e-11, 1.305284779e-12], "rL": [0, 0.1729820134, 0.07737015111, 0.03082324008, 0.006596205473, 0.0005839696874, -0.00031309123, -0.0001947234738, -6.457437717e-05, -1.34514132e-05, -7.455338991e-07, 8.099950511e-07, 4.437607861e-07, 1.381975052e-07, 2.653576571e-08, 5.305872319e-10, -2.037382811e-09, -1.000528081e-09, -2.933802045e-10, -5.129841519e-11, 1.233364722e-12], "rB": [0, 0.1733892658, 0.0775429177, 0.03088428317, 0.006608033818, 0.0005844913532, -0.0003138953999, -0.0001951415814, -6.4701509e-05, -1.347491613e-05, -7.456035571e-07, 8.119880635e-07, 4.447007002e-07, 1.384663151e-07, 2.658076936e-08, 5.285207942e-10, -2.042228275e-09, -1.002620874e-09, -2.939435493e-10, -5.138212243e-11, 1.242679743e-12], "interest": [0, 0.7004886583, 0.3128246914, 0.1243639008, 0.0265684635, 0.002333454725, -0.001269793233, -0.0007867938589, -0.0002605057813, -5.415906575e-05, -2.957638067e-06, 3.281921537e-06, 1.792586739e-06, 5.573988666e-07, 1.067916128e-07, 2.029249071e-09, -8.249034827e-09, -4.040724249e-09, -1.183044214e-09, -2.063304368e-10, 5.221133469e-12], "inflation": [0, -0.05248528254, -0.0705188698, -0.07526961242, -0.07583982667, -0.02322534178, -0.005080475047, -0.0002889126332, 0.00029087035, 0.0001626326799, 5.098136088e-05, 9.904142251e-06, 2.468072717e-07, -7.372150979e-07, -3.668021441e-07, -1.083863817e-07, -1.919645071e-08, 3.410178939e-10, 1.813559923e-09, 8.205493617e-10, 2.283150032e-10], "inflationq": [0, -0.2099411302, -0.07213434904, -0.01900297046, -0.002280856994, 0.0005168093826, 0.0004451178885, 0.0001632791901, 3.827493893e-05, 3.858702272e-06, -1.48738776e-06, -1.029684433e-06, -3.544009914e-07, -7.738720657e-08, -5.73594504e-09, 3.97861629e-09, 2.358732489e-09, 7.626678617e-10, 1.542230773e-10, 6.574043776e-12, -1.020494522e-11],