{"interest_": {"dp": [0, -0.0396050476, -0.02920344334, -0.02115549401, -0.01514988061, -0.01084319934, -0.007759612851, -0.005552874737, -0.003973697314, -0.002843620292, -0.002034925027, -0.001456214061, -0.001042082319, -0.0007457252255, -0.0005336489277, -0.0003818848662, -0.0002732808847, -0.0001955627167, -0.0001399467666, -0.0001001473993, -7.166654742e-05], "mc": [0, -0.2138727738, -0.1651900855, -0.1231422439, -0.08830226542, -0.06322365228, -0.04524533723, -0.03237828793, -0.0231702645, -0.01658089029, -0.01186546213, -0.008491051311, -0.006076286912, -0.004348255743, -0.003111658202, -0.002226735808, -0.001593475902, -0.001140308356, -0.0008160168259, -0.0005839503468, -0.0004178810985], "omega": [0, 0.02137022645, 0.0157404156, 0.01139128164, 0.008157186827, 0.005838255077, 0.004177969778, 0.002989806213, 0.002139537679, 0.001531076039, 0.001095654353, 0.0007840619449, 0.0005610830931, 0.0004015170477, 0.0002873298832, 0.00020561633, 0.0001471412395, 0.0001052958409, 7.535082713e-05, 5.392185583e-05, 3.858705533e-05], "lambda": [0, 0.0897752882, 0.06957063568, 0.05196508404, 0.03726625735, 0.02668298353, 0.0190954294, 0.01366499988, 0.009778826857, 0.00699783363, 0.005007724467, 0.003583581063, 0.002564448843, 0.001835146953, 0.001313250739, 0.0009397762399, 0.0006725139039, 0.0004812581248, 0.0003443934487, 0.0002464516263, 0.0001763634132], "xi": [0, -0.1240974856, -0.09561944984, -0.0711771599, -0.05103600808, -0.03654066875, -0.02614990782, -0.01871328806, -0.01339143764, -0.009583056661, -0.006857737666, -0.004907470248, -0.003511838069, -0.00251310879, -0.001798407463, -0.001286959568, -0.0009209619978, -0.0006590502315, -0.0004716233772, -0.0003374987205, -0.0002415176852], "w": [0, -0.1573141447, -0.1217249116, -0.09083893912, -0.06514157744, -0.04664143758, -0.03337848402, -0.02388618228, -0.01709321913, -0.01223209135, -0.008753415181, -0.006264037305, -0.004482611929, -0.003207804922, -0.002295539427, -0.001642712505, -0.001175542595, -0.0008412308231, -0.0006019937523, -0.0004307931519, -0.0003082801757], "n": [0, -0.1416245205, -0.1093326238, -0.08147839026, -0.05842534214, -0.04183187708, -0.02993653158, -0.02142306031, -0.01533058117, -0.01097072864, -0.007850770551, -0.005618095177, -0.004020368849, -0.002877018843, -0.002058825379, -0.001473317407, -0.001054321656, -0.0007544838256, -0.0005399166753, -0.0003863701333, -0.0002764905896], "m": [0, -0.04534329815, -0.03660944792, -0.02800117564, -0.02010222173, -0.01439761867, -0.01030374316, -0.007373556537, -0.005276601577, -0.003775993043, -0.002702140958, -0.001933680904, -0.001383762686, -0.0009902353417, -0.0007086229755, -0.0005070981617, -0.0003628848548, -0.0002596842738, -0.0001858328369, -0.0001329839608, -9.516474117e-05], "c": [0, -0.08506589142, -0.06586744985, -0.04917508543, -0.03526465416, -0.02524966239, -0.01806967837, -0.01293095465, -0.009253535804, -0.006621929697, -0.004738723598, -0.003391081171, -0.002426693866, -0.001736568022, -0.001242706604, -0.0008892941044, -0.0006363883491, -0.0004554062924, -0.0003258936016, -0.0002332129383, -0.0001668896669], "q": [0, -0.1110401712, -0.08499901873, -0.06302053239, -0.04517924508, -0.03234572529, -0.02314776009, -0.01656489196, -0.01185402067, -0.008482864468, -0.006070428379, -0.004344063321, -0.00310865806, -0.002224588875, -0.001591939533, -0.001139208915, -0.0008152300538, -0.0005833873243, -0.0004174781935, -0.0002987518494, -0.0002137900109], "p": [0, -0.0396050476, -0.06880849094, -0.08996398494, -0.1051138656, -0.1159570649, -0.1237166777, -0.1292695525, -0.1332432498, -0.1360868701, -0.1381217951, -0.1395780092, -0.1406200915, -0.1413658167, -0.1418994656, -0.1422813505, -0.1425546314, -0.1427501941, -0.1428901409, -0.1429902883, -0.1430619548], "h": [0, -0.124670939, -0.1346759408, -0.1391390704, -0.1403785197, -0.1412067273, -0.1417863561, -0.1422005071, -0.1424967856, -0.1427087998, -0.1428605187, -0.1429690903, -0.1430467854, -0.1431023847, -0.1431421723, -0.1431706446, -0.1431910197, -0.1432056004, -0.1432160345, -0.1432235012, -0.1432288445], "b": [0, 0, 0, 0, 0, 0, 0, 0, 0, 0, 0, 0, 0, 0, 0, 0, 0, 0, 0, 0, 0], "a1": [0, 0, -4.576692737e-18, -8.609859266e-18, -1.162062032e-17, -1.385970802e-17, -1.554112049e-17, -1.682232981e-17, -1.781633473e-17, -1.860403875e-17, -1.924334756e-17, -1.977570694e-17, -2.023078354e-17, -2.062981461e-17, -2.098800517e-17, -2.131624343e-17, -2.162232837e-17, -2.191184822e-17, -2.218880908e-17, -2.245608483e-17, -2.271573902e-17], "a2": [0, 0, 0, 0, 0, 0, 0, 0, 0, 0, 0, 0, 0, 0, 0, 0, 0, 0, 0, 0, 0], "a3": [0, 0, 0, 0, 0, 0, 0, 0, 0, 0, 0, 0, 0, 0, 0, 0, 0, 0, 0, 0, 0], "CEFP": [0, -0.0005349617976, -0.0004206617192, -0.0003169286301, -0.0002273712093, -0.0001628174664, -0.0001165197242, -8.338353565e-05, -5.967019964e-05, -4.27006373e-05, -3.055703207e-05, -2.186693821e-05, -1.564821429e-05, -1.11980291e-05, -8.013429098e-06, -5.734495359e-06, -4.103666061e-06, -2.936627216e-06, -2.101481767e-06, -1.503842774e-06, -1.076165934e-06], "UEFP": [0, -0.001528462279, -0.001201890626, -0.0009055103717, -0.0006496320266, -0.000465192761, -0.0003329134978, -0.0002382386733, -0.0001704862847, -0.0001220018209, -8.730580593e-05, -6.247696633e-05, -4.470918369e-05, -3.199436886e-05, -2.289551171e-05, -1.638427246e-05, -1.172476018e-05, -8.390363475e-06, -6.004233621e-06, -4.296693639e-06, -3.07475981e-06], "rT": [0, -0.009044465366, -0.00356796057, -0.0004533433041, -0.0002612448024, -0.0001729320352, -0.0001230666973, -8.796853583e-05, -6.294493619e-05, -4.504333324e-05, -3.223343601e-05, -2.306658512e-05, -1.650669396e-05, -1.181236627e-05, -8.453055328e-06, -6.049096579e-06, -4.328798051e-06, -3.09773407e-06, -2.21677155e-06, -1.586345373e-06, -1.135205674e-06], "rIB": [0, -0.007516003088, -0.002366069944, 0.0004521670675, 0.0003883872242, 0.0002922607258, 0.0002098468005, 0.0001502701375, 0.0001075413485, 7.695848763e-05, 5.507236992e-05, 3.941038121e-05, 2.820248973e-05, 2.018200259e-05, 1.444245638e-05, 1.033517588e-05, 7.395962125e-06, 5.292629405e-06, 3.78746207e-06, 2.710348267e-06, 1.939554137e-06], "rL": [0, -0.008050964885, -0.002786731663, 0.0001352384374, 0.0001610160149, 0.0001294432594, 9.332707622e-05, 6.688660182e-05, 4.787114885e-05, 3.425785032e-05, 2.451533784e-05, 1.7543443e-05, 1.255427543e-05, 8.983973489e-06, 6.429027284e-06, 4.600680517e-06, 3.292296063e-06, 2.356002189e-06, 1.685980303e-06, 1.206505493e-06, 8.633882032e-07], "rB": [0, -0.008089746184, -0.002806920576, 0.0001245583041, 0.0001535006957, 0.0001240906725, 8.949802935e-05, 6.414667704e-05, 4.591044136e-05, 3.285474848e-05, 2.35112633e-05, 1.682491655e-05, 1.204009024e-05, 8.61601708e-06, 6.165713752e-06, 4.412250544e-06, 3.157453564e-06, 2.259507458e-06, 1.616927644e-06, 1.157090673e-06, 8.280264312e-07], "interest": [0, -0.03006401235, -0.009464279775, 0.00180866827, 0.001553548897, 0.001169042903, 0.0008393872018, 0.0006010805499, 0.000430165394, 0.0003078339505, 0.0002202894797, 0.0001576415248, 0.0001128099589, 8.072801036e-05, 5.776982553e-05, 4.134070351e-05, 2.95838485e-05, 2.117051762e-05, 1.514984828e-05, 1.084139307e-05, 7.758216547e-06], "inflation": [0, -0.0396050476, -0.06880849094, -0.08996398494, -0.1051138656, -0.0763520173, -0.05490818681, -0.03930556754, -0.02812938424, -0.02012980519, -0.01440511737, -0.01030845669, -0.007376841699, -0.005278946633, -0.003777670533, -0.002703341338, -0.001934539904, -0.001384377395, -0.0009906752342, -0.0007089377673, -0.00050732343], "inflationq": [0, -0.1584201904, -0.1168137734, -0.08462197602, -0.06059952246, -0.04337279735, -0.0310384514, -0.02221149895, -0.01589478925, -0.01137448117, -0.008139700109, -0.005824856245, -0.004168329275, -0.002982900902, -0.002134595711, -0.001527539465, -0.001093123539, -0.000782250867, -0.0005597870664, -0.0004005895971, -0.0002866661897],