{"interest_": {"dp": [0, -0.08075645592, -0.06761735539, -0.05661599061, -0.0474045513, -0.03969181604, -0.03323394521, -0.02782677197, -0.02329934751, -0.01950853641, -0.01633449146, -0.01367686461, -0.01145163448, -0.009588449984, -0.008028406186, -0.006722181999, -0.005628480894, -0.0047127253, -0.003945963426, -0.003303953947, -0.002766399611], "mc": [0, -0.2763054816, -0.2313504937, -0.1937096963, -0.1621930684, -0.1358042057, -0.1137088191, -0.09520835883, -0.0797179292, -0.06674779729, -0.05588790988, -0.04679492954, -0.03918137993, -0.03280655721, -0.02746892014, -0.02299971827, -0.01925765695, -0.01612443016, -0.01350098036, -0.01130436665, -0.009465142672], "omega": [0, 0.04230547772, 0.03542236332, 0.02965913377, 0.02483358347, 0.02079315171, 0.01741009945, 0.01457747085, 0.0122057118, 0.01021983869, 0.00855706775, 0.007164830162, 0.005999110063, 0.005023052988, 0.004205800702, 0.003521515618, 0.00294856393, 0.00246883166, 0.00206715198, 0.001730825709, 0.001449219827], "lambda": [0, 0.1115580362, 0.09340750899, 0.07821007819, 0.06548527411, 0.05483079961, 0.04590981144, 0.03844027082, 0.03218602679, 0.0269493502, 0.02256468253, 0.01889340166, 0.01581943932, 0.01324561162, 0.01109054648, 0.009286111116, 0.007775257945, 0.006510221056, 0.005451006063, 0.004564125678, 0.003821541009], "xi": [0, -0.1647474454, -0.1379429847, -0.1154996182, -0.09670779432, -0.08097340606, -0.06779900768, -0.05676808801, -0.04753190241, -0.03979844709, -0.03332322735, -0.02790152788, -0.02336194061, -0.01956094559, -0.01637837365, -0.01371360716, -0.011482399, -0.009614209109, -0.008049974293, -0.006740240968, -0.005643601663], "w": [0, -0.1990252687, -0.1666437955, -0.1395307981, -0.1168290938, -0.09782096383, -0.08190546255, -0.06857941828, -0.05742152557, -0.04807902547, -0.04025655306, -0.03370679934, -0.02822269259, -0.02363085171, -0.01978610478, -0.01656689937, -0.01387145968, -0.01161456887, -0.009724874899, -0.008142634724, -0.006817825519], "n": [0, -0.1840168338, -0.1540772376, -0.1290088231, -0.1080190474, -0.09044431473, -0.07572899656, -0.06340786523, -0.05309138581, -0.0444534008, -0.03722081865, -0.03116497986, -0.02609442793, -0.02184885638, -0.01829404064, -0.01531759453, -0.01282541713, -0.01073871777, -0.008991525044, -0.007528601119, -0.006303695372], "m": [0, -0.02809995838, -0.0235280864, -0.01970005942, -0.01649485361, -0.01381113579, -0.0115640597, -0.009682583584, -0.008107224219, -0.006788176314, -0.005683737914, -0.004758991985, -0.003984702507, -0.003336390168, -0.002793558448, -0.002339045619, -0.001958482168, -0.001639836509, -0.001373034599, -0.001149641442, -0.0009625944212], "c": [0, -0.1067366209, -0.0893705394, -0.0748299248, -0.06265507273, -0.05246107288, -0.04392563999, -0.03677892468, -0.03079498218, -0.02578462899, -0.02158946182, -0.01807684966, -0.01513574059, -0.01267315088, -0.01061122529, -0.008884775628, -0.007439219866, -0.006228856477, -0.005215419588, -0.004366869197, -0.003656378218], "q": [0, -0.1581564932, -0.1324243825, -0.1108788942, -0.0928388636, -0.07773395158, -0.06508661345, -0.05449700117, -0.0456303221, -0.03820625449, -0.03199008498, -0.02678528819, -0.02242731346, -0.01877838258, -0.01572313388, -0.0131649751, -0.01102302955, -0.009229579212, -0.0077279238, -0.006470588191, -0.005417821477], "p": [0, -0.08075645592, -0.1483738113, -0.2049898019, -0.2523943532, -0.2920861693, -0.3253201145, -0.3531468864, -0.3764462339, -0.3959547703, -0.4122892618, -0.4259661264, -0.4374177609, -0.4470062109, -0.4550346171, -0.4617567991, -0.46738528, -0.4720980053, -0.4760439687, -0.4793479226, -0.4821143223], "h": [0, -0.1874930768, -0.2377443507, -0.2798197267, -0.3150494259, -0.3445472421, -0.3692457544, -0.3899258111, -0.4072412161, -0.4217393993, -0.4338787236, -0.4440429761, -0.4525535015, -0.4596793618, -0.4656458424, -0.4706415747, -0.4748244998, -0.4783268617, -0.4812593883, -0.4837147918, -0.4857707005], "b": [0, 0, 0, 0, 0, 0, 0, 0, 0, 0, 0, 0, 0, 0, 0, 0, 0, 0, 0, 0, 0], "a1": [0, 0, 7.629260699e-17, 1.380362055e-16, 1.876628724e-16, 2.271421296e-16, 2.581456952e-16, 2.82073091e-16, 3.000959306e-16, 3.13195003e-16, 3.221913209e-16, 3.277721192e-16, 3.30512622e-16, 3.308942694e-16, 3.293199776e-16, 3.26126917e-16, 3.215972108e-16, 3.159668932e-16, 3.094334101e-16, 3.021618989e-16, 2.942904473e-16], "a2": [0, 0, 0, 0, 0, 0, 0, 0, 0, 0, 0, 0, 0, 0, 0, 0, 0, 0, 0, 0, 0], "a3": [0, 0, 0, 0, 0, 0, 0, 0, 0, 0, 0, 0, 0, 0, 0, 0, 0, 0, 0, 0, 0], "CEFP": [0, -0.0005476864996, -0.0004585777355, -0.0003839669951, -0.0003214954454, -0.0002691880363, -0.000225391059, -0.0001887198635, -0.0001580150829, -0.0001323059797, -0.0001107797556, -9.275585487e-05, -7.76644484e-05, -6.502841846e-05, -5.444827452e-05, -4.55895233e-05, -3.817209366e-05, -3.196148213e-05, -2.676133903e-05, -2.240726084e-05, -1.876159252e-05], "UEFP": [0, -0.00156481857, -0.001310222101, -0.001097048558, -0.0009185584155, -0.0007691086752, -0.0006439744543, -0.00053919961, -0.0004514716655, -0.0003780170849, -0.0003165135875, -0.0002650167282, -0.000221898424, -0.0001857954813, -0.0001555664986, -0.0001302557809, -0.0001090631247, -9.131852038e-05, -7.646096867e-05, -6.402074525e-05, -5.360455006e-05], "rT": [0, -0.04971790356, -0.04162878517, -0.03485576886, -0.02918472441, -0.02443636066, -0.02046055717, -0.01713161814, -0.01434429854, -0.0120104767, -0.0100563684, -0.008420194127, -0.00705022592, -0.005903151967, -0.004942707304, -0.004138527286, -0.003465187608, -0.002901400505, -0.002429341739, -0.002034087081, -0.00170314048], "rIB": [0, -0.04815308499, -0.04031856307, -0.0337587203, -0.02826616599, -0.02366725198, -0.01981658271, -0.01659241853, -0.01389282687, -0.01163245961, -0.00973985481, -0.008155177399, -0.006828327496, -0.005717356486, -0.004787140805, -0.004008271505, -0.003356124483, -0.002810081984, -0.00235288077, -0.001970066336, -0.00164953593], "rL": [0, -0.04870077149, -0.0407771408, -0.03414268729, -0.02858766144, -0.02393644002, -0.02004197377, -0.0167811384, -0.01405084195, -0.01176476559, -0.009850634566, -0.008247933254, -0.006905991945, -0.005782384905, -0.00484158908, -0.004053861029, -0.003394296577, -0.002842043466, -0.002379642109, -0.001992473597, -0.001668297522], "rB": [0, -0.04893836862, -0.0409760808, -0.0343092597, -0.02872713246, -0.02405321906, -0.02013975283, -0.01686300877, -0.01411939199, -0.01182216252, -0.009898692993, -0.00828817256, -0.006939684303, -0.005810595506, -0.004865209807, -0.004073638657, -0.003410856378, -0.002855908983, -0.002391251702, -0.002002194306, -0.001676436668], "interest": [0, -0.19261234, -0.1612742523, -0.1350348812, -0.113064664, -0.09466900792, -0.07926633085, -0.06636967413, -0.05557130748, -0.04652983845, -0.03895941924, -0.0326207096, -0.02731330999, -0.02286942594, -0.01914856322, -0.01603308602, -0.01342449793, -0.01124032794, -0.009411523081, -0.007880265345, -0.006598143719], "inflation": [0, -0.08075645592, -0.1483738113, -0.2049898019, -0.2523943532, -0.2113297133, -0.1769463032, -0.1481570845, -0.1240518807, -0.1038686011, -0.08696914735, -0.07281923999, -0.06097152697, -0.05105144054, -0.04274535526, -0.03579067265, -0.02996751906, -0.02509179438, -0.02100935162, -0.01759112357, -0.01472904228], "inflationq": [0, -0.3230258237, -0.2704694215, -0.2264639624, -0.1896182052, -0.1587672642, -0.1329357808, -0.1113070879, -0.09319739003, -0.07803414564, -0.06533796584, -0.05470745845, -0.04580653792, -0.03835379994, -0.03211362474, -0.02688872799, -0.02251392358, -0.0188509012, -0.0157838537, -0.01321581579, -0.01106559844], "output": [0, -0.1067366209, -0.0893705394, -0.0748299248, -0.06265507273, -0.05246107288, -0.04392563999, -0.03677892468, -0.03079498218, -0.02578462899, -0.02158946182, -0.01807684966, -0.01513574059, -0.01267315088, -0.01061122529, -0.008884775628, -0.007439219866, -0.006228856477, -0.005215419588, -0.004366869197, -0.003656378218],