{"interest_": {"dp": [0, -0.01182642499, 0.0008260041785, 0.0004459434624, 0.0001434741963, -4.366456772e-05, -1.097109774e-05, 8.056429754e-08, 1.236176943e-06, 1.04852947e-07, -6.139580404e-08, -2.210642636e-08, 2.298521122e-09, 1.870015993e-09, 1.636669704e-10, -1.318416752e-10, -3.09348425e-11, 4.871838501e-12, 3.316001574e-12, 1.097694072e-13, -2.352360513e-13], "mc": [0, -0.2528833826, 0.007690403015, 0.006078080161, 0.003734042367, -0.0006560636192, -0.0002210171278, -2.286501751e-05, 2.26474505e-05, 3.312695859e-06, -7.902088388e-07, -4.876392455e-07, 8.944105708e-09, 3.415971377e-08, 5.883804506e-09, -2.024323694e-09, -7.151593241e-10, 3.177986714e-11, 6.414652551e-11, 6.852990253e-12, -3.774185747e-12], "omega": [0, 0.005732575919, -0.00044735835, -0.0002334550644, -6.633739305e-05, 2.251105331e-05, 5.394162033e-06, -1.585939153e-07, -6.179744756e-07, -4.577489391e-08, 3.232728284e-08, 1.065412746e-08, -1.308771432e-09, -9.357763641e-10, -6.790722191e-11, 6.781066159e-11, 1.47561042e-11, -2.713661343e-12, -1.641732361e-12, -3.147185985e-14, 1.203198149e-13], "lambda": [0, 0.1120309212, -0.003324772349, -0.002663876822, -0.001659744993, 0.0002883460631, 9.779814152e-05, 1.033328979e-05, -1.000166033e-05, -1.476397026e-06, 3.457348182e-07, 2.161515293e-07, -3.629436084e-09, -1.508464869e-08, -2.626316841e-09, 8.902053326e-10, 3.172639136e-10, -1.34789307e-11, -2.836134674e-11, -3.073259897e-12, 1.661554497e-12], "xi": [0, -0.1408524613, 0.004365630667, 0.003414203339, 0.002074297375, -0.0003677175561, -0.0001232189863, -1.253172772e-05, 1.264579017e-05, 1.836298834e-06, -4.444740206e-07, -2.714877163e-07, 5.314669624e-09, 1.907506508e-08, 3.257487665e-09, -1.134118362e-09, -3.978954105e-10, 1.830093645e-11, 3.578517877e-11, 3.779730356e-12, -2.112631249e-12], "w": [0, -0.191606128, 0.005748675838, 0.004577860732, 0.002834476855, -0.0004949012041, -0.0001673515027, -1.751846104e-05, 1.712968274e-05, 2.518383728e-06, -5.945997258e-07, -3.695919362e-07, 6.459902881e-09, 2.583607558e-08, 4.476834947e-09, -1.527519759e-09, -5.422831352e-10, 2.350800577e-11, 4.854914927e-11, 5.227907562e-12, -2.849686758e-12], "n": [0, -0.1660613304, 0.00506957436, 0.003998137414, 0.002450731482, -0.0004313640609, -0.0001451630969, -1.496644744e-05, 1.487940861e-05, 2.173258563e-06, -5.1993745e-07, -3.201902507e-07, 5.952355231e-09, 2.244324488e-08, 3.85904982e-09, -1.330881939e-09, -4.695208035e-10, 2.101133589e-11, 4.213660339e-11, 4.49131446e-12, -2.480883578e-12], "m": [0, -0.09412846665, 0.002296305513, 0.002063975902, 0.001427859215, -0.0002283585041, -8.147090029e-05, -9.914682492e-06, 8.212960994e-06, 1.29386088e-06, -2.64238964e-07, -1.823392405e-07, 1.035431563e-09, 1.238020238e-08, 2.325855536e-09, -7.080327646e-10, -2.692162338e-10, 7.695368815e-12, 2.348760379e-11, 2.807731721e-12, -1.332736997e-12], "c": [0, -0.1047840759, 0.003127847183, 0.002497917985, 0.00155116597, -0.0002702016458, -9.149747183e-05, -9.619890969e-06, 9.361640854e-06, 1.378946431e-06, -3.24328337e-07, -2.021429413e-07, 3.468152404e-09, 1.411960669e-08, 2.452080261e-09, -8.340780045e-10, -2.966446149e-10, 1.273947424e-11, 2.653922687e-11, 2.866231488e-12, -1.556384869e-12], "q": [0, -0.1117516918, 0.0036715855, 0.002781669174, 0.001631795252, -0.000297562535, -9.80537652e-05, -9.427129196e-06, 1.011275325e-05, 1.434583179e-06, -3.63620288e-07, -2.150924198e-07, 5.058888724e-09, 1.525698898e-08, 2.53461758e-09, -9.164979593e-10, -3.1457981e-10, 1.603777336e-11, 2.853465803e-11, 2.904483721e-12, -1.702626677e-12], "p": [0, -0.01182642499, -0.01100042081, -0.01055447735, -0.01041100315, -0.01045466772, -0.01046563882, -0.01046555825, -0.01046432208, -0.01046421723, -0.01046427862, -0.01046430073, -0.01046429843, -0.01046429656, -0.0104642964, -0.01046429653, -0.01046429656, -0.01046429655, -0.01046429655, -0.01046429655, -0.01046429655], "h": [0, -0.1166105008, -0.00787257363, -0.008056559365, -0.008859837184, -0.01072486937, -0.01055713629, -0.01047517815, -0.01045496044, -0.01046283828, -0.01046460295, -0.01046450287, -0.01046429496, -0.01046428244, -0.01046429394, -0.01046429736, -0.01046429685, -0.01046429654, -0.01046429652, -0.01046429655, -0.01046429655], "b": [0, 0, 0, 0, 0, 0, 0, 0, 0, 0, 0, 0, 0, 0, 0, 0, 0, 0, 0, 0, 0], "a1": [0, 0, 3.585337987e-19, -1.104621907e-18, -1.043967637e-18, -1.105154519e-18, -1.189278719e-18, -1.292526343e-18, -1.390193567e-18, -1.485933803e-18, -1.58062252e-18, -1.674492072e-18, -1.767434875e-18, -1.859443645e-18, -1.950529874e-18, -2.040705397e-18, -2.12997934e-18, -2.218360568e-18, -2.305857972e-18, -2.392480399e-18, -2.478236601e-18], "a2": [0, 0, 0, 0, 0, 0, 0, 0, 0, 0, 0, 0, 0, 0, 0, 0, 0, 0, 0, 0, 0], "a3": [0, 0, 0, 0, 0, 0, 0, 0, 0, 0, 0, 0, 0, 0, 0, 0, 0, 0, 0, 0, 0], "CEFP": [0, -0.000823202123, 2.236962521e-05, 1.885201906e-05, 1.233398499e-05, -2.061106877e-06, -7.157217245e-07, -8.103821655e-08, 7.270272329e-08, 1.106985621e-08, -2.431659551e-09, -1.591299212e-09, 1.832094667e-11, 1.096235097e-10, 1.979232552e-11, -6.375758451e-12, -2.342239908e-12, 8.399822288e-14, 2.069828837e-13, 2.351729932e-14, -1.194669548e-14], "UEFP": [0, -0.002352006066, 6.391321488e-05, 5.38629116e-05, 3.52399571e-05, -5.888876792e-06, -2.044919213e-06, -2.315377616e-07, 2.077220665e-07, 3.162816061e-08, -6.947598716e-09, -4.546569176e-09, 5.234556192e-11, 3.132100277e-10, 5.654950149e-11, -1.821645272e-11, -6.692114024e-12, 2.399949223e-13, 5.913796676e-13, 6.719228361e-14, -3.41334158e-14], "rT": [0, 0.1167713933, -0.0002160430821, -0.0008650260143, -0.002001865042, 0.0001804882897, 8.798976434e-05, 2.168061417e-05, -8.463149264e-06, -1.893087741e-06, 1.080223755e-07, 2.232066802e-07, 1.339286255e-08, -1.235706807e-08, -3.666881601e-09, 5.447576028e-10, 3.373181399e-10, 1.829078654e-11, -2.530611285e-11, -4.995276138e-12, 1.102162583e-12], "rIB": [0, 0.1191233994, -0.000279956297, -0.0009188889259, -0.002037104999, 0.0001863771665, 9.003468355e-05, 2.191215193e-05, -8.670871331e-06, -1.924715902e-06, 1.149699742e-07, 2.277532494e-07, 1.334051699e-08, -1.26702781e-08, -3.723431101e-09, 5.629740564e-10, 3.440102548e-10, 1.805079252e-11, -2.589749162e-11, -5.062467516e-12, 1.136296903e-12], "rL": [0, 0.1183001972, -0.0002575866717, -0.0009000369069, -0.002024771014, 0.0001843160596, 8.931896183e-05, 2.183111371e-05, -8.598168607e-06, -1.913646045e-06, 1.125383147e-07, 2.261619502e-07, 1.335883794e-08, -1.256065459e-08, -3.703638776e-09, 5.565982979e-10, 3.416680149e-10, 1.813479075e-11, -2.569050873e-11, -5.038950217e-12, 1.124350208e-12], "rB": [0, 0.1185035657, -0.0002602881838, -0.0009037043644, -0.002028007501, 0.0001847462132, 8.949180518e-05, 2.185813744e-05, -8.61504745e-06, -1.916684159e-06, 1.129899123e-07, 2.265592131e-07, 1.336575503e-08, -1.258606654e-08, -3.709205774e-09, 5.57946593e-10, 3.422617155e-10, 1.813466119e-11, -2.573970283e-11, -5.04604264e-12, 1.12694101e-12], "interest": [0, 0.4764935974, -0.001119825188, -0.003675555704, -0.008148419996, 0.0007455086659, 0.0003601387342, 8.764860772e-05, -3.468348532e-05, -7.698863607e-06, 4.598798969e-07, 9.110129976e-07, 5.336206797e-08, -5.068111238e-08, -1.48937244e-08, 2.251896226e-09, 1.376041019e-09, 7.220317032e-11, -1.035899662e-10, -2.024986984e-11, 4.54518784e-12], "inflation": [0, -0.01182642499, -0.01100042081, -0.01055447735, -0.01041100315, 0.00137175727, 0.0005347819933, 8.891909516e-05, -5.331892422e-05, -9.54950355e-06, 1.360198383e-06, 1.257527659e-06, 2.36492377e-08, -7.933369328e-08, -1.777422228e-08, 4.200362409e-09, 1.870906445e-09, 5.762290174e-12, -1.545886787e-10, -2.263723407e-11, 8.062372378e-12], "inflationq": [0, -0.04730569996, 0.003304016714, 0.00178377385, 0.0005738967853, -0.0001746582709, -4.388439095e-05, 3.222571902e-07, 4.94470777e-06, 4.194117879e-07, -2.455832161e-07, -8.842570545e-08, 9.194084487e-09, 7.48006397e-09, 6.546678805e-10, -5.27366702e-10, -1.237393712e-10, 1.94873528e-11, 1.326400509e-11, 4.390764252e-13, -9.40945409e-13],