{"interest_": {"g_r": [0, 0.25, -0.01775099321, -0.006061060708, 0.002523528959, 0.009048314129, 0.00186075832, -0.002642404194, -0.005846647417, -0.008602395809, -0.01143554141, -0.01406494557, -0.0164040657, -0.01844193621, -0.02018220289, -0.02161359589, -0.0227271853, -0.02351984942, -0.02399333786, -0.02415299848, -0.0240076742], "g_pi": [0, 1.073870147e-16, 0.03299744878, 0.02594410687, 0.0214673672, 0.01878908167, 0.01738062459, 0.01524488759, 0.01283639595, 0.01036222177, 0.007887747397, 0.005399573412, 0.002923464115, 0.0004930982825, -0.001861023697, -0.004113043524, -0.00623909551, -0.008217316068, -0.01002831297, -0.01165544681, -0.01308490685], "g_y": [0, -3.38099225e-17, -0.241000292, -0.2253131526, -0.2210385369, -0.2252075005, -0.2358574744, -0.2397851167, -0.2395261487, -0.2362915562, -0.2304780894, -0.2219773801, -0.2109515457, -0.1976471393, -0.1823229594, -0.1652362526, -0.1466572891, -0.126867359, -0.1061533987, -0.08480347374, -0.06310344553], "tau": [0, 0, 0, 0, 0, 0, 0, 0, 0, 0, 0, 0, 0, 0, 0, 0, 0, 0, 0, 0, 0], "v": [0, 0.00598832, 0.005390086832, 0.004851617157, 0.004366940603, 0.003930683237, 0.003538007982, 0.003184560984, 0.002866423342, 0.00258006765, 0.002322318892, 0.002090319235, 0.001881496343, 0.001693534858, 0.001524350726, 0.001372068089, 0.001234998486, 0.001111622138, 0.001000571086, 0.0009006140346, 0.0008106426926], "r": [0, 0.25, -0.01775099321, -0.006061060708, 0.002523528959, 0.009048314129, 0.00186075832, -0.002642404194, -0.005846647417, -0.008602395809, -0.01143554141, -0.01406494557, -0.0164040657, -0.01844193621, -0.02018220289, -0.02161359589, -0.0227271853, -0.02351984942, -0.02399333786, -0.02415299848, -0.0240076742], "pi": [0, 1.073870147e-16, 0.03299744878, 0.02594410687, 0.0214673672, 0.01878908167, 0.01738062459, 0.01524488759, 0.01283639595, 0.01036222177, 0.007887747397, 0.005399573412, 0.002923464115, 0.0004930982825, -0.001861023697, -0.004113043524, -0.00623909551, -0.008217316068, -0.01002831297, -0.01165544681, -0.01308490685], "g_y_obs": [0, -3.38099225e-17, -0.241000292, -0.2253131526, -0.2210385369, -0.2252075005, -0.2358574744, -0.2397851167, -0.2395261487, -0.2362915562, -0.2304780894, -0.2219773801, -0.2109515457, -0.1976471393, -0.1823229594, -0.1652362526, -0.1466572891, -0.126867359, -0.1061533987, -0.08480347374, -0.06310344553], "y_4": [0, 0.1212627378, -0.02224839054, -0.01603816562, -0.01192099526, -0.009244049319, -0.01354815562, -0.01614962268, -0.01785860543, -0.01915407523, -0.02031284641, -0.0211927012, -0.02176106228, -0.02202702848, -0.02200778413, -0.02171348943, -0.02115642982, -0.02035256124, -0.01932072916, -0.01808176974, -0.01665824256], "y_8": [0, 0.04362825453, -0.02192180358, -0.01904180937, -0.01753281681, -0.01700423811, -0.01933162342, -0.02064159257, -0.02136857928, -0.02175350937, -0.02191836159, -0.02180601314, -0.02141438942, -0.02076146057, -0.01986903197, -0.01875651197, -0.01744501165, -0.01595776628, -0.01431952634, -0.01255595362, -0.01069331076], "y_12": [0, 0.01316670381, -0.01918524704, -0.01767703798, -0.01715184447, -0.01734705171, -0.01871979909, -0.01942227652, -0.01971585418, -0.01973564093, -0.01953879094, -0.01910269051, -0.01843545084, -0.01755575279, -0.01648421714, -0.01524080875, -0.01384681108, -0.01232483499, -0.01069834194, -0.008991212243, -0.00722746228], "y_16": [0, 0.0004406304614, -0.01542997022, -0.01459198427, -0.01446366037, -0.01486332937, -0.01567678569, -0.01604205695, -0.01612186363, -0.01599441697, -0.01568564068, -0.01518845523, -0.01451342475, -0.01367675923, -0.01269561988, -0.01158719356, -0.01036963093, -0.009061909551, -0.00768347518, -0.006253936344, -0.004792835155], "y_20": [0, -0.001877831142, -0.01348466283, -0.0128242048, -0.01276819229, -0.01316359701, -0.0138027294, -0.01407097165, -0.01410017552, -0.01395199229, -0.01364463415, -0.01317439052, -0.01255139847, -0.01179008403, -0.0109055575, -0.009913064513, -0.008828662507, -0.007669069723, -0.006451357874, -0.005192695392, -0.003910147672], "P_y_4": [0, 0.235050951, -0.07124256895, -0.05809160178, -0.05020751001, -0.04602451141, -0.05605338081, -0.06195608652, -0.06558777432, -0.06801390513, -0.06981584424, -0.07070585922, -0.0706401834, -0.06966617772, -0.06784893361, -0.06524036184, -0.06189853398, -0.05789039555, -0.05328957878, -0.04817408046, -0.04262529602], "P_y_8": [0, -0.07548698189, -0.06993622113, -0.07010617676, -0.07265479619, -0.07706526655, -0.07918725201, -0.07992396611, -0.07962766971, -0.07841164166, -0.07623790494, -0.073159107, -0.069253492, -0.06460390609, -0.05929392498, -0.05341245197, -0.04705286128, -0.04031121571, -0.03328476751, -0.02607081598, -0.01876556884], "P_y_12": [0, -0.1973331848, -0.05898999494, -0.06464709121, -0.07113090683, -0.07843652096, -0.0767399547, -0.0750467019, -0.07301676932, -0.0703401679, -0.06671962233, -0.06234581647, -0.05733773764, -0.05178107496, -0.04575466566, -0.03934963913, -0.03266005902, -0.02577949056, -0.0188000299, -0.0118118505, -0.004902174917], "P_y_16": [0, -0.2482374782, -0.04396888768, -0.05230687635, -0.06037817042, -0.06850163161, -0.06456790109, -0.06152582362, -0.0586408071, -0.05537527206, -0.0513070213, -0.04668887536, -0.04164963329, -0.03626510073, -0.03060027662, -0.02473517835, -0.01875133841, -0.01272778879, -0.006740562863, -0.0008627468991, 0.004836333584], "P_y_20": [0, -0.2575113246, -0.03618765813, -0.04523575849, -0.05359629811, -0.06170270219, -0.05707167592, -0.0536414824, -0.05055405468, -0.04720557336, -0.04314299517, -0.03863261651, -0.03380152817, -0.02871839992, -0.02344002712, -0.01803866216, -0.01258746473, -0.007156429473, -0.001812093637, 0.00338221691, 0.008367083516], "y_4_a": [0, 0.485050951, -0.08899356216, -0.06415266249, -0.04768398105, -0.03697619728, -0.05419262249, -0.06459849072, -0.07143442174, -0.07661630094, -0.08125138565, -0.08477080479, -0.0870442491, -0.08810811393, -0.0880311365, -0.08685395773, -0.08462571928, -0.08141024497, -0.07728291663, -0.07232707894, -0.06663297022], "P_y_4_a": [0, 0.0005622178859, 0.0005060523191, 0.0004554976924, 0.0004099934729, 0.000369035125, 0.000332168516, 0.0002989848812, 0.0002691162916, 0.0002422315741, 0.0002180326398, 0.0001962511791, 0.0001766456863, 0.0001589987823, 0.0001431148039, 0.000128817635, 0.0001159487533, 0.0001043654728, 9.393936208e-05, 8.45548198e-05, 7.610779331e-05], "g_pi_a": [0, 4.295480587e-16, 0.1319897951, 0.1037764275, 0.08586946879, 0.07515632666, 0.06952249835, 0.06097955037, 0.0513455838, 0.04144888708, 0.03155098959, 0.02159829365, 0.01169385646, 0.00197239313, -0.00744409479, -0.0164521741, -0.02495638204, -0.03286926427, -0.04011325187, -0.04662178725, -0.05233962739], "y_8_a": [0, 0.1745130181, -0.08768721434, -0.07616723746, -0.07013126723, -0.06801695243, -0.07732649369, -0.0825663703, -0.08547431713, -0.08701403747, -0.08767344635, -0.08722405256, -0.0856575577, -0.0830458423, -0.07947612787, -0.07502604786, -0.06978004658, -0.06383106513, -0.05727810536, -0.05022381446, -0.04277324304], "P_y_8_a": [0, 0.000931668292, 0.0008385946296, 0.0007548190261, 0.0006794126054, 0.0006115392861, 0.0005504465115, 0.000495456905, 0.0004459607602, 0.0004014092802, 0.0003613084931, 0.0003252137747, 0.0002927249186, 0.0002634816992, 0.0002371598775, 0.0002134676057, 0.0001921421919, 0.0001729471869, 0.0001556697629, 0.0001401183536, 0.0001261205301], "r_a": [0, 1, -0.07100397282, -0.02424424283, 0.01009411584, 0.03619325652, 0.00744303328, -0.01056961678, -0.02338658967, -0.03440958324, -0.04574216565, -0.05625978228, -0.06561626282, -0.07376774485, -0.08072881155, -0.08645438356, -0.09090874121, -0.09407939767, -0.09597335143, -0.09661199391, -0.09603069681],