{"interest_": {"RR_USh": [0, 1.511262194, 1.19032772, 0.8815212404, 0.58946312, 0.2927338598, 0.02876719017, -0.2003119952, -0.3908763812, -0.5409053067, -0.6484428332, -0.7150512773, -0.7434907383, -0.7376508025, -0.7022725103, -0.6427524301, -0.5647410149, -0.4738942468, -0.3756450828, -0.2750122426, -0.1764447062], "RR_US_BARh": [0, 0, 0, 0, 0, 0, 0, 0, 0, 0, 0, 0, 0, 0, 0, 0, 0, 0, 0, 0, 0], "UNR_US_GAP": [0, -0.009524738629, -0.06399686792, -0.1429230986, -0.2311713313, -0.3176577971, -0.3939613255, -0.4546389447, -0.4965697484, -0.5184989532, -0.5206555006, -0.504447868, -0.4721393903, -0.4265670376, -0.3708949914, -0.3084018956, -0.2422999398, -0.175589161, -0.1109456484, -0.05064212884, 0.003501221007], "PIE_USh": [0, -0.6394626558, -0.7367365826, -0.8533009406, -0.9377486621, -0.9896101611, -0.9725987702, -0.9230930343, -0.8434792075, -0.7398628908, -0.6186785936, -0.4885424895, -0.3556612115, -0.225781178, -0.1038357819, 0.006163284454, 0.1013075167, 0.1796640841, 0.2402415803, 0.2829103526, 0.3082968846], "PIE_US4h": [0, -0.159865664, -0.3440498096, -0.5573750448, -0.7918122103, -0.8793490866, -0.9383146335, -0.955762657, -0.9321952933, -0.8697584757, -0.7812784316, -0.6726407954, -0.5506862964, -0.4221658682, -0.2934551652, -0.1697787217, -0.05553653967, 0.04582477585, 0.1318441164, 0.2010308834, 0.2527782254], "Y_US": [0, -0.05566767171, -0.3325428417, -0.5565530854, -0.7285256924, -0.8495955805, -0.9188250694, -0.9410845635, -0.9218430329, -0.8673613075, -0.7844431955, -0.6803233398, -0.5620946481, -0.4364789595, -0.3096117961, -0.1868723465, -0.07275281695, 0.02920505007, 0.116428716, 0.1872920101, 0.2410566898], "RS_USh": [0, 0.7745256115, 0.3370267796, -0.05622742176, -0.4001470411, -0.6798649104, -0.8943258442, -1.043791203, -1.130739272, -1.1595839, -1.136985323, -1.070712489, -0.9692719163, -0.8414865844, -0.6961092258, -0.5414449134, -0.3850769308, -0.2336526666, -0.0927347302, 0.03328464204, 0.1412080867], "E4_PIE_US4h": [0, -0.8793490866, -0.9383146335, -0.955762657, -0.9321952933, -0.8697584757, -0.7812784316, -0.6726407954, -0.5506862964, -0.4221658682, -0.2934551652, -0.1697787217, -0.05553653967, 0.04582477585, 0.1318441164, 0.2010308834, 0.2527782254, 0.2872754026, 0.305395439, 0.3085685305, 0.2986485111], "E1_Y_USh": [0, -0.3325428417, -0.5565530854, -0.7285256924, -0.8495955805, -0.9188250694, -0.9410845635, -0.9218430329, -0.8673613075, -0.7844431955, -0.6803233398, -0.5620946481, -0.4364789595, -0.3096117961, -0.1868723465, -0.07275281695, 0.02920505007, 0.116428716, 0.1872920101, 0.2410566898, 0.2777846766], "E1_PIE_USh": [0, -0.7367365826, -0.8533009406, -0.9377486621, -0.9896101611, -0.9725987702, -0.9230930343, -0.8434792075, -0.7398628908, -0.6186785936, -0.4885424895, -0.3556612115, -0.225781178, -0.1038357819, 0.006163284454, 0.1013075167, 0.1796640841, 0.2402415803, 0.2829103526, 0.3082968846, 0.3176527929], "interest": [0, 0.7745256115, 0.3370267796, -0.05622742176, -0.4001470411, -0.6798649104, -0.8943258442, -1.043791203, -1.130739272, -1.1595839, -1.136985323, -1.070712489, -0.9692719163, -0.8414865844, -0.6961092258, -0.5414449134, -0.3850769308, -0.2336526666, -0.0927347302, 0.03328464204, 0.1412080867], "inflation": [0, -0.159865664, -0.3440498096, -0.5573750448, -0.7918122103, -0.8793490866, -0.9383146335, -0.955762657, -0.9321952933, -0.8697584757, -0.7812784316, -0.6726407954, -0.5506862964, -0.4221658682, -0.2934551652, -0.1697787217, -0.05553653967, 0.04582477585, 0.1318441164, 0.2010308834, 0.2527782254], "inflationq": [0, -0.6394626558, -0.7367365826, -0.8533009406, -0.9377486621, -0.9896101611, -0.9725987702, -0.9230930343, -0.8434792075, -0.7398628908, -0.6186785936, -0.4885424895, -0.3556612115, -0.225781178, -0.1038357819, 0.006163284454, 0.1013075167, 0.1796640841, 0.2402415803, 0.2829103526, 0.3082968846], "outputgap": [0, -0.05566767171, -0.3325428417, -0.5565530854, -0.7285256924, -0.8495955805, -0.9188250694, -0.9410845635, -0.9218430329, -0.8673613075, -0.7844431955, -0.6803233398, -0.5620946481, -0.4364789595, -0.3096117961, -0.1868723465, -0.07275281695, 0.02920505007, 0.116428716, 0.1872920101, 0.2410566898], "output": [0, -0.05566767171, -0.3325428417, -0.5565530854, -0.7285256924, -0.8495955805, -0.9188250694, -0.9410845635, -0.9218430329, -0.8673613075, -0.7844431955, -0.6803233398, -0.5620946481, -0.4364789595, -0.3096117961, -0.1868723465, -0.07275281695, 0.02920505007, 0.116428716, 0.1872920101, 0.2410566898], "AUX_ENDO_LEAD_66": [0, -0.7367365826, -0.8533009406, -0.9377486621, -0.9896101611, -0.9725987702, -0.9230930343, -0.8434792075, -0.7398628908, -0.6186785936, -0.4885424895, -0.3556612115, -0.225781178, -0.1038357819, 0.006163284454, 0.1013075167, 0.1796640841, 0.2402415803, 0.2829103526, 0.3082968846, 0.3176527929], "AUX_ENDO_LEAD_70": [0, -0.8533009406, -0.9377486621, -0.9896101611, -0.9725987702, -0.9230930343, -0.8434792075, -0.7398628908, -0.6186785936, -0.4885424895, -0.3556612115, -0.225781178, -0.1038357819, 0.006163284454, 0.1013075167, 0.1796640841, 0.2402415803, 0.2829103526, 0.3082968846, 0.3176527929, 0.3127217257], "AUX_ENDO_LEAD_74": [0, -0.9377486621, -0.9896101611, -0.9725987702, -0.9230930343, -0.8434792075, -0.7398628908, -0.6186785936, -0.4885424895, -0.3556612115, -0.225781178, -0.1038357819, 0.006163284454, 0.1013075167, 0.1796640841, 0.2402415803, 0.2829103526, 0.3082968846, 0.3176527929, 0.3127217257, 0.2956027187], "AUX_ENDO_LEAD_101": [0, -0.3325428417, -0.5565530854, -0.7285256924, -0.8495955805, -0.9188250694, -0.9410845635, -0.9218430329, -0.8673613075, -0.7844431955, -0.6803233398, -0.5620946481, -0.4364789595, -0.3096117961, -0.1868723465, -0.07275281695, 0.02920505007, 0.116428716, 0.1872920101, 0.2410566898, 0.2777846766], "AUX_ENDO_LEAD_105": [0, -0.5565530854, -0.7285256924, -0.8495955805, -0.9188250694, -0.9410845635, -0.9218430329, -0.8673613075, -0.7844431955, -0.6803233398, -0.5620946481, -0.4364789595, -0.3096117961, -0.1868723465, -0.07275281695, 0.02920505007, 0.116428716, 0.1872920101, 0.2410566898, 0.2777846766, 0.2982292843], "AUX_ENDO_LEAD_109": [0, -0.7285256924, -0.8495955805, -0.9188250694, -0.9410845635, -0.9218430329, -0.8673613075, -0.7844431955, -0.6803233398, -0.5620946481, -0.4364789595, -0.3096117961, -0.1868723465, -0.07275281695, 0.02920505007, 0.116428716, 0.1872920101, 0.2410566898, 0.2777846766, 0.2982292843, 0.3037125264], "AUX_ENDO_LEAD_136": [0, -0.3325428417, -0.5565530854, -0.7285256924, -0.8495955805, -0.9188250694, -0.9410845635, -0.9218430329, -0.8673613075, -0.7844431955, -0.6803233398, -0.5620946481, -0.4364789595, -0.3096117961, -0.1868723465, -0.07275281695, 0.02920505007, 0.116428716, 0.1872920101, 0.2410566898, 0.2777846766], "AUX_ENDO_LEAD_140": [0, -0.5565530854, -0.7285256924, -0.8495955805, -0.9188250694, -0.9410845635, -0.9218430329, -0.8673613075, -0.7844431955, -0.6803233398, -0.5620946481, -0.4364789595, -0.3096117961, -0.1868723465, -0.07275281695, 0.02920505007, 0.116428716, 0.1872920101, 0.2410566898, 0.2777846766, 0.2982292843], "AUX_ENDO_LEAD_144": [0, -0.7285256924, -0.8495955805, -0.9188250694, -0.9410845635, -0.9218430329, -0.8673613075, -0.7844431955, -0.6803233398, -0.5620946481, -0.4364789595, -0.3096117961, -0.1868723465, -0.07275281695, 0.02920505007, 0.116428716, 0.1872920101, 0.2410566898, 0.2777846766, 0.2982292843, 0.3037125264], "AUX_ENDO_LEAD_276": [0, -0.3440498096, -0.5573750448, -0.7918122103, -0.8793490866, -0.9383146335, -0.955762657, -0.9321952933, -0.8697584757, -0.7812784316, -0.6726407954, -0.5506862964, -0.4221658682, -0.2934551652, -0.1697787217, -0.05553653967, 0.04582477585, 0.1318441164, 0.2010308834, 0.2527782254, 0.2872754026], "AUX_ENDO_LEAD_280": [0, -0.5573750448, -0.7918122103, -0.8793490866, -0.9383146335, -0.955762657, -0.9321952933, -0.8697584757, -0.7812784316, -0.6726407954, -0.5506862964, -0.4221658682, -0.2934551652, -0.1697787217, -0.05553653967, 0.04582477585, 0.1318441164, 0.2010308834, 0.2527782254, 0.2872754026, 0.305395439],