{"interest_": {"RR_USh": [0, 0.8350054716, 0.3862428974, 0.06041987925, -0.1533658815, -0.2780916108, -0.3237186479, -0.3138559433, -0.2669886875, -0.200287994, -0.1276584565, -0.05992961081, -0.003954081794, 0.03681379004, 0.06175610674, 0.0723266898, 0.07130660202, 0.06208045713, 0.04806011791, 0.03226805277, 0.01708662526], "RR_US_BARh": [0, 0, 0, 0, 0, 0, 0, 0, 0, 0, 0, 0, 0, 0, 0, 0, 0, 0, 0, 0, 0], "UNR_US_GAP": [0, -0.004852687193, -0.0326052812, -0.06437365363, -0.08963260712, -0.1037676537, -0.1059794615, -0.09797966708, -0.08268012006, -0.06334184681, -0.04298069656, -0.02401654196, -0.008105727727, 0.003867307618, 0.01169549966, 0.01569471938, 0.01652713576, 0.01503030975, 0.0120719564, 0.008440939048, 0.00477761867], "PIE_USh": [0, -0.08731342335, -0.0994836383, -0.1250494286, -0.1314696787, -0.12426911, -0.1034538133, -0.07805875343, -0.0508504269, -0.02549163396, -0.004302670271, 0.01128900198, 0.02110173703, 0.02560808259, 0.02577787862, 0.02281559354, 0.01796507292, 0.01233901189, 0.006828147149, 0.002057664483, -0.001611968916], "PIE_US4h": [0, -0.02182835584, -0.04669926541, -0.07796162257, -0.1108290422, -0.1200679639, -0.1210605077, -0.1093128389, -0.08915802591, -0.06446365689, -0.03967587114, -0.01733893229, 0.000649108695, 0.01342403783, 0.02094417506, 0.02382582295, 0.02304165692, 0.01972438924, 0.01498695637, 0.009797474111, 0.004903213652], "Y_US": [0, -0.02836170189, -0.1694247425, -0.2342077005, -0.2434536708, -0.2160401613, -0.167395846, -0.1110062793, -0.05643409813, -0.01005466584, 0.02471058949, 0.04685547159, 0.05724021622, 0.05791061656, 0.05150903154, 0.04078353874, 0.02822829578, 0.01585409391, 0.005083965776, -0.003251256917, -0.008845196974], "RS_USh": [0, 0.7355218333, 0.2611934688, -0.07104979941, -0.2776349915, -0.3815454241, -0.4017774013, -0.3647063702, -0.2924803215, -0.2045906643, -0.1163694545, -0.03882787377, 0.0216540008, 0.06259166866, 0.08457170028, 0.09029176272, 0.08364561391, 0.06890860428, 0.0501177824, 0.03065608386, 0.01303295301], "E4_PIE_US4h": [0, -0.1200679639, -0.1210605077, -0.1093128389, -0.08915802591, -0.06446365689, -0.03967587114, -0.01733893229, 0.000649108695, 0.01342403783, 0.02094417506, 0.02382582295, 0.02304165692, 0.01972438924, 0.01498695637, 0.009797474111, 0.004903213652, 0.000805042615, -0.00223267908, -0.004146784085, -0.005026060766], "E1_Y_USh": [0, -0.1694247425, -0.2342077005, -0.2434536708, -0.2160401613, -0.167395846, -0.1110062793, -0.05643409813, -0.01005466584, 0.02471058949, 0.04685547159, 0.05724021622, 0.05791061656, 0.05150903154, 0.04078353874, 0.02822829578, 0.01585409391, 0.005083965776, -0.003251256917, -0.008845196974, -0.01180470729], "E1_PIE_USh": [0, -0.0994836383, -0.1250494286, -0.1314696787, -0.12426911, -0.1034538133, -0.07805875343, -0.0508504269, -0.02549163396, -0.004302670271, 0.01128900198, 0.02110173703, 0.02560808259, 0.02577787862, 0.02281559354, 0.01796507292, 0.01233901189, 0.006828147149, 0.002057664483, -0.001611968916, -0.004053672256], "interest": [0, 0.7355218333, 0.2611934688, -0.07104979941, -0.2776349915, -0.3815454241, -0.4017774013, -0.3647063702, -0.2924803215, -0.2045906643, -0.1163694545, -0.03882787377, 0.0216540008, 0.06259166866, 0.08457170028, 0.09029176272, 0.08364561391, 0.06890860428, 0.0501177824, 0.03065608386, 0.01303295301], "inflation": [0, -0.02182835584, -0.04669926541, -0.07796162257, -0.1108290422, -0.1200679639, -0.1210605077, -0.1093128389, -0.08915802591, -0.06446365689, -0.03967587114, -0.01733893229, 0.000649108695, 0.01342403783, 0.02094417506, 0.02382582295, 0.02304165692, 0.01972438924, 0.01498695637, 0.009797474111, 0.004903213652], "inflationq": [0, -0.08731342335, -0.0994836383, -0.1250494286, -0.1314696787, -0.12426911, -0.1034538133, -0.07805875343, -0.0508504269, -0.02549163396, -0.004302670271, 0.01128900198, 0.02110173703, 0.02560808259, 0.02577787862, 0.02281559354, 0.01796507292, 0.01233901189, 0.006828147149, 0.002057664483, -0.001611968916], "outputgap": [0, -0.02836170189, -0.1694247425, -0.2342077005, -0.2434536708, -0.2160401613, -0.167395846, -0.1110062793, -0.05643409813, -0.01005466584, 0.02471058949, 0.04685547159, 0.05724021622, 0.05791061656, 0.05150903154, 0.04078353874, 0.02822829578, 0.01585409391, 0.005083965776, -0.003251256917, -0.008845196974], "output": [0, -0.02836170189, -0.1694247425, -0.2342077005, -0.2434536708, -0.2160401613, -0.167395846, -0.1110062793, -0.05643409813, -0.01005466584, 0.02471058949, 0.04685547159, 0.05724021622, 0.05791061656, 0.05150903154, 0.04078353874, 0.02822829578, 0.01585409391, 0.005083965776, -0.003251256917, -0.008845196974], "AUX_ENDO_LEAD_66": [0, -0.0994836383, -0.1250494286, -0.1314696787, -0.12426911, -0.1034538133, -0.07805875343, -0.0508504269, -0.02549163396, -0.004302670271, 0.01128900198, 0.02110173703, 0.02560808259, 0.02577787862, 0.02281559354, 0.01796507292, 0.01233901189, 0.006828147149, 0.002057664483, -0.001611968916, -0.004053672256], "AUX_ENDO_LEAD_70": [0, -0.1250494286, -0.1314696787, -0.12426911, -0.1034538133, -0.07805875343, -0.0508504269, -0.02549163396, -0.004302670271, 0.01128900198, 0.02110173703, 0.02560808259, 0.02577787862, 0.02281559354, 0.01796507292, 0.01233901189, 0.006828147149, 0.002057664483, -0.001611968916, -0.004053672256, -0.005322739631], "AUX_ENDO_LEAD_74": [0, -0.1314696787, -0.12426911, -0.1034538133, -0.07805875343, -0.0508504269, -0.02549163396, -0.004302670271, 0.01128900198, 0.02110173703, 0.02560808259, 0.02577787862, 0.02281559354, 0.01796507292, 0.01233901189, 0.006828147149, 0.002057664483, -0.001611968916, -0.004053672256, -0.005322739631, -0.005598755538], "AUX_ENDO_LEAD_101": [0, -0.1694247425, -0.2342077005, -0.2434536708, -0.2160401613, -0.167395846, -0.1110062793, -0.05643409813, -0.01005466584, 0.02471058949, 0.04685547159, 0.05724021622, 0.05791061656, 0.05150903154, 0.04078353874, 0.02822829578, 0.01585409391, 0.005083965776, -0.003251256917, -0.008845196974, -0.01180470729], "AUX_ENDO_LEAD_105": [0, -0.2342077005, -0.2434536708, -0.2160401613, -0.167395846, -0.1110062793, -0.05643409813, -0.01005466584, 0.02471058949, 0.04685547159, 0.05724021622, 0.05791061656, 0.05150903154, 0.04078353874, 0.02822829578, 0.01585409391, 0.005083965776, -0.003251256917, -0.008845196974, -0.01180470729, -0.01252057648], "AUX_ENDO_LEAD_109": [0, -0.2434536708, -0.2160401613, -0.167395846, -0.1110062793, -0.05643409813, -0.01005466584, 0.02471058949, 0.04685547159, 0.05724021622, 0.05791061656, 0.05150903154, 0.04078353874, 0.02822829578, 0.01585409391, 0.005083965776, -0.003251256917, -0.008845196974, -0.01180470729, -0.01252057648, -0.01154082651], "AUX_ENDO_LEAD_136": [0, -0.1694247425, -0.2342077005, -0.2434536708, -0.2160401613, -0.167395846, -0.1110062793, -0.05643409813, -0.01005466584, 0.02471058949, 0.04685547159, 0.05724021622, 0.05791061656, 0.05150903154, 0.04078353874, 0.02822829578, 0.01585409391, 0.005083965776, -0.003251256917, -0.008845196974, -0.01180470729], "AUX_ENDO_LEAD_140": [0, -0.2342077005, -0.2434536708, -0.2160401613, -0.167395846, -0.1110062793, -0.05643409813, -0.01005466584, 0.02471058949, 0.04685547159, 0.05724021622, 0.05791061656, 0.05150903154, 0.04078353874, 0.02822829578, 0.01585409391, 0.005083965776, -0.003251256917, -0.008845196974, -0.01180470729, -0.01252057648], "AUX_ENDO_LEAD_144": [0, -0.2434536708, -0.2160401613, -0.167395846, -0.1110062793, -0.05643409813, -0.01005466584, 0.02471058949, 0.04685547159, 0.05724021622, 0.05791061656, 0.05150903154, 0.04078353874, 0.02822829578, 0.01585409391, 0.005083965776, -0.003251256917, -0.008845196974, -0.01180470729, -0.01252057648, -0.01154082651], "AUX_ENDO_LEAD_276": [0, -0.04669926541, -0.07796162257, -0.1108290422, -0.1200679639, -0.1210605077, -0.1093128389, -0.08915802591, -0.06446365689, -0.03967587114, -0.01733893229, 0.000649108695, 0.01342403783, 0.02094417506, 0.02382582295, 0.02304165692, 0.01972438924, 0.01498695637, 0.009797474111, 0.004903213652, 0.000805042615],