{"interest_": {"RR_USh": [0, 0.81856939, -0.1553359028, -0.1484902541, -0.1260797647, -0.1062130478, -0.08638213618, -0.06952254126, -0.05440865132, -0.04185801399, -0.03156167654, -0.02334966166, -0.0168843244, -0.01191719372, -0.008168778296, -0.005397640032, -0.00339150563, -0.001975467734, -0.001004384149, -0.0003624577883, 4.12708983e-05], "RR_US_BARh": [0, 0, 0, 0, 0, 0, 0, 0, 0, 0, 0, 0, 0, 0, 0, 0, 0, 0, 0, 0, 0], "UNR_US_GAP": [0, -0.004141488365, -0.02782672515, -0.04118738286, -0.04705037473, -0.04792285907, -0.04562056183, -0.04149372136, -0.03647419179, -0.03120800746, -0.02610717983, -0.02141667612, -0.01726170897, -0.01368707503, -0.01068451193, -0.008213863852, -0.006217882367, -0.004632452909, -0.003393214594, -0.002439669823, -0.00171743847], "PIE_USh": [0, -0.058338408, -0.06739090903, -0.08986772769, -0.08475209806, -0.07888259855, -0.06951026294, -0.05995231579, -0.04962695584, -0.04030157081, -0.03202779572, -0.02496918065, -0.01906734017, -0.01428778737, -0.01048780055, -0.007526691673, -0.00526245683, -0.003566173113, -0.002320689116, -0.001426602347, -0.000801155607], "PIE_US4h": [0, -0.014584602, -0.03143232926, -0.05389926118, -0.07508728569, -0.08022333333, -0.08075317181, -0.07327431884, -0.06449303328, -0.05484777635, -0.04547715954, -0.03673137576, -0.02909147184, -0.02258802598, -0.01720302719, -0.01284240494, -0.009391184107, -0.006710780542, -0.004669002683, -0.003143980351, -0.002028655046], "Y_US": [0, -0.02420507519, -0.1445942365, -0.1195097873, -0.09557813143, -0.07513860189, -0.0578822616, -0.04379144732, -0.0324308665, -0.0235171965, -0.01664437095, -0.01144941551, -0.007597079229, -0.004803760003, -0.002826036887, -0.001465208116, -0.000561599289, 1.013921338e-05, 0.0003468881266, 0.000521876182, 0.0005894064802], "RS_USh": [0, 0.7511784809, -0.2452036304, -0.2332423522, -0.2049623633, -0.1757233108, -0.146334452, -0.1191494971, -0.09471022213, -0.07388580971, -0.05653085719, -0.04241700184, -0.03117211177, -0.02240499427, -0.01569546997, -0.01066009686, -0.006957678743, -0.00429615685, -0.002430986496, -0.001163613395, -0.0003358942797], "E4_PIE_US4h": [0, -0.08022333333, -0.08075317181, -0.07327431884, -0.06449303328, -0.05484777635, -0.04547715954, -0.03673137576, -0.02909147184, -0.02258802598, -0.01720302719, -0.01284240494, -0.009391184107, -0.006710780542, -0.004669002683, -0.003143980351, -0.002028655046, -0.001231403062, -0.0006765018564, -0.0003026549021, -6.128325572e-05], "E1_Y_USh": [0, -0.1445942365, -0.1195097873, -0.09557813143, -0.07513860189, -0.0578822616, -0.04379144732, -0.0324308665, -0.0235171965, -0.01664437095, -0.01144941551, -0.007597079229, -0.004803760003, -0.002826036887, -0.001465208116, -0.000561599289, 1.013921338e-05, 0.0003468881266, 0.000521876182, 0.0005894064802, 0.0005888845348], "E1_PIE_USh": [0, -0.06739090903, -0.08986772769, -0.08475209806, -0.07888259855, -0.06951026294, -0.05995231579, -0.04962695584, -0.04030157081, -0.03202779572, -0.02496918065, -0.01906734017, -0.01428778737, -0.01048780055, -0.007526691673, -0.00526245683, -0.003566173113, -0.002320689116, -0.001426602347, -0.000801155607, -0.000377165178], "interest": [0, 0.7511784809, -0.2452036304, -0.2332423522, -0.2049623633, -0.1757233108, -0.146334452, -0.1191494971, -0.09471022213, -0.07388580971, -0.05653085719, -0.04241700184, -0.03117211177, -0.02240499427, -0.01569546997, -0.01066009686, -0.006957678743, -0.00429615685, -0.002430986496, -0.001163613395, -0.0003358942797], "inflation": [0, -0.014584602, -0.03143232926, -0.05389926118, -0.07508728569, -0.08022333333, -0.08075317181, -0.07327431884, -0.06449303328, -0.05484777635, -0.04547715954, -0.03673137576, -0.02909147184, -0.02258802598, -0.01720302719, -0.01284240494, -0.009391184107, -0.006710780542, -0.004669002683, -0.003143980351, -0.002028655046], "inflationq": [0, -0.058338408, -0.06739090903, -0.08986772769, -0.08475209806, -0.07888259855, -0.06951026294, -0.05995231579, -0.04962695584, -0.04030157081, -0.03202779572, -0.02496918065, -0.01906734017, -0.01428778737, -0.01048780055, -0.007526691673, -0.00526245683, -0.003566173113, -0.002320689116, -0.001426602347, -0.000801155607], "outputgap": [0, -0.02420507519, -0.1445942365, -0.1195097873, -0.09557813143, -0.07513860189, -0.0578822616, -0.04379144732, -0.0324308665, -0.0235171965, -0.01664437095, -0.01144941551, -0.007597079229, -0.004803760003, -0.002826036887, -0.001465208116, -0.000561599289, 1.013921338e-05, 0.0003468881266, 0.000521876182, 0.0005894064802], "output": [0, -0.02420507519, -0.1445942365, -0.1195097873, -0.09557813143, -0.07513860189, -0.0578822616, -0.04379144732, -0.0324308665, -0.0235171965, -0.01664437095, -0.01144941551, -0.007597079229, -0.004803760003, -0.002826036887, -0.001465208116, -0.000561599289, 1.013921338e-05, 0.0003468881266, 0.000521876182, 0.0005894064802], "AUX_ENDO_LEAD_66": [0, -0.06739090903, -0.08986772769, -0.08475209806, -0.07888259855, -0.06951026294, -0.05995231579, -0.04962695584, -0.04030157081, -0.03202779572, -0.02496918065, -0.01906734017, -0.01428778737, -0.01048780055, -0.007526691673, -0.00526245683, -0.003566173113, -0.002320689116, -0.001426602347, -0.000801155607, -0.000377165178], "AUX_ENDO_LEAD_70": [0, -0.08986772769, -0.08475209806, -0.07888259855, -0.06951026294, -0.05995231579, -0.04962695584, -0.04030157081, -0.03202779572, -0.02496918065, -0.01906734017, -0.01428778737, -0.01048780055, -0.007526691673, -0.00526245683, -0.003566173113, -0.002320689116, -0.001426602347, -0.000801155607, -0.000377165178, -0.0001010842939], "AUX_ENDO_LEAD_74": [0, -0.08475209806, -0.07888259855, -0.06951026294, -0.05995231579, -0.04962695584, -0.04030157081, -0.03202779572, -0.02496918065, -0.01906734017, -0.01428778737, -0.01048780055, -0.007526691673, -0.00526245683, -0.003566173113, -0.002320689116, -0.001426602347, -0.000801155607, -0.000377165178, -0.0001010842939, 6.878547034e-05], "AUX_ENDO_LEAD_101": [0, -0.1445942365, -0.1195097873, -0.09557813143, -0.07513860189, -0.0578822616, -0.04379144732, -0.0324308665, -0.0235171965, -0.01664437095, -0.01144941551, -0.007597079229, -0.004803760003, -0.002826036887, -0.001465208116, -0.000561599289, 1.013921338e-05, 0.0003468881266, 0.000521876182, 0.0005894064802, 0.0005888845348], "AUX_ENDO_LEAD_105": [0, -0.1195097873, -0.09557813143, -0.07513860189, -0.0578822616, -0.04379144732, -0.0324308665, -0.0235171965, -0.01664437095, -0.01144941551, -0.007597079229, -0.004803760003, -0.002826036887, -0.001465208116, -0.000561599289, 1.013921338e-05, 0.0003468881266, 0.000521876182, 0.0005894064802, 0.0005888845348, 0.0005482365343], "AUX_ENDO_LEAD_109": [0, -0.09557813143, -0.07513860189, -0.0578822616, -0.04379144732, -0.0324308665, -0.0235171965, -0.01664437095, -0.01144941551, -0.007597079229, -0.004803760003, -0.002826036887, -0.001465208116, -0.000561599289, 1.013921338e-05, 0.0003468881266, 0.000521876182, 0.0005894064802, 0.0005888845348, 0.0005482365343, 0.0004866904462], "AUX_ENDO_LEAD_136": [0, -0.1445942365, -0.1195097873, -0.09557813143, -0.07513860189, -0.0578822616, -0.04379144732, -0.0324308665, -0.0235171965, -0.01664437095, -0.01144941551, -0.007597079229, -0.004803760003, -0.002826036887, -0.001465208116, -0.000561599289, 1.013921338e-05, 0.0003468881266, 0.000521876182, 0.0005894064802, 0.0005888845348], "AUX_ENDO_LEAD_140": [0, -0.1195097873, -0.09557813143, -0.07513860189, -0.0578822616, -0.04379144732, -0.0324308665, -0.0235171965, -0.01664437095, -0.01144941551, -0.007597079229, -0.004803760003, -0.002826036887, -0.001465208116, -0.000561599289, 1.013921338e-05, 0.0003468881266, 0.000521876182, 0.0005894064802, 0.0005888845348, 0.0005482365343],