{"interest_": {"q": [0, -1.069833201e-19, -0.03194279909, -0.05728354452, -0.07224121132, -0.07900245742, -0.08022825912, -0.07795237256, -0.07361249361, -0.06818436475, -0.06229964388, -0.05636072917, -0.05061440861, -0.04520310925, -0.04020068292, -0.03563646809, -0.03151164785, -0.02781026657, -0.02450656143, -0.02156979079, -0.01896735589], "lagq1": [0, 0, 3.267583886e-16, -0.03194279909, -0.05728354452, -0.07224121132, -0.07900245742, -0.08022825912, -0.07795237256, -0.07361249361, -0.06818436475, -0.06229964388, -0.05636072917, -0.05061440861, -0.04520310925, -0.04020068292, -0.03563646809, -0.03151164785, -0.02781026657, -0.02450656143, -0.02156979079], "cwp": [0, -0.01080675877, -0.01253269712, -0.01282208413, -0.01146777481, -0.0107017665, -0.009749166694, -0.008780259674, -0.007876445773, -0.007023403551, -0.006238828874, -0.005526025962, -0.004883104512, -0.004307303057, -0.003794096405, -0.003338368183, -0.002934859895, -0.002578381919, -0.002263999372, -0.001987117761, -0.001743522604], "lagcwp1": [0, 0, -0.01080675877, -0.01253269712, -0.01282208413, -0.01146777481, -0.0107017665, -0.009749166694, -0.008780259674, -0.007876445773, -0.007023403551, -0.006238828874, -0.005526025962, -0.004883104512, -0.004307303057, -0.003794096405, -0.003338368183, -0.002934859895, -0.002578381919, -0.002263999372, -0.001987117761], "lagcwp2": [0, 0, -2.843828479e-16, -0.01080675877, -0.01253269712, -0.01282208413, -0.01146777481, -0.0107017665, -0.009749166694, -0.008780259674, -0.007876445773, -0.007023403551, -0.006238828874, -0.005526025962, -0.004883104512, -0.004307303057, -0.003794096405, -0.003338368183, -0.002934859895, -0.002578381919, -0.002263999372], "pi1": [0, -0.005048227688, -0.007151964606, -0.008973423817, -0.0102582274, -0.008658787568, -0.008149851876, -0.007431193282, -0.00666619972, -0.005979493283, -0.005327835263, -0.004729495286, -0.004187558403, -0.003699076302, -0.003262026454, -0.002872782118, -0.002527309031, -0.002221553076, -0.001951522301, -0.001713438817, -0.001503796798], "lagpi11": [0, 0, -0.005048227688, -0.007151964606, -0.008973423817, -0.0102582274, -0.008658787568, -0.008149851876, -0.007431193282, -0.00666619972, -0.005979493283, -0.005327835263, -0.004729495286, -0.004187558403, -0.003699076302, -0.003262026454, -0.002872782118, -0.002527309031, -0.002221553076, -0.001951522301, -0.001713438817], "lagpi12": [0, 0, -2.673481752e-17, -0.005048227688, -0.007151964606, -0.008973423817, -0.0102582274, -0.008658787568, -0.008149851876, -0.007431193282, -0.00666619972, -0.005979493283, -0.005327835263, -0.004729495286, -0.004187558403, -0.003699076302, -0.003262026454, -0.002872782118, -0.002527309031, -0.002221553076, -0.001951522301], "infl": [0, -0.005048227688, -0.01220019229, -0.02117361611, -0.03143184352, -0.0350424034, -0.03604029066, -0.03449806013, -0.03090603244, -0.02822673816, -0.02540472155, -0.02270302355, -0.02022438223, -0.01794396525, -0.01587815644, -0.01402144328, -0.0123611939, -0.01088367068, -0.009573166526, -0.008413823224, -0.007390310992], "is": [0, 0.9966727676, 0.6452166488, 0.4054443925, 0.239362316, 0.1269705846, 0.0521853854, 0.00417319326, -0.02466053703, -0.04136270785, -0.04993848468, -0.05323712542, -0.05322618614, -0.05119856047, -0.04802348279, -0.0442725186, -0.04031383314, -0.0363792843, -0.03260873543, -0.02908089549, -0.02583437379], "lagis1": [0, 0, 0.9966727676, 0.6452166488, 0.4054443925, 0.239362316, 0.1269705846, 0.0521853854, 0.00417319326, -0.02466053703, -0.04136270785, -0.04993848468, -0.05323712542, -0.05322618614, -0.05119856047, -0.04802348279, -0.0442725186, -0.04031383314, -0.0363792843, -0.03260873543, -0.02908089549], "dis": [0, 0.9966727676, -0.3514561188, -0.2397722562, -0.1660820766, -0.1123917314, -0.07478519916, -0.04801219214, -0.02883373029, -0.01670217082, -0.008575776827, -0.003298640734, 1.093927267e-05, 0.00202762567, 0.003175077687, 0.003750964184, 0.003958685462, 0.003934548837, 0.00377054887, 0.003527839945, 0.003246521695], "il": [0, 0.3056705939, 0.1759161595, 0.08902176777, 0.03168657803, -0.004886984738, -0.02715812787, -0.03968423639, -0.04573995037, -0.04769661239, -0.04707368444, -0.04490746579, -0.04188793705, -0.0384639605, -0.03492438305, -0.03144897167, -0.02814441008, -0.0250690498, -0.0222496269, -0.01969266585, -0.01739216949], "rl": [0, 0.3373051647, 0.2066386656, 0.1176223096, 0.05725178537, 0.01819836697, -0.006516688871, -0.02132200298, -0.0294471623, -0.03328279442, -0.03434802296, -0.03368983254, -0.0320121846, -0.02977805296, -0.0272908383, -0.02474435451, -0.02225848273, -0.01990378382, -0.01771812857, -0.01571810225, -0.013906735], "interest": [0, 0.9966727676, 0.6452166488, 0.4054443925, 0.239362316, 0.1269705846, 0.0521853854, 0.00417319326, -0.02466053703, -0.04136270785, -0.04993848468, -0.05323712542, -0.05322618614, -0.05119856047, -0.04802348279, -0.0442725186, -0.04031383314, -0.0363792843, -0.03260873543, -0.02908089549, -0.02583437379], "inflation": [0, -0.005048227688, -0.01220019229, -0.02117361611, -0.03143184352, -0.0350424034, -0.03604029066, -0.03449806013, -0.03090603244, -0.02822673816, -0.02540472155, -0.02270302355, -0.02022438223, -0.01794396525, -0.01587815644, -0.01402144328, -0.0123611939, -0.01088367068, -0.009573166526, -0.008413823224, -0.007390310992], "inflationq": [0, -0.02019291075, -0.02860785842, -0.03589369527, -0.04103290962, -0.03463515027, -0.0325994075, -0.02972477313, -0.02666479888, -0.02391797313, -0.02131134105, -0.01891798114, -0.01675023361, -0.01479630521, -0.01304810582, -0.01149112847, -0.01010923612, -0.008886212303, -0.007806089205, -0.006853755267, -0.006015187194], "outputgap": [0, 2.91658272e-17, -0.03194279909, -0.05728354452, -0.07224121132, -0.07900245742, -0.08022825912, -0.07795237256, -0.07361249361, -0.06818436475, -0.06229964388, -0.05636072917, -0.05061440861, -0.04520310925, -0.04020068292, -0.03563646809, -0.03151164785, -0.02781026657, -0.02450656143, -0.02156979079, -0.01896735589], "output": [0, 3.891371468e-17, -0.03194279909, -0.05728354452, -0.07224121132, -0.07900245742, -0.08022825912, -0.07795237256, -0.07361249361, -0.06818436475, -0.06229964388, -0.05636072917, -0.05061440861, -0.04520310925, -0.04020068292, -0.03563646809, -0.03151164785, -0.02781026657, -0.02450656143, -0.02156979079, -0.01896735589], "AUX_ENDO_LEAD_67": [0, -0.02860785842, -0.03589369527, -0.04103290962, -0.03463515027, -0.0325994075, -0.02972477313, -0.02666479888, -0.02391797313, -0.02131134105, -0.01891798114, -0.01675023361, -0.01479630521, -0.01304810582, -0.01149112847, -0.01010923612, -0.008886212303, -0.007806089205, -0.006853755267, -0.006015187194, -0.005277545956], "AUX_ENDO_LEAD_71": [0, -0.03589369527, -0.04103290962, -0.03463515027, -0.0325994075, -0.02972477313, -0.02666479888, -0.02391797313, -0.02131134105, -0.01891798114, -0.01675023361, -0.01479630521, -0.01304810582, -0.01149112847, -0.01010923612, -0.008886212303, -0.007806089205, -0.006853755267, -0.006015187194, -0.005277545956, -0.004629203481], "AUX_ENDO_LEAD_75": [0, -0.04103290962, -0.03463515027, -0.0325994075, -0.02972477313, -0.02666479888, -0.02391797313, -0.02131134105, -0.01891798114, -0.01675023361, -0.01479630521, -0.01304810582, -0.01149112847, -0.01010923612, -0.008886212303, -0.007806089205, -0.006853755267, -0.006015187194, -0.005277545956, -0.004629203481, -0.004059707753], "AUX_ENDO_LEAD_102": [0, -0.03194279909, -0.05728354452, -0.07224121132, -0.07900245742, -0.08022825912, -0.07795237256, -0.07361249361, -0.06818436475, -0.06229964388, -0.05636072917, -0.05061440861, -0.04520310925, -0.04020068292, -0.03563646809, -0.03151164785, -0.02781026657, -0.02450656143, -0.02156979079, -0.01896735589, -0.01666676708],