{"interest_": {"q": [0, 6.324223413e-19, -0.01131071579, -0.0127255604, -0.01206148552, -0.01099496346, -0.009913644136, -0.008906325048, -0.007992477544, -0.007171541403, -0.006434323084, -0.005772762817, -0.005179227685, -0.004646701629, -0.004168928963, -0.003740281219, -0.003355706361, -0.003010673468, -0.002701116778, -0.002423388613, -0.002174216395], "lagq1": [0, 0, -1.673172986e-16, -0.01131071579, -0.0127255604, -0.01206148552, -0.01099496346, -0.009913644136, -0.008906325048, -0.007992477544, -0.007171541403, -0.006434323084, -0.005772762817, -0.005179227685, -0.004646701629, -0.004168928963, -0.003740281219, -0.003355706361, -0.003010673468, -0.002701116778, -0.002423388613], "cwp": [0, -0.00139889125, -0.001592337274, -0.001570917602, -0.001350256409, -0.001229469158, -0.001104685541, -0.0009890311571, -0.0008881783739, -0.0007967776738, -0.0007148000368, -0.0006413378457, -0.0005753882545, -0.0005162264175, -0.0004631492488, -0.0004155279664, -0.0003728035237, -0.0003344719853, -0.0003000816422, -0.0002692273254, -0.0002415454385], "lagcwp1": [0, 0, -0.00139889125, -0.001592337274, -0.001570917602, -0.001350256409, -0.001229469158, -0.001104685541, -0.0009890311571, -0.0008881783739, -0.0007967776738, -0.0007148000368, -0.0006413378457, -0.0005753882545, -0.0005162264175, -0.0004631492488, -0.0004155279664, -0.0003728035237, -0.0003344719853, -0.0003000816422, -0.0002692273254], "lagcwp2": [0, 0, 4.101481177e-17, -0.00139889125, -0.001592337274, -0.001570917602, -0.001350256409, -0.001229469158, -0.001104685541, -0.0009890311571, -0.0008881783739, -0.0007967776738, -0.0007148000368, -0.0006413378457, -0.0005753882545, -0.0005162264175, -0.0004631492488, -0.0004155279664, -0.0003728035237, -0.0003344719853, -0.0003000816422], "pi1": [0, -0.0006534726733, -0.0009117929759, -0.00111647045, -0.001250426816, -0.001015211767, -0.0009347005211, -0.0008426344817, -0.0007521262577, -0.0006760801186, -0.0006064961633, -0.0005440268767, -0.000488145669, -0.0004379442812, -0.0003929131104, -0.0003525158563, -0.0003162696523, -0.0002837509178, -0.0002545757742, -0.0002284003289, -0.0002049162684], "lagpi11": [0, 0, -0.0006534726733, -0.0009117929759, -0.00111647045, -0.001250426816, -0.001015211767, -0.0009347005211, -0.0008426344817, -0.0007521262577, -0.0006760801186, -0.0006064961633, -0.0005440268767, -0.000488145669, -0.0004379442812, -0.0003929131104, -0.0003525158563, -0.0003162696523, -0.0002837509178, -0.0002545757742, -0.0002284003289], "lagpi12": [0, 0, 2.140651689e-16, -0.0006534726733, -0.0009117929759, -0.00111647045, -0.001250426816, -0.001015211767, -0.0009347005211, -0.0008426344817, -0.0007521262577, -0.0006760801186, -0.0006064961633, -0.0005440268767, -0.000488145669, -0.0004379442812, -0.0003929131104, -0.0003525158563, -0.0003162696523, -0.0002837509178, -0.0002545757742], "infl": [0, -0.0006534726733, -0.001565265649, -0.002681736099, -0.003932162915, -0.004293902009, -0.004316809554, -0.004042973586, -0.003544673028, -0.003205541379, -0.002877337021, -0.002578729416, -0.002314748828, -0.00207661299, -0.001863029937, -0.001671518917, -0.0014996429, -0.001345449537, -0.001207112201, -0.001082996673, -0.0009716432893], "is": [0, 0.999019791, -0.008003256371, -0.01038538435, -0.01192898713, -0.01193833474, -0.0114320364, -0.0105176229, -0.009313248314, -0.00839408277, -0.007533167074, -0.006754475533, -0.006061737084, -0.0054382703, -0.004879009388, -0.004377418985, -0.003927317531, -0.003523511039, -0.00316122669, -0.002836189317, -0.002544573131], "lagis1": [0, 0, 0.999019791, -0.008003256371, -0.01038538435, -0.01192898713, -0.01193833474, -0.0114320364, -0.0105176229, -0.009313248314, -0.00839408277, -0.007533167074, -0.006754475533, -0.006061737084, -0.0054382703, -0.004879009388, -0.004377418985, -0.003927317531, -0.003523511039, -0.00316122669, -0.002836189317], "dis": [0, 0.999019791, -1.007023047, -0.002382127977, -0.001543602785, -9.347611379e-06, 0.0005062983448, 0.0009144134965, 0.001204374589, 0.0009191655433, 0.0008609156963, 0.0007786915406, 0.0006927384496, 0.000623466784, 0.0005592609122, 0.0005015904029, 0.0004501014535, 0.0004038064918, 0.0003622843492, 0.0003250373736, 0.0002916161851], "il": [0, 0.1156876151, -0.01023911912, -0.01018035796, -0.009726494359, -0.008993088103, -0.008180580047, -0.007361451671, -0.006593926181, -0.005920684833, -0.005311863367, -0.004765370819, -0.004275585042, -0.003835939548, -0.00344152336, -0.003087673357, -0.002770197607, -0.002485366675, -0.002229822072, -0.00200055223, -0.001794855959], "rl": [0, 0.1194373368, -0.006642045835, -0.00686950646, -0.006796783431, -0.006352010918, -0.005810396568, -0.005236327504, -0.004686730317, -0.004209653569, -0.003776792298, -0.003388113024, -0.003039941947, -0.002727345179, -0.002446913675, -0.002195329466, -0.001969604261, -0.001767090122, -0.001585398549, -0.001422388171, -0.001276138586], "interest": [0, 0.999019791, -0.008003256371, -0.01038538435, -0.01192898713, -0.01193833474, -0.0114320364, -0.0105176229, -0.009313248314, -0.00839408277, -0.007533167074, -0.006754475533, -0.006061737084, -0.0054382703, -0.004879009388, -0.004377418985, -0.003927317531, -0.003523511039, -0.00316122669, -0.002836189317, -0.002544573131], "inflation": [0, -0.0006534726733, -0.001565265649, -0.002681736099, -0.003932162915, -0.004293902009, -0.004316809554, -0.004042973586, -0.003544673028, -0.003205541379, -0.002877337021, -0.002578729416, -0.002314748828, -0.00207661299, -0.001863029937, -0.001671518917, -0.0014996429, -0.001345449537, -0.001207112201, -0.001082996673, -0.0009716432893], "inflationq": [0, -0.002613890693, -0.003647171904, -0.004465881801, -0.005001707263, -0.004060847069, -0.003738802084, -0.003370537927, -0.003008505031, -0.002704320474, -0.002425984653, -0.002176107507, -0.001952582676, -0.001751777125, -0.001571652442, -0.001410063425, -0.001265078609, -0.001135003671, -0.001018303097, -0.0009136013156, -0.0008196650737], "outputgap": [0, 6.094575159e-19, -0.01131071579, -0.0127255604, -0.01206148552, -0.01099496346, -0.009913644136, -0.008906325048, -0.007992477544, -0.007171541403, -0.006434323084, -0.005772762817, -0.005179227685, -0.004646701629, -0.004168928963, -0.003740281219, -0.003355706361, -0.003010673468, -0.002701116778, -0.002423388613, -0.002174216395], "output": [0, 1.021142023e-17, -0.01131071579, -0.0127255604, -0.01206148552, -0.01099496346, -0.009913644136, -0.008906325048, -0.007992477544, -0.007171541403, -0.006434323084, -0.005772762817, -0.005179227685, -0.004646701629, -0.004168928963, -0.003740281219, -0.003355706361, -0.003010673468, -0.002701116778, -0.002423388613, -0.002174216395], "AUX_ENDO_LEAD_67": [0, -0.003647171904, -0.004465881801, -0.005001707263, -0.004060847069, -0.003738802084, -0.003370537927, -0.003008505031, -0.002704320474, -0.002425984653, -0.002176107507, -0.001952582676, -0.001751777125, -0.001571652442, -0.001410063425, -0.001265078609, -0.001135003671, -0.001018303097, -0.0009136013156, -0.0008196650737, -0.000735387317], "AUX_ENDO_LEAD_71": [0, -0.004465881801, -0.005001707263, -0.004060847069, -0.003738802084, -0.003370537927, -0.003008505031, -0.002704320474, -0.002425984653, -0.002176107507, -0.001952582676, -0.001751777125, -0.001571652442, -0.001410063425, -0.001265078609, -0.001135003671, -0.001018303097, -0.0009136013156, -0.0008196650737, -0.000735387317, -0.0006597749706], "AUX_ENDO_LEAD_75": [0, -0.005001707263, -0.004060847069, -0.003738802084, -0.003370537927, -0.003008505031, -0.002704320474, -0.002425984653, -0.002176107507, -0.001952582676, -0.001751777125, -0.001571652442, -0.001410063425, -0.001265078609, -0.001135003671, -0.001018303097, -0.0009136013156, -0.0008196650737, -0.000735387317, -0.0006597749706, -0.0005919370721],