{"mean":[[517.099,2271.06,2260.93,469.582,6.35387,3.03454,482.402,404.394,4.00556,5.75189,533.177,1.64338,3.17898,3.71867],[517.128,2277.44,2262.33,469.872,6.1898,2.92619,482.114,401.005,3.89416,5.7398,534.342,0.620863,3.00944,3.53808],[518.872,2280.01,2262.14,470.092,6.11873,2.99923,481.852,397.361,3.77116,5.65348,535.984,0.746819,2.8607,3.41139],[520.615,2284.34,2263.65,470.376,6.3643,3.09247,481.605,395.868,3.72004,5.5681,538.62,1.36565,2.94726,3.33959],[521.311,2289.18,2263.92,470.674,6.59667,3.13353,481.447,395.107,3.69869,5.52008,541.453,2.02088,3.05237,3.28441],[522.252,2293.39,2264.81,470.927,6.68478,3.17284,481.342,394.342,3.65012,5.45929,543.885,2.47693,3.00249,3.23358],[523.827,2296.77,2266.19,471.16,6.67991,3.21196,481.328,393.305,3.6073,5.4002,546.061,2.57424,2.92891,3.19596],[525.262,2300.26,2266.86,471.462,6.64588,3.2698,481.352,391.912,3.57943,5.36141,548.033,2.54047,2.94917,3.16613],[526.324,2303.96,2267.25,471.828,6.59077,3.36867,481.388,390.262,3.55709,5.34053,549.742,2.46819,2.95907,3.1427],[527.446,2307.37,2267.82,472.184,6.5249,3.4934,481.494,388.388,3.53723,5.32462,551.331,2.36489,2.90151,3.13205],[528.712,2310.6,2268.41,472.506,6.48487,3.60911,481.689,386.27,3.52282,5.30753,552.985,2.31342,2.83096,3.13528],[529.895,2313.91,2268.88,472.8,6.47888,3.68986,481.939,384.085,3.51223,5.28969,554.744,2.34329,2.77752,3.14421],[530.992,2317.21,2269.31,473.06,6.48297,3.72959,482.212,381.946,3.49918,5.26915,556.544,2.39325,2.71894,3.15027],[532.136,2320.36,2269.79,473.288,6.48611,3.73361,482.489,379.806,3.48168,5.24432,558.345,2.40985,2.65245,3.14942],[533.315,2323.41,2270.24,473.498,6.49394,3.71156,482.749,377.621,3.46175,5.21742,560.142,2.38964,2.60007,3.13999],[534.45,2326.47,2270.6,473.705,6.50957,3.67566,482.972,375.406,3.44007,5.19065,561.923,2.34658,2.5664,3.12148],[535.546,2329.51,2270.92,473.912,6.53282,3.63603,483.156,373.184,3.41644,5.16378,563.686,2.29118,2.54064,3.09545],[536.645,2332.5,2271.23,474.115,6.5669,3.59695,483.303,370.975,3.39188,5.13614,565.451,2.2382,2.52072,3.06472],[537.741,2335.47,2271.54,474.317,6.6147,3.55895,483.419,368.811,3.36769,5.10798,567.236,2.20341,2.51129,3.0315],[538.819,2338.43,2271.84,474.518,6.67354,3.52248,483.504,366.731,3.34418,5.07977,569.038,2.18986,2.51153,2.99703]],"horizon":20,"q16":[[514.225,2266.02,2253.0,469.014,5.69275,2.52737,480.564,390.065,3.70343,5.49015,529.158,-0.893033,2.13142,3.56467],[512.741,2270.14,2251.35,468.747,5.17651,2.07611,478.909,379.725,3.46865,5.34438,528.616,-2.40639,1.99379,3.30785],[513.841,2271.71,2249.18,468.621,4.92563,1.63928,477.876,370.382,3.16254,5.08579,528.11,-2.79483,1.47304,3.0333],[514.787,2274.56,2248.76,468.539,4.92211,1.40234,476.458,365.581,2.99791,4.96005,529.757,-2.43957,1.56151,2.78561],[514.704,2278.22,2247.95,468.465,4.80543,1.27875,475.281,357.627,2.85183,4.78477,531.201,-1.66462,1.57011,2.6034],[515.281,2280.12,2247.52,468.149,4.51495,1.17932,475.102,355.558,2.72763,4.61751,533.749,-1.11233,1.49166,2.41061],[515.948,2281.93,2248.12,467.981,4.05344,0.94945,474.484,351.907,2.58786,4.45519,535.276,-1.05488,1.4734,2.22059],[515.556,2284.61,2245.42,468.009,4.02991,1.05925,473.786,345.624,2.49873,4.40805,535.708,-1.26112,1.51118,2.09536],[516.855,2286.01,2244.75,468.074,3.16787,1.09539,473.226,343.331,2.47349,4.28003,535.646,-1.68446,1.38184,1.93668],[516.669,2287.71,2244.64,467.962,2.73535,1.1284,473.24,338.452,2.33916,4.15866,537.036,-1.80612,1.02461,1.84556],[517.902,2288.91,2243.29,468.058,2.12334,1.16939,472.581,333.573,2.3307,4.08229,537.941,-1.67414,1.11621,1.74992],[519.148,2290.03,2239.86,468.22,1.88643,1.16394,471.951,326.706,2.30397,4.00309,537.412,-1.77242,0.957675,1.72115],[518.698,2292.54,2239.64,468.212,1.68635,1.20736,471.202,321.777,2.29775,3.92953,540.315,-1.35298,0.768075,1.60894],[519.601,2294.54,2237.94,468.191,0.720635,1.31997,470.217,320.889,2.22273,3.91373,541.033,-1.80297,0.639441,1.64963],[519.791,2293.91,2235.32,467.918,0.724857,1.25605,469.903,314.125,2.23849,3.86892,541.582,-1.61622,0.493434,1.64628],[520.612,2294.73,2233.1,467.577,0.637365,1.20297,470.163,302.822,2.1542,3.8346,542.175,-1.89568,0.423846,1.5849],[521.363,2296.6,2232.25,467.744,0.701822,1.08333,470.865,299.556,2.14916,3.79808,542.734,-1.87069,0.276619,1.55006],[521.327,2295.67,2227.4,467.724,0.203034,1.03576,469.773,296.761,2.18555,3.7052,544.373,-2.00124,0.349043,1.53425],[520.786,2296.36,2225.77,467.291,-0.0709573,1.14838,468.63,289.676,2.21272,3.67735,543.855,-1.69833,-0.0127576,1.49237],[521.651,2296.03,2225.32,467.13,-0.118257,1.15945,469.526,284.931,2.10314,3.64379,545.141,-1.72472,-0.0389075,1.47447]],"q84":[[520.281,2276.32,2268.87,470.161,7.10108,3.55316,484.438,418.508,4.28403,5.97022,536.966,4.05396,4.13619,3.86069],[521.24,2284.22,2271.82,470.98,7.39643,3.84267,485.52,422.394,4.28623,6.08222,540.449,3.78191,4.03431,3.79731],[523.086,2288.9,2274.9,471.618,7.46251,4.2464,485.954,423.783,4.33765,6.17656,543.873,4.19955,4.05679,3.79132],[525.8,2293.97,2277.11,472.406,8.12539,4.58455,486.65,429.183,4.4476,6.1993,547.93,4.85947,4.42845,3.86316],[526.935,2300.54,2280.61,473.095,8.82028,4.95765,486.596,436.215,4.52807,6.21712,551.738,6.06045,4.73163,3.95311],[529.012,2306.54,2281.71,473.79,9.19738,5.16145,486.566,440.105,4.59559,6.24163,556.077,7.37242,4.63792,4.0574],[531.057,2311.16,2285.06,474.3,9.62145,5.39851,487.18,443.96,4.75325,6.28626,558.372,6.47076,4.51833,4.13406],[532.8,2316.76,2288.98,474.882,9.67607,5.5881,488.102,442.252,4.73595,6.41162,561.987,7.10028,4.77622,4.25686],[535.371,2322.27,2289.41,475.451,9.95152,5.73109,489.197,444.264,4.85361,6.34788,565.092,6.75765,4.79867,4.36714],[536.703,2325.82,2294.31,476.234,9.8215,5.92634,490.371,443.028,4.90711,6.48715,567.077,6.54936,4.71544,4.53383],[538.599,2331.5,2293.87,476.512,10.2078,5.99346,491.962,445.995,4.90517,6.54154,569.143,7.04067,4.80503,4.56327],[540.422,2338.37,2295.78,477.333,10.507,5.98775,493.171,443.499,4.99171,6.60939,571.71,6.87539,4.87588,4.69078],[542.659,2343.57,2299.68,478.042,10.5284,5.94587,494.008,448.442,4.99256,6.67645,575.501,7.32266,4.95743,4.7242],[545.796,2348.35,2301.44,478.324,10.7884,6.088,494.491,452.079,5.06434,6.79122,578.6,7.01018,4.85371,4.80366],[548.591,2352.93,2305.17,479.018,10.9981,6.24975,496.355,451.395,5.0438,6.73791,582.727,6.72714,4.86774,4.85457],[549.611,2359.16,2305.4,479.86,11.0647,6.39238,496.844,451.679,5.14968,6.88099,585.803,6.96009,5.01626,4.95492],[552.542,2364.68,2309.68,480.712,10.8133,6.37876,498.003,455.954,5.21416,6.87108,587.462,7.45683,4.94274,5.02665],[553.96,2370.66,2310.21,481.23,11.0897,6.35988,498.417,454.981,5.24511,6.95591,590.325,7.84348,4.98793,5.06184],[555.716,2376.71,2314.65,481.837,11.2021,6.34594,500.073,456.218,5.38101,7.08453,593.249,7.08646,4.99094,5.13679],[558.303,2380.99,2315.44,482.467,11.3549,6.35506,501.096,459.397,5.46708,7.14411,596.425,7.45384,4.99314,5.13771]],