{"mean":[[-5.13446,12.98,7.98371,2.93861,5.95193,3.06935,-1.81068,-4.00032,4.12555,5.75775,15.2709,2.77459,2.99997,3.77982],[2.33627,28.9766,9.74338,1.17006,5.99231,2.90428,1.37768,-5.8794,4.09468,5.78233,8.36025,2.48322,2.76747,3.66641],[9.15124,4.46865,0.988144,0.38985,5.6148,2.89359,1.07314,-14.0871,4.06408,5.75255,8.72622,2.80385,2.72787,3.57706],[7.61902,15.8959,5.90347,0.835226,5.57832,2.95096,1.22373,-19.245,3.99445,5.67971,7.64986,2.55872,2.56344,3.50688],[4.15727,14.1649,-2.59656,1.09563,5.4915,2.98182,0.12183,-9.44701,3.98541,5.65972,8.85786,2.6404,2.76519,3.4342],[4.28709,15.1524,2.90498,1.14722,5.38153,3.06291,0.448811,-10.4293,3.94078,5.61621,8.06986,2.75237,2.64313,3.38088],[6.72554,11.1565,2.75273,0.832583,5.30037,3.13815,0.791158,-11.8593,3.91186,5.57918,7.73622,2.70512,2.55148,3.33824],[6.20895,12.0219,1.84742,0.941468,5.23427,3.1948,0.755888,-12.9212,3.88266,5.53732,7.88991,2.74004,2.51183,3.30091],[4.90613,13.1345,1.01939,0.951698,5.19618,3.23474,0.601089,-11.6716,3.8497,5.49827,7.72647,2.73222,2.47565,3.26293],[5.31232,11.5783,1.32204,0.869477,5.13996,3.26482,0.579704,-11.1481,3.81559,5.45838,7.49718,2.75472,2.41839,3.22466],[5.87322,11.0144,1.88823,0.820796,5.10967,3.28678,0.629521,-12.0497,3.7791,5.41513,7.31959,2.73717,2.34368,3.18657],[5.605,11.0325,1.0971,0.82022,5.10264,3.29375,0.504467,-12.022,3.74422,5.37291,7.35099,2.72422,2.3055,3.14567],[5.20715,11.1902,0.944018,0.817571,5.10972,3.28999,0.374008,-11.6446,3.70603,5.32884,7.32668,2.72671,2.26713,3.10192],[5.33905,10.6529,1.06849,0.770669,5.12828,3.27775,0.291791,-11.4404,3.66619,5.28304,7.26049,2.72441,2.22498,3.05577],[5.46837,10.284,1.07257,0.752156,5.16084,3.25852,0.190033,-11.4492,3.62587,5.23565,7.23511,2.72148,2.19108,3.00758],[5.31427,10.2659,0.877572,0.761267,5.20853,3.23462,0.0413596,-11.1714,3.58549,5.18806,7.21377,2.71852,2.17142,2.95746],[5.18437,10.1235,0.794609,0.772312,5.26474,3.21005,-0.104053,-10.7188,3.54521,5.14074,7.15691,2.72105,2.1596,2.90636],[5.20229,9.8671,0.868726,0.781674,5.3284,3.18825,-0.213403,-10.3971,3.50545,5.09378,7.06868,2.72312,2.15067,2.85573],[5.20165,9.67182,0.860823,0.800453,5.39945,3.17053,-0.309445,-10.1082,3.46719,5.04789,6.98372,2.72448,2.14912,2.80665],[5.11954,9.57979,0.824025,0.827561,5.47608,3.15791,-0.395367,-9.74431,3.43065,5.00358,6.89203,2.72735,2.15448,2.76006]],"q16":[[-19.1091,-7.66942,-23.8726,0.549109,5.05027,2.57642,-10.771,-44.9739,3.90198,5.51043,2.43101,1.75982,1.84493,3.63927],[-11.802,5.9288,-23.7759,-1.84008,4.71053,2.07621,-7.58068,-53.0276,3.72846,5.39756,-7.33147,1.17824,1.45137,3.39694],[-5.28926,-22.334,-35.7184,-3.00347,4.06555,1.69804,-8.42431,-60.1874,3.555,5.2459,-7.434,1.27539,1.38758,3.18887],[-10.0971,-7.02827,-33.8896,-2.31009,3.66719,1.54756,-8.00786,-72.0577,3.40889,5.03337,-8.80599,1.17119,0.765132,2.99256],[-10.7464,-9.44049,-39.2915,-2.43528,3.26502,1.36772,-9.46836,-59.6531,3.29624,4.90007,-7.49418,1.10698,1.04669,2.80215],[-10.2823,-10.2324,-33.6787,-2.5647,2.92815,1.16698,-8.42336,-60.7946,3.18604,4.79711,-7.50826,1.31024,0.694446,2.67121],[-9.51774,-12.7394,-39.6546,-3.19236,2.54629,1.00063,-8.83982,-65.1956,3.08952,4.65388,-8.07134,1.15021,0.570801,2.51417],[-11.4043,-15.1164,-40.509,-2.77462,2.18211,0.980888,-9.30254,-60.3186,2.99611,4.50222,-8.16127,1.08717,0.528393,2.38069],[-11.1991,-13.61,-37.4452,-3.17226,1.75071,0.823444,-8.73082,-63.1823,2.89473,4.39476,-9.48471,1.16138,0.242518,2.16281],[-12.9617,-10.3101,-35.9097,-3.35448,1.63191,0.854633,-10.0521,-60.5578,2.82631,4.28478,-6.83176,1.09831,0.178272,2.05125],[-12.6275,-12.7885,-40.2548,-3.47929,1.13902,0.726586,-10.6073,-69.8531,2.70581,4.20181,-9.63375,1.12163,0.256855,1.9241],[-10.0776,-11.7572,-33.3332,-3.72477,1.07114,0.753551,-10.8526,-59.9033,2.61595,4.07055,-7.30337,1.11442,0.127688,1.75757],[-10.0236,-12.9847,-34.1999,-3.52358,0.781275,0.81526,-9.0356,-61.9944,2.48445,4.01201,-9.56654,1.11606,0.280777,1.76501],[-10.5058,-16.0125,-38.2286,-3.62557,0.598111,0.769943,-10.0394,-67.1023,2.3873,3.88704,-8.61683,1.15162,0.0784502,1.64644],[-10.3857,-17.3532,-38.316,-3.86929,0.330847,0.583994,-10.2236,-56.4675,2.29738,3.87196,-9.85197,1.18677,0.0648509,1.53633],[-10.5953,-15.1957,-30.4724,-3.57285,-0.0353834,0.356535,-11.1754,-62.7312,2.23603,3.79043,-8.58674,1.18656,-0.126592,1.37168],[-8.91389,-15.5911,-41.4261,-3.1607,-0.481023,0.127916,-11.2932,-59.7688,2.22699,3.70129,-8.69001,1.1613,0.0237728,1.31565],[-11.3017,-17.431,-41.3,-3.39121,-0.871455,0.145945,-11.9663,-61.088,2.16921,3.59016,-8.38965,1.22104,-0.0704666,1.21485],[-10.8755,-17.2989,-35.7935,-3.11861,-1.08052,0.264697,-11.3473,-63.6538,2.12048,3.47671,-11.8588,1.16232,-0.00937642,1.1068],[-12.7687,-16.3441,-36.8276,-3.54678,-1.41536,0.382398,-12.2292,-60.8735,2.05618,3.40717,-9.30481,1.13783,-0.0813752,1.02853]],"q84":[[7.26951,33.4951,41.1867,5.25946,6.73185,3.64351,7.19743,35.4124,4.37259,6.02631,29.4299,3.96701,4.13347,3.94461],[17.9281,49.7469,44.1152,3.85014,7.11576,3.80621,12.1375,36.6366,4.43022,6.16327,22.4645,3.70895,3.98218,3.94969],[24.1121,27.697,34.872,3.62208,6.98539,4.08769,10.2948,30.4189,4.58326,6.2858,23.4054,4.05721,4.18625,3.93775],[22.0234,36.7719,39.462,4.29514,7.35749,4.46384,10.5582,29.2601,4.57982,6.31432,22.8514,3.9252,4.12228,4.06085],[19.9379,39.56,34.392,4.53703,7.58196,4.65831,9.76811,38.9508,4.62194,6.43743,24.7071,3.96981,4.44158,4.11317],[18.5783,38.7501,40.2343,4.99841,7.66515,5.06994,10.4978,42.523,4.726,6.51617,25.5506,4.2487,4.42947,4.12973],[20.8007,34.7164,36.1214,4.55907,7.98431,5.17513,11.2418,34.7668,4.81179,6.57724,24.2705,4.23702,4.27248,4.16541],[22.1776,36.1517,38.9257,4.4838,8.14477,5.49198,11.2523,38.5507,4.90315,6.58399,24.0607,4.24211,4.4321,4.23222],[20.8234,39.0002,43.1717,4.62864,8.4068,5.46369,12.0068,36.2306,5.11203,6.60326,22.1478,4.10343,4.44049,4.38005],[22.6821,36.9769,38.0915,4.49499,8.81512,5.6408,11.1142,32.1691,5.03444,6.64924,24.617,4.18865,4.44801,4.4129],[23.6714,38.5912,44.5129,4.29236,9.00723,5.50741,10.9417,36.3885,5.06925,6.66629,24.0574,4.2197,4.39284,4.47973],[21.3166,37.2935,41.3519,4.35461,9.49393,5.57705,10.6904,36.684,5.14086,6.54733,24.6914,4.20055,4.64078,4.57313],[23.4987,38.7031,44.2574,4.67339,9.63747,5.56017,11.3155,41.2889,5.1075,6.58996,22.9131,4.42446,4.5988,4.59605],[20.5457,36.5954,36.6766,4.51148,9.83556,5.24649,11.4799,38.9326,5.16071,6.59224,25.3187,4.29623,4.52211,4.50741],[23.5146,33.986,37.6615,4.51559,9.77962,5.22055,12.6934,35.7605,5.1725,6.60121,23.861,4.26524,4.50535,4.58429],[20.1233,35.0475,43.0267,4.85309,10.0357,5.46601,12.488,44.0925,5.18527,6.70734,23.8474,4.39548,4.76078,4.63762],[22.2341,36.0183,37.5453,5.52983,10.1641,5.54066,10.6438,37.73,5.23264,6.73523,23.2926,4.28173,4.63268,4.66323],[19.9476,36.3713,37.8221,5.2166,10.2361,5.52213,11.3167,41.7617,5.21375,6.85735,25.563,4.63566,4.73932,4.62602],[23.8154,39.8614,37.5169,4.99954,10.4879,5.57585,13.0857,50.6188,5.27464,6.80622,23.6567,4.51447,4.90466,4.70472],[23.3044,35.9121,40.0311,5.26067,10.6405,5.74154,12.8088,46.3658,5.36984,6.77627,24.8699,4.34291,5.12639,4.79384]],