{"mean":[[-4.93797,13.5404,6.81348,2.86953,5.95453,3.03784,-1.70585,-0.46,4.13085,5.75691,16.7267,2.72672,3.0763,3.7731],[1.73658,28.4558,9.1419,1.36909,6.00794,2.83661,1.36178,-5.647,4.10134,5.77816,9.36937,2.47079,2.82149,3.64849],[9.2312,4.44159,2.37204,0.434823,5.63297,2.79443,1.13517,-12.563,4.07138,5.74512,9.43947,2.79271,2.74854,3.55269],[7.41155,15.4713,5.27139,0.947602,5.58314,2.80768,1.35021,-17.4669,4.00685,5.67142,8.7899,2.56334,2.61748,3.47319],[3.91124,14.4108,-2.31464,1.23004,5.48081,2.8144,0.212128,-7.92532,4.00107,5.65082,9.75603,2.6331,2.82796,3.39134],[3.9903,14.7728,2.7353,1.30865,5.34614,2.88007,0.452453,-9.00327,3.96337,5.61003,8.96715,2.74945,2.71082,3.32977],[6.47584,11.1028,2.91036,1.02439,5.24392,2.95146,0.803349,-10.7113,3.93817,5.57354,8.51556,2.70167,2.62894,3.28111],[5.89734,11.9449,1.79406,1.1494,5.15421,3.00979,0.774112,-11.6694,3.91415,5.53314,8.71282,2.73955,2.60215,3.23888],[4.6012,13.1197,1.03544,1.17655,5.08884,3.0576,0.6414,-10.5893,3.88546,5.49484,8.52627,2.73798,2.57371,3.19762],[5.03018,11.5119,1.43637,1.10297,5.00235,3.09941,0.642961,-10.231,3.85492,5.45506,8.25858,2.76646,2.5188,3.15776],[5.5837,10.9191,1.91796,1.06766,4.93839,3.1351,0.716071,-11.1856,3.82156,5.41185,8.04041,2.75262,2.44828,3.11908],[5.31542,10.9388,1.16725,1.07909,4.89428,3.15829,0.61505,-11.236,3.78946,5.36976,8.01834,2.74107,2.41265,3.07851],[4.93497,11.0528,1.02177,1.08628,4.86192,3.17281,0.51322,-11.0112,3.75382,5.32601,7.94899,2.74343,2.3731,3.03595],[5.07126,10.5021,1.15026,1.04661,4.84003,3.17966,0.464547,-10.9886,3.71584,5.28024,7.84497,2.74044,2.32721,2.99171],[5.19562,10.1191,1.1364,1.03013,4.83168,3.17863,0.398354,-11.1381,3.67669,5.2325,7.79811,2.73611,2.28775,2.94571],[5.04928,10.069,0.937399,1.03694,4.83821,3.17104,0.281808,-11.0107,3.63675,5.18405,7.76373,2.73118,2.26036,2.89768],[4.92988,9.89037,0.855093,1.04368,4.8538,3.16028,0.160149,-10.7256,3.59609,5.13523,7.70045,2.7313,2.23858,2.84822],[4.94755,9.60384,0.908072,1.04851,4.87804,3.14928,0.0646181,-10.5499,3.55505,5.086,7.61308,2.73082,2.21874,2.79841],[4.94421,9.37884,0.881176,1.06248,4.91119,3.13933,-0.0261932,-10.3832,3.51459,5.03704,7.53396,2.72966,2.20581,2.74902],[4.8644,9.24847,0.828502,1.08486,4.9518,3.13175,-0.114835,-10.1374,3.47498,4.98884,7.45183,2.73007,2.1994,2.70081]],"q16":[[-18.0591,-6.48707,-25.016,0.625771,5.15872,2.51204,-10.3279,-45.0681,3.86787,5.48328,2.43884,1.70904,1.82026,3.63148],[-12.3995,6.57437,-30.6471,-1.54515,4.70132,1.98637,-6.99249,-46.1238,3.71094,5.36047,-2.76606,1.0514,1.59407,3.39311],[-6.20889,-19.4562,-31.9699,-2.58482,3.97246,1.58117,-7.47195,-57.6529,3.53107,5.15939,-3.98418,1.39303,1.24284,3.20015],[-7.19904,-9.06386,-33.662,-2.59459,3.68756,1.17228,-7.59742,-67.9816,3.38613,5.00531,-5.78459,1.07574,1.10553,3.00264],[-10.3213,-10.0398,-36.8191,-2.57591,3.18,0.963366,-8.7556,-57.6569,3.2841,4.85323,-6.08853,1.11987,1.2091,2.78007],[-12.0505,-9.55265,-34.781,-2.54209,3.02666,0.670901,-9.86731,-57.7356,3.14442,4.7382,-8.44739,1.14634,0.918052,2.59463],[-9.72709,-17.0914,-35.6297,-2.58827,2.56877,0.846556,-8.88237,-58.0815,3.07214,4.65019,-8.10068,1.1314,0.667505,2.41923],[-9.84704,-12.2452,-36.4975,-2.77792,2.12989,0.658939,-10.8238,-59.1056,2.95436,4.57724,-7.21463,0.998274,0.597729,2.27317],[-12.5579,-14.2719,-37.2398,-2.61917,1.93565,0.577745,-9.39327,-61.6209,2.87262,4.42902,-8.57427,1.09997,0.48067,2.12788],[-11.7563,-14.7736,-34.0173,-3.01577,1.4997,0.379367,-9.62779,-63.5095,2.79697,4.33066,-7.00209,1.23092,0.489368,2.01381],[-11.479,-12.4352,-35.7548,-3.17982,0.973203,0.321985,-9.40028,-58.6207,2.70305,4.20823,-5.55636,1.0937,0.280368,1.91199],[-11.5751,-16.763,-36.5945,-3.29025,0.574201,0.314685,-10.7732,-62.4657,2.66278,4.15704,-10.6128,1.19664,0.330001,1.75612],[-10.8677,-18.8418,-36.6335,-2.85406,0.221557,0.139602,-11.6155,-59.3782,2.62087,4.05292,-8.13619,1.04621,0.189054,1.67932],[-12.435,-16.6613,-40.4579,-2.94506,0.00184333,0.308621,-10.8536,-58.9632,2.65038,4.00447,-10.3898,1.00245,0.256597,1.56729],[-10.8225,-13.7107,-36.732,-3.07164,-0.548477,0.400241,-10.467,-57.7026,2.65495,3.90424,-8.0846,1.17866,0.220873,1.48059],[-12.6071,-15.8212,-40.983,-3.21872,-0.761753,0.524813,-9.92241,-66.3443,2.51818,3.81908,-7.60754,1.17256,0.0400862,1.29861],[-12.1753,-18.5792,-43.526,-3.4197,-1.17464,0.515651,-10.6935,-59.9204,2.5782,3.74893,-8.66288,0.950358,-0.0684333,1.27736],[-11.9757,-16.9981,-39.0264,-3.12698,-1.66468,0.48193,-12.2623,-60.0074,2.44018,3.71089,-7.40241,0.962222,0.0648349,1.25382],[-12.2098,-18.755,-38.545,-2.9337,-2.17869,0.360989,-11.6684,-65.2677,2.47066,3.63294,-9.7765,1.07197,0.254712,1.20026],[-11.8322,-17.1616,-37.5569,-3.14127,-2.21629,0.305261,-10.0729,-60.3564,2.42852,3.61654,-11.2142,0.855214,0.0374079,1.13535]],"q84":[[8.00812,34.4653,38.1563,5.47297,6.75434,3.58854,6.18609,48.3535,4.40206,5.99242,32.8821,3.88075,4.21511,3.92509],[17.3938,47.2871,42.7178,4.30241,7.10797,3.76754,9.49861,37.386,4.46808,6.15672,24.889,3.79871,4.09364,3.91194],[24.1607,26.9861,39.822,3.51706,7.20137,3.98348,9.89625,30.6009,4.52149,6.19632,25.0194,4.23739,4.16581,3.90082],[23.3249,35.1195,42.1345,4.27221,7.55988,4.35907,11.4654,26.694,4.63842,6.21439,22.5405,4.13645,4.11464,3.93896],[21.5522,40.8243,38.6858,4.4604,7.52671,4.38001,10.7059,36.2917,4.74003,6.42699,27.6272,4.33899,4.56809,3.96146],[17.7239,39.7707,38.9818,4.52838,7.59807,4.61313,10.0012,36.0074,4.77679,6.45982,25.4931,4.04163,4.68369,4.00301],[22.6423,34.9844,42.6932,4.60396,7.88431,4.6209,9.99365,40.3338,4.79831,6.46893,24.223,4.11083,4.65685,4.05088],[21.7293,35.7926,38.957,5.03164,8.0916,4.9222,10.4884,35.6149,4.8954,6.53454,26.8893,4.18945,4.63833,4.16724],[20.3297,37.7878,42.5187,5.04715,8.11311,5.11256,12.0187,41.822,4.98062,6.62865,25.1576,4.38671,4.65497,4.17747],[21.5644,39.8743,39.2509,4.68653,8.2555,5.33876,12.0222,40.5008,5.07326,6.64318,24.6235,4.27246,4.56747,4.25017],[21.9763,38.372,37.538,4.57689,8.41855,5.49403,12.6229,43.6559,4.96118,6.671,23.4405,4.42145,4.55297,4.30581],[21.99,37.6183,39.8284,4.79082,8.79511,5.39049,11.5498,47.7193,5.08864,6.68476,25.2859,4.23672,4.70491,4.36066],[20.7533,35.7986,40.2518,4.58594,8.87083,5.5495,11.9071,43.5794,5.07674,6.76256,23.8313,4.42756,4.60223,4.46185],[22.045,38.8653,33.5061,5.31235,9.16843,5.72923,11.5045,42.1278,5.16268,6.74603,26.077,4.5152,4.81324,4.52819],[23.324,39.7203,44.8414,5.39139,9.33243,5.65995,10.3949,40.7816,5.18525,6.75484,24.8738,4.53152,4.61007,4.61353],[22.7083,36.2994,39.2351,5.22078,9.54674,5.66939,11.7749,40.274,5.21827,6.7976,25.4842,4.46717,4.67201,4.65004],[24.1715,34.6818,39.3832,4.96272,9.6112,5.4815,12.4495,41.6742,5.22477,6.8483,23.6949,4.49716,4.51457,4.65137],[21.5485,38.4401,36.9613,5.35623,9.87816,5.644,11.983,41.8736,5.32214,7.01781,25.9865,4.48011,4.76289,4.61177],[22.1789,37.6452,40.5796,4.95933,9.99168,5.70553,10.7049,40.2156,5.35354,7.06876,23.2313,4.41268,4.87898,4.61981],[22.9816,34.9406,37.7072,5.34289,9.84448,5.70317,11.8797,36.4519,5.34207,7.14995,24.7302,4.40841,4.60195,4.50436]],