{"mean":[[517.582,2269.6,2261.83,469.661,5.98388,3.08088,482.149,408.063,4.12745,5.76495,534.921,2.76442,3.01599,3.77751],[518.101,2277.12,2264.23,469.953,6.02748,2.9542,482.328,406.636,4.09114,5.77824,537.112,2.51982,2.78488,3.66099],[520.455,2278.4,2264.63,470.027,5.66351,2.95834,482.53,403.386,4.05123,5.73372,539.458,2.89755,2.71728,3.56857],[522.467,2282.4,2266.13,470.229,5.63637,3.02651,482.757,399.04,3.98207,5.65456,541.551,2.6464,2.59424,3.49177],[523.541,2286.04,2265.64,470.509,5.54406,3.07664,482.693,396.903,3.97303,5.6318,543.855,2.73825,2.79023,3.41333],[524.646,2289.9,2266.38,470.807,5.43087,3.18588,482.717,394.507,3.92962,5.59062,545.901,2.82615,2.67258,3.35661],[526.368,2292.74,2267.15,471.031,5.34139,3.29288,482.855,391.64,3.90068,5.55518,547.841,2.78904,2.57785,3.31353],[527.956,2295.81,2267.66,471.277,5.27494,3.37664,483.018,388.448,3.87116,5.51553,549.812,2.80761,2.52681,3.27771],[529.23,2299.11,2267.96,471.519,5.23383,3.43593,483.16,385.493,3.83786,5.47802,551.744,2.79707,2.4817,3.24173],[530.589,2302.04,2268.34,471.735,5.1788,3.47634,483.309,382.612,3.80141,5.43833,553.616,2.8116,2.40656,3.20534],[532.085,2304.8,2268.82,471.934,5.15057,3.49959,483.472,379.514,3.76215,5.39507,555.446,2.78708,2.32106,3.16746],[533.513,2307.56,2269.13,472.129,5.14775,3.5016,483.603,376.406,3.72342,5.35183,557.286,2.76935,2.26933,3.12509],[534.845,2310.35,2269.39,472.319,5.16266,3.48835,483.697,373.382,3.68093,5.30626,559.125,2.76392,2.22,3.0781],[536.202,2313.0,2269.68,472.497,5.19162,3.46357,483.763,370.404,3.63609,5.25817,560.954,2.75804,2.16968,3.02705],[537.583,2315.56,2269.96,472.668,5.23757,3.42989,483.795,367.437,3.59022,5.20793,562.782,2.75182,2.12971,2.97252],[538.926,2318.11,2270.19,472.841,5.30011,3.39092,483.783,364.549,3.54412,5.15704,564.611,2.74743,2.10625,2.91499],[540.235,2320.62,2270.4,473.017,5.37286,3.35183,483.726,361.781,3.49801,5.10611,566.428,2.74866,2.09225,2.85587],[541.543,2323.05,2270.63,473.196,5.45401,3.31686,483.634,359.109,3.45257,5.05551,568.224,2.75023,2.08386,2.79696],[542.846,2325.44,2270.86,473.381,5.54283,3.2881,483.512,356.527,3.40883,5.00607,569.998,2.75187,2.0842,2.73976],[544.127,2327.79,2271.08,473.575,5.63722,3.26695,483.364,354.048,3.36717,4.95844,571.745,2.75487,2.0923,2.6856]],"horizon":20,"q16":[[514.441,2264.59,2253.93,469.101,5.23526,2.50466,480.203,396.926,3.83407,5.4842,531.428,1.72397,1.84189,3.60126],[513.465,2270.03,2253.94,468.917,4.75721,1.94636,479.374,391.172,3.72451,5.39722,532.225,1.28014,1.56923,3.3581],[515.772,2269.5,2253.28,468.62,4.08042,1.76168,478.875,383.296,3.58292,5.23445,533.057,1.53026,1.36235,3.16311],[517.049,2271.75,2252.64,468.427,3.67312,1.54745,478.454,374.599,3.43242,5.09418,533.828,1.06415,1.02259,2.99266],[517.193,2274.55,2249.72,468.25,3.35747,1.38047,477.692,369.324,3.31129,4.9258,535.333,1.24179,1.09868,2.80026],[516.98,2275.63,2251.57,468.23,2.72495,1.45774,477.152,359.94,3.154,4.8669,536.009,1.39063,0.669091,2.65581],[519.008,2277.24,2247.59,467.982,2.45617,1.27254,476.5,351.462,3.00081,4.6734,537.108,1.2582,0.528411,2.48219],[519.874,2277.47,2245.87,467.759,2.23545,1.09622,476.037,346.094,2.94689,4.58348,538.939,1.42838,0.552005,2.36051],[521.009,2277.96,2244.13,467.575,1.98742,1.14754,475.198,341.691,2.79838,4.41603,538.853,1.33901,0.425851,2.2006],[521.307,2280.24,2241.86,467.604,1.86206,1.09993,474.266,336.435,2.76261,4.28251,540.439,1.29558,0.375121,2.06209],[522.037,2281.83,2241.11,467.441,1.11769,1.03303,473.445,329.696,2.64571,4.1984,541.263,1.07398,0.168644,1.87071],[521.737,2283.08,2239.06,467.203,0.853727,0.972098,473.361,319.986,2.58669,4.03437,541.055,1.23702,0.115916,1.7106],[523.224,2284.66,2237.22,466.999,0.703448,0.97515,473.398,314.886,2.48592,3.94023,542.147,1.20022,0.140611,1.69666],[523.637,2286.2,2235.45,467.025,0.298338,1.0242,473.334,309.029,2.39297,3.79631,544.41,1.27845,-0.0796015,1.53175],[523.495,2284.46,2234.31,466.792,0.32782,0.740253,472.233,301.534,2.34001,3.75944,546.102,1.19445,-0.0458404,1.42903],[524.015,2283.82,2233.26,466.704,0.0823412,0.836916,471.551,297.306,2.26303,3.72102,547.198,1.17328,-0.261035,1.35587],[525.23,2285.39,2234.4,466.193,-0.0109918,0.899419,470.414,294.421,2.22888,3.58251,548.722,1.41461,-0.371327,1.20638],[525.372,2286.42,2231.62,465.822,-0.25252,0.872391,468.911,286.034,2.14227,3.46545,549.581,1.11776,-0.373912,1.02248],[525.752,2285.86,2227.78,465.216,-0.394803,0.736321,467.985,279.735,2.09526,3.29471,550.872,1.27954,-0.0850201,0.945861],[526.56,2285.82,2226.75,464.964,-0.65264,0.711901,466.564,272.863,1.91643,3.16039,550.376,1.11475,-0.405358,0.894964]],"q84":[[520.974,2274.16,2269.84,470.186,6.86158,3.59326,484.33,419.852,4.36582,6.01495,538.584,3.77433,4.02152,3.92937],[522.872,2283.5,2273.69,470.922,7.28336,3.75604,485.69,424.065,4.47224,6.1864,542.799,3.71498,4.21865,3.89863],[525.332,2286.55,2275.61,471.596,7.17425,4.07202,486.551,423.854,4.53687,6.31439,546.237,4.31904,4.10831,3.93545],[527.587,2292.8,2280.5,472.127,7.41992,4.4295,487.506,424.584,4.58791,6.29575,549.108,4.10497,4.06817,3.92182],[529.18,2298.34,2281.05,472.838,7.63935,4.58254,488.298,427.048,4.65183,6.36562,552.424,4.33348,4.36719,3.96802],[531.585,2303.09,2283.99,473.467,7.9002,4.7779,488.979,430.99,4.71508,6.43643,554.56,4.31598,4.30402,4.02035],[533.108,2306.61,2287.37,474.034,8.03601,4.99642,490.515,432.697,4.78833,6.52104,557.789,4.2365,4.42239,4.14412],[535.381,2312.33,2289.09,474.81,8.06741,5.31866,491.466,432.269,4.89716,6.47574,560.219,4.29766,4.39921,4.28143],[537.389,2316.94,2290.92,475.272,8.29369,5.43333,492.936,435.355,4.99605,6.59237,563.761,4.07607,4.48786,4.36187],[539.466,2322.18,2294.25,475.938,8.51365,5.63455,494.235,432.944,4.99123,6.7032,566.348,4.08562,4.39763,4.4049],[541.491,2326.74,2297.64,476.438,8.83504,5.59554,494.918,432.805,4.96741,6.72714,568.773,4.23128,4.25795,4.57035],[543.64,2330.7,2299.07,477.346,8.9599,5.53686,495.964,431.32,4.9419,6.7915,571.606,4.33764,4.43406,4.46734],[545.766,2335.35,2302.06,477.61,9.16108,5.58384,496.127,431.933,4.98567,6.78532,575.046,4.26212,4.43802,4.54166],[548.359,2340.89,2305.71,478.043,9.20563,5.53617,496.754,432.705,5.01875,6.83184,577.795,4.51041,4.3719,4.43872],[550.753,2345.26,2306.28,478.614,9.70032,5.40959,497.2,435.742,5.01868,6.91032,582.46,4.21766,4.61307,4.4492],[552.701,2349.44,2307.9,478.934,10.059,5.43913,496.107,438.672,5.05411,6.84314,584.645,4.39528,4.60206,4.47312],[555.121,2356.16,2313.67,479.245,10.2499,5.58952,498.024,438.669,5.01106,6.82887,586.797,4.4286,4.70781,4.51219],[557.913,2361.27,2315.81,480.256,10.553,5.46648,498.817,438.457,4.97214,6.78704,589.75,4.44555,4.53964,4.49241],[559.746,2364.87,2320.13,481.266,11.2297,5.42529,498.704,444.736,4.94853,6.77186,593.467,4.46114,4.67508,4.48741],[562.185,2372.47,2323.95,482.052,11.2486,5.63273,499.17,447.036,4.92156,6.77555,597.145,4.58045,5.04365,4.46996]],