{"interest_": {"RR_USh": [0, 1.142686948, 0.913429015, 0.70095023, 0.5136361231, 0.3471846653, 0.2119125933, 0.1049072998, 0.02457594069, -0.03206451776, -0.06819244282, -0.08782377827, -0.09474522881, -0.09246380429, -0.08403817625, -0.07203099377, -0.0584531312, -0.0447995024, -0.03210174941, -0.02099857766, -0.01181076696], "RR_US_BARh": [0, 0, 0, 0, 0, 0, 0, 0, 0, 0, 0, 0, 0, 0, 0, 0, 0, 0, 0, 0, 0], "UNR_US_GAP": [0, -0.001454194922, -0.03064427897, -0.07013702814, -0.1092130712, -0.1418958249, -0.1652715456, -0.178668789, -0.1827543513, -0.1789545053, -0.1690357684, -0.1548276239, -0.1380293276, -0.1201013412, -0.1022145018, -0.08524082344, -0.06977154837, -0.05615262476, -0.04452869024, -0.0348893112, -0.02711310841], "PIE_USh": [0, -0.1798124398, -0.2048230574, -0.2529442445, -0.2759326701, -0.2806136075, -0.2613330246, -0.2328356699, -0.1972849213, -0.1590538226, -0.1212714946, -0.08673766344, -0.05674429031, -0.03201958984, -0.01270019207, 0.001487807989, 0.01112280493, 0.01692369189, 0.01966394744, 0.02009893055, 0.01891768356], "PIE_US4h": [0, -0.04495310996, -0.09615887432, -0.1593949354, -0.228378103, -0.2535783949, -0.2677058867, -0.262678743, -0.2430168058, -0.2126268596, -0.1776114771, -0.1410869755, -0.1059518178, -0.07419325956, -0.04705043392, -0.02499406606, -0.008027292246, 0.004208528187, 0.01229956306, 0.0169523437, 0.01890106336], "Y_US": [0, -0.008614898826, -0.1740383601, -0.2573806941, -0.2850931259, -0.2770808054, -0.2469211022, -0.2056710476, -0.1607454742, -0.1171532306, -0.07799996629, -0.04500870595, -0.01880608539, 0.0007239521951, 0.01418108046, 0.0224408036, 0.0265000524, 0.02736015324, 0.02594932424, 0.02307569905, 0.0194045121], "RS_USh": [0, 0.9378638909, 0.6604847705, 0.4250175599, 0.2330225156, 0.08585164062, -0.02092307666, -0.09237762153, -0.134477882, -0.1533360124, -0.1549301063, -0.1445680686, -0.1267648186, -0.1051639964, -0.08255036826, -0.06090818884, -0.04152943931, -0.02513555496, -0.01200281886, -0.002080894096, 0.004901251114], "E4_PIE_US4h": [0, -0.2535783949, -0.2677058867, -0.262678743, -0.2430168058, -0.2126268596, -0.1776114771, -0.1410869755, -0.1059518178, -0.07419325956, -0.04705043392, -0.02499406606, -0.008027292246, 0.004208528187, 0.01229956306, 0.0169523437, 0.01890106336, 0.01884814491, 0.01742319632, 0.01515986171, 0.01248654818], "E1_Y_USh": [0, -0.1740383601, -0.2573806941, -0.2850931259, -0.2770808054, -0.2469211022, -0.2056710476, -0.1607454742, -0.1171532306, -0.07799996629, -0.04500870595, -0.01880608539, 0.0007239521951, 0.01418108046, 0.0224408036, 0.0265000524, 0.02736015324, 0.02594932424, 0.02307569905, 0.0194045121, 0.01545307847], "E1_PIE_USh": [0, -0.2048230574, -0.2529442445, -0.2759326701, -0.2806136075, -0.2613330246, -0.2328356699, -0.1972849213, -0.1590538226, -0.1212714946, -0.08673766344, -0.05674429031, -0.03201958984, -0.01270019207, 0.001487807989, 0.01112280493, 0.01692369189, 0.01966394744, 0.02009893055, 0.01891768356, 0.01671201808], "E": [0, 0, 0, 0, 0, 0, 0, 0, 0, 0, 0, 0, 0, 0, 0, 0, 0, 0, 0, 0, 0], "E2": [0, 0, 0, 0, 0, 0, 0, 0, 0, 0, 0, 0, 0, 0, 0, 0, 0, 0, 0, 0, 0], "interest": [0, 0.9378638909, 0.6604847705, 0.4250175599, 0.2330225156, 0.08585164062, -0.02092307666, -0.09237762153, -0.134477882, -0.1533360124, -0.1549301063, -0.1445680686, -0.1267648186, -0.1051639964, -0.08255036826, -0.06090818884, -0.04152943931, -0.02513555496, -0.01200281886, -0.002080894096, 0.004901251114], "inflation": [0, -0.04495310996, -0.09615887432, -0.1593949354, -0.228378103, -0.2535783949, -0.2677058867, -0.262678743, -0.2430168058, -0.2126268596, -0.1776114771, -0.1410869755, -0.1059518178, -0.07419325956, -0.04705043392, -0.02499406606, -0.008027292246, 0.004208528187, 0.01229956306, 0.0169523437, 0.01890106336], "inflationq": [0, -0.1798124398, -0.2048230574, -0.2529442445, -0.2759326701, -0.2806136075, -0.2613330246, -0.2328356699, -0.1972849213, -0.1590538226, -0.1212714946, -0.08673766344, -0.05674429031, -0.03201958984, -0.01270019207, 0.001487807989, 0.01112280493, 0.01692369189, 0.01966394744, 0.02009893055, 0.01891768356], "outputgap": [0, -0.008614898826, -0.1740383601, -0.2573806941, -0.2850931259, -0.2770808054, -0.2469211022, -0.2056710476, -0.1607454742, -0.1171532306, -0.07799996629, -0.04500870595, -0.01880608539, 0.0007239521951, 0.01418108046, 0.0224408036, 0.0265000524, 0.02736015324, 0.02594932424, 0.02307569905, 0.0194045121], "output": [0, -0.008614898826, -0.1740383601, -0.2573806941, -0.2850931259, -0.2770808054, -0.2469211022, -0.2056710476, -0.1607454742, -0.1171532306, -0.07799996629, -0.04500870595, -0.01880608539, 0.0007239521951, 0.01418108046, 0.0224408036, 0.0265000524, 0.02736015324, 0.02594932424, 0.02307569905, 0.0194045121], "AUX_ENDO_LEAD_66": [0, -0.2048230574, -0.2529442445, -0.2759326701, -0.2806136075, -0.2613330246, -0.2328356699, -0.1972849213, -0.1590538226, -0.1212714946, -0.08673766344, -0.05674429031, -0.03201958984, -0.01270019207, 0.001487807989, 0.01112280493, 0.01692369189, 0.01966394744, 0.02009893055, 0.01891768356, 0.01671201808], "AUX_ENDO_LEAD_70": [0, -0.2529442445, -0.2759326701, -0.2806136075, -0.2613330246, -0.2328356699, -0.1972849213, -0.1590538226, -0.1212714946, -0.08673766344, -0.05674429031, -0.03201958984, -0.01270019207, 0.001487807989, 0.01112280493, 0.01692369189, 0.01966394744, 0.02009893055, 0.01891768356, 0.01671201808, 0.0139641531], "AUX_ENDO_LEAD_74": [0, -0.2759326701, -0.2806136075, -0.2613330246, -0.2328356699, -0.1972849213, -0.1590538226, -0.1212714946, -0.08673766344, -0.05674429031, -0.03201958984, -0.01270019207, 0.001487807989, 0.01112280493, 0.01692369189, 0.01966394744, 0.02009893055, 0.01891768356, 0.01671201808, 0.0139641531, 0.0110455921], "AUX_ENDO_LEAD_101": [0, -0.1740383601, -0.2573806941, -0.2850931259, -0.2770808054, -0.2469211022, -0.2056710476, -0.1607454742, -0.1171532306, -0.07799996629, -0.04500870595, -0.01880608539, 0.0007239521951, 0.01418108046, 0.0224408036, 0.0265000524, 0.02736015324, 0.02594932424, 0.02307569905, 0.0194045121, 0.01545307847], "AUX_ENDO_LEAD_105": [0, -0.2573806941, -0.2850931259, -0.2770808054, -0.2469211022, -0.2056710476, -0.1607454742, -0.1171532306, -0.07799996629, -0.04500870595, -0.01880608539, 0.0007239521951, 0.01418108046, 0.0224408036, 0.0265000524, 0.02736015324, 0.02594932424, 0.02307569905, 0.0194045121, 0.01545307847, 0.01159854317], "AUX_ENDO_LEAD_109": [0, -0.2850931259, -0.2770808054, -0.2469211022, -0.2056710476, -0.1607454742, -0.1171532306, -0.07799996629, -0.04500870595, -0.01880608539, 0.0007239521951, 0.01418108046, 0.0224408036, 0.0265000524, 0.02736015324, 0.02594932424, 0.02307569905, 0.0194045121, 0.01545307847, 0.01159854317, 0.008093651236], "AUX_ENDO_LEAD_136": [0, -0.1740383601, -0.2573806941, -0.2850931259, -0.2770808054, -0.2469211022, -0.2056710476, -0.1607454742, -0.1171532306, -0.07799996629, -0.04500870595, -0.01880608539, 0.0007239521951, 0.01418108046, 0.0224408036, 0.0265000524, 0.02736015324, 0.02594932424, 0.02307569905, 0.0194045121, 0.01545307847], "AUX_ENDO_LEAD_140": [0, -0.2573806941, -0.2850931259, -0.2770808054, -0.2469211022, -0.2056710476, -0.1607454742, -0.1171532306, -0.07799996629, -0.04500870595, -0.01880608539, 0.0007239521951, 0.01418108046, 0.0224408036, 0.0265000524, 0.02736015324, 0.02594932424, 0.02307569905, 0.0194045121, 0.01545307847, 0.01159854317], "AUX_ENDO_LEAD_144": [0, -0.2850931259, -0.2770808054, -0.2469211022, -0.2056710476, -0.1607454742, -0.1171532306, -0.07799996629, -0.04500870595, -0.01880608539, 0.0007239521951, 0.01418108046, 0.0224408036, 0.0265000524, 0.02736015324, 0.02594932424, 0.02307569905, 0.0194045121, 0.01545307847, 0.01159854317, 0.008093651236],