{"interest_": {"RR_USh": [0, 0.8916376771, 0.5134071465, 0.2260514286, 0.03273741862, -0.08353914348, -0.1350721894, -0.1445694074, -0.1272171505, -0.09658078546, -0.06264468289, -0.03216486481, -0.008479312019, 0.007390746007, 0.01602638362, 0.01888929911, 0.01777146289, 0.01437883187, 0.0101060757, 0.005943793925, 0.002483774495], "RR_US_BARh": [0, 0, 0, 0, 0, 0, 0, 0, 0, 0, 0, 0, 0, 0, 0, 0, 0, 0, 0, 0, 0], "UNR_US_GAP": [0, -0.001121131374, -0.02362562409, -0.04912573637, -0.0684377172, -0.07845927221, -0.07953844616, -0.07381934896, -0.06391484018, -0.05225056022, -0.04071009718, -0.03052561921, -0.02231594171, -0.01621731743, -0.01203944392, -0.009413267565, -0.007910303233, -0.007126269573, -0.006729365922, -0.006479432553, -0.006226217087], "PIE_USh": [0, -0.05640958431, -0.06192216176, -0.08693968337, -0.08952398342, -0.07981800343, -0.06154455629, -0.04266013989, -0.02459585371, -0.009883828893, 0.0006055647419, 0.006858035436, 0.009647616365, 0.009880200788, 0.008511240903, 0.00636868838, 0.004082753778, 0.00205689103, 0.0004997040299, -0.0005322863892, -0.001084420259], "PIE_US4h": [0, -0.01410239608, -0.02958293652, -0.05131785736, -0.07369885321, -0.07955095799, -0.07945655663, -0.06838667076, -0.05215463833, -0.03467109469, -0.01913356444, -0.006754020605, 0.001806846913, 0.006747854333, 0.008724273373, 0.008601936609, 0.007210720962, 0.005254893523, 0.003252009305, 0.001526765612, 0.0002349721028], "Y_US": [0, -0.006641773542, -0.1341772433, -0.1691221433, -0.1519502418, -0.1116707377, -0.06635319945, -0.02690380543, 0.002261923962, 0.02025631268, 0.02843685288, 0.02922319571, 0.02530730227, 0.01907504622, 0.01235686943, 0.006357156927, 0.001710028531, -0.001400447019, -0.003094698603, -0.003662054708, -0.003451607427], "RS_USh": [0, 0.8297155153, 0.4264674632, 0.1365274451, -0.0470805848, -0.1450836998, -0.1777323293, -0.1691652611, -0.1371009794, -0.09597522072, -0.05578664745, -0.02251724844, 0.001400888768, 0.01590198691, 0.022395072, 0.02297205289, 0.01982835392, 0.0148785359, 0.009573789314, 0.004859373666, 0.001225833986], "E4_PIE_US4h": [0, -0.07955095799, -0.07945655663, -0.06838667076, -0.05215463833, -0.03467109469, -0.01913356444, -0.006754020605, 0.001806846913, 0.006747854333, 0.008724273373, 0.008601936609, 0.007210720962, 0.005254893523, 0.003252009305, 0.001526765612, 0.0002349721028, -0.000593735782, -0.00101182496, -0.001114137536, -0.001007072922], "E1_Y_USh": [0, -0.1341772433, -0.1691221433, -0.1519502418, -0.1116707377, -0.06635319945, -0.02690380543, 0.002261923962, 0.02025631268, 0.02843685288, 0.02922319571, 0.02530730227, 0.01907504622, 0.01235686943, 0.006357156927, 0.001710028531, -0.001400447019, -0.003094698603, -0.003662054708, -0.003451607427, -0.002796081482], "E1_PIE_USh": [0, -0.06192216176, -0.08693968337, -0.08952398342, -0.07981800343, -0.06154455629, -0.04266013989, -0.02459585371, -0.009883828893, 0.0006055647419, 0.006858035436, 0.009647616365, 0.009880200788, 0.008511240903, 0.00636868838, 0.004082753778, 0.00205689103, 0.0004997040299, -0.0005322863892, -0.001084420259, -0.001257940509], "E": [0, 0, 0, 0, 0, 0, 0, 0, 0, 0, 0, 0, 0, 0, 0, 0, 0, 0, 0, 0, 0], "E2": [0, 0, 0, 0, 0, 0, 0, 0, 0, 0, 0, 0, 0, 0, 0, 0, 0, 0, 0, 0, 0], "interest": [0, 0.8297155153, 0.4264674632, 0.1365274451, -0.0470805848, -0.1450836998, -0.1777323293, -0.1691652611, -0.1371009794, -0.09597522072, -0.05578664745, -0.02251724844, 0.001400888768, 0.01590198691, 0.022395072, 0.02297205289, 0.01982835392, 0.0148785359, 0.009573789314, 0.004859373666, 0.001225833986], "inflation": [0, -0.01410239608, -0.02958293652, -0.05131785736, -0.07369885321, -0.07955095799, -0.07945655663, -0.06838667076, -0.05215463833, -0.03467109469, -0.01913356444, -0.006754020605, 0.001806846913, 0.006747854333, 0.008724273373, 0.008601936609, 0.007210720962, 0.005254893523, 0.003252009305, 0.001526765612, 0.0002349721028], "inflationq": [0, -0.05640958431, -0.06192216176, -0.08693968337, -0.08952398342, -0.07981800343, -0.06154455629, -0.04266013989, -0.02459585371, -0.009883828893, 0.0006055647419, 0.006858035436, 0.009647616365, 0.009880200788, 0.008511240903, 0.00636868838, 0.004082753778, 0.00205689103, 0.0004997040299, -0.0005322863892, -0.001084420259], "outputgap": [0, -0.006641773542, -0.1341772433, -0.1691221433, -0.1519502418, -0.1116707377, -0.06635319945, -0.02690380543, 0.002261923962, 0.02025631268, 0.02843685288, 0.02922319571, 0.02530730227, 0.01907504622, 0.01235686943, 0.006357156927, 0.001710028531, -0.001400447019, -0.003094698603, -0.003662054708, -0.003451607427], "output": [0, -0.006641773542, -0.1341772433, -0.1691221433, -0.1519502418, -0.1116707377, -0.06635319945, -0.02690380543, 0.002261923962, 0.02025631268, 0.02843685288, 0.02922319571, 0.02530730227, 0.01907504622, 0.01235686943, 0.006357156927, 0.001710028531, -0.001400447019, -0.003094698603, -0.003662054708, -0.003451607427], "AUX_ENDO_LEAD_66": [0, -0.06192216176, -0.08693968337, -0.08952398342, -0.07981800343, -0.06154455629, -0.04266013989, -0.02459585371, -0.009883828893, 0.0006055647419, 0.006858035436, 0.009647616365, 0.009880200788, 0.008511240903, 0.00636868838, 0.004082753778, 0.00205689103, 0.0004997040299, -0.0005322863892, -0.001084420259, -0.001257940509], "AUX_ENDO_LEAD_70": [0, -0.08693968337, -0.08952398342, -0.07981800343, -0.06154455629, -0.04266013989, -0.02459585371, -0.009883828893, 0.0006055647419, 0.006858035436, 0.009647616365, 0.009880200788, 0.008511240903, 0.00636868838, 0.004082753778, 0.00205689103, 0.0004997040299, -0.0005322863892, -0.001084420259, -0.001257940509, -0.001172652681], "AUX_ENDO_LEAD_74": [0, -0.08952398342, -0.07981800343, -0.06154455629, -0.04266013989, -0.02459585371, -0.009883828893, 0.0006055647419, 0.006858035436, 0.009647616365, 0.009880200788, 0.008511240903, 0.00636868838, 0.004082753778, 0.00205689103, 0.0004997040299, -0.0005322863892, -0.001084420259, -0.001257940509, -0.001172652681, -0.0009415366939], "AUX_ENDO_LEAD_101": [0, -0.1341772433, -0.1691221433, -0.1519502418, -0.1116707377, -0.06635319945, -0.02690380543, 0.002261923962, 0.02025631268, 0.02843685288, 0.02922319571, 0.02530730227, 0.01907504622, 0.01235686943, 0.006357156927, 0.001710028531, -0.001400447019, -0.003094698603, -0.003662054708, -0.003451607427, -0.002796081482], "AUX_ENDO_LEAD_105": [0, -0.1691221433, -0.1519502418, -0.1116707377, -0.06635319945, -0.02690380543, 0.002261923962, 0.02025631268, 0.02843685288, 0.02922319571, 0.02530730227, 0.01907504622, 0.01235686943, 0.006357156927, 0.001710028531, -0.001400447019, -0.003094698603, -0.003662054708, -0.003451607427, -0.002796081482, -0.001967447889], "AUX_ENDO_LEAD_109": [0, -0.1519502418, -0.1116707377, -0.06635319945, -0.02690380543, 0.002261923962, 0.02025631268, 0.02843685288, 0.02922319571, 0.02530730227, 0.01907504622, 0.01235686943, 0.006357156927, 0.001710028531, -0.001400447019, -0.003094698603, -0.003662054708, -0.003451607427, -0.002796081482, -0.001967447889, -0.001158959162], "AUX_ENDO_LEAD_136": [0, -0.1341772433, -0.1691221433, -0.1519502418, -0.1116707377, -0.06635319945, -0.02690380543, 0.002261923962, 0.02025631268, 0.02843685288, 0.02922319571, 0.02530730227, 0.01907504622, 0.01235686943, 0.006357156927, 0.001710028531, -0.001400447019, -0.003094698603, -0.003662054708, -0.003451607427, -0.002796081482], "AUX_ENDO_LEAD_140": [0, -0.1691221433, -0.1519502418, -0.1116707377, -0.06635319945, -0.02690380543, 0.002261923962, 0.02025631268, 0.02843685288, 0.02922319571, 0.02530730227, 0.01907504622, 0.01235686943, 0.006357156927, 0.001710028531, -0.001400447019, -0.003094698603, -0.003662054708, -0.003451607427, -0.002796081482, -0.001967447889],