{"interest_": {"RR_USh": [0, 0.897291933, -0.06630087315, -0.06524663962, -0.04759088464, -0.03479184027, -0.02423372829, -0.01743860661, -0.01166874942, -0.007664606597, -0.004897423654, -0.003061915842, -0.001813900251, -0.001022355837, -0.0005334038523, -0.000242808994, -7.691874886e-05, 9.234296477e-06, 4.831392371e-05, 6.089519666e-05, 5.965928417e-05], "RR_US_BARh": [0, 0, 0, 0, 0, 0, 0, 0, 0, 0, 0, 0, 0, 0, 0, 0, 0, 0, 0, 0, 0], "UNR_US_GAP": [0, -0.001090787128, -0.02298617918, -0.03398164389, -0.03788170575, -0.03769075579, -0.03529890828, -0.03189785183, -0.02817037709, -0.02452368931, -0.02116259565, -0.01817221972, -0.01556828423, -0.01333142982, -0.01142467528, -0.009805341016, -0.00843140466, -0.007264637111, -0.006271698094, -0.00542432099, -0.00469893884], "PIE_USh": [0, -0.03122889893, -0.03413200579, -0.05803444828, -0.04634558798, -0.03764871907, -0.02959010409, -0.02319588347, -0.01661911598, -0.01176961342, -0.008164039702, -0.005530133631, -0.003605770542, -0.002295482527, -0.001415056081, -0.0008358604604, -0.0004649061347, -0.0002377138168, -0.0001035776419, -2.856295776e-05, 9.914113789e-06], "PIE_US4h": [0, -0.007807224732, -0.01634022618, -0.03084883825, -0.04243523525, -0.04404019028, -0.04290471486, -0.03419507365, -0.02676345565, -0.02029367924, -0.01493716314, -0.01052072568, -0.007267389323, -0.004898856601, -0.003211610695, -0.002038042403, -0.001252826301, -0.0007383841232, -0.0004105145135, -0.0002086901378, -8.998507568e-05], "Y_US": [0, -0.006462009051, -0.1305456374, -0.08270546103, -0.04907401611, -0.02781866167, -0.01463424163, -0.006827622693, -0.002294716516, 7.529106436e-05, 0.001170247279, 0.001542660473, 0.001538620546, 0.001353944, 0.001107820448, 0.0008622698624, 0.0006460151967, 0.0004686987394, 0.0003305736377, 0.0002270619043, 0.0001519238322], "RS_USh": [0, 0.8631599272, -0.1243353214, -0.1115922276, -0.08523960371, -0.06438194436, -0.04742961176, -0.03405772259, -0.02343836284, -0.0158286463, -0.01042755729, -0.006667686384, -0.004109382777, -0.002437411918, -0.001369264313, -0.0007077151286, -0.0003146325657, -9.434334546e-05, 1.975096595e-05, 7.080931045e-05, 8.632561952e-05], "E4_PIE_US4h": [0, -0.04404019028, -0.04290471486, -0.03419507365, -0.02676345565, -0.02029367924, -0.01493716314, -0.01052072568, -0.007267389323, -0.004898856601, -0.003211610695, -0.002038042403, -0.001252826301, -0.0007383841232, -0.0004105145135, -0.0002086901378, -8.998507568e-05, -2.389003764e-05, 9.843040292e-06, 2.444808515e-05, 2.837894143e-05], "E1_Y_USh": [0, -0.1305456374, -0.08270546103, -0.04907401611, -0.02781866167, -0.01463424163, -0.006827622693, -0.002294716516, 7.529106436e-05, 0.001170247279, 0.001542660473, 0.001538620546, 0.001353944, 0.001107820448, 0.0008622698624, 0.0006460151967, 0.0004686987394, 0.0003305736377, 0.0002270619043, 0.0001519238322, 9.889366539e-05], "E1_PIE_USh": [0, -0.03413200579, -0.05803444828, -0.04634558798, -0.03764871907, -0.02959010409, -0.02319588347, -0.01661911598, -0.01176961342, -0.008164039702, -0.005530133631, -0.003605770542, -0.002295482527, -0.001415056081, -0.0008358604604, -0.0004649061347, -0.0002377138168, -0.0001035776419, -2.856295776e-05, 9.914113789e-06, 2.666633535e-05], "E": [0, 0, 0, 0, 0, 0, 0, 0, 0, 0, 0, 0, 0, 0, 0, 0, 0, 0, 0, 0, 0], "E2": [0, 0, 0, 0, 0, 0, 0, 0, 0, 0, 0, 0, 0, 0, 0, 0, 0, 0, 0, 0, 0], "interest": [0, 0.8631599272, -0.1243353214, -0.1115922276, -0.08523960371, -0.06438194436, -0.04742961176, -0.03405772259, -0.02343836284, -0.0158286463, -0.01042755729, -0.006667686384, -0.004109382777, -0.002437411918, -0.001369264313, -0.0007077151286, -0.0003146325657, -9.434334546e-05, 1.975096595e-05, 7.080931045e-05, 8.632561952e-05], "inflation": [0, -0.007807224732, -0.01634022618, -0.03084883825, -0.04243523525, -0.04404019028, -0.04290471486, -0.03419507365, -0.02676345565, -0.02029367924, -0.01493716314, -0.01052072568, -0.007267389323, -0.004898856601, -0.003211610695, -0.002038042403, -0.001252826301, -0.0007383841232, -0.0004105145135, -0.0002086901378, -8.998507568e-05], "inflationq": [0, -0.03122889893, -0.03413200579, -0.05803444828, -0.04634558798, -0.03764871907, -0.02959010409, -0.02319588347, -0.01661911598, -0.01176961342, -0.008164039702, -0.005530133631, -0.003605770542, -0.002295482527, -0.001415056081, -0.0008358604604, -0.0004649061347, -0.0002377138168, -0.0001035776419, -2.856295776e-05, 9.914113789e-06], "outputgap": [0, -0.006462009051, -0.1305456374, -0.08270546103, -0.04907401611, -0.02781866167, -0.01463424163, -0.006827622693, -0.002294716516, 7.529106436e-05, 0.001170247279, 0.001542660473, 0.001538620546, 0.001353944, 0.001107820448, 0.0008622698624, 0.0006460151967, 0.0004686987394, 0.0003305736377, 0.0002270619043, 0.0001519238322], "output": [0, -0.006462009051, -0.1305456374, -0.08270546103, -0.04907401611, -0.02781866167, -0.01463424163, -0.006827622693, -0.002294716516, 7.529106436e-05, 0.001170247279, 0.001542660473, 0.001538620546, 0.001353944, 0.001107820448, 0.0008622698624, 0.0006460151967, 0.0004686987394, 0.0003305736377, 0.0002270619043, 0.0001519238322], "AUX_ENDO_LEAD_66": [0, -0.03413200579, -0.05803444828, -0.04634558798, -0.03764871907, -0.02959010409, -0.02319588347, -0.01661911598, -0.01176961342, -0.008164039702, -0.005530133631, -0.003605770542, -0.002295482527, -0.001415056081, -0.0008358604604, -0.0004649061347, -0.0002377138168, -0.0001035776419, -2.856295776e-05, 9.914113789e-06, 2.666633535e-05], "AUX_ENDO_LEAD_70": [0, -0.05803444828, -0.04634558798, -0.03764871907, -0.02959010409, -0.02319588347, -0.01661911598, -0.01176961342, -0.008164039702, -0.005530133631, -0.003605770542, -0.002295482527, -0.001415056081, -0.0008358604604, -0.0004649061347, -0.0002377138168, -0.0001035776419, -2.856295776e-05, 9.914113789e-06, 2.666633535e-05, 3.135466978e-05], "AUX_ENDO_LEAD_74": [0, -0.04634558798, -0.03764871907, -0.02959010409, -0.02319588347, -0.01661911598, -0.01176961342, -0.008164039702, -0.005530133631, -0.003605770542, -0.002295482527, -0.001415056081, -0.0008358604604, -0.0004649061347, -0.0002377138168, -0.0001035776419, -2.856295776e-05, 9.914113789e-06, 2.666633535e-05, 3.135466978e-05, 2.985722167e-05], "AUX_ENDO_LEAD_101": [0, -0.1305456374, -0.08270546103, -0.04907401611, -0.02781866167, -0.01463424163, -0.006827622693, -0.002294716516, 7.529106436e-05, 0.001170247279, 0.001542660473, 0.001538620546, 0.001353944, 0.001107820448, 0.0008622698624, 0.0006460151967, 0.0004686987394, 0.0003305736377, 0.0002270619043, 0.0001519238322, 9.889366539e-05], "AUX_ENDO_LEAD_105": [0, -0.08270546103, -0.04907401611, -0.02781866167, -0.01463424163, -0.006827622693, -0.002294716516, 7.529106436e-05, 0.001170247279, 0.001542660473, 0.001538620546, 0.001353944, 0.001107820448, 0.0008622698624, 0.0006460151967, 0.0004686987394, 0.0003305736377, 0.0002270619043, 0.0001519238322, 9.889366539e-05, 6.245306689e-05], "AUX_ENDO_LEAD_109": [0, -0.04907401611, -0.02781866167, -0.01463424163, -0.006827622693, -0.002294716516, 7.529106436e-05, 0.001170247279, 0.001542660473, 0.001538620546, 0.001353944, 0.001107820448, 0.0008622698624, 0.0006460151967, 0.0004686987394, 0.0003305736377, 0.0002270619043, 0.0001519238322, 9.889366539e-05, 6.245306689e-05, 3.806156898e-05], "AUX_ENDO_LEAD_136": [0, -0.1305456374, -0.08270546103, -0.04907401611, -0.02781866167, -0.01463424163, -0.006827622693, -0.002294716516, 7.529106436e-05, 0.001170247279, 0.001542660473, 0.001538620546, 0.001353944, 0.001107820448, 0.0008622698624, 0.0006460151967, 0.0004686987394, 0.0003305736377, 0.0002270619043, 0.0001519238322, 9.889366539e-05], "AUX_ENDO_LEAD_140": [0, -0.08270546103, -0.04907401611, -0.02781866167, -0.01463424163, -0.006827622693, -0.002294716516, 7.529106436e-05, 0.001170247279, 0.001542660473, 0.001538620546, 0.001353944, 0.001107820448, 0.0008622698624, 0.0006460151967, 0.0004686987394, 0.0003305736377, 0.0002270619043, 0.0001519238322, 9.889366539e-05, 6.245306689e-05],