{"interest_": {"RR_USh": [0, 1.102161151, 0.7492096909, 0.5118337309, 0.3469424279, 0.2198858599, 0.1285128187, 0.06074909339, 0.01232698756, -0.02065830765, -0.04099940333, -0.05179166553, -0.05546715852, -0.05413109518, -0.04951436487, -0.04301999083, -0.03570494548, -0.02833708304, -0.02143673675, -0.01532305567, -0.01015664409], "RR_US_BARh": [0, 0, 0, 0, 0, 0, 0, 0, 0, 0, 0, 0, 0, 0, 0, 0, 0, 0, 0, 0, 0], "UNR_US_GAP": [0, -0.001393814484, -0.02937188078, -0.06401535549, -0.0956161289, -0.1200674201, -0.136047329, -0.1439368685, -0.1448614427, -0.1402573132, -0.1316022224, -0.1202736496, -0.1074586867, -0.09412174878, -0.08100125382, -0.0686253897, -0.0573379857, -0.04733001221, -0.03867196409, -0.03134452432, -0.02526585721], "PIE_USh": [0, -0.1473228059, -0.1672676708, -0.2102056885, -0.2265435876, -0.2270241243, -0.2089792131, -0.1848827948, -0.1561082047, -0.1261974097, -0.09733106203, -0.07136235853, -0.04898868966, -0.03056793557, -0.01606408289, -0.005198043922, 0.002481907855, 0.007489815777, 0.01035487401, 0.01157981788, 0.0116159816], "PIE_US4h": [0, -0.03683070147, -0.07864761916, -0.1311990413, -0.1878349382, -0.2077602678, -0.2181881534, -0.21185743, -0.1942485843, -0.1690419056, -0.1411298678, -0.1127497588, -0.08596987999, -0.06206251145, -0.04174576666, -0.02520468801, -0.01233703863, -0.002822600794, 0.00378213843, 0.007976603881, 0.01026012232], "Y_US": [0, -0.00825719481, -0.1668120164, -0.2276803752, -0.2361300609, -0.2179251887, -0.1864253915, -0.150708797, -0.1154764825, -0.08343007441, -0.05591293036, -0.03346039003, -0.01599726287, -0.00311156774, 0.005798515233, 0.01141411359, 0.01442374839, 0.01547022116, 0.01512130657, 0.01385519194, 0.01205701108], "RS_USh": [0, 0.9348934803, 0.5390040025, 0.2852901432, 0.1199183036, 0.01090664677, -0.05636997612, -0.09535911135, -0.1138704222, -0.1179893697, -0.1123617619, -0.1007803552, -0.0860350941, -0.07019517807, -0.05471240879, -0.04053808297, -0.0282151297, -0.01798220903, -0.009856918872, -0.003707074062, 0.0006916031462], "E4_PIE_US4h": [0, -0.2077602678, -0.2181881534, -0.21185743, -0.1942485843, -0.1690419056, -0.1411298678, -0.1127497588, -0.08596987999, -0.06206251145, -0.04174576666, -0.02520468801, -0.01233703863, -0.002822600794, 0.00378213843, 0.007976603881, 0.01026012232, 0.01109973018, 0.01090874545, 0.01003612358, 0.008763492944], "E1_Y_USh": [0, -0.1668120164, -0.2276803752, -0.2361300609, -0.2179251887, -0.1864253915, -0.150708797, -0.1154764825, -0.08343007441, -0.05591293036, -0.03346039003, -0.01599726287, -0.00311156774, 0.005798515233, 0.01141411359, 0.01442374839, 0.01547022116, 0.01512130657, 0.01385519194, 0.01205701108, 0.01002271162], "E1_PIE_USh": [0, -0.1672676708, -0.2102056885, -0.2265435876, -0.2270241243, -0.2089792131, -0.1848827948, -0.1561082047, -0.1261974097, -0.09733106203, -0.07136235853, -0.04898868966, -0.03056793557, -0.01606408289, -0.005198043922, 0.002481907855, 0.007489815777, 0.01035487401, 0.01157981788, 0.0116159816, 0.01084824723], "E": [0, 0, 0, 0, 0, 0, 0, 0, 0, 0, 0, 0, 0, 0, 0, 0, 0, 0, 0, 0, 0], "E2": [0, 0, 0, 0, 0, 0, 0, 0, 0, 0, 0, 0, 0, 0, 0, 0, 0, 0, 0, 0, 0], "interest": [0, 0.9348934803, 0.5390040025, 0.2852901432, 0.1199183036, 0.01090664677, -0.05636997612, -0.09535911135, -0.1138704222, -0.1179893697, -0.1123617619, -0.1007803552, -0.0860350941, -0.07019517807, -0.05471240879, -0.04053808297, -0.0282151297, -0.01798220903, -0.009856918872, -0.003707074062, 0.0006916031462], "inflation": [0, -0.03683070147, -0.07864761916, -0.1311990413, -0.1878349382, -0.2077602678, -0.2181881534, -0.21185743, -0.1942485843, -0.1690419056, -0.1411298678, -0.1127497588, -0.08596987999, -0.06206251145, -0.04174576666, -0.02520468801, -0.01233703863, -0.002822600794, 0.00378213843, 0.007976603881, 0.01026012232], "inflationq": [0, -0.1473228059, -0.1672676708, -0.2102056885, -0.2265435876, -0.2270241243, -0.2089792131, -0.1848827948, -0.1561082047, -0.1261974097, -0.09733106203, -0.07136235853, -0.04898868966, -0.03056793557, -0.01606408289, -0.005198043922, 0.002481907855, 0.007489815777, 0.01035487401, 0.01157981788, 0.0116159816], "outputgap": [0, -0.00825719481, -0.1668120164, -0.2276803752, -0.2361300609, -0.2179251887, -0.1864253915, -0.150708797, -0.1154764825, -0.08343007441, -0.05591293036, -0.03346039003, -0.01599726287, -0.00311156774, 0.005798515233, 0.01141411359, 0.01442374839, 0.01547022116, 0.01512130657, 0.01385519194, 0.01205701108], "output": [0, -0.00825719481, -0.1668120164, -0.2276803752, -0.2361300609, -0.2179251887, -0.1864253915, -0.150708797, -0.1154764825, -0.08343007441, -0.05591293036, -0.03346039003, -0.01599726287, -0.00311156774, 0.005798515233, 0.01141411359, 0.01442374839, 0.01547022116, 0.01512130657, 0.01385519194, 0.01205701108], "AUX_ENDO_LEAD_66": [0, -0.1672676708, -0.2102056885, -0.2265435876, -0.2270241243, -0.2089792131, -0.1848827948, -0.1561082047, -0.1261974097, -0.09733106203, -0.07136235853, -0.04898868966, -0.03056793557, -0.01606408289, -0.005198043922, 0.002481907855, 0.007489815777, 0.01035487401, 0.01157981788, 0.0116159816, 0.01084824723], "AUX_ENDO_LEAD_70": [0, -0.2102056885, -0.2265435876, -0.2270241243, -0.2089792131, -0.1848827948, -0.1561082047, -0.1261974097, -0.09733106203, -0.07136235853, -0.04898868966, -0.03056793557, -0.01606408289, -0.005198043922, 0.002481907855, 0.007489815777, 0.01035487401, 0.01157981788, 0.0116159816, 0.01084824723, 0.009590935067], "AUX_ENDO_LEAD_74": [0, -0.2265435876, -0.2270241243, -0.2089792131, -0.1848827948, -0.1561082047, -0.1261974097, -0.09733106203, -0.07136235853, -0.04898868966, -0.03056793557, -0.01606408289, -0.005198043922, 0.002481907855, 0.007489815777, 0.01035487401, 0.01157981788, 0.0116159816, 0.01084824723, 0.009590935067, 0.008089330413], "AUX_ENDO_LEAD_101": [0, -0.1668120164, -0.2276803752, -0.2361300609, -0.2179251887, -0.1864253915, -0.150708797, -0.1154764825, -0.08343007441, -0.05591293036, -0.03346039003, -0.01599726287, -0.00311156774, 0.005798515233, 0.01141411359, 0.01442374839, 0.01547022116, 0.01512130657, 0.01385519194, 0.01205701108, 0.01002271162], "AUX_ENDO_LEAD_105": [0, -0.2276803752, -0.2361300609, -0.2179251887, -0.1864253915, -0.150708797, -0.1154764825, -0.08343007441, -0.05591293036, -0.03346039003, -0.01599726287, -0.00311156774, 0.005798515233, 0.01141411359, 0.01442374839, 0.01547022116, 0.01512130657, 0.01385519194, 0.01205701108, 0.01002271162, 0.007967928119], "AUX_ENDO_LEAD_109": [0, -0.2361300609, -0.2179251887, -0.1864253915, -0.150708797, -0.1154764825, -0.08343007441, -0.05591293036, -0.03346039003, -0.01599726287, -0.00311156774, 0.005798515233, 0.01141411359, 0.01442374839, 0.01547022116, 0.01512130657, 0.01385519194, 0.01205701108, 0.01002271162, 0.007967928119, 0.006039437887], "AUX_ENDO_LEAD_136": [0, -0.1668120164, -0.2276803752, -0.2361300609, -0.2179251887, -0.1864253915, -0.150708797, -0.1154764825, -0.08343007441, -0.05591293036, -0.03346039003, -0.01599726287, -0.00311156774, 0.005798515233, 0.01141411359, 0.01442374839, 0.01547022116, 0.01512130657, 0.01385519194, 0.01205701108, 0.01002271162], "AUX_ENDO_LEAD_140": [0, -0.2276803752, -0.2361300609, -0.2179251887, -0.1864253915, -0.150708797, -0.1154764825, -0.08343007441, -0.05591293036, -0.03346039003, -0.01599726287, -0.00311156774, 0.005798515233, 0.01141411359, 0.01442374839, 0.01547022116, 0.01512130657, 0.01385519194, 0.01205701108, 0.01002271162, 0.007967928119], "AUX_ENDO_LEAD_144": [0, -0.2361300609, -0.2179251887, -0.1864253915, -0.150708797, -0.1154764825, -0.08343007441, -0.05591293036, -0.03346039003, -0.01599726287, -0.00311156774, 0.005798515233, 0.01141411359, 0.01442374839, 0.01547022116, 0.01512130657, 0.01385519194, 0.01205701108, 0.01002271162, 0.007967928119, 0.006039437887],