{"interest_": {"ygap": [0, -6.017502772, -3.576339884, -2.125500802, -1.263233867, -0.7507688541, -0.4461991458, -0.2651863841, -0.1576063491, -0.09366906732, -0.05566967463, -0.03308576419, -0.01966362835, -0.01168654523, -0.006945581816, -0.004127918542, -0.002453316647, -0.00145806234, -0.0008665598836, -0.0005150164099, -0.0003060860622], "pdot": [0, -1.403429978, -0.8340906177, -0.4957191806, -0.2946172764, -0.1750978032, -0.1040646396, -0.06184800162, -0.0367576856, -0.02184593544, -0.01298354038, -0.007716415773, -0.004586042839, -0.002725590422, -0.001619880888, -0.0009627323572, -0.0005721739163, -0.0003400560789, -0.0002021031255, -0.0001201145219, -7.138681472e-05], "rff": [0, 0.6989596755, 0.415407763, 0.2468863592, 0.1467302246, 0.08720513717, 0.05182801272, 0.03080257642, 0.0183066775, 0.01088007823, 0.006466279983, 0.003843058472, 0.002284017775, 0.001357444138, 0.0008067601789, 0.0004794760741, 0.0002849636257, 0.0001693604172, 0.0001006547796, 5.982144361e-05, 3.55532557e-05], "rstar": [0, 6.461133527e-18, 2.261396734e-18, 7.91488857e-19, 2.770211e-19, 9.695738499e-20, 3.393508475e-20, 1.187727966e-20, 4.157047881e-21, 1.454966758e-21, 5.092383655e-22, 1.782334279e-22, 6.238169977e-23, 2.183359492e-23, 7.641758222e-24, 2.674615378e-24, 9.361153822e-25, 3.276403838e-25, 1.146741343e-25, 4.013594701e-26, 1.404758145e-26], "drff": [0, 0.6989596755, -0.2835519125, -0.1685214037, -0.1001561346, -0.05952508747, -0.03537712445, -0.02102543629, -0.01249589892, -0.007426599273, -0.004413798247, -0.002623221511, -0.001559040697, -0.0009265736365, -0.0005506839594, -0.0003272841048, -0.0001945124484, -0.0001156032085, -6.870563768e-05, -4.083333596e-05, -2.426818791e-05], "pdotsh": [0, -3.71673456e-17, 0, 0, 0, 0, 0, 0, 0, 0, 0, 0, 0, 0, 0, 0, 0, 0, 0, 0, 0], "interest": [0, 0.6989596755, 0.415407763, 0.2468863592, 0.1467302246, 0.08720513717, 0.05182801272, 0.03080257642, 0.0183066775, 0.01088007823, 0.006466279983, 0.003843058472, 0.002284017775, 0.001357444138, 0.0008067601789, 0.0004794760741, 0.0002849636257, 0.0001693604172, 0.0001006547796, 5.982144361e-05, 3.55532557e-05], "inflation": [0, -0.3508574944, -0.5593801488, -0.683309944, -0.756964263, -0.4498812195, -0.2673747249, -0.1589069302, -0.0944420325, -0.05612906556, -0.03335879076, -0.0198258943, -0.01178298361, -0.007002897353, -0.00416198248, -0.002473561626, -0.001470094396, -0.0008737108101, -0.0005192663695, -0.0003086119107, -0.0001834151353], "inflationq": [0, -1.403429978, -0.8340906177, -0.4957191806, -0.2946172764, -0.1750978032, -0.1040646396, -0.06184800162, -0.0367576856, -0.02184593544, -0.01298354038, -0.007716415773, -0.004586042839, -0.002725590422, -0.001619880888, -0.0009627323572, -0.0005721739163, -0.0003400560789, -0.0002021031255, -0.0001201145219, -7.138681472e-05], "outputgap": [0, -6.017502772, -3.576339884, -2.125500802, -1.263233867, -0.7507688541, -0.4461991458, -0.2651863841, -0.1576063491, -0.09366906732, -0.05566967463, -0.03308576419, -0.01966362835, -0.01168654523, -0.006945581816, -0.004127918542, -0.002453316647, -0.00145806234, -0.0008665598836, -0.0005150164099, -0.0003060860622], "AUX_ENDO_LEAD_71": [0, -0.8340906177, -0.4957191806, -0.2946172764, -0.1750978032, -0.1040646396, -0.06184800162, -0.0367576856, -0.02184593544, -0.01298354038, -0.007716415773, -0.004586042839, -0.002725590422, -0.001619880888, -0.0009627323572, -0.0005721739163, -0.0003400560789, -0.0002021031255, -0.0001201145219, -7.138681472e-05, -4.242682096e-05], "AUX_ENDO_LEAD_75": [0, -0.4957191806, -0.2946172764, -0.1750978032, -0.1040646396, -0.06184800162, -0.0367576856, -0.02184593544, -0.01298354038, -0.007716415773, -0.004586042839, -0.002725590422, -0.001619880888, -0.0009627323572, -0.0005721739163, -0.0003400560789, -0.0002021031255, -0.0001201145219, -7.138681472e-05, -4.242682096e-05, -2.521523258e-05], "AUX_ENDO_LEAD_79": [0, -0.2946172764, -0.1750978032, -0.1040646396, -0.06184800162, -0.0367576856, -0.02184593544, -0.01298354038, -0.007716415773, -0.004586042839, -0.002725590422, -0.001619880888, -0.0009627323572, -0.0005721739163, -0.0003400560789, -0.0002021031255, -0.0001201145219, -7.138681472e-05, -4.242682096e-05, -2.521523258e-05, -1.498599093e-05], "AUX_ENDO_LEAD_106": [0, -3.576339884, -2.125500802, -1.263233867, -0.7507688541, -0.4461991458, -0.2651863841, -0.1576063491, -0.09366906732, -0.05566967463, -0.03308576419, -0.01966362835, -0.01168654523, -0.006945581816, -0.004127918542, -0.002453316647, -0.00145806234, -0.0008665598836, -0.0005150164099, -0.0003060860622, -0.0001819139656], "AUX_ENDO_LEAD_110": [0, -2.125500802, -1.263233867, -0.7507688541, -0.4461991458, -0.2651863841, -0.1576063491, -0.09366906732, -0.05566967463, -0.03308576419, -0.01966362835, -0.01168654523, -0.006945581816, -0.004127918542, -0.002453316647, -0.00145806234, -0.0008665598836, -0.0005150164099, -0.0003060860622, -0.0001819139656, -0.0001081156412], "AUX_ENDO_LEAD_114": [0, -1.263233867, -0.7507688541, -0.4461991458, -0.2651863841, -0.1576063491, -0.09366906732, -0.05566967463, -0.03308576419, -0.01966362835, -0.01168654523, -0.006945581816, -0.004127918542, -0.002453316647, -0.00145806234, -0.0008665598836, -0.0005150164099, -0.0003060860622, -0.0001819139656, -0.0001081156412, -6.425560478e-05], "AUX_ENDO_LAG_1_1": [0, 0, -1.403429978, -0.8340906177, -0.4957191806, -0.2946172764, -0.1750978032, -0.1040646396, -0.06184800162, -0.0367576856, -0.02184593544, -0.01298354038, -0.007716415773, -0.004586042839, -0.002725590422, -0.001619880888, -0.0009627323572, -0.0005721739163, -0.0003400560789, -0.0002021031255, -0.0001201145219], "AUX_ENDO_LAG_1_2": [0, 0, 0, -1.403429978, -0.8340906177, -0.4957191806, -0.2946172764, -0.1750978032, -0.1040646396, -0.06184800162, -0.0367576856, -0.02184593544, -0.01298354038, -0.007716415773, -0.004586042839, -0.002725590422, -0.001619880888, -0.0009627323572, -0.0005721739163, -0.0003400560789, -0.0002021031255], "AUX_ENDO_LAG_9_1": [0, 0, -6.017502772, -3.576339884, -2.125500802, -1.263233867, -0.7507688541, -0.4461991458, -0.2651863841, -0.1576063491, -0.09366906732, -0.05566967463, -0.03308576419, -0.01966362835, -0.01168654523, -0.006945581816, -0.004127918542, -0.002453316647, -0.00145806234, -0.0008665598836, -0.0005150164099], "AUX_ENDO_LAG_9_2": [0, 0, 0, -6.017502772, -3.576339884, -2.125500802, -1.263233867, -0.7507688541, -0.4461991458, -0.2651863841, -0.1576063491, -0.09366906732, -0.05566967463, -0.03308576419, -0.01966362835, -0.01168654523, -0.006945581816, -0.004127918542, -0.002453316647, -0.00145806234, -0.0008665598836], "AUX_ENDO_LAG_9_3": [0, 0, 0, 0, -6.017502772, -3.576339884, -2.125500802, -1.263233867, -0.7507688541, -0.4461991458, -0.2651863841, -0.1576063491, -0.09366906732, -0.05566967463, -0.03308576419, -0.01966362835, -0.01168654523, -0.006945581816, -0.004127918542, -0.002453316647, -0.00145806234], "AUX_ENDO_LAG_6_1": [0, 0, 0.6989596755, 0.415407763, 0.2468863592, 0.1467302246, 0.08720513717, 0.05182801272, 0.03080257642, 0.0183066775, 0.01088007823, 0.006466279983, 0.003843058472, 0.002284017775, 0.001357444138, 0.0008067601789, 0.0004794760741, 0.0002849636257, 0.0001693604172, 0.0001006547796, 5.982144361e-05], "AUX_ENDO_LAG_6_2": [0, 0, 0, 0.6989596755, 0.415407763, 0.2468863592, 0.1467302246, 0.08720513717, 0.05182801272, 0.03080257642, 0.0183066775, 0.01088007823, 0.006466279983, 0.003843058472, 0.002284017775, 0.001357444138, 0.0008067601789, 0.0004794760741, 0.0002849636257, 0.0001693604172, 0.0001006547796], "AUX_ENDO_LAG_6_3": [0, 0, 0, 0, 0.6989596755, 0.415407763, 0.2468863592, 0.1467302246, 0.08720513717, 0.05182801272, 0.03080257642, 0.0183066775, 0.01088007823, 0.006466279983, 0.003843058472, 0.002284017775, 0.001357444138, 0.0008067601789, 0.0004794760741, 0.0002849636257, 0.0001693604172],