{"interest_": {"ygap": [0, -1.959521469, -0.8098473705, -0.3347004736, -0.1383278023, -0.05716926749, -0.02362739153, -0.00976492537, -0.004035729774, -0.00166792005, -0.0006893319048, -0.0002848928371, -0.0001177428871, -4.866176207e-05, -2.011133876e-05, -8.311781764e-06, -3.435162469e-06, -1.419712586e-06, -5.867506549e-07, -2.424972028e-07, -1.002212658e-07], "pdot": [0, -0.3183816494, -0.1315834226, -0.05438189402, -0.02247540258, -0.009288821771, -0.003838961709, -0.001586598103, -0.0006557224928, -0.000271002459, -0.0001120021558, -4.628918479e-05, -1.913078024e-05, -7.906528364e-06, -3.267675964e-06, -1.350492368e-06, -5.581427457e-07, -2.306738876e-07, -9.533482755e-08, -3.94007724e-08, -1.628387973e-08], "rff": [0, 0.590411911, 0.2440103573, 0.1008466349, 0.04167873812, 0.0172253364, 0.007119030645, 0.002942212342, 0.001215982048, 0.0005025511992, 0.0002076985497, 8.583938837e-05, 3.547641813e-05, 1.466198988e-05, 6.059629424e-06, 2.504374172e-06, 1.035028638e-06, 4.277652655e-07, 1.767903955e-07, 7.306540868e-08, 3.01970813e-08], "rstar": [0, 9.836888268e-17, 3.442910894e-17, 1.205018813e-17, 4.217565845e-18, 1.476148046e-18, 5.16651816e-19, 1.808281356e-19, 6.328984746e-20, 2.215144661e-20, 7.753006314e-21, 2.71355221e-21, 9.497432734e-22, 3.324101457e-22, 1.16343551e-22, 4.072024285e-23, 1.4252085e-23, 4.988229749e-24, 1.745880412e-24, 6.110581442e-25, 2.138703505e-25], "drff": [0, 0.590411911, -0.3464015537, -0.1431637223, -0.05916789682, -0.02445340172, -0.01010630575, -0.004176818304, -0.001726230294, -0.0007134308486, -0.0002948526495, -0.0001218591614, -5.036297024e-05, -2.081442825e-05, -8.602360453e-06, -3.555255252e-06, -1.469345533e-06, -6.07263373e-07, -2.5097487e-07, -1.037249868e-07, -4.286832738e-08], "pdotsh": [0, -4.345532484e-17, 0, 0, 0, 0, 0, 0, 0, 0, 0, 0, 0, 0, 0, 0, 0, 0, 0, 0, 0], "interest": [0, 0.590411911, 0.2440103573, 0.1008466349, 0.04167873812, 0.0172253364, 0.007119030645, 0.002942212342, 0.001215982048, 0.0005025511992, 0.0002076985497, 8.583938837e-05, 3.547641813e-05, 1.466198988e-05, 6.059629424e-06, 2.504374172e-06, 1.035028638e-06, 4.277652655e-07, 1.767903955e-07, 7.306540868e-08, 3.01970813e-08], "inflation": [0, -0.07959541235, -0.112491268, -0.1260867415, -0.1317055922, -0.05443238525, -0.02249627002, -0.009297446041, -0.003842526019, -0.001588071191, -0.0006563313027, -0.0002712540731, -0.000112106145, -4.63321623e-05, -1.914854234e-05, -7.913869233e-06, -3.27070986e-06, -1.351746241e-06, -5.586609571e-07, -2.308880583e-07, -9.542334181e-08], "inflationq": [0, -0.3183816494, -0.1315834226, -0.05438189402, -0.02247540258, -0.009288821771, -0.003838961709, -0.001586598103, -0.0006557224928, -0.000271002459, -0.0001120021558, -4.628918479e-05, -1.913078024e-05, -7.906528364e-06, -3.267675964e-06, -1.350492368e-06, -5.581427457e-07, -2.306738876e-07, -9.533482755e-08, -3.94007724e-08, -1.628387973e-08], "outputgap": [0, -1.959521469, -0.8098473705, -0.3347004736, -0.1383278023, -0.05716926749, -0.02362739153, -0.00976492537, -0.004035729774, -0.00166792005, -0.0006893319048, -0.0002848928371, -0.0001177428871, -4.866176207e-05, -2.011133876e-05, -8.311781764e-06, -3.435162469e-06, -1.419712586e-06, -5.867506549e-07, -2.424972028e-07, -1.002212658e-07], "AUX_ENDO_LEAD_71": [0, -0.1315834226, -0.05438189402, -0.02247540258, -0.009288821771, -0.003838961709, -0.001586598103, -0.0006557224928, -0.000271002459, -0.0001120021558, -4.628918479e-05, -1.913078024e-05, -7.906528364e-06, -3.267675964e-06, -1.350492368e-06, -5.581427457e-07, -2.306738876e-07, -9.533482755e-08, -3.94007724e-08, -1.628387973e-08, -6.729937586e-09], "AUX_ENDO_LEAD_75": [0, -0.05438189402, -0.02247540258, -0.009288821771, -0.003838961709, -0.001586598103, -0.0006557224928, -0.000271002459, -0.0001120021558, -4.628918479e-05, -1.913078024e-05, -7.906528364e-06, -3.267675964e-06, -1.350492368e-06, -5.581427457e-07, -2.306738876e-07, -9.533482755e-08, -3.94007724e-08, -1.628387973e-08, -6.729937586e-09, -2.781404718e-09], "AUX_ENDO_LEAD_79": [0, -0.02247540258, -0.009288821771, -0.003838961709, -0.001586598103, -0.0006557224928, -0.000271002459, -0.0001120021558, -4.628918479e-05, -1.913078024e-05, -7.906528364e-06, -3.267675964e-06, -1.350492368e-06, -5.581427457e-07, -2.306738876e-07, -9.533482755e-08, -3.94007724e-08, -1.628387973e-08, -6.729937586e-09, -2.781404718e-09, -1.149522132e-09], "AUX_ENDO_LEAD_106": [0, -0.8098473705, -0.3347004736, -0.1383278023, -0.05716926749, -0.02362739153, -0.00976492537, -0.004035729774, -0.00166792005, -0.0006893319048, -0.0002848928371, -0.0001177428871, -4.866176207e-05, -2.011133876e-05, -8.311781764e-06, -3.435162469e-06, -1.419712586e-06, -5.867506549e-07, -2.424972028e-07, -1.002212658e-07, -4.142028037e-08], "AUX_ENDO_LEAD_110": [0, -0.3347004736, -0.1383278023, -0.05716926749, -0.02362739153, -0.00976492537, -0.004035729774, -0.00166792005, -0.0006893319048, -0.0002848928371, -0.0001177428871, -4.866176207e-05, -2.011133876e-05, -8.311781764e-06, -3.435162469e-06, -1.419712586e-06, -5.867506549e-07, -2.424972028e-07, -1.002212658e-07, -4.142028037e-08, -1.711851882e-08], "AUX_ENDO_LEAD_114": [0, -0.1383278023, -0.05716926749, -0.02362739153, -0.00976492537, -0.004035729774, -0.00166792005, -0.0006893319048, -0.0002848928371, -0.0001177428871, -4.866176207e-05, -2.011133876e-05, -8.311781764e-06, -3.435162469e-06, -1.419712586e-06, -5.867506549e-07, -2.424972028e-07, -1.002212658e-07, -4.142028037e-08, -1.711851882e-08, -7.074884187e-09], "AUX_ENDO_LAG_1_1": [0, 0, -0.3183816494, -0.1315834226, -0.05438189402, -0.02247540258, -0.009288821771, -0.003838961709, -0.001586598103, -0.0006557224928, -0.000271002459, -0.0001120021558, -4.628918479e-05, -1.913078024e-05, -7.906528364e-06, -3.267675964e-06, -1.350492368e-06, -5.581427457e-07, -2.306738876e-07, -9.533482755e-08, -3.94007724e-08], "AUX_ENDO_LAG_1_2": [0, 0, 0, -0.3183816494, -0.1315834226, -0.05438189402, -0.02247540258, -0.009288821771, -0.003838961709, -0.001586598103, -0.0006557224928, -0.000271002459, -0.0001120021558, -4.628918479e-05, -1.913078024e-05, -7.906528364e-06, -3.267675964e-06, -1.350492368e-06, -5.581427457e-07, -2.306738876e-07, -9.533482755e-08], "AUX_ENDO_LAG_9_1": [0, 0, -1.959521469, -0.8098473705, -0.3347004736, -0.1383278023, -0.05716926749, -0.02362739153, -0.00976492537, -0.004035729774, -0.00166792005, -0.0006893319048, -0.0002848928371, -0.0001177428871, -4.866176207e-05, -2.011133876e-05, -8.311781764e-06, -3.435162469e-06, -1.419712586e-06, -5.867506549e-07, -2.424972028e-07], "AUX_ENDO_LAG_9_2": [0, 0, 0, -1.959521469, -0.8098473705, -0.3347004736, -0.1383278023, -0.05716926749, -0.02362739153, -0.00976492537, -0.004035729774, -0.00166792005, -0.0006893319048, -0.0002848928371, -0.0001177428871, -4.866176207e-05, -2.011133876e-05, -8.311781764e-06, -3.435162469e-06, -1.419712586e-06, -5.867506549e-07], "AUX_ENDO_LAG_9_3": [0, 0, 0, 0, -1.959521469, -0.8098473705, -0.3347004736, -0.1383278023, -0.05716926749, -0.02362739153, -0.00976492537, -0.004035729774, -0.00166792005, -0.0006893319048, -0.0002848928371, -0.0001177428871, -4.866176207e-05, -2.011133876e-05, -8.311781764e-06, -3.435162469e-06, -1.419712586e-06], "AUX_ENDO_LAG_6_1": [0, 0, 0.590411911, 0.2440103573, 0.1008466349, 0.04167873812, 0.0172253364, 0.007119030645, 0.002942212342, 0.001215982048, 0.0005025511992, 0.0002076985497, 8.583938837e-05, 3.547641813e-05, 1.466198988e-05, 6.059629424e-06, 2.504374172e-06, 1.035028638e-06, 4.277652655e-07, 1.767903955e-07, 7.306540868e-08], "AUX_ENDO_LAG_6_2": [0, 0, 0, 0.590411911, 0.2440103573, 0.1008466349, 0.04167873812, 0.0172253364, 0.007119030645, 0.002942212342, 0.001215982048, 0.0005025511992, 0.0002076985497, 8.583938837e-05, 3.547641813e-05, 1.466198988e-05, 6.059629424e-06, 2.504374172e-06, 1.035028638e-06, 4.277652655e-07, 1.767903955e-07],