{"interest_": {"ygap": [0, -2.151288965, -0.8104738781, -0.2265908045, -0.0108121264, 0.01699181254, 0.00922747368, 0.002495057146, 0.0002066032524, -0.0001633724653, -9.724643326e-05, -2.825279295e-05, -3.040091111e-06, 1.517256191e-06, 1.020272482e-06, 3.16690466e-07, 4.133406805e-08, -1.363824047e-08, -1.062331126e-08, -3.521493444e-09, -5.344667221e-10], "pdot": [0, -0.3032502685, -0.09770356346, -0.02009906178, 0.001670359038, 0.002735679972, 0.00111562219, 0.0002321057747, -7.494657875e-06, -2.760461627e-05, -1.204127232e-05, -2.732944173e-06, -2.088489885e-08, 2.737008564e-07, 1.293376385e-07, 3.170856584e-08, 1.319475858e-09, -2.675348156e-09, -1.379875829e-09, -3.636746953e-10, -2.587002494e-11], "rff": [0, 0.7443283113, 0.3465795084, 0.1371793689, 0.02019655363, -0.003760382614, -0.003995851809, -0.001444643703, -0.000259949367, 2.948587579e-05, 4.059506194e-05, 1.581269186e-05, 3.135714962e-06, -1.827681303e-07, -4.101409405e-07, -1.716043421e-07, -3.719795791e-08, 5.134997195e-10, 4.096266891e-09, 1.849982757e-09, 4.347391624e-10], "rstar": [0, 1.919822806e-17, 6.719379821e-18, 2.351782937e-18, 8.231240281e-19, 2.880934098e-19, 1.008326934e-19, 3.52914427e-20, 1.235200495e-20, 4.323201731e-21, 1.513120606e-21, 5.295922121e-22, 1.853572742e-22, 6.487504598e-23, 2.270626609e-23, 7.947193132e-24, 2.781517596e-24, 9.735311587e-25, 3.407359055e-25, 1.192575669e-25, 4.174014843e-26], "drff": [0, 0.7443283113, -0.3977488028, -0.2094001396, -0.1169828152, -0.02395693624, -0.0002354691951, 0.002551208106, 0.001184694336, 0.0002894352428, 1.110918615e-05, -2.478237008e-05, -1.267697689e-05, -3.318483092e-06, -2.273728101e-07, 2.385365984e-07, 1.344063841e-07, 3.771145763e-08, 3.582767171e-09, -2.246284134e-09, -1.415243594e-09], "pdotsh": [0, 3.155087496e-17, 0, 0, 0, 0, 0, 0, 0, 0, 0, 0, 0, 0, 0, 0, 0, 0, 0, 0, 0], "interest": [0, 0.7443283113, 0.3465795084, 0.1371793689, 0.02019655363, -0.003760382614, -0.003995851809, -0.001444643703, -0.000259949367, 2.948587579e-05, 4.059506194e-05, 1.581269186e-05, 3.135714962e-06, -1.827681303e-07, -4.101409405e-07, -1.716043421e-07, -3.719795791e-08, 5.134997195e-10, 4.096266891e-09, 1.849982757e-09, 4.347391624e-10], "inflation": [0, -0.07581256712, -0.100238458, -0.1052632234, -0.1048456337, -0.02834914656, -0.003644350146, 0.001438441744, 0.00101897832, 0.0003281571727, 4.624130705e-05, -1.246837266e-05, -1.059992942e-05, -3.630350135e-06, -5.876976443e-07, 1.034655405e-07, 1.090166342e-07, 3.992258301e-08, 7.243204427e-09, -7.748557055e-10, -1.111192176e-09], "inflationq": [0, -0.3032502685, -0.09770356346, -0.02009906178, 0.001670359038, 0.002735679972, 0.00111562219, 0.0002321057747, -7.494657875e-06, -2.760461627e-05, -1.204127232e-05, -2.732944173e-06, -2.088489885e-08, 2.737008564e-07, 1.293376385e-07, 3.170856584e-08, 1.319475858e-09, -2.675348156e-09, -1.379875829e-09, -3.636746953e-10, -2.587002494e-11], "outputgap": [0, -2.151288965, -0.8104738781, -0.2265908045, -0.0108121264, 0.01699181254, 0.00922747368, 0.002495057146, 0.0002066032524, -0.0001633724653, -9.724643326e-05, -2.825279295e-05, -3.040091111e-06, 1.517256191e-06, 1.020272482e-06, 3.16690466e-07, 4.133406805e-08, -1.363824047e-08, -1.062331126e-08, -3.521493444e-09, -5.344667221e-10], "AUX_ENDO_LEAD_71": [0, -0.09770356346, -0.02009906178, 0.001670359038, 0.002735679972, 0.00111562219, 0.0002321057747, -7.494657875e-06, -2.760461627e-05, -1.204127232e-05, -2.732944173e-06, -2.088489885e-08, 2.737008564e-07, 1.293376385e-07, 3.170856584e-08, 1.319475858e-09, -2.675348156e-09, -1.379875829e-09, -3.636746953e-10, -2.587002494e-11, 2.569573776e-11], "AUX_ENDO_LEAD_75": [0, -0.02009906178, 0.001670359038, 0.002735679972, 0.00111562219, 0.0002321057747, -7.494657875e-06, -2.760461627e-05, -1.204127232e-05, -2.732944173e-06, -2.088489885e-08, 2.737008564e-07, 1.293376385e-07, 3.170856584e-08, 1.319475858e-09, -2.675348156e-09, -1.379875829e-09, -3.636746953e-10, -2.587002494e-11, 2.569573776e-11, 1.462183023e-11], "AUX_ENDO_LEAD_79": [0, 0.001670359038, 0.002735679972, 0.00111562219, 0.0002321057747, -7.494657875e-06, -2.760461627e-05, -1.204127232e-05, -2.732944173e-06, -2.088489885e-08, 2.737008564e-07, 1.293376385e-07, 3.170856584e-08, 1.319475858e-09, -2.675348156e-09, -1.379875829e-09, -3.636746953e-10, -2.587002494e-11, 2.569573776e-11, 1.462183023e-11, 4.12886181e-12], "AUX_ENDO_LEAD_106": [0, -0.8104738781, -0.2265908045, -0.0108121264, 0.01699181254, 0.00922747368, 0.002495057146, 0.0002066032524, -0.0001633724653, -9.724643326e-05, -2.825279295e-05, -3.040091111e-06, 1.517256191e-06, 1.020272482e-06, 3.16690466e-07, 4.133406805e-08, -1.363824047e-08, -1.062331126e-08, -3.521493444e-09, -5.344667221e-10, 1.168763108e-10], "AUX_ENDO_LEAD_110": [0, -0.2265908045, -0.0108121264, 0.01699181254, 0.00922747368, 0.002495057146, 0.0002066032524, -0.0001633724653, -9.724643326e-05, -2.825279295e-05, -3.040091111e-06, 1.517256191e-06, 1.020272482e-06, 3.16690466e-07, 4.133406805e-08, -1.363824047e-08, -1.062331126e-08, -3.521493444e-09, -5.344667221e-10, 1.168763108e-10, 1.097318442e-10], "AUX_ENDO_LEAD_114": [0, -0.0108121264, 0.01699181254, 0.00922747368, 0.002495057146, 0.0002066032524, -0.0001633724653, -9.724643326e-05, -2.825279295e-05, -3.040091111e-06, 1.517256191e-06, 1.020272482e-06, 3.16690466e-07, 4.133406805e-08, -1.363824047e-08, -1.062331126e-08, -3.521493444e-09, -5.344667221e-10, 1.168763108e-10, 1.097318442e-10, 3.88634368e-11], "AUX_ENDO_LAG_1_1": [0, 0, -0.3032502685, -0.09770356346, -0.02009906178, 0.001670359038, 0.002735679972, 0.00111562219, 0.0002321057747, -7.494657875e-06, -2.760461627e-05, -1.204127232e-05, -2.732944173e-06, -2.088489885e-08, 2.737008564e-07, 1.293376385e-07, 3.170856584e-08, 1.319475858e-09, -2.675348156e-09, -1.379875829e-09, -3.636746953e-10], "AUX_ENDO_LAG_1_2": [0, 0, 0, -0.3032502685, -0.09770356346, -0.02009906178, 0.001670359038, 0.002735679972, 0.00111562219, 0.0002321057747, -7.494657875e-06, -2.760461627e-05, -1.204127232e-05, -2.732944173e-06, -2.088489885e-08, 2.737008564e-07, 1.293376385e-07, 3.170856584e-08, 1.319475858e-09, -2.675348156e-09, -1.379875829e-09], "AUX_ENDO_LAG_9_1": [0, 0, -2.151288965, -0.8104738781, -0.2265908045, -0.0108121264, 0.01699181254, 0.00922747368, 0.002495057146, 0.0002066032524, -0.0001633724653, -9.724643326e-05, -2.825279295e-05, -3.040091111e-06, 1.517256191e-06, 1.020272482e-06, 3.16690466e-07, 4.133406805e-08, -1.363824047e-08, -1.062331126e-08, -3.521493444e-09], "AUX_ENDO_LAG_9_2": [0, 0, 0, -2.151288965, -0.8104738781, -0.2265908045, -0.0108121264, 0.01699181254, 0.00922747368, 0.002495057146, 0.0002066032524, -0.0001633724653, -9.724643326e-05, -2.825279295e-05, -3.040091111e-06, 1.517256191e-06, 1.020272482e-06, 3.16690466e-07, 4.133406805e-08, -1.363824047e-08, -1.062331126e-08], "AUX_ENDO_LAG_9_3": [0, 0, 0, 0, -2.151288965, -0.8104738781, -0.2265908045, -0.0108121264, 0.01699181254, 0.00922747368, 0.002495057146, 0.0002066032524, -0.0001633724653, -9.724643326e-05, -2.825279295e-05, -3.040091111e-06, 1.517256191e-06, 1.020272482e-06, 3.16690466e-07, 4.133406805e-08, -1.363824047e-08], "AUX_ENDO_LAG_6_1": [0, 0, 0.7443283113, 0.3465795084, 0.1371793689, 0.02019655363, -0.003760382614, -0.003995851809, -0.001444643703, -0.000259949367, 2.948587579e-05, 4.059506194e-05, 1.581269186e-05, 3.135714962e-06, -1.827681303e-07, -4.101409405e-07, -1.716043421e-07, -3.719795791e-08, 5.134997195e-10, 4.096266891e-09, 1.849982757e-09], "AUX_ENDO_LAG_6_2": [0, 0, 0, 0.7443283113, 0.3465795084, 0.1371793689, 0.02019655363, -0.003760382614, -0.003995851809, -0.001444643703, -0.000259949367, 2.948587579e-05, 4.059506194e-05, 1.581269186e-05, 3.135714962e-06, -1.827681303e-07, -4.101409405e-07, -1.716043421e-07, -3.719795791e-08, 5.134997195e-10, 4.096266891e-09],