{"interest_": {"ygap": [0, -0.8439550114, -0.618829727, -0.428317829, -0.2772076373, -0.1784499634, -0.1146395453, -0.07362617712, -0.04728226861, -0.03036400573, -0.0194992823, -0.0125221231, -0.008041503671, -0.005164122683, -0.003316315464, -0.002129683766, -0.001367648221, -0.0008782814076, -0.0005640180122, -0.0003622031792, -0.0002326009812], "pdot": [0, -0.2511470435, -0.1718458206, -0.1135739058, -0.07318726694, -0.04704579167, -0.03021676281, -0.01940542067, -0.01246192693, -0.008002857725, -0.005139306237, -0.003300378925, -0.002119449603, -0.001361076011, -0.0008740608419, -0.0005613076337, -0.0003604626183, -0.0002314832213, -0.0001486547537, -9.546366115e-05, -6.130520802e-05], "rff": [0, -0.03046714194, 0.006067566101, 0.02170993339, 0.01497402756, 0.009856179782, 0.006350974533, 0.004082047613, 0.002621811363, 0.001683740074, 0.001081277053, 0.0006943794, 0.0004459192492, 0.000286362092, 0.0001838970723, 0.0001180957043, 7.583913745e-05, 4.870265861e-05, 3.127605396e-05, 2.008497235e-05, 1.289824204e-05], "rstar": [0, 1.088591787e-16, 3.810071254e-17, 1.333524939e-17, 4.667337286e-18, 1.63356805e-18, 5.717488175e-19, 2.001120861e-19, 7.003923014e-20, 2.451373055e-20, 8.579805693e-21, 3.002931992e-21, 1.051026197e-21, 3.678591691e-22, 1.287507092e-22, 4.506274821e-23, 1.577196187e-23, 5.520186656e-24, 1.93206533e-24, 6.762228653e-25, 2.366780029e-25], "drff": [0, -0.03046714194, 0.03653470804, 0.01564236729, -0.006735905833, -0.005117847779, -0.00350520525, -0.002268926919, -0.00146023625, -0.0009380712894, -0.0006024630203, -0.0003868976534, -0.0002484601508, -0.0001595571572, -0.0001024650197, -6.580136803e-05, -4.225656681e-05, -2.713647885e-05, -1.742660465e-05, -1.119108161e-05, -7.186730303e-06], "pdotsh": [0, 3.269613208e-17, 0, 0, 0, 0, 0, 0, 0, 0, 0, 0, 0, 0, 0, 0, 0, 0, 0, 0, 0], "interest": [0, -0.03046714194, 0.006067566101, 0.02170993339, 0.01497402756, 0.009856179782, 0.006350974533, 0.004082047613, 0.002621811363, 0.001683740074, 0.001081277053, 0.0006943794, 0.0004459192492, 0.000286362092, 0.0001838970723, 0.0001180957043, 7.583913745e-05, 4.870265861e-05, 3.127605396e-05, 2.008497235e-05, 1.289824204e-05], "inflation": [0, -0.06278676087, -0.105748216, -0.1341416925, -0.1524385092, -0.1014131963, -0.06600593182, -0.04246381052, -0.02728247552, -0.01752174203, -0.01125237789, -0.007226117455, -0.004640498123, -0.002980052694, -0.001913741345, -0.001228973522, -0.0007892267762, -0.0005068285788, -0.0003254770567, -0.0002090160636, -0.000134226711], "inflationq": [0, -0.2511470435, -0.1718458206, -0.1135739058, -0.07318726694, -0.04704579167, -0.03021676281, -0.01940542067, -0.01246192693, -0.008002857725, -0.005139306237, -0.003300378925, -0.002119449603, -0.001361076011, -0.0008740608419, -0.0005613076337, -0.0003604626183, -0.0002314832213, -0.0001486547537, -9.546366115e-05, -6.130520802e-05], "outputgap": [0, -0.8439550114, -0.618829727, -0.428317829, -0.2772076373, -0.1784499634, -0.1146395453, -0.07362617712, -0.04728226861, -0.03036400573, -0.0194992823, -0.0125221231, -0.008041503671, -0.005164122683, -0.003316315464, -0.002129683766, -0.001367648221, -0.0008782814076, -0.0005640180122, -0.0003622031792, -0.0002326009812], "AUX_ENDO_LEAD_71": [0, -0.1718458206, -0.1135739058, -0.07318726694, -0.04704579167, -0.03021676281, -0.01940542067, -0.01246192693, -0.008002857725, -0.005139306237, -0.003300378925, -0.002119449603, -0.001361076011, -0.0008740608419, -0.0005613076337, -0.0003604626183, -0.0002314832213, -0.0001486547537, -9.546366115e-05, -6.130520802e-05, -3.936920589e-05], "AUX_ENDO_LEAD_75": [0, -0.1135739058, -0.07318726694, -0.04704579167, -0.03021676281, -0.01940542067, -0.01246192693, -0.008002857725, -0.005139306237, -0.003300378925, -0.002119449603, -0.001361076011, -0.0008740608419, -0.0005613076337, -0.0003604626183, -0.0002314832213, -0.0001486547537, -9.546366115e-05, -6.130520802e-05, -3.936920589e-05, -2.528226267e-05], "AUX_ENDO_LEAD_79": [0, -0.07318726694, -0.04704579167, -0.03021676281, -0.01940542067, -0.01246192693, -0.008002857725, -0.005139306237, -0.003300378925, -0.002119449603, -0.001361076011, -0.0008740608419, -0.0005613076337, -0.0003604626183, -0.0002314832213, -0.0001486547537, -9.546366115e-05, -6.130520802e-05, -3.936920589e-05, -2.528226267e-05, -1.623585722e-05], "AUX_ENDO_LEAD_106": [0, -0.618829727, -0.428317829, -0.2772076373, -0.1784499634, -0.1146395453, -0.07362617712, -0.04728226861, -0.03036400573, -0.0194992823, -0.0125221231, -0.008041503671, -0.005164122683, -0.003316315464, -0.002129683766, -0.001367648221, -0.0008782814076, -0.0005640180122, -0.0003622031792, -0.0002326009812, -0.0001493725609], "AUX_ENDO_LEAD_110": [0, -0.428317829, -0.2772076373, -0.1784499634, -0.1146395453, -0.07362617712, -0.04728226861, -0.03036400573, -0.0194992823, -0.0125221231, -0.008041503671, -0.005164122683, -0.003316315464, -0.002129683766, -0.001367648221, -0.0008782814076, -0.0005640180122, -0.0003622031792, -0.0002326009812, -0.0001493725609, -9.592462522e-05], "AUX_ENDO_LEAD_114": [0, -0.2772076373, -0.1784499634, -0.1146395453, -0.07362617712, -0.04728226861, -0.03036400573, -0.0194992823, -0.0125221231, -0.008041503671, -0.005164122683, -0.003316315464, -0.002129683766, -0.001367648221, -0.0008782814076, -0.0005640180122, -0.0003622031792, -0.0002326009812, -0.0001493725609, -9.592462522e-05, -6.160123164e-05], "AUX_ENDO_LAG_1_1": [0, 0, -0.2511470435, -0.1718458206, -0.1135739058, -0.07318726694, -0.04704579167, -0.03021676281, -0.01940542067, -0.01246192693, -0.008002857725, -0.005139306237, -0.003300378925, -0.002119449603, -0.001361076011, -0.0008740608419, -0.0005613076337, -0.0003604626183, -0.0002314832213, -0.0001486547537, -9.546366115e-05], "AUX_ENDO_LAG_1_2": [0, 0, 0, -0.2511470435, -0.1718458206, -0.1135739058, -0.07318726694, -0.04704579167, -0.03021676281, -0.01940542067, -0.01246192693, -0.008002857725, -0.005139306237, -0.003300378925, -0.002119449603, -0.001361076011, -0.0008740608419, -0.0005613076337, -0.0003604626183, -0.0002314832213, -0.0001486547537], "AUX_ENDO_LAG_9_1": [0, 0, -0.8439550114, -0.618829727, -0.428317829, -0.2772076373, -0.1784499634, -0.1146395453, -0.07362617712, -0.04728226861, -0.03036400573, -0.0194992823, -0.0125221231, -0.008041503671, -0.005164122683, -0.003316315464, -0.002129683766, -0.001367648221, -0.0008782814076, -0.0005640180122, -0.0003622031792], "AUX_ENDO_LAG_9_2": [0, 0, 0, -0.8439550114, -0.618829727, -0.428317829, -0.2772076373, -0.1784499634, -0.1146395453, -0.07362617712, -0.04728226861, -0.03036400573, -0.0194992823, -0.0125221231, -0.008041503671, -0.005164122683, -0.003316315464, -0.002129683766, -0.001367648221, -0.0008782814076, -0.0005640180122], "AUX_ENDO_LAG_9_3": [0, 0, 0, 0, -0.8439550114, -0.618829727, -0.428317829, -0.2772076373, -0.1784499634, -0.1146395453, -0.07362617712, -0.04728226861, -0.03036400573, -0.0194992823, -0.0125221231, -0.008041503671, -0.005164122683, -0.003316315464, -0.002129683766, -0.001367648221, -0.0008782814076], "AUX_ENDO_LAG_6_1": [0, 0, -0.03046714194, 0.006067566101, 0.02170993339, 0.01497402756, 0.009856179782, 0.006350974533, 0.004082047613, 0.002621811363, 0.001683740074, 0.001081277053, 0.0006943794, 0.0004459192492, 0.000286362092, 0.0001838970723, 0.0001180957043, 7.583913745e-05, 4.870265861e-05, 3.127605396e-05, 2.008497235e-05], "AUX_ENDO_LAG_6_2": [0, 0, 0, -0.03046714194, 0.006067566101, 0.02170993339, 0.01497402756, 0.009856179782, 0.006350974533, 0.004082047613, 0.002621811363, 0.001683740074, 0.001081277053, 0.0006943794, 0.0004459192492, 0.000286362092, 0.0001838970723, 0.0001180957043, 7.583913745e-05, 4.870265861e-05, 3.127605396e-05], "AUX_ENDO_LAG_6_3": [0, 0, 0, 0, -0.03046714194, 0.006067566101, 0.02170993339, 0.01497402756, 0.009856179782, 0.006350974533, 0.004082047613, 0.002621811363, 0.001683740074, 0.001081277053, 0.0006943794, 0.0004459192492, 0.000286362092, 0.0001838970723, 0.0001180957043, 7.583913745e-05, 4.870265861e-05],