{"interest_": {"y": [0, -0.6847170948, -0.4811595686, -0.3538808004, -0.2913929065, -0.2903248232, -0.2630951074, -0.2299134583, -0.2007640446, -0.1781086237, -0.1576289385, -0.1386432333, -0.1214997149, -0.1063740214, -0.09298315058, -0.08108783128, -0.0705445172, -0.06123968073, -0.05304880419, -0.04585093617, -0.03953802242], "c": [0, -0.4793019664, -0.336811698, -0.2477165603, -0.2039750345, -0.2032273763, -0.1841665752, -0.1609394208, -0.1405348312, -0.1246760366, -0.110340257, -0.0970502633, -0.0850498004, -0.074461815, -0.06508820541, -0.0567614819, -0.04938116204, -0.04286777651, -0.03713416293, -0.03209565532, -0.02767661569], "s": [0, -0.6847170948, -0.4811595686, -0.3538808004, -0.2913929065, -0.2903248232, -0.2630951074, -0.2299134583, -0.2007640446, -0.1781086237, -0.1576289385, -0.1386432333, -0.1214997149, -0.1063740214, -0.09298315058, -0.08108783128, -0.0705445172, -0.06123968073, -0.05304880419, -0.04585093617, -0.03953802242], "z": [0, 0, 0, 0, 0, 0, 0, 0, 0, 0, 0, 0, 0, 0, 0, 0, 0, 0, 0, 0, 0], "zx1": [0, 4.617057024e-17, 1.860673575e-16, 2.38017409e-16, 2.261839932e-16, 2.350412091e-16, 2.575100713e-16, 2.779742957e-16, 2.937034855e-16, 3.084819411e-16, 3.233919982e-16, 3.378357408e-16, 3.514125524e-16, 3.642096866e-16, 3.763388792e-16, 3.878133954e-16, 3.986226065e-16, 4.087788577e-16, 4.183062623e-16, 4.272280128e-16, 4.355660377e-16], "zx2": [0, -4.741485222e-17, -1.622036367e-17, -1.03035509e-16, -1.620175826e-16, -1.903540132e-16, -2.080203754e-16, -2.259277919e-16, -2.422547563e-16, -2.545445728e-16, -2.633243376e-16, -2.697009677e-16, -2.741628502e-16, -2.768952461e-16, -2.78136261e-16, -2.781651989e-16, -2.772221342e-16, -2.754983191e-16, -2.731567401e-16, -2.70340885e-16, -2.671742979e-16], "i": [0, 0.1580566618, 0.08587040631, 0.02441795162, -0.03398225913, -0.004686914053, 0.004265484041, 0.00301726685, -0.0009060359357, -0.0006948108229, 1.542719365e-05, 0.0001944081043, 2.053167174e-05, -3.752380991e-05, -1.341841494e-05, 7.08127896e-06, 4.16511969e-06, -7.968585856e-07, -1.167967945e-06, -7.771430086e-09, 2.662937861e-07], "dpc": [0, -0.2562447393, 0.01556639345, -0.003224731391, -0.01932357416, -0.03472991741, -0.02374771509, -0.01896167037, -0.01738732274, -0.01676483059, -0.01503059044, -0.01327456646, -0.01180605479, -0.01056745373, -0.009411133401, -0.008340141923, -0.007373238577, -0.006509220409, -0.005734410437, -0.005039675587, -0.004419047392], "e": [0, -0.7355467057, -0.5774900439, -0.4916196376, -0.4672016859, -0.5011839451, -0.5058708591, -0.5016053751, -0.4985881082, -0.4994941442, -0.500188955, -0.5001735278, -0.4999791197, -0.499958588, -0.4999961118, -0.5000095302, -0.500002449, -0.4999982838, -0.4999990807, -0.5000002487, -0.5000002564], "p": [0, -0.05082961087, -0.09633047528, -0.1377388371, -0.1758087795, -0.2108591218, -0.2427757517, -0.2716919168, -0.2978240636, -0.3213855205, -0.3425600165, -0.3615302945, -0.3784794048, -0.3935845666, -0.4070129612, -0.418921699, -0.4294579318, -0.4387586031, -0.4469502765, -0.4541493125, -0.460462234], "n": [0, -0.9252933713, -0.6502156332, -0.4782172979, -0.3937741979, -0.3923308422, -0.355533929, -0.3106938626, -0.271302763, -0.2406873293, -0.2130120791, -0.1873557206, -0.1641888039, -0.1437486776, -0.1256529062, -0.1095781504, -0.09533042865, -0.08275632531, -0.07168757323, -0.06196072455, -0.05342976003], "a": [0, -1.185567278e-16, 3.870459661e-17, 1.222785766e-16, 1.923347928e-16, 2.685945292e-16, 3.302882804e-16, 3.781648878e-16, 4.155448654e-16, 4.45820994e-16, 4.696497171e-16, 4.877618388e-16, 5.010788756e-16, 5.105190288e-16, 5.167820172e-16, 5.204379763e-16, 5.21981184e-16, 5.2184171e-16, 5.203815665e-16, 5.179025864e-16, 5.14656644e-16], "dp": [0, -0.05082961087, -0.04550086442, -0.04140836183, -0.03806994235, -0.03505034238, -0.03191662982, -0.02891616511, -0.02613214685, -0.02356145687, -0.02117449599, -0.01897027803, -0.01694911032, -0.01510516176, -0.01342839465, -0.01190873771, -0.0105362328, -0.00930067135, -0.008191673399, -0.007199035995, -0.006312921516], "t": [0, 2.335189211e-19, 2.126483393e-17, 1.719777296e-17, 5.285761744e-17, 8.29625636e-17, 1.117285055e-16, 1.380936276e-16, 1.629467357e-16, 1.860663356e-16, 2.076237205e-16, 2.276882572e-16, 2.463774538e-16, 2.637674855e-16, 2.799359786e-16, 2.949548157e-16, 3.088941406e-16, 3.218194948e-16, 3.337930653e-16, 3.448739667e-16, 3.551185862e-16], "wp": [0, 0.1843095542, 0.1095066749, 0.06223187006, 0.03732125282, 0.03288043846, 0.02253056876, 0.01197022973, 0.003798695291, -0.001565289211, -0.005639404608, -0.008809329319, -0.01112334869, -0.01265284321, -0.01357911055, -0.01404837473, -0.0141608471, -0.01399353193, -0.01361490925, -0.01308278087, -0.01244340181], "dw": [0, -0.07193518508, -0.05923648583, -0.05049953628, -0.0442341914, -0.03917073176, -0.03409758479, -0.0295220094, -0.02555885718, -0.02212881509, -0.01910470583, -0.01644449117, -0.01412007416, -0.01209694825, -0.01033740074, -0.008809406109, -0.007485710949, -0.006341905235, -0.005355787759, -0.004507547201, -0.003779668334], "w": [0, -0.07193518508, -0.1311716709, -0.1816712072, -0.2259053986, -0.2650761303, -0.2991737151, -0.3286957245, -0.3542545817, -0.3763833968, -0.3954881026, -0.4119325938, -0.426052668, -0.4381496162, -0.448487017, -0.4572964231, -0.464782134, -0.4711240393, -0.476479827, -0.4809873742, -0.4847670426], "pc": [0, -0.2562447393, -0.2406783459, -0.2439030772, -0.2632266514, -0.2979565688, -0.3217042839, -0.3406659543, -0.358053277, -0.3748181076, -0.389848698, -0.4031232645, -0.4149293193, -0.425496773, -0.4349079064, -0.4432480483, -0.4506212869, -0.4571305073, -0.4628649178, -0.4679045934, -0.4723236407], "r": [0, 0.2035575262, 0.1272787681, 0.06248789396, 0.001068083257, 0.02722971577, 0.03318164916, 0.0291494137, 0.02265542093, 0.02047968516, 0.01898570522, 0.01714351842, 0.01512569343, 0.01339087084, 0.0118953193, 0.01054331408, 0.009304836469, 0.00819087654, 0.007197868027, 0.006312913744, 0.005524197892], "de": [0, -0.7355467057, 0.1580566618, 0.08587040631, 0.02441795162, -0.03398225913, -0.004686914053, 0.004265484041, 0.00301726685, -0.0009060359357, -0.0006948108229, 1.542719365e-05, 0.0001944081043, 2.053167174e-05, -3.752380991e-05, -1.341841494e-05, 7.08127896e-06, 4.16511969e-06, -7.968585853e-07, -1.167967945e-06, -7.771429687e-09], "ygap": [0, -0.6847170948, -0.4811595686, -0.3538808004, -0.2913929065, -0.2903248232, -0.2630951074, -0.2299134583, -0.2007640446, -0.1781086237, -0.1576289385, -0.1386432333, -0.1214997149, -0.1063740214, -0.09298315058, -0.08108783128, -0.0705445172, -0.06123968073, -0.05304880419, -0.04585093617, -0.03953802242], "wgap": [0, 0.1843095542, 0.1095066749, 0.06223187006, 0.03732125282, 0.03288043846, 0.02253056876, 0.01197022973, 0.003798695291, -0.001565289211, -0.005639404608, -0.008809329319, -0.01112334869, -0.01265284321, -0.01357911055, -0.01404837473, -0.0141608471, -0.01399353193, -0.01361490925, -0.01308278087, -0.01244340181], "sgap": [0, -0.6847170948, -0.4811595686, -0.3538808004, -0.2913929065, -0.2903248232, -0.2630951074, -0.2299134583, -0.2007640446, -0.1781086237, -0.1576289385, -0.1386432333, -0.1214997149, -0.1063740214, -0.09298315058, -0.08108783128, -0.0705445172, -0.06123968073, -0.05304880419, -0.04585093617, -0.03953802242], "cgap": [0, -0.4793019664, -0.336811698, -0.2477165603, -0.2039750345, -0.2032273763, -0.1841665752, -0.1609394208, -0.1405348312, -0.1246760366, -0.110340257, -0.0970502633, -0.0850498004, -0.074461815, -0.06508820541, -0.0567614819, -0.04938116204, -0.04286777651, -0.03713416293, -0.03209565532, -0.02767661569], "ngap": [0, -0.9252933713, -0.6502156332, -0.4782172979, -0.3937741979, -0.3923308422, -0.355533929, -0.3106938626, -0.271302763, -0.2406873293, -0.2130120791, -0.1873557206, -0.1641888039, -0.1437486776, -0.1256529062, -0.1095781504, -0.09533042865, -0.08275632531, -0.07168757323, -0.06196072455, -0.05342976003],