{"interest_": {"y": [0, -0.6584158525, -0.5469722147, -0.4527715897, -0.3734202865, -0.3068061294, -0.2510758306, -0.2046116272, -0.1660080711, -0.1340495905, -0.1076892382, -0.08602888539, -0.06830100139, -0.05385207251, -0.04212765167, -0.03265898504, -0.02505113326, -0.01897248614, -0.01414555966, -0.0103389603, -0.007360402064], "c": [0, -0.4608910968, -0.3828805503, -0.3169401128, -0.2613942005, -0.2147642906, -0.1757530814, -0.143228139, -0.1162056498, -0.09383471333, -0.07538246671, -0.06022021977, -0.04781070097, -0.03769645076, -0.02948935617, -0.02286128953, -0.01753579329, -0.0132807403, -0.009901891765, -0.007237272207, -0.005152281445], "s": [0, -0.6584158525, -0.5469722147, -0.4527715897, -0.3734202865, -0.3068061294, -0.2510758306, -0.2046116272, -0.1660080711, -0.1340495905, -0.1076892382, -0.08602888539, -0.06830100139, -0.05385207251, -0.04212765167, -0.03265898504, -0.02505113326, -0.01897248614, -0.01414555966, -0.0103389603, -0.007360402064], "z": [0, 0, 0, 0, 0, 0, 0, 0, 0, 0, 0, 0, 0, 0, 0, 0, 0, 0, 0, 0, 0], "zx1": [0, -7.794196756e-17, -2.529072522e-17, 1.115099918e-17, 3.490372394e-17, 4.899344987e-17, 5.578597853e-17, 5.716589877e-17, 5.462387088e-17, 4.932950262e-17, 4.219197619e-17, 3.391029916e-17, 2.501479732e-17, 1.590124104e-17, 6.858797703e-18, -1.907172406e-18, -1.025661131e-17, -1.809981653e-17, -2.538543326e-17, -3.209086492e-17, -3.82146654e-17], "zx2": [0, -5.28392481e-17, 4.265613329e-17, 1.12871944e-16, 1.623251128e-16, 1.955029678e-16, 2.158733323e-16, 2.262856159e-16, 2.290679372e-16, 2.261108858e-16, 2.189394303e-16, 2.087743792e-16, 1.965846875e-16, 1.831317845e-16, 1.690069861e-16, 1.54662937e-16, 1.404399259e-16, 1.265878145e-16, 1.13284232e-16, 1.006496002e-16, 8.875948191e-17], "i": [0, 0.07480045262, 0.06229014151, 0.05169001226, 0.04273960704, 0.03520812658, 0.02889228327, 0.0236140002, 0.01921806735, 0.01556983495, 0.01255299897, 0.010067515, 0.008027662485, 0.006360270195, 0.005003106291, 0.003903430438, 0.003016701601, 0.002305432573, 0.001738180704, 0.001288663543, 0.0009349878128], "dpc": [0, -0.2393943762, -0.003210093864, -0.003650295987, -0.003855900027, -0.0038903029, -0.003803082603, -0.003632659104, -0.003408489051, -0.003152869078, -0.002882411668, -0.002609247975, -0.002342003797, -0.00208658773, -0.001846824394, -0.00162496035, -0.001422065805, -0.001238351383, -0.001073415963, -0.0009264388536, -0.0007963272186], "e": [0, -0.700285473, -0.6254850204, -0.5631948789, -0.5115048666, -0.4687652596, -0.433557133, -0.4046648497, -0.3810508495, -0.3618327822, -0.3462629472, -0.3337099482, -0.3236424332, -0.3156147707, -0.3092545006, -0.3042513943, -0.3003479638, -0.2973312622, -0.2950258297, -0.2932876489, -0.2919989854], "p": [0, -0.04186962044, -0.07851280566, -0.1104232891, -0.1380845801, -0.1619591302, -0.1824813024, -0.2000532225, -0.2150427784, -0.2277831917, -0.238573709, -0.2476810628, -0.2553414318, -0.2617626982, -0.2671268489, -0.2715924092, -0.2752968306, -0.2783587761, -0.28088027, -0.2829486887, -0.2846385833], "n": [0, -0.8897511521, -0.7391516415, -0.6118534996, -0.5046220087, -0.4146028776, -0.3392916629, -0.2765021989, -0.2243352312, -0.1811480952, -0.1455259975, -0.1162552505, -0.09229865053, -0.07277307096, -0.05692925901, -0.04413376357, -0.03385288279, -0.02563849479, -0.01911562117, -0.01397156797, -0.009946489275], "a": [0, -8.184316923e-17, 2.965928427e-16, 5.69904829e-16, 7.552635334e-16, 8.729505094e-16, 9.37729256e-16, 9.617039375e-16, 9.547394958e-16, 9.248236924e-16, 8.783776723e-16, 8.20521189e-16, 7.552981321e-16, 6.858674863e-16, 6.146643376e-16, 5.435350512e-16, 4.738502789e-16, 4.06599016e-16, 3.424665315e-16, 2.818986296e-16, 2.251543732e-16], "dp": [0, -0.04186962044, -0.03664318521, -0.03191048349, -0.02766129101, -0.02387455002, -0.02052217225, -0.01757192012, -0.01498955587, -0.01274041326, -0.01079051736, -0.009107353807, -0.007660368996, -0.006421266394, -0.005364150647, -0.004465560339, -0.003704421338, -0.003061945519, -0.002521493908, -0.002068418664, -0.001689894688], "t": [0, 2.866199413e-19, 4.507175004e-17, 8.571529329e-17, 1.251225548e-16, 1.620051274e-16, 1.964985347e-16, 2.287220668e-16, 2.587846227e-16, 2.867886788e-16, 3.128328668e-16, 3.370135395e-16, 3.59425613e-16, 3.801629087e-16, 3.993181623e-16, 4.169828229e-16, 4.33246736e-16, 4.481977727e-16, 4.619214525e-16, 4.745005892e-16, 4.860149784e-16], "wp": [0, 0.1758147957, 0.1277057268, 0.09014656801, 0.06109755933, 0.03887754985, 0.02210625089, 0.009654924499, 0.0006044286155, -0.005790351671, -0.01013055392, -0.01289863819, -0.01447961485, -0.01517879502, -0.01523658185, -0.01484075302, -0.0141366234, -0.01323542285, -0.0122211762, -0.01115633077, -0.01008633998], "dw": [0, -0.06357958055, -0.05131916268, -0.04120945481, -0.03290490872, -0.02611031238, -0.02057438156, -0.0160839855, -0.01245898493, -0.009547649364, -0.007222613922, -0.005377332238, -0.003922980461, -0.002785767898, -0.001904611223, -0.001229131519, -0.000717936189, -0.000337150832, -5.916931601e-05, 0.0001384065816, 0.0002736635731], "w": [0, -0.06357958055, -0.1148987432, -0.156108198, -0.1890131068, -0.2151234191, -0.2356978007, -0.2517817862, -0.2642407711, -0.2737884205, -0.2810110344, -0.2863883667, -0.2903113471, -0.293097115, -0.2950017262, -0.2962308578, -0.2969487939, -0.2972859448, -0.2973451141, -0.2972067075, -0.2969330439], "pc": [0, -0.2393943762, -0.2426044701, -0.2462547661, -0.2501106661, -0.254000969, -0.2578040516, -0.2614367107, -0.2648451997, -0.2679980688, -0.2708804805, -0.2734897285, -0.2758317323, -0.27791832, -0.2797651444, -0.2813901047, -0.2828121705, -0.2840505219, -0.2851239379, -0.2860503767, -0.286846704], "r": [0, 0.1114436378, 0.094200625, 0.07935130326, 0.06661415706, 0.05573029883, 0.0464642034, 0.03860355607, 0.03195848061, 0.02636035232, 0.02166035277, 0.017727884, 0.01444892888, 0.01172442084, 0.00946866663, 0.007607851776, 0.00607864712, 0.00482692648, 0.003806599369, 0.002978558232, 0.002309736548], "de": [0, -0.700285473, 0.07480045262, 0.06229014151, 0.05169001226, 0.04273960704, 0.03520812658, 0.02889228327, 0.0236140002, 0.01921806735, 0.01556983495, 0.01255299897, 0.010067515, 0.008027662485, 0.006360270195, 0.005003106291, 0.003903430438, 0.003016701601, 0.002305432573, 0.001738180704, 0.001288663543], "ygap": [0, -0.6584158525, -0.5469722147, -0.4527715897, -0.3734202865, -0.3068061294, -0.2510758306, -0.2046116272, -0.1660080711, -0.1340495905, -0.1076892382, -0.08602888539, -0.06830100139, -0.05385207251, -0.04212765167, -0.03265898504, -0.02505113326, -0.01897248614, -0.01414555966, -0.0103389603, -0.007360402064], "wgap": [0, 0.1758147957, 0.1277057268, 0.09014656801, 0.06109755933, 0.03887754985, 0.02210625089, 0.009654924499, 0.0006044286155, -0.005790351671, -0.01013055392, -0.01289863819, -0.01447961485, -0.01517879502, -0.01523658185, -0.01484075302, -0.0141366234, -0.01323542285, -0.0122211762, -0.01115633077, -0.01008633998], "sgap": [0, -0.6584158525, -0.5469722147, -0.4527715897, -0.3734202865, -0.3068061294, -0.2510758306, -0.2046116272, -0.1660080711, -0.1340495905, -0.1076892382, -0.08602888539, -0.06830100139, -0.05385207251, -0.04212765167, -0.03265898504, -0.02505113326, -0.01897248614, -0.01414555966, -0.0103389603, -0.007360402064], "cgap": [0, -0.4608910968, -0.3828805503, -0.3169401128, -0.2613942005, -0.2147642906, -0.1757530814, -0.143228139, -0.1162056498, -0.09383471333, -0.07538246671, -0.06022021977, -0.04781070097, -0.03769645076, -0.02948935617, -0.02286128953, -0.01753579329, -0.0132807403, -0.009901891765, -0.007237272207, -0.005152281445], "ngap": [0, -0.8897511521, -0.7391516415, -0.6118534996, -0.5046220087, -0.4146028776, -0.3392916629, -0.2765021989, -0.2243352312, -0.1811480952, -0.1455259975, -0.1162552505, -0.09229865053, -0.07277307096, -0.05692925901, -0.04413376357, -0.03385288279, -0.02563849479, -0.01911562117, -0.01397156797, -0.009946489275],