{"interest_": {"x": [0, -0.4782541826, -0.4270895666, -0.3745233682, -0.3243774845, -0.2785168013, -0.2376648222, -0.2019012395, -0.1709623224, -0.1444195453, -0.1217834436, -0.1025619003, -0.08629096372, -0.0725493652, -0.06096359146, -0.051207684, -0.04300027707, -0.03610036113, -0.03030263036, -0.02543289084, -0.02134377658], "pi_H": [0, -0.1846345319, -0.1550707668, -0.1302058706, -0.1093060948, -0.09174732157, -0.07700058701, -0.06461875024, -0.05422456709, -0.0455002183, -0.03817823201, -0.03203368484, -0.02687754399, -0.02255100941, -0.0189207218, -0.01587471397, -0.01331899632, -0.01117468095, -0.00937556185, -0.007866080408, -0.006599615645], "r": [0, 0.1706607216, 0.09994602686, 0.05674748969, 0.03061692995, 0.01503350679, 0.005933800587, 0.0007910435532, -0.001961496107, -0.003291473784, -0.003793313648, -0.00382941941, -0.003618386283, -0.003290037574, -0.00291970553, -0.002549535778, -0.002201686622, -0.001886472298, -0.001607357662, -0.001363996758, -0.001154059975], "pi": [0, -0.5978836762, -0.201651604, -0.1270858729, -0.08023151334, -0.05076740791, -0.03222019074, -0.02052920332, -0.01314675417, -0.008473986796, -0.005507159127, -0.003615844043, -0.002403841516, -0.00162195075, -0.001113259549, -0.0007788236687, -0.0005561326116, -0.0004055944146, -0.0003020501647, -0.0002294437832, -0.0001774716152], "x_star": [0, 0.000298530211, 0.1054049058, 0.1543580698, 0.1708348703, 0.1692398017, 0.1582349762, 0.1429417749, 0.1263115705, 0.1099770572, 0.09477924981, 0.08109223179, 0.06902201662, 0.05852724846, 0.04949154122, 0.04176603497, 0.03519373058, 0.02962277841, 0.02491315862, 0.02093948437, 0.01759159727], "pi_F_star": [0, 0.003285579918, -0.002517163203, -0.005418130727, -0.00661854756, -0.006852390541, -0.006563781806, -0.006017706296, -0.005369008081, -0.004705297444, -0.004073558016, -0.003496582142, -0.002983068783, -0.002533781433, -0.002145263774, -0.001812047533, -0.001527934644, -0.001286715479, -0.001082547329, -0.0009101314374, -0.0007647734421], "r_star": [0, 0.3749708109, 0.2212671026, 0.1271299464, 0.06997862358, 0.03571431614, 0.01554645906, 0.00400458821, -0.002306832477, -0.005487991881, -0.006831589614, -0.007127946952, -0.006855667928, -0.006300648715, -0.005630250539, -0.004939433778, -0.004279372857, -0.003675137428, -0.003136560497, -0.002664870144, -0.002256694602], "pi_star": [0, 0.4165347243, 0.04406367392, -0.008538128425, -0.03569312898, -0.0478323042, -0.05134417807, -0.05010725322, -0.046446821, -0.04173152895, -0.03674463089, -0.03191442294, -0.02745677126, -0.02346284009, -0.01995272602, -0.01690793784, -0.01429079836, -0.01205580201, -0.01015605901, -0.008546768062, -0.007186917472], "r_bar": [0, -2.248017552e-17, -1.135077572e-16, -1.724107491e-16, -1.729021567e-16, -1.496599419e-16, -1.318947779e-16, -1.147141873e-16, -9.883425265e-17, -8.457096568e-17, -7.200303374e-17, -6.107530422e-17, -5.166315084e-17, -4.36115832e-17, -3.675823033e-17, -3.094619679e-17, -2.603067397e-17, -2.188178936e-17, -1.8385262e-17, -1.544184026e-17, -1.296611962e-17], "r_bar_star": [0, -1.413088607e-16, -1.014747227e-16, -1.286240411e-16, -1.375374801e-16, -1.059662354e-16, -8.91824687e-17, -7.520060186e-17, -6.344093429e-17, -5.350620852e-17, -4.510047916e-17, -3.798868432e-17, -3.197630553e-17, -2.689875377e-17, -2.261537497e-17, -1.90056216e-17, -1.59662504e-17, -1.340903975e-17, -1.12588134e-17, -9.451687232e-18, -7.933507116e-18], "a": [0, 0, 3.580418264e-33, 3.938460091e-33, 3.249229575e-33, 2.382768355e-33, 1.638153244e-33, 1.081181141e-33, 6.937578989e-34, 4.360763936e-34, 2.698222685e-34, 1.648913863e-34, 9.975928872e-35, 5.985557323e-35, 3.566394572e-35, 2.112402939e-35, 1.244808875e-35, 7.302878731e-36, 4.267619758e-36, 2.485260918e-36, 1.442832033e-36], "a_star": [0, 1.317338207e-16, 7.24536014e-17, 3.984948077e-17, 2.191721442e-17, 1.205446793e-17, 6.629957363e-18, 3.64647655e-18, 2.005562102e-18, 1.103059156e-18, 6.06682536e-19, 3.336753948e-19, 1.835214671e-19, 1.009368069e-19, 5.551524381e-20, 3.053338409e-20, 1.679336125e-20, 9.236348688e-21, 5.079991779e-21, 2.793995478e-21, 1.536697513e-21], "mc": [0, -2.569084902, -2.16057426, -1.815922305, -1.525561629, -1.281198751, -1.075708426, -0.9030078844, -0.757928062, -0.6360909863, -0.5337977629, -0.4479288675, -0.3758569001, -0.3153711326, -0.2646127952, -0.2220198946, -0.1862803641, -0.1562924077, -0.1311310111, -0.1100197089, -0.09230681049], "mc_star": [0, -0.4699509584, 0.06915243422, 0.3485600034, 0.4745875759, 0.5123690767, 0.5014648413, 0.4656075319, 0.4187790941, 0.3689928599, 0.3206414061, 0.2759489872, 0.2358657426, 0.2006145708, 0.1700224624, 0.1437185574, 0.121250206, 0.1021489275, 0.08596605498, 0.07229029352, 0.06075471105], "y": [0, -0.4782541826, -0.4270895666, -0.3745233682, -0.3243774845, -0.2785168013, -0.2376648222, -0.2019012395, -0.1709623224, -0.1444195453, -0.1217834436, -0.1025619003, -0.08629096372, -0.0725493652, -0.06096359146, -0.051207684, -0.04300027707, -0.03610036113, -0.03030263036, -0.02543289084, -0.02134377658], "y_star": [0, 0.000298530211, 0.1054049058, 0.1543580698, 0.1708348703, 0.1692398017, 0.1582349762, 0.1429417749, 0.1263115705, 0.1099770572, 0.09477924981, 0.08109223179, 0.06902201662, 0.05852724846, 0.04949154122, 0.04176603497, 0.03519373058, 0.02962277841, 0.02491315862, 0.02093948437, 0.01759159727], "y_bar": [0, -1.208141658e-16, 1.852726068e-16, 1.546804796e-16, 1.421273289e-16, 1.408787114e-16, 1.27468439e-16, 1.126941765e-16, 9.8118684e-17, 8.453907335e-17, 7.230767775e-17, 6.15249214e-17, 5.215445683e-17, 4.409114861e-17, 3.720052776e-17, 3.134106656e-17, 2.637618691e-17, 2.218020673e-17, 1.864077327e-17, 1.565932044e-17, 1.315046914e-17], "y_bar_star": [0, 9.025111829e-17, 3.219689695e-17, 1.102045515e-17, 4.630920101e-19, -4.434031933e-18, -6.367462709e-18, -6.795115566e-18, -6.498133269e-18, -5.889031248e-18, -5.180500102e-18, -4.477715295e-18, -3.828684357e-18, -3.25159723e-18, -2.749592203e-18, -2.318650627e-18, -1.951752493e-18, -1.641007729e-18, -1.378700369e-18, -1.15775631e-18, -9.719117175e-19], "p": [0, -0.5978836762, -0.7995352802, -0.9266211531, -1.006852666, -1.057620074, -1.089840265, -1.110369468, -1.123516223, -1.131990209, -1.137497368, -1.141113213, -1.143517054, -1.145139005, -1.146252264, -1.147031088, -1.147587221, -1.147992815, -1.148294865, -1.148524309, -1.148701781], "p_star": [0, 0.4165347243, 0.4605983982, 0.4520602698, 0.4163671408, 0.3685348366, 0.3171906585, 0.2670834053, 0.2206365843, 0.1789050554, 0.1421604245, 0.1102460015, 0.08278923027, 0.05932639017, 0.03937366415, 0.02246572631, 0.008174927958, -0.003880874053, -0.01403693307, -0.02258370113, -0.0297706186], "e": [0, -0.6470858277, -0.8513959171, -0.9727169928, -1.04309945, -1.082461143, -1.103141953, -1.112754611, -1.115968156, -1.115622819, -1.113426301, -1.110388025, -1.107089498, -1.103852216, -1.100841605, -1.09813106, -1.095741162, -1.093663476, -1.091874811, -1.090345608, -1.089044734], "s": [0, -0.4591657159, -0.5109222016, -0.5074555375, -0.4751504471, -0.4296172097, -0.3798612138, -0.3308728283, -0.285230814, -0.2440905568, -0.2077893647, -0.176213986, -0.1490209833, -0.1257664737, -0.1059804045, -0.08920719304, -0.07502623336, -0.06306058166, -0.05297890201, -0.0444937502, -0.03735803461], "q": [0, 0.3673325728, 0.4087377613, 0.40596443, 0.3801203577, 0.3436937677, 0.3038889711, 0.2646982627, 0.2281846512, 0.1952724454, 0.1662314917, 0.1409711888, 0.1192167866, 0.1006131789, 0.08478432359, 0.07136575443, 0.06002098669, 0.05044846533, 0.04238312161, 0.03559500016, 0.02988642769], "interest": [0, 0.6826428863, 0.3997841075, 0.2269899588, 0.1224677198, 0.06013402717, 0.02373520235, 0.003164174213, -0.007845984426, -0.01316589514, -0.01517325459, -0.01531767764, -0.01447354513, -0.0131601503, -0.01167882212, -0.01019814311, -0.008806746489, -0.007545889194, -0.006429430648, -0.005455987031, -0.0046162399],