{"interest_": {"x": [0, -0.19575007, -0.1328135165, -0.08744136612, -0.05851724005, -0.05305645239, -0.04758802222, -0.04070695477, -0.03327000573, -0.02736509744, -0.02281439966, -0.01915652984, -0.01604058438, -0.01338931318, -0.01116674084, -0.009321028724, -0.007785345234, -0.006502932077, -0.005430557966, -0.00453451569, -0.003786397658], "pi_H": [0, -0.03937927684, -0.02975191681, -0.02376974291, -0.01987691166, -0.01692841033, -0.01421591716, -0.01183191691, -0.009838305293, -0.008210077911, -0.006863003306, -0.005735489265, -0.00478936171, -0.003998301816, -0.003338379944, -0.002787844717, -0.002328157622, -0.001944181635, -0.001623482907, -0.001355686049, -0.001132075688], "r": [0, 0.2030140572, 0.08735650316, 0.01584260216, -0.02624255296, -0.01158418799, -0.001529497839, 0.001404905437, -0.0006354038375, -0.001598089882, -0.00145526775, -0.0009510267819, -0.0006802774633, -0.0005793157386, -0.0005196017588, -0.0004442010415, -0.0003667877641, -0.0003018962879, -0.0002514441843, -0.0002107540498, -0.000176479967], "pi": [0, -0.2567578277, -0.005142884259, 0.02161973546, 0.02619091929, -0.0003978312453, -0.00349581638, -0.001752704977, 0.001002211746, 0.001056952944, 0.000558082828, 0.0002060681301, 0.0001781600631, 0.0002030133374, 0.0001945524104, 0.0001572584827, 0.0001238517087, 0.0001014112107, 8.583264476e-05, 7.258145129e-05, 6.070943798e-05], "x_star": [0, 0.0559796593, 0.09041834548, 0.08322835919, 0.05880479952, 0.04512276845, 0.03817705722, 0.03338614838, 0.02826951102, 0.02344296877, 0.01939986557, 0.01617726522, 0.01354069781, 0.01132674233, 0.009458091768, 0.007893301659, 0.006589497801, 0.005503063934, 0.004596008431, 0.003838081675, 0.00320492508], "pi_F_star": [0, -0.04408710602, -0.03266640636, -0.01601340444, 0.003044913414, 0.001633446154, -0.001010297817, -0.002323452965, -0.001632808998, -0.0009969601312, -0.0007115582227, -0.0006548297504, -0.0005929706274, -0.000501771957, -0.000409089734, -0.0003365007876, -0.0002811927468, -0.0002362218518, -0.0001977447335, -0.0001649887492, -0.0001375952626], "r_star": [0, 0.1727561982, 0.04468008789, -0.01242205161, -0.02604800657, -0.01028979174, -0.003220158264, -0.0024346172, -0.003718987007, -0.003692296059, -0.002976338674, -0.002274104336, -0.001851875553, -0.001575505922, -0.001340594718, -0.001121690978, -0.0009317089207, -0.0007753976164, -0.0006477107737, -0.0005415904311, -0.0004525009984], "pi_star": [0, 0.1732914449, -0.05727543891, -0.0614028828, -0.04302291754, -0.01489713293, -0.0117303986, -0.0124026649, -0.01247332604, -0.01026399099, -0.008132644356, -0.006596387146, -0.0055604924, -0.00470308711, -0.003942022088, -0.003281603987, -0.002733202078, -0.002281814698, -0.001907060285, -0.001593256249, -0.001330380389], "r_bar": [0, 5.613406347e-18, 4.173112061e-17, -1.052494763e-17, 5.716001901e-18, 6.820370655e-18, 8.575682951e-18, 5.472371699e-18, 4.080544228e-18, 3.258585898e-18, 2.923565239e-18, 2.501046127e-18, 2.0852109e-18, 1.716166091e-18, 1.427428576e-18, 1.194442803e-18, 1.000369892e-18, 8.357140622e-19, 6.973762769e-19, 5.820313413e-19, 4.860380652e-19], "r_bar_star": [0, 3.329044055e-17, 3.980526941e-17, 3.101234663e-17, 1.007460543e-17, 1.753854093e-18, 2.685742844e-18, 4.24676746e-18, 4.055029924e-18, 3.080944757e-18, 2.327439644e-18, 1.917906667e-18, 1.651907904e-18, 1.405538298e-18, 1.171859863e-18, 9.713725222e-19, 8.087369577e-19, 6.761356515e-19, 5.655254859e-19, 4.724162754e-19, 3.94339265e-19], "a": [0, 0, 0, 0, 0, 0, 0, 0, 0, 0, 0, 0, 0, 0, 0, 0, 0, 0, 0, 0, 0], "a_star": [0, 0, 0, 0, 0, 0, 0, 0, 0, 0, 0, 0, 0, 0, 0, 0, 0, 0, 0, 0, 0], "mc": [0, -0.8194854385, -0.513567358, -0.3378385618, -0.2574318249, -0.2357052395, -0.2066135297, -0.172733505, -0.1412197564, -0.1168930435, -0.09783321465, -0.08207514271, -0.06861822209, -0.0572454224, -0.0477589272, -0.03987814718, -0.03330972685, -0.02782020203, -0.02323104097, -0.01939798215, -0.01619803233], "mc_star": [0, 0.1469776136, 0.3276401664, 0.3096615603, 0.2072979614, 0.1543286302, 0.1312816361, 0.1167977454, 0.09936165528, 0.0821866926, 0.06779260254, 0.0565055269, 0.04733691975, 0.03962131934, 0.03308386268, 0.02760430216, 0.02304237442, 0.01924389705, 0.0160727645, 0.01342238255, 0.01120800703], "y": [0, -0.19575007, -0.1328135165, -0.08744136612, -0.05851724005, -0.05305645239, -0.04758802222, -0.04070695477, -0.03327000573, -0.02736509744, -0.02281439966, -0.01915652984, -0.01604058438, -0.01338931318, -0.01116674084, -0.009321028724, -0.007785345234, -0.006502932077, -0.005430557966, -0.00453451569, -0.003786397658], "y_star": [0, 0.0559796593, 0.09041834548, 0.08322835919, 0.05880479952, 0.04512276845, 0.03817705722, 0.03338614838, 0.02826951102, 0.02344296877, 0.01939986557, 0.01617726522, 0.01354069781, 0.01132674233, 0.009458091768, 0.007893301659, 0.006589497801, 0.005503063934, 0.004596008431, 0.003838081675, 0.00320492508], "y_bar": [0, 4.439330254e-17, 8.610400419e-17, -7.602121015e-17, 1.350894888e-17, -2.677739089e-18, 5.115172177e-18, -2.154432842e-18, -1.136568821e-18, -1.125834184e-18, -3.762444004e-19, -3.639927014e-19, -3.362448252e-19, -3.318432377e-19, -2.696748679e-19, -2.176369346e-19, -1.773868864e-19, -1.494986552e-19, -1.259588708e-19, -1.054929184e-19, -8.786328948e-20], "y_bar_star": [0, -1.302315452e-17, -1.801850236e-17, -1.011088918e-17, -1.025269117e-18, -1.536385973e-18, -2.368506979e-18, -2.6325678e-18, -2.035238051e-18, -1.534936844e-18, -1.230943405e-18, -1.057727262e-18, -9.037387656e-19, -7.57091109e-19, -6.275338381e-19, -5.218045166e-19, -4.358990161e-19, -3.64650379e-19, -3.047090517e-19, -2.543784949e-19, -2.123396474e-19], "p": [0, -0.2567578277, -0.261900712, -0.2402809765, -0.2140900572, -0.2144878885, -0.2179837049, -0.2197364098, -0.2187341981, -0.2176772452, -0.2171191623, -0.2169130942, -0.2167349341, -0.2165319208, -0.2163373684, -0.2161801099, -0.2160562582, -0.215954847, -0.2158690143, -0.2157964329, -0.2157357235], "p_star": [0, 0.1732914449, 0.116016006, 0.05461312316, 0.01159020562, -0.003306927315, -0.01503732591, -0.02743999081, -0.03991331685, -0.05017730783, -0.05830995219, -0.06490633933, -0.07046683173, -0.07516991884, -0.07911194093, -0.08239354492, -0.085126747, -0.0874085617, -0.08931562198, -0.09090887823, -0.09223925862], "e": [0, -0.236823894, -0.206566035, -0.1638896197, -0.135624966, -0.1358195123, -0.1371139086, -0.1354232482, -0.1315837255, -0.1285001424, -0.1264059362, -0.1248848653, -0.1235617877, -0.1223901896, -0.1213939994, -0.1205730065, -0.1198955165, -0.1193305954, -0.1188570941, -0.1184608275, -0.1181299911], "s": [0, -0.2415317232, -0.2141883537, -0.1637556, -0.1125691211, -0.09420181104, -0.08229058795, -0.07109146358, -0.05904644464, -0.04874974369, -0.04050409243, -0.033902362, -0.02838289336, -0.02371476541, -0.01978928502, -0.01651694813, -0.01379249332, -0.01151961238, -0.009620372875, -0.008033408986, -0.006708092179], "q": [0, 0.1932253786, 0.171350683, 0.13100448, 0.09005529691, 0.07536144883, 0.06583247036, 0.05687317086, 0.04723715571, 0.03899979496, 0.03240327395, 0.0271218896, 0.02270631469, 0.01897181233, 0.01583142801, 0.0132135585, 0.01103399465, 0.009215689901, 0.0076962983, 0.006426727189, 0.005366473743], "interest": [0, 0.8120562289, 0.3494260126, 0.06337040862, -0.1049702118, -0.04633675196, -0.006117991356, 0.005619621747, -0.00254161535, -0.006392359529, -0.005821070998, -0.003804107128, -0.002721109853, -0.002317262954, -0.002078407035, -0.001776804166, -0.001467151057, -0.001207585152, -0.001005776737, -0.0008430161992, -0.0007059198679], "inflation": [0, -0.2567578277, -0.261900712, -0.2402809765, -0.2140900572, 0.04226993924, 0.04391700712, 0.02054456669, -0.004644140856, -0.003189356667, 0.0008645425406, 0.002823315648, 0.001999263965, 0.001145324359, 0.000781793941, 0.0007329842936, 0.0006786759392, 0.0005770738125, 0.0004683540469, 0.0003836770155, 0.0003205347448],