{"interest_": {"x": [0, -0.1851994957, -0.1396071074, -0.1004873618, -0.07093743893, -0.05952623596, -0.05136752408, -0.04399739281, -0.03681555578, -0.0306821848, -0.02563131244, -0.02148785639, -0.01802679648, -0.01511642815, -0.01266942869, -0.01061755771, -0.00889875591, -0.007458784588, -0.006251905194, -0.005240229952, -0.004392211034], "pi_H": [0, -0.04361814176, -0.03386795269, -0.02714366806, -0.02247491214, -0.01898145114, -0.0159885631, -0.01340699832, -0.01121855738, -0.009393901616, -0.007872857574, -0.006600323356, -0.005532938829, -0.004637568369, -0.003886928685, -0.003257850904, -0.002730644292, -0.002288767584, -0.001918389881, -0.001607942958, -0.001347733623], "r": [0, 0.1598580544, 0.08475236451, 0.02907458506, -0.01119747189, -0.009412155119, -0.004370661424, -0.001250654954, -0.001220164478, -0.001469248692, -0.00145559857, -0.001210399504, -0.0009738254323, -0.0007986316211, -0.0006712836953, -0.0005667746868, -0.0004766089694, -0.000399277589, -0.0003342826061, -0.0002800593005, -0.0002347637247], "pi": [0, -0.2368436619, -0.02828759153, 0.004145513712, 0.01724467597, 0.002270467956, -0.001287199458, -0.001636630598, -0.0003159406932, 8.240681196e-05, 9.071155739e-05, -1.455386268e-05, -4.404603121e-05, -3.614663237e-05, -2.195282198e-05, -1.54839913e-05, -1.321087128e-05, -1.183473692e-05, -1.017281765e-05, -8.49015994e-06, -7.045423129e-06], "x_star": [0, 0.03856042755, 0.07769061987, 0.0805767204, 0.06413037949, 0.05093133542, 0.0420655052, 0.03580526002, 0.03036159773, 0.02552116957, 0.02135003224, 0.01786700461, 0.01497179112, 0.01255359947, 0.01052486145, 0.00882199148, 0.007393938286, 0.006197165151, 0.005194282069, 0.004353751478, 0.003649220357], "pi_F_star": [0, -0.02567825922, -0.02516494276, -0.0165495974, -0.002066235591, -0.0003987089271, -0.0009389133303, -0.001693689792, -0.001524173339, -0.001188253039, -0.0009144521804, -0.0007561140143, -0.0006429276789, -0.0005458164619, -0.000458219714, -0.0003830910002, -0.0003204752932, -0.0002685600481, -0.0002251958988, -0.0001888075365, -0.0001582564092], "r_star": [0, 0.1623606631, 0.06058067765, 0.005350385927, -0.01622797312, -0.01069735384, -0.005735539254, -0.003670289454, -0.003543747488, -0.003359253445, -0.002928910887, -0.002419158129, -0.001994764344, -0.001664340276, -0.001399153695, -0.001175976155, -0.0009863268191, -0.0008263247883, -0.0006923169602, -0.0005802356421, -0.0004863782978], "pi_star": [0, 0.1675472609, -0.03074530393, -0.04783877917, -0.04178582371, -0.02165062802, -0.01564027697, -0.01346405751, -0.01242679003, -0.01066456147, -0.008878021312, -0.007341883507, -0.006131820476, -0.005147238199, -0.004323195577, -0.003625457913, -0.003037908714, -0.002545492895, -0.002133412962, -0.001788260335, -0.001498944609], "r_bar": [0, -5.191381258e-17, 1.203344291e-16, -4.948229133e-17, -5.571443062e-17, -4.189608684e-17, -2.39693641e-17, -1.888699692e-17, -1.675435117e-17, -1.503600511e-17, -1.273362362e-17, -1.057458548e-17, -8.779890543e-18, -7.349397765e-18, -6.170927299e-18, -5.179787782e-18, -4.342321271e-18, -3.63853901e-18, -3.049073396e-18, -2.555605123e-18, -2.142148109e-18], "r_bar_star": [0, 3.10893492e-18, 1.510521319e-16, -5.885915411e-17, -6.58443214e-17, -3.438764523e-17, -1.335946235e-17, -1.006733707e-17, -1.067306015e-17, -1.031229298e-17, -8.72235324e-18, -7.090611417e-18, -5.824900608e-18, -4.879195456e-18, -4.111320496e-18, -3.456391407e-18, -2.896991026e-18, -2.426098324e-18, -2.032589948e-18, -1.703705159e-18, -1.428199282e-18], "a": [0, 0, 0, 0, 0, 0, 0, 0, 0, 0, 0, 0, 0, 0, 0, 0, 0, 0, 0, 0, 0], "a_star": [0, 0, 0, 0, 0, 0, 0, 0, 0, 0, 0, 0, 0, 0, 0, 0, 0, 0, 0, 0, 0], "mc": [0, -0.8330258473, -0.5776283651, -0.4040508752, -0.3041236663, -0.2603207614, -0.2242267241, -0.1899599869, -0.1584160829, -0.1320913171, -0.110521441, -0.09270114896, -0.07775885586, -0.06518881411, -0.05463217073, -0.0457854816, -0.03837504086, -0.0321656369, -0.02696089144, -0.02259798206, -0.01894095541], "mc_star": [0, 0.0554515535, 0.2585877509, 0.2891460358, 0.2256452755, 0.1757494984, 0.1443553818, 0.1235980466, 0.1052474856, 0.0885552007, 0.07402733, 0.061915203, 0.05187772588, 0.0435046271, 0.03647747907, 0.030575984, 0.02562597289, 0.02147788875, 0.01800211844, 0.01508909856, 0.01264738331], "y": [0, -0.1851994957, -0.1396071074, -0.1004873618, -0.07093743893, -0.05952623596, -0.05136752408, -0.04399739281, -0.03681555578, -0.0306821848, -0.02563131244, -0.02148785639, -0.01802679648, -0.01511642815, -0.01266942869, -0.01061755771, -0.00889875591, -0.007458784588, -0.006251905194, -0.005240229952, -0.004392211034], "y_star": [0, 0.03856042755, 0.07769061987, 0.0805767204, 0.06413037949, 0.05093133542, 0.0420655052, 0.03580526002, 0.03036159773, 0.02552116957, 0.02135003224, 0.01786700461, 0.01497179112, 0.01255359947, 0.01052486145, 0.00882199148, 0.007393938286, 0.006197165151, 0.005194282069, 0.004353751478, 0.003649220357], "y_bar": [0, -4.992115279e-18, -1.327516938e-16, -1.079004742e-16, -7.634670683e-17, -6.471955554e-18, -4.519771086e-19, -2.950336811e-18, -6.84189364e-18, -6.162214625e-18, -4.761080109e-18, -3.605249219e-18, -2.977682824e-18, -2.538412266e-18, -2.160225688e-18, -1.813801698e-18, -1.515722414e-18, -1.267535905e-18, -1.062183991e-18, -8.907445157e-19, -7.468514966e-19], "y_bar_star": [0, 3.811414533e-18, 2.738540875e-18, 1.564249466e-18, 3.383333893e-19, 6.111311257e-19, 6.368099113e-19, 6.006520628e-19, 4.784297616e-19, 3.872869591e-19, 3.19984733e-19, 2.704154112e-19, 2.28041364e-19, 1.914752306e-19, 1.602854933e-19, 1.342160198e-19, 1.124722981e-19, 9.429093266e-20, 7.90442861e-20, 6.625450332e-20, 5.553086339e-20], "p": [0, -0.2368436619, -0.2651312534, -0.2609857397, -0.2437410637, -0.2414705957, -0.2427577952, -0.2443944258, -0.2447103665, -0.2446279597, -0.2445372481, -0.244551802, -0.244595848, -0.2446319946, -0.2446539475, -0.2446694315, -0.2446826423, -0.2446944771, -0.2447046499, -0.24471314, -0.2447201855], "p_star": [0, 0.1675472609, 0.136801957, 0.08896317778, 0.04717735408, 0.02552672605, 0.00988644908, -0.003577608431, -0.01600439846, -0.02666895992, -0.03554698124, -0.04288886474, -0.04902068522, -0.05416792342, -0.058491119, -0.06211657691, -0.06515448562, -0.06769997852, -0.06983339148, -0.07162165182, -0.07312059642], "e": [0, -0.2326349049, -0.2351375135, -0.2109658266, -0.1872416275, -0.1822111263, -0.1809259276, -0.1795610497, -0.1771414152, -0.1748178322, -0.1729278275, -0.1714545152, -0.1702457565, -0.1692248176, -0.168359109, -0.167631239, -0.1670220375, -0.1665123196, -0.1660852724, -0.1657272381, -0.1654270618], "s": [0, -0.2146950223, -0.208494621, -0.1737288635, -0.1295959878, -0.1059827444, -0.08964789589, -0.07656970954, -0.064455691, -0.05392645941, -0.04507804926, -0.03776052761, -0.03166175783, -0.02654906701, -0.02225464939, -0.01865201948, -0.01563264902, -0.01310272363, -0.01098248245, -0.009205312673, -0.007715659117], "q": [0, 0.1717560179, 0.1667956968, 0.1389830908, 0.1036767903, 0.08478619551, 0.07171831672, 0.06125576763, 0.0515645528, 0.04314116753, 0.03606243941, 0.03020842208, 0.02532940626, 0.02123925361, 0.01780371951, 0.01492161559, 0.01250611921, 0.0104821789, 0.008785985959, 0.007364250138, 0.006172527294], "interest": [0, 0.6394322177, 0.339009458, 0.1162983402, -0.04478988756, -0.03764862047, -0.0174826457, -0.005002619817, -0.004880657913, -0.005876994769, -0.005822394278, -0.004841598015, -0.003895301729, -0.003194526484, -0.002685134781, -0.002267098747, -0.001906435878, -0.001597110356, -0.001337130424, -0.001120237202, -0.0009390548987], "inflation": [0, -0.2368436619, -0.2651312534, -0.2609857397, -0.2437410637, -0.004626933885, 0.02237345818, 0.01659131387, -0.0009693027927, -0.003157363937, -0.001779452922, -0.0001573761866, 0.0001145184755, -4.034968872e-06, -0.0001166993482, -0.0001176294769, -8.679431693e-05, -6.248242148e-05, -5.070241715e-05, -4.370858579e-05, -3.754313764e-05],