{"interest_": {"x": [0, -0.1325124198, -0.06920450453, -0.05230423785, -0.04279750084, -0.03547483626, -0.0294639198, -0.02447899521, -0.02033840921, -0.01689831819, -0.01404010841, -0.01166534295, -0.009692249218, -0.00805288757, -0.006690810027, -0.005559116333, -0.004618839017, -0.003837601624, -0.0031885039, -0.002649195544, -0.002201106617], "pi_H": [0, -0.02423997429, -0.01820440386, -0.01487940264, -0.01233144334, -0.01024171663, -0.008508913201, -0.007069638767, -0.005873861276, -0.004880346492, -0.004054877199, -0.003369029141, -0.002799186471, -0.002325727852, -0.001932350737, -0.001605510021, -0.001333951636, -0.001108325045, -0.0009208612765, -0.0007651054121, -0.0006356943294], "r": [0, 0.1607533161, 0.01842573109, 0.0006830414265, -0.001290474145, -0.001308224675, -0.001116932056, -0.000931821214, -0.0007746953992, -0.0006437237134, -0.0005348511218, -0.0004443865887, -0.0003692224972, -0.0003067716635, -0.0002548838439, -0.0002117724066, -0.0001759529026, -0.0001461919634, -0.0001214648344, -0.0001009200892, -8.385031318e-05], "pi": [0, -0.1801954968, 0.03346774182, 0.005972337039, 0.002188474583, 0.001465965404, 0.001173250475, 0.0009691192607, 0.0008044786827, 0.0006683161924, 0.0005552645286, 0.0004613447686, 0.000383312031, 0.0003184780324, 0.0002646101749, 0.0002198536106, 0.0001826672395, 0.0001517706272, 0.0001260999146, 0.0001047711849, 8.70500288e-05], "x_star": [0, 0.04808792605, 0.05155822074, 0.04431165801, 0.03700397154, 0.03076885126, 0.02556758312, 0.02124342743, 0.01765033085, 0.01466493348, 0.01218448531, 0.0101235832, 0.00841126509, 0.006988571036, 0.005806513597, 0.004824391134, 0.004008386346, 0.003330401837, 0.00276709265, 0.002299062428, 0.001910195544], "pi_F_star": [0, -0.0455107193, -0.007717524036, -0.002589090328, -0.001665514731, -0.001322113662, -0.001090652338, -0.0009051822055, -0.000751951856, -0.0006247495203, -0.0005190764039, -0.0004312787793, -0.0003583316035, -0.0002977228518, -0.0002473655593, -0.0002055257757, -0.0001707628362, -0.0001418797527, -0.0001178819974, -9.794325869e-05, -8.137698828e-05], "r_star": [0, 0.1138267007, 0.007547443759, -0.004784272102, -0.00537940677, -0.004647923453, -0.003884428859, -0.003230289526, -0.002684279188, -0.002230302616, -0.001853071771, -0.001539641168, -0.001279224035, -0.001062854166, -0.0008830814115, -0.0007337156906, -0.0006096139128, -0.0005065028967, -0.0004208322332, -0.0003496520349, -0.0002905113627], "pi_star": [0, 0.1104448032, -0.05938966972, -0.02344083001, -0.01618543266, -0.01302979569, -0.01077281601, -0.008943940233, -0.007430291814, -0.006173412205, -0.005129218131, -0.004261652688, -0.003540830106, -0.002941928736, -0.002444326471, -0.002030889407, -0.001687381711, -0.001401975425, -0.001164843188, -0.0009678198557, -0.0008041213465], "r_bar": [0, -7.691568017e-18, -2.716951648e-17, -1.054219298e-17, 6.061800226e-18, 7.708629667e-18, 5.580887795e-18, 4.532267411e-18, 3.752377638e-18, 3.11600591e-18, 2.588745427e-18, 2.150853869e-18, 1.787051741e-18, 1.484786676e-18, 1.233647564e-18, 1.024986548e-18, 8.516187776e-19, 7.075746937e-19, 5.878944434e-19, 4.884570911e-19, 4.058387224e-19], "r_bar_star": [0, -6.70131666e-18, -1.770791753e-17, -4.508785749e-19, 7.706463988e-18, 1.54893325e-17, 1.128354117e-17, 9.173565902e-18, 7.596343286e-18, 6.308235351e-18, 5.240837937e-18, 4.354342247e-18, 3.617835572e-18, 3.005908563e-18, 2.49748455e-18, 2.075056235e-18, 1.724078094e-18, 1.432464926e-18, 1.190175649e-18, 9.888675458e-19, 8.216089985e-19], "a": [0, 0, 0, 0, 0, 0, 0, 0, 0, 0, 0, 0, 0, 0, 0, 0, 0, 0, 0, 0, 0], "a_star": [0, 0, 0, 0, 0, 0, 0, 0, 0, 0, 0, 0, 0, 0, 0, 0, 0, 0, 0, 0, 0], "mc": [0, -0.5133810111, -0.2868271304, -0.2205638863, -0.1810027061, -0.1501012203, -0.1246764898, -0.1035838985, -0.08606297464, -0.0715060788, -0.05941142337, -0.04936248446, -0.04101323928, -0.03407619815, -0.02831249862, -0.02352367993, -0.01954484925, -0.01623900398, -0.01349231437, -0.01121020398, -0.009314093182], "mc_star": [0, 0.1547773249, 0.1804531768, 0.1565183068, 0.1308813554, 0.1088501848, 0.0904526038, 0.07515502941, 0.06244341235, 0.05188166714, 0.04310632727, 0.03581525855, 0.02975741179, 0.02472419831, 0.02054231014, 0.01706775284, 0.0141808874, 0.01178231073, 0.009789432929, 0.008133633487, 0.006757898459], "y": [0, -0.1325124198, -0.06920450453, -0.05230423785, -0.04279750084, -0.03547483626, -0.0294639198, -0.02447899521, -0.02033840921, -0.01689831819, -0.01404010841, -0.01166534295, -0.009692249218, -0.00805288757, -0.006690810027, -0.005559116333, -0.004618839017, -0.003837601624, -0.0031885039, -0.002649195544, -0.002201106617], "y_star": [0, 0.04808792605, 0.05155822074, 0.04431165801, 0.03700397154, 0.03076885126, 0.02556758312, 0.02124342743, 0.01765033085, 0.01466493348, 0.01218448531, 0.0101235832, 0.00841126509, 0.006988571036, 0.005806513597, 0.004824391134, 0.004008386346, 0.003330401837, 0.00276709265, 0.002299062428, 0.001910195544], "y_bar": [0, -1.18328351e-17, -3.889857873e-17, 1.072285462e-17, 2.122834686e-18, 8.962134228e-18, 6.632862126e-18, 5.407641708e-18, 4.479859076e-18, 3.720461544e-18, 3.090965255e-18, 2.568127825e-18, 2.133747396e-18, 1.772841711e-18, 1.472980536e-18, 1.223838381e-18, 1.016836512e-18, 8.448472512e-19, 7.019485136e-19, 5.832198839e-19, 4.845731936e-19], "y_bar_star": [0, -9.745813293e-18, -4.292304112e-18, -4.110562698e-18, -3.484434967e-18, -2.903855245e-18, -2.413808495e-18, -2.005675017e-18, -1.666450126e-18, -1.384586527e-18, -1.150395765e-18, -9.558161282e-19, -7.941479522e-19, -6.598245711e-19, -5.482208486e-19, -4.554939479e-19, -3.78451015e-19, -3.144392398e-19, -2.612545128e-19, -2.170655307e-19, -1.803507397e-19], "p": [0, -0.1801954968, -0.146727755, -0.140755418, -0.1385669434, -0.137100978, -0.1359277275, -0.1349586082, -0.1341541295, -0.1334858134, -0.1329305488, -0.1324692041, -0.132085892, -0.131767414, -0.1315028038, -0.1312829502, -0.131100283, -0.1309485123, -0.1308224124, -0.1307176412, -0.1306305912], "p_star": [0, 0.1104448032, 0.0510551335, 0.02761430349, 0.01142887083, -0.001600924861, -0.01237374088, -0.02131768111, -0.02874797292, -0.03492138513, -0.04005060326, -0.04431225595, -0.04785308605, -0.05079501479, -0.05323934126, -0.05527023067, -0.05695761238, -0.0583595878, -0.05952443099, -0.06049225085, -0.06129637219], "e": [0, -0.1520131689, -0.1050865535, -0.0942082662, -0.08874095267, -0.08465202004, -0.08131232127, -0.07854482446, -0.07624635615, -0.07433677236, -0.07275019346, -0.07143197281, -0.07033671823, -0.0694267167, -0.06867063419, -0.06804243663, -0.06752049334, -0.06708683233, -0.0667265214, -0.066427154, -0.06617842205], "s": [0, -0.1732839139, -0.1158704187, -0.09270181906, -0.07656857692, -0.06356004133, -0.05280208169, -0.04387012832, -0.03644975059, -0.03028456983, -0.02516219013, -0.02090621912, -0.01737010968, -0.01443210314, -0.01199103546, -0.009962853647, -0.008277721564, -0.006877615261, -0.005714325048, -0.004747795496, -0.003944746209], "q": [0, 0.1386271311, 0.09269633497, 0.07416145525, 0.06125486153, 0.05084803306, 0.04224166535, 0.03509610266, 0.02915980047, 0.02422765587, 0.02012975211, 0.0167249753, 0.01389608774, 0.01154568251, 0.009592828368, 0.007970282918, 0.006622177251, 0.005502092209, 0.004571460039, 0.003798236397, 0.003155796967], "interest": [0, 0.6430132644, 0.07370292436, 0.002732165706, -0.005161896581, -0.005232898702, -0.004467728225, -0.003727284856, -0.003098781597, -0.002574894854, -0.002139404487, -0.001777546355, -0.001476889989, -0.001227086654, -0.001019535376, -0.0008470896265, -0.0007038116103, -0.0005847678537, -0.0004858593375, -0.0004036803567, -0.0003354012527], "inflation": [0, -0.1801954968, -0.146727755, -0.140755418, -0.1385669434, 0.04309451885, 0.0108000275, 0.005796809723, 0.004412813823, 0.003615164611, 0.002997178664, 0.002489404172, 0.002068237521, 0.001718399361, 0.001427745007, 0.001186253849, 0.0009856090574, 0.0008189016522, 0.000680391392, 0.0005653089663, 0.0004696917556],