{"interest_": {"x": [0, -0.2139504401, -0.1847713959, -0.1587160426, -0.1358552893, -0.1160171134, -0.09892303756, -0.08426105385, -0.0717230796, -0.06102283088, -0.05190306416, -0.04413720513, -0.03752815601, -0.03190581452, -0.02712412954, -0.02305812278, -0.01960108629, -0.01666204621, -0.01416351907, -0.0120395546, -0.01023404369], "pi_H": [0, -0.07955960822, -0.06667957554, -0.05613954931, -0.04741273165, -0.04012706753, -0.03400941962, -0.028852163, -0.02449278753, -0.02080111251, -0.01767101124, -0.01501485245, -0.01275961575, -0.01084406791, -0.009216635084, -0.00783374917, -0.006658530432, -0.005659717986, -0.004810789289, -0.004089227971, -0.00347591075], "r": [0, 0.09316233515, 0.04769760694, 0.02261448905, 0.009015023524, 0.001851378558, -0.001734997391, -0.003358535585, -0.003927308122, -0.003948897287, -0.003704286462, -0.003346649402, -0.00295741382, -0.00257802703, -0.002227911036, -0.001914574383, -0.001639275207, -0.001400165537, -0.001194013587, -0.00101712662, -0.0008658273425], "pi": [0, -0.2712281443, -0.08059967882, -0.04959714266, -0.03139021025, -0.02055160373, -0.01397891089, -0.009895206381, -0.007279796209, -0.005543885763, -0.004345725255, -0.003485194079, -0.00284363784, -0.002349491017, -0.001958598821, -0.001642923652, -0.001384038652, -0.001169358202, -0.0009899364167, -0.0008391666426, -0.000712001008], "x_star": [0, 0.008006457248, 0.05330532477, 0.07178440963, 0.07609068747, 0.07325999301, 0.06715824512, 0.05986760498, 0.05247251028, 0.0455045137, 0.03919327022, 0.03360750018, 0.02873360205, 0.02451901376, 0.02089571353, 0.01779259149, 0.01514163626, 0.01288072883, 0.01095461401, 0.009314927208, 0.007919762394], "pi_F_star": [0, -0.005640255903, -0.005481302786, -0.005050341925, -0.004515580532, -0.003965125767, -0.003442630106, -0.002967412981, -0.002545770183, -0.002177288156, -0.001858333115, -0.001583947576, -0.001348853659, -0.001147959331, -0.0009765913922, -0.0008305811741, -0.0007062734274, -0.0006004974601, -0.0005105218729, -0.0004340042797, -0.0003689418495], "r_star": [0, 0.1698273893, 0.0915174736, 0.04770883861, 0.02342644995, 0.01016204727, 0.003086467496, -0.0005370641503, -0.002255957932, -0.002942092479, -0.003084113111, -0.002953640543, -0.002699724011, -0.002402468075, -0.00210343806, -0.001822863801, -0.001569343329, -0.001345290201, -0.001149969149, -0.0009811685442, -0.0008361051316], "pi_star": [0, 0.1860282802, 0.008438800491, -0.01159274858, -0.02053810193, -0.02354058957, -0.02347313883, -0.0219243696, -0.01975876151, -0.01743451491, -0.0151836191, -0.01311360595, -0.01126483157, -0.00964253622, -0.008234627655, -0.007021406692, -0.005980765208, -0.005090857244, -0.004331374745, -0.003684065608, -0.003132851591], "r_bar": [0, 1.902786469e-17, -2.795414937e-18, 3.343210172e-18, 8.582785548e-18, 9.487015972e-18, 9.311827982e-18, 8.625597256e-18, 7.736374539e-18, 6.806350051e-18, 5.91664999e-18, 5.103930261e-18, 4.380958082e-18, 3.748115276e-18, 3.19976518e-18, 2.727722596e-18, 2.323097665e-18, 1.977233703e-18, 1.682146007e-18, 1.430690803e-18, 1.216592695e-18], "r_bar_star": [0, 5.167408019e-18, -6.584491402e-18, 5.209235729e-18, 1.234285974e-17, 1.396385143e-17, 1.384639567e-17, 1.289521692e-17, 1.160200031e-17, 1.022678556e-17, 8.900713325e-18, 7.684074095e-18, 6.598976764e-18, 5.647624504e-18, 4.822444947e-18, 4.11162402e-18, 3.502057979e-18, 2.980865317e-18, 2.536104096e-18, 2.157058402e-18, 1.834297786e-18], "a": [0, 0, 0, 0, 0, 0, 0, 0, 0, 0, 0, 0, 0, 0, 0, 0, 0, 0, 0, 0, 0], "a_star": [0, 0, 0, 0, 0, 0, 0, 0, 0, 0, 0, 0, 0, 0, 0, 0, 0, 0, 0, 0, 0], "mc": [0, -1.118545467, -0.9166311514, -0.7597110531, -0.6347010382, -0.5332080642, -0.4496514146, -0.3801718361, -0.3219924339, -0.2730394725, -0.2317134476, -0.1967476674, -0.1671183182, -0.1419852528, -0.1206514738, -0.1025342787, -0.08714391405, -0.07406724138, -0.06295488425, -0.0535108895, -0.04548427336], "mc_star": [0, -0.1630446803, 0.06985069868, 0.1780471338, 0.2189079978, 0.2245430875, 0.2127669414, 0.1933253698, 0.1714298979, 0.1497611039, 0.1296015935, 0.1114745904, 0.09550202562, 0.08160375201, 0.06960700466, 0.0593053559, 0.05048942032, 0.04296190529, 0.03654411354, 0.03107788888, 0.02642523115], "y": [0, -0.2139504401, -0.1847713959, -0.1587160426, -0.1358552893, -0.1160171134, -0.09892303756, -0.08426105385, -0.0717230796, -0.06102283088, -0.05190306416, -0.04413720513, -0.03752815601, -0.03190581452, -0.02712412954, -0.02305812278, -0.01960108629, -0.01666204621, -0.01416351907, -0.0120395546, -0.01023404369], "y_star": [0, 0.008006457248, 0.05330532477, 0.07178440963, 0.07609068747, 0.07325999301, 0.06715824512, 0.05986760498, 0.05247251028, 0.0455045137, 0.03919327022, 0.03360750018, 0.02873360205, 0.02451901376, 0.02089571353, 0.01779259149, 0.01514163626, 0.01288072883, 0.01095461401, 0.009314927208, 0.007919762394], "y_bar": [0, -4.435915789e-17, -7.18976801e-18, -2.201156315e-17, -3.933969638e-18, 5.512343485e-19, 2.50040351e-18, 3.282189502e-18, 3.448533158e-18, 3.306293704e-18, 3.02390485e-18, 2.691931136e-18, 2.357403316e-18, 2.043246561e-18, 1.759239584e-18, 1.508167352e-18, 1.289250381e-18, 1.10003454e-18, 9.374137787e-19, 7.981671727e-19, 6.792262445e-19], "y_bar_star": [0, 4.951429078e-19, 2.264500812e-18, 8.006069215e-19, 4.045466345e-20, -3.300286428e-19, -4.8800493e-19, -5.329362709e-19, -5.202581949e-19, -4.805193216e-19, -4.30251294e-19, -3.781345614e-19, -3.284893739e-19, -2.832468492e-19, -2.43057171e-19, -2.079086283e-19, -1.774699473e-19, -1.512766013e-19, -1.288295799e-19, -1.096454162e-19, -9.327939216e-20], "p": [0, -0.2712281443, -0.3518278231, -0.4014249658, -0.432815176, -0.4533667798, -0.4673456907, -0.477240897, -0.4845206932, -0.490064579, -0.4944103043, -0.4978954983, -0.5007391362, -0.5030886272, -0.505047226, -0.5066901497, -0.5080741883, -0.5092435465, -0.5102334829, -0.5110726496, -0.5117846506], "p_star": [0, 0.1860282802, 0.1944670807, 0.1828743321, 0.1623362302, 0.1387956406, 0.1153225018, 0.09339813215, 0.07363937065, 0.05620485574, 0.04102123664, 0.0279076307, 0.01664279913, 0.007000262911, -0.001234364745, -0.008255771437, -0.01423653664, -0.01932739389, -0.02365876863, -0.02734283424, -0.03047568583], "e": [0, -0.2868843924, -0.3635494466, -0.4073693132, -0.4324636628, -0.4468750892, -0.4551857579, -0.4600072228, -0.4628286943, -0.4645000445, -0.4655068493, -0.4661270226, -0.4665200315, -0.4667777213, -0.4669532802, -0.4670777532, -0.4671694638, -0.4672393957, -0.467294271, -0.4673383154, -0.4673742735], "s": [0, -0.2129650401, -0.2284318215, -0.2211624808, -0.2033596792, -0.1816091639, -0.1593530431, -0.1382897579, -0.119164212, -0.1022117379, -0.08740586455, -0.07459513303, -0.0635773798, -0.05413896103, -0.0460744763, -0.03919578128, -0.03333523485, -0.0283459462, -0.02410055412, -0.02048937487, -0.01741836405], "q": [0, 0.1703720321, 0.1827454572, 0.1769299846, 0.1626877434, 0.1452873311, 0.1274824345, 0.1106318064, 0.09533136963, 0.08176939029, 0.06992469164, 0.05967610642, 0.05086190384, 0.04331116883, 0.03685958104, 0.03135662502, 0.02666818788, 0.02267675696, 0.0192804433, 0.0163914999, 0.01393469124], "interest": [0, 0.3726493406, 0.1907904278, 0.09045795618, 0.0360600941, 0.007405514231, -0.006939989564, -0.01343414234, -0.01570923249, -0.01579558915, -0.01481714585, -0.01338659761, -0.01182965528, -0.01031210812, -0.008911644144, -0.007658297533, -0.006557100828, -0.005600662149, -0.004776054348, -0.004068506481, -0.00346330937], "inflation": [0, -0.2712281443, -0.3518278231, -0.4014249658, -0.432815176, -0.1821386355, -0.1155178675, -0.07581593126, -0.05170551721, -0.03669779925, -0.02706461361, -0.02065460131, -0.01621844294, -0.01302404819, -0.01063692176, -0.00879465133, -0.007335052141, -0.006154919327, -0.005186256923, -0.004382499914, -0.00371046227],