{"interest_": {"x": [0, -0.1034361657, -0.01992725239, -0.01631293812, -0.01509117699, -0.02749797454, -0.01457922086, -0.01099866953, -0.008930087896, -0.009846748449, -0.007236350885, -0.005724476934, -0.004637571504, -0.004227221542, -0.003418309079, -0.002785249375, -0.00228051952, -0.001948858643, -0.001611918691, -0.0013299764, -0.001097093927], "pi_H": [0, -0.011751194, -0.00815291328, -0.007327649008, -0.006418038991, -0.005349229129, -0.004185176611, -0.003521024369, -0.002979626092, -0.00248893646, -0.002028007422, -0.001684792644, -0.001407158131, -0.001172336884, -0.0009678582071, -0.0008028148832, -0.0006675968939, -0.000555094683, -0.0004601134702, -0.00038175182, -0.0003170408877], "r": [0, 0.1790958823, -0.02903358125, -0.02438386527, -0.0223457601, 0.02496823521, -0.001116885407, -0.003680003789, -0.004593262162, 0.003098925609, 0.0001437142933, -0.0005762906967, -0.0009389449708, 0.0002707985603, -2.191186053e-06, -0.0001277038084, -0.0002132799918, -2.496454359e-05, -3.397358869e-05, -4.70241468e-05, -6.086451915e-05], "pi": [0, -0.1545989254, 0.08381845953, 0.0111944712, 0.005027693399, -0.02429267206, 0.00995188666, 0.003165971742, 0.001902810524, -0.003474617818, 0.001201190629, 0.000742000452, 0.0005734306497, -0.000385418389, 0.000203580484, 0.0001962802245, 0.000176984209, 6.202513934e-06, 6.724304631e-05, 6.749797278e-05, 6.24490583e-05], "x_star": [0, 0.06198503438, 0.03898882706, 0.02115406879, 0.009121389207, 0.01865156631, 0.01519925165, 0.01103609637, 0.007450695855, 0.007675478654, 0.006546385141, 0.005247972767, 0.004041307486, 0.0035403864, 0.002992743935, 0.002468826835, 0.001995510919, 0.001677175782, 0.001403423867, 0.001165123805, 0.0009585475505], "pi_F_star": [0, -0.06846783205, 0.0004790384019, 0.005854580853, 0.01105614794, -0.009516811704, -0.001552154845, 0.0002226994677, 0.001697006303, -0.001393874719, -0.0005648651911, -0.0001931835366, 0.0001617542787, -0.0002668098308, -0.0001864065158, -0.0001144948453, -3.264327451e-05, -8.146925784e-05, -6.986156381e-05, -5.334663597e-05, -3.305482621e-05], "r_star": [0, 0.08553741972, -0.03643148496, -0.01962715877, -0.005465072751, 0.0118934089, -0.00480315725, -0.004428300967, -0.002402998912, 0.0009740700061, -0.001061113373, -0.001208032488, -0.000907771801, -0.000249348294, -0.0004239768234, -0.0004311736366, -0.0003633181188, -0.0002206643222, -0.0002047348411, -0.0001846935809, -0.0001576034621], "pi_star": [0, 0.07437989934, -0.0914923344, -0.01266753936, -0.0003895844503, 0.009426631227, -0.01568921812, -0.006464296644, -0.003185430314, -0.000408193361, -0.003794063242, -0.002619976632, -0.001818834502, -0.001053728326, -0.001357845207, -0.001113589953, -0.0008772243774, -0.0006427664548, -0.0005972180803, -0.0005025964287, -0.0004125447722], "r_bar": [0, 8.784992139e-18, 1.682680665e-17, 3.620483799e-17, -2.93091936e-17, -8.363715852e-18, -6.215111805e-19, 4.887347637e-18, -4.678171544e-18, -2.653536197e-18, -1.186761895e-18, 1.443825158e-19, -1.102252764e-18, -8.996952051e-19, -6.116821301e-19, -2.933710622e-19, -4.04344975e-19, -3.561385361e-19, -2.817533758e-19, -1.960869308e-19, -1.822899217e-19], "r_bar_star": [0, -6.094889578e-18, -3.770494087e-18, 1.380971614e-17, -2.892871278e-17, -8.651752738e-18, -5.607118131e-18, -1.058409968e-18, -6.926765745e-18, -4.183842119e-18, -3.107263962e-18, -1.861980887e-18, -2.414220762e-18, -1.880058919e-18, -1.503372584e-18, -1.113558842e-18, -1.04318983e-18, -8.62988306e-19, -7.099139437e-19, -5.655425971e-19, -4.847716186e-19], "a": [0, 0, 0, 0, 0, 0, 0, 0, 0, 0, 0, 0, 0, 0, 0, 0, 0, 0, 0, 0, 0], "a_star": [0, 0, 0, 0, 0, 0, 0, 0, 0, 0, 0, 0, 0, 0, 0, 0, 0, 0, 0, 0, 0], "mc": [0, -0.303837511, -0.07419143906, -0.08040471253, -0.09266715022, -0.09957007853, -0.05774552631, -0.04716285174, -0.0425707429, -0.03973286248, -0.02972994808, -0.02408582428, -0.02035689483, -0.0176827095, -0.01429030509, -0.0117160149, -0.009747508434, -0.008222395665, -0.006785435926, -0.005604881382, -0.004650057593], "mc_star": [0, 0.2575873282, 0.1516881829, 0.07270216846, 0.02008290903, 0.07008366094, 0.05647571455, 0.03933524829, 0.02447904152, 0.02752133464, 0.02363780592, 0.01872771985, 0.01403819792, 0.0125528962, 0.0106723985, 0.008783968407, 0.007033345814, 0.00593914534, 0.004983016318, 0.004136769186, 0.003392491788], "y": [0, -0.1034361657, -0.01992725239, -0.01631293812, -0.01509117699, -0.02749797454, -0.01457922086, -0.01099866953, -0.008930087896, -0.009846748449, -0.007236350885, -0.005724476934, -0.004637571504, -0.004227221542, -0.003418309079, -0.002785249375, -0.00228051952, -0.001948858643, -0.001611918691, -0.0013299764, -0.001097093927], "y_star": [0, 0.06198503438, 0.03898882706, 0.02115406879, 0.009121389207, 0.01865156631, 0.01519925165, 0.01103609637, 0.007450695855, 0.007675478654, 0.006546385141, 0.005247972767, 0.004041307486, 0.0035403864, 0.002992743935, 0.002468826835, 0.001995510919, 0.001677175782, 0.001403423867, 0.001165123805, 0.0009585475505], "y_bar": [0, 5.266964906e-17, 9.314227227e-17, 4.88406791e-17, -2.624750999e-17, -8.995634103e-18, 1.518113068e-17, 1.237379363e-17, -2.585156359e-19, -2.513918925e-20, 3.478657044e-18, 3.50028891e-18, 1.364309934e-18, 8.989467431e-19, 1.241270071e-18, 1.216987859e-18, 8.019879168e-19, 5.940198672e-19, 5.563098109e-19, 5.024732841e-19, 3.917144049e-19], "y_bar_star": [0, -1.129385202e-17, -3.109289719e-19, -4.153041879e-18, -3.280545774e-18, -6.662300464e-19, -7.534273167e-19, -1.252017569e-18, -1.133457444e-18, -6.334762443e-19, -5.056520116e-19, -5.114167986e-19, -4.565734155e-19, -3.36302939e-19, -2.689070364e-19, -2.353581627e-19, -2.026591413e-19, -1.628035353e-19, -1.326541326e-19, -1.115236767e-19, -9.398011489e-20], "p": [0, -0.1545989254, -0.07078046587, -0.05958599467, -0.05455830127, -0.07885097333, -0.06889908667, -0.06573311493, -0.0638303044, -0.06730492222, -0.06610373159, -0.06536173114, -0.06478830049, -0.06517371888, -0.06497013839, -0.06477385817, -0.06459687396, -0.06459067145, -0.0645234284, -0.06445593043, -0.06439348137], "p_star": [0, 0.07437989934, -0.01711243506, -0.02977997442, -0.03016955887, -0.02074292765, -0.03643214576, -0.0428964424, -0.04608187272, -0.04649006608, -0.05028412932, -0.05290410595, -0.05472294045, -0.05577666878, -0.05713451399, -0.05824810394, -0.05912532832, -0.05976809477, -0.06036531285, -0.06086790928, -0.06128045405], "e": [0, -0.1020030635, -0.00844460095, -0.001046697243, -0.00580340374, -0.02268409109, -0.009609264776, -0.005922992933, -0.005174695755, -0.007364959004, -0.005240103401, -0.004035275735, -0.003403533944, -0.003434707114, -0.00291456026, -0.002492774622, -0.002189304794, -0.002039266667, -0.001843566888, -0.001672805636, -0.001535136202], "s": [0, -0.1587197015, -0.05652928732, -0.03594915375, -0.02323167332, -0.04427994324, -0.02857209516, -0.02114209948, -0.01571716991, -0.01681237142, -0.01322437359, -0.01052793681, -0.008327282613, -0.007452928729, -0.006151330183, -0.005041224508, -0.00410280106, -0.003479137508, -0.002893185823, -0.002394019387, -0.001972363891], "q": [0, 0.1269757612, 0.04522342986, 0.028759323, 0.01858533866, 0.03542395459, 0.02285767613, 0.01691367959, 0.01257373593, 0.01344989714, 0.01057949887, 0.008422349451, 0.00666182609, 0.005962342983, 0.004921064147, 0.004032979606, 0.003282240848, 0.002783310007, 0.002314548658, 0.001915215509, 0.001577891113], "interest": [0, 0.7163835291, -0.116134325, -0.09753546106, -0.08938304039, 0.09987294083, -0.004467541629, -0.01472001515, -0.01837304865, 0.01239570244, 0.0005748571731, -0.002305162787, -0.003755779883, 0.001083194241, -8.764744213e-06, -0.0005108152334, -0.0008531199671, -9.985817437e-05, -0.0001358943548, -0.0001880965872, -0.0002434580766],