{"interest_": {"pi": [0, 0, -3.855677032e-16, -0.003390539666, -0.0118863102, -0.02501950498, -0.04205965828, -0.05913630837, -0.073691995, -0.08493651773, -0.09229600615, -0.09503663095, -0.09283581529, -0.0858756353, -0.07457555183, -0.05951039792, -0.04146672036, -0.02141592873, -0.0004230975484, 0.02041800787, 0.04002776785], "y": [0, -5.822904529e-18, -0.02421814047, -0.06794951742, -0.1217010129, -0.1770377479, -0.2032961889, -0.2005051883, -0.1749050511, -0.132887985, -0.07994973437, -0.02081792771, 0.04029311541, 0.09956849111, 0.1535953488, 0.1994177051, 0.2346140463, 0.2573811297, 0.2666036623, 0.2618951363, 0.2436048701], "i": [0, 0.9687256188, 0.6255333603, 0.3597147922, 0.144827473, -0.03606579729, -0.1931906386, -0.3279496212, -0.4377244977, -0.5199223397, -0.5725350853, -0.5939583458, -0.5836490116, -0.5426687632, -0.4736164459, -0.3803969997, -0.2680765904, -0.1426810995, -0.01086827121, 0.1204411182, 0.2444168261], "pibar": [0, 0, -2.118790379e-16, -0.0008476349164, -0.003819212468, -0.01007408871, -0.02058900328, -0.03452544546, -0.04997686666, -0.06495611985, -0.07751520681, -0.08649028746, -0.09127624253, -0.09151102192, -0.08708090834, -0.07819935009, -0.06535707635, -0.04924214971, -0.03070403614, -0.01072193469, 0.009651687361], "ibar": [0, 0.2421814047, 0.3985647448, 0.4884934428, 0.5247003111, 0.273502457, 0.06882145731, -0.103094646, -0.2487326387, -0.3696967743, -0.464532886, -0.5310350671, -0.5675161956, -0.5732028014, -0.5484731416, -0.4950828051, -0.4161896998, -0.3161927839, -0.2005057402, -0.07529621073, 0.05282714341], "interest": [0, 0.9687256188, 0.6255333603, 0.3597147922, 0.144827473, -0.03606579729, -0.1931906386, -0.3279496212, -0.4377244977, -0.5199223397, -0.5725350853, -0.5939583458, -0.5836490116, -0.5426687632, -0.4736164459, -0.3803969997, -0.2680765904, -0.1426810995, -0.01086827121, 0.1204411182, 0.2444168261], "inflation": [0, 0, -9.63919258e-17, -0.0008476349164, -0.003819212468, -0.01007408871, -0.02058900328, -0.03452544546, -0.04997686666, -0.06495611985, -0.07751520681, -0.08649028746, -0.09127624253, -0.09151102192, -0.08708090834, -0.07819935009, -0.06535707635, -0.04924214971, -0.03070403614, -0.01072193469, 0.009651687361], "inflationq": [0, 0, 2.956600856e-17, -0.003390539666, -0.0118863102, -0.02501950498, -0.04205965828, -0.05913630837, -0.073691995, -0.08493651773, -0.09229600615, -0.09503663095, -0.09283581529, -0.0858756353, -0.07457555183, -0.05951039792, -0.04146672036, -0.02141592873, -0.0004230975484, 0.02041800787, 0.04002776785], "outputgap": [0, -6.938893904e-18, -0.02421814047, -0.06794951742, -0.1217010129, -0.1770377479, -0.2032961889, -0.2005051883, -0.1749050511, -0.132887985, -0.07994973437, -0.02081792771, 0.04029311541, 0.09956849111, 0.1535953488, 0.1994177051, 0.2346140463, 0.2573811297, 0.2666036623, 0.2618951363, 0.2436048701], "output": [0, -6.938893904e-18, -0.02421814047, -0.06794951742, -0.1217010129, -0.1770377479, -0.2032961889, -0.2005051883, -0.1749050511, -0.132887985, -0.07994973437, -0.02081792771, 0.04029311541, 0.09956849111, 0.1535953488, 0.1994177051, 0.2346140463, 0.2573811297, 0.2666036623, 0.2618951363, 0.2436048701], "AUX_ENDO_LEAD_73": [0, -7.372574773e-17, -0.003390539666, -0.0118863102, -0.02501950498, -0.04205965828, -0.05913630837, -0.073691995, -0.08493651773, -0.09229600615, -0.09503663095, -0.09283581529, -0.0858756353, -0.07457555183, -0.05951039792, -0.04146672036, -0.02141592873, -0.0004230975484, 0.02041800787, 0.04002776785, 0.05739393977], "AUX_ENDO_LEAD_77": [0, -0.003390539666, -0.0118863102, -0.02501950498, -0.04205965828, -0.05913630837, -0.073691995, -0.08493651773, -0.09229600615, -0.09503663095, -0.09283581529, -0.0858756353, -0.07457555183, -0.05951039792, -0.04146672036, -0.02141592873, -0.0004230975484, 0.02041800787, 0.04002776785, 0.05739393977, 0.0716298963], "AUX_ENDO_LEAD_81": [0, -0.0118863102, -0.02501950498, -0.04205965828, -0.05913630837, -0.073691995, -0.08493651773, -0.09229600615, -0.09503663095, -0.09283581529, -0.0858756353, -0.07457555183, -0.05951039792, -0.04146672036, -0.02141592873, -0.0004230975484, 0.02041800787, 0.04002776785, 0.05739393977, 0.0716298963, 0.0820211186], "AUX_ENDO_LEAD_108": [0, -0.02421814047, -0.06794951742, -0.1217010129, -0.1770377479, -0.2032961889, -0.2005051883, -0.1749050511, -0.132887985, -0.07994973437, -0.02081792771, 0.04029311541, 0.09956849111, 0.1535953488, 0.1994177051, 0.2346140463, 0.2573811297, 0.2666036623, 0.2618951363, 0.2436048701, 0.2127903197], "AUX_ENDO_LEAD_112": [0, -0.06794951742, -0.1217010129, -0.1770377479, -0.2032961889, -0.2005051883, -0.1749050511, -0.132887985, -0.07994973437, -0.02081792771, 0.04029311541, 0.09956849111, 0.1535953488, 0.1994177051, 0.2346140463, 0.2573811297, 0.2666036623, 0.2618951363, 0.2436048701, 0.2127903197, 0.1711546373], "AUX_ENDO_LEAD_116": [0, -0.1217010129, -0.1770377479, -0.2032961889, -0.2005051883, -0.1749050511, -0.132887985, -0.07994973437, -0.02081792771, 0.04029311541, 0.09956849111, 0.1535953488, 0.1994177051, 0.2346140463, 0.2573811297, 0.2666036623, 0.2618951363, 0.2436048701, 0.2127903197, 0.1711546373, 0.1209517013], "AUX_ENDO_LEAD_143": [0, -0.02421814047, -0.06794951742, -0.1217010129, -0.1770377479, -0.2032961889, -0.2005051883, -0.1749050511, -0.132887985, -0.07994973437, -0.02081792771, 0.04029311541, 0.09956849111, 0.1535953488, 0.1994177051, 0.2346140463, 0.2573811297, 0.2666036623, 0.2618951363, 0.2436048701, 0.2127903197], "AUX_ENDO_LEAD_147": [0, -0.06794951742, -0.1217010129, -0.1770377479, -0.2032961889, -0.2005051883, -0.1749050511, -0.132887985, -0.07994973437, -0.02081792771, 0.04029311541, 0.09956849111, 0.1535953488, 0.1994177051, 0.2346140463, 0.2573811297, 0.2666036623, 0.2618951363, 0.2436048701, 0.2127903197, 0.1711546373], "AUX_ENDO_LEAD_151": [0, -0.1217010129, -0.1770377479, -0.2032961889, -0.2005051883, -0.1749050511, -0.132887985, -0.07994973437, -0.02081792771, 0.04029311541, 0.09956849111, 0.1535953488, 0.1994177051, 0.2346140463, 0.2573811297, 0.2666036623, 0.2618951363, 0.2436048701, 0.2127903197, 0.1711546373, 0.1209517013], "AUX_ENDO_LAG_0_1": [0, 0, -4.502356982e-16, -4.877518287e-16, -0.003390539666, -0.0118863102, -0.02501950498, -0.04205965828, -0.05913630837, -0.073691995, -0.08493651773, -0.09229600615, -0.09503663095, -0.09283581529, -0.0858756353, -0.07457555183, -0.05951039792, -0.04146672036, -0.02141592873, -0.0004230975484, 0.02041800787], "AUX_ENDO_LAG_0_2": [0, 0, 8.195527428e-17, -6.386790606e-16, -6.352944901e-16, -0.003390539666, -0.0118863102, -0.02501950498, -0.04205965828, -0.05913630837, -0.073691995, -0.08493651773, -0.09229600615, -0.09503663095, -0.09283581529, -0.0858756353, -0.07457555183, -0.05951039792, -0.04146672036, -0.02141592873, -0.0004230975484], "AUX_ENDO_LAG_9_1": [0, 0, -6.938893904e-18, -0.02421814047, -0.06794951742, -0.1217010129, -0.1770377479, -0.2032961889, -0.2005051883, -0.1749050511, -0.132887985, -0.07994973437, -0.02081792771, 0.04029311541, 0.09956849111, 0.1535953488, 0.1994177051, 0.2346140463, 0.2573811297, 0.2666036623, 0.2618951363], "AUX_ENDO_LAG_9_2": [0, 0, 0, -6.938893904e-18, -0.02421814047, -0.06794951742, -0.1217010129, -0.1770377479, -0.2032961889, -0.2005051883, -0.1749050511, -0.132887985, -0.07994973437, -0.02081792771, 0.04029311541, 0.09956849111, 0.1535953488, 0.1994177051, 0.2346140463, 0.2573811297, 0.2666036623], "AUX_ENDO_LAG_9_3": [0, 0, 0, 0, -6.938893904e-18, -0.02421814047, -0.06794951742, -0.1217010129, -0.1770377479, -0.2032961889, -0.2005051883, -0.1749050511, -0.132887985, -0.07994973437, -0.02081792771, 0.04029311541, 0.09956849111, 0.1535953488, 0.1994177051, 0.2346140463, 0.2573811297], "AUX_ENDO_LAG_8_1": [0, 0, -6.938893904e-18, -0.02421814047, -0.06794951742, -0.1217010129, -0.1770377479, -0.2032961889, -0.2005051883, -0.1749050511, -0.132887985, -0.07994973437, -0.02081792771, 0.04029311541, 0.09956849111, 0.1535953488, 0.1994177051, 0.2346140463, 0.2573811297, 0.2666036623, 0.2618951363],