{"interest_": {"pi": [0, 0, 4.612117774e-16, -0.0035, -0.012550377, -0.02703413388, -0.0464775157, -0.06711969312, -0.08640396295, -0.1036919331, -0.1187733234, -0.1313705424, -0.1414952758, -0.1494224619, -0.1553998274, -0.159573646, -0.1620699067, -0.1630191228, -0.1625331106, -0.1607074484, -0.1576409472], "y": [0, 1.260945082e-17, -0.025, -0.07214555, -0.1328490713, -0.1987761406, -0.2382481426, -0.24994519, -0.2404523421, -0.2175610757, -0.1882209747, -0.157221512, -0.1272375753, -0.0994077216, -0.07394907638, -0.05064724879, -0.02917789726, -0.009272250625, 0.0092302007, 0.02639070606, 0.04220339432], "i": [0, 1, 0.725822, 0.4870873311, 0.2793445099, 0.09986513798, -0.02500381211, -0.1042692633, -0.1527211159, -0.1831704145, -0.2048101102, -0.2229035158, -0.2397465464, -0.2557809049, -0.2705271167, -0.283262333, -0.2933874073, -0.3005471304, -0.3046233393, -0.3056807301, -0.303900428], "pibar": [0, 0, 8.711880389e-16, -0.000875, -0.00401259425, -0.01077112772, -0.02239050665, -0.03829542993, -0.05675882641, -0.07592327622, -0.09399722815, -0.1100599405, -0.1238327687, -0.1352654009, -0.1444220269, -0.1514728028, -0.1566164605, -0.1600156258, -0.1617989465, -0.1620823971, -0.1609751573], "ibar": [0, 0.25, 0.4314555, 0.5532273328, 0.6230634602, 0.3980297447, 0.2103232917, 0.06248414312, -0.04553226334, -0.1162911515, -0.161242726, -0.1909012891, -0.2126576467, -0.2308102693, -0.2472395209, -0.2623292253, -0.2757394405, -0.2869309969, -0.2954550525, -0.3010596518, -0.3036879069], "interest": [0, 1, 0.725822, 0.4870873311, 0.2793445099, 0.09986513798, -0.02500381211, -0.1042692633, -0.1527211159, -0.1831704145, -0.2048101102, -0.2229035158, -0.2397465464, -0.2557809049, -0.2705271167, -0.283262333, -0.2933874073, -0.3005471304, -0.3046233393, -0.3056807301, -0.303900428], "inflation": [0, 0, 1.153029443e-16, -0.000875, -0.00401259425, -0.01077112772, -0.02239050665, -0.03829542993, -0.05675882641, -0.07592327622, -0.09399722815, -0.1100599405, -0.1238327687, -0.1352654009, -0.1444220269, -0.1514728028, -0.1566164605, -0.1600156258, -0.1617989465, -0.1620823971, -0.1609751573], "inflationq": [0, 0, 6.869810961e-16, -0.0035, -0.012550377, -0.02703413388, -0.0464775157, -0.06711969312, -0.08640396295, -0.1036919331, -0.1187733234, -0.1313705424, -0.1414952758, -0.1494224619, -0.1553998274, -0.159573646, -0.1620699067, -0.1630191228, -0.1625331106, -0.1607074484, -0.1576409472], "outputgap": [0, 1.200470944e-17, -0.025, -0.07214555, -0.1328490713, -0.1987761406, -0.2382481426, -0.24994519, -0.2404523421, -0.2175610757, -0.1882209747, -0.157221512, -0.1272375753, -0.0994077216, -0.07394907638, -0.05064724879, -0.02917789726, -0.009272250625, 0.0092302007, 0.02639070606, 0.04220339432], "output": [0, 1.254967906e-17, -0.025, -0.07214555, -0.1328490713, -0.1987761406, -0.2382481426, -0.24994519, -0.2404523421, -0.2175610757, -0.1882209747, -0.157221512, -0.1272375753, -0.0994077216, -0.07394907638, -0.05064724879, -0.02917789726, -0.009272250625, 0.0092302007, 0.02639070606, 0.04220339432], "AUX_ENDO_LEAD_73": [0, 1.938394161e-16, -0.0035, -0.012550377, -0.02703413388, -0.0464775157, -0.06711969312, -0.08640396295, -0.1036919331, -0.1187733234, -0.1313705424, -0.1414952758, -0.1494224619, -0.1553998274, -0.159573646, -0.1620699067, -0.1630191228, -0.1625331106, -0.1607074484, -0.1576409472, -0.1534410087], "AUX_ENDO_LEAD_77": [0, -0.0035, -0.012550377, -0.02703413388, -0.0464775157, -0.06711969312, -0.08640396295, -0.1036919331, -0.1187733234, -0.1313705424, -0.1414952758, -0.1494224619, -0.1553998274, -0.159573646, -0.1620699067, -0.1630191228, -0.1625331106, -0.1607074484, -0.1576409472, -0.1534410087, -0.1482185352], "AUX_ENDO_LEAD_81": [0, -0.012550377, -0.02703413388, -0.0464775157, -0.06711969312, -0.08640396295, -0.1036919331, -0.1187733234, -0.1313705424, -0.1414952758, -0.1494224619, -0.1553998274, -0.159573646, -0.1620699067, -0.1630191228, -0.1625331106, -0.1607074484, -0.1576409472, -0.1534410087, -0.1482185352, -0.1420858032], "AUX_ENDO_LEAD_108": [0, -0.025, -0.07214555, -0.1328490713, -0.1987761406, -0.2382481426, -0.24994519, -0.2404523421, -0.2175610757, -0.1882209747, -0.157221512, -0.1272375753, -0.0994077216, -0.07394907638, -0.05064724879, -0.02917789726, -0.009272250625, 0.0092302007, 0.02639070606, 0.04220339432, 0.05662953587], "AUX_ENDO_LEAD_112": [0, -0.07214555, -0.1328490713, -0.1987761406, -0.2382481426, -0.24994519, -0.2404523421, -0.2175610757, -0.1882209747, -0.157221512, -0.1272375753, -0.0994077216, -0.07394907638, -0.05064724879, -0.02917789726, -0.009272250625, 0.0092302007, 0.02639070606, 0.04220339432, 0.05662953587, 0.06962449724], "AUX_ENDO_LEAD_116": [0, -0.1328490713, -0.1987761406, -0.2382481426, -0.24994519, -0.2404523421, -0.2175610757, -0.1882209747, -0.157221512, -0.1272375753, -0.0994077216, -0.07394907638, -0.05064724879, -0.02917789726, -0.009272250625, 0.0092302007, 0.02639070606, 0.04220339432, 0.05662953587, 0.06962449724, 0.08115442508], "AUX_ENDO_LEAD_143": [0, -0.025, -0.07214555, -0.1328490713, -0.1987761406, -0.2382481426, -0.24994519, -0.2404523421, -0.2175610757, -0.1882209747, -0.157221512, -0.1272375753, -0.0994077216, -0.07394907638, -0.05064724879, -0.02917789726, -0.009272250625, 0.0092302007, 0.02639070606, 0.04220339432, 0.05662953587], "AUX_ENDO_LEAD_147": [0, -0.07214555, -0.1328490713, -0.1987761406, -0.2382481426, -0.24994519, -0.2404523421, -0.2175610757, -0.1882209747, -0.157221512, -0.1272375753, -0.0994077216, -0.07394907638, -0.05064724879, -0.02917789726, -0.009272250625, 0.0092302007, 0.02639070606, 0.04220339432, 0.05662953587, 0.06962449724], "AUX_ENDO_LEAD_151": [0, -0.1328490713, -0.1987761406, -0.2382481426, -0.24994519, -0.2404523421, -0.2175610757, -0.1882209747, -0.157221512, -0.1272375753, -0.0994077216, -0.07394907638, -0.05064724879, -0.02917789726, -0.009272250625, 0.0092302007, 0.02639070606, 0.04220339432, 0.05662953587, 0.06962449724, 0.08115442508], "AUX_ENDO_LAG_0_1": [0, 0, 3.886064056e-16, 6.466730472e-16, -0.0035, -0.012550377, -0.02703413388, -0.0464775157, -0.06711969312, -0.08640396295, -0.1036919331, -0.1187733234, -0.1313705424, -0.1414952758, -0.1494224619, -0.1553998274, -0.159573646, -0.1620699067, -0.1630191228, -0.1625331106, -0.1607074484], "AUX_ENDO_LAG_0_2": [0, 0, 3.400102223e-16, 1.100539265e-15, 1.364366733e-15, -0.0035, -0.012550377, -0.02703413388, -0.0464775157, -0.06711969312, -0.08640396295, -0.1036919331, -0.1187733234, -0.1313705424, -0.1414952758, -0.1494224619, -0.1553998274, -0.159573646, -0.1620699067, -0.1630191228, -0.1625331106], "AUX_ENDO_LAG_9_1": [0, 0, 1.254967906e-17, -0.025, -0.07214555, -0.1328490713, -0.1987761406, -0.2382481426, -0.24994519, -0.2404523421, -0.2175610757, -0.1882209747, -0.157221512, -0.1272375753, -0.0994077216, -0.07394907638, -0.05064724879, -0.02917789726, -0.009272250625, 0.0092302007, 0.02639070606], "AUX_ENDO_LAG_9_2": [0, 0, 0, 1.254967906e-17, -0.025, -0.07214555, -0.1328490713, -0.1987761406, -0.2382481426, -0.24994519, -0.2404523421, -0.2175610757, -0.1882209747, -0.157221512, -0.1272375753, -0.0994077216, -0.07394907638, -0.05064724879, -0.02917789726, -0.009272250625, 0.0092302007], "AUX_ENDO_LAG_9_3": [0, 0, 0, 0, 1.254967906e-17, -0.025, -0.07214555, -0.1328490713, -0.1987761406, -0.2382481426, -0.24994519, -0.2404523421, -0.2175610757, -0.1882209747, -0.157221512, -0.1272375753, -0.0994077216, -0.07394907638, -0.05064724879, -0.02917789726, -0.009272250625], "AUX_ENDO_LAG_8_1": [0, 0, 3.060511515e-18, -0.025, -0.07214555, -0.1328490713, -0.1987761406, -0.2382481426, -0.24994519, -0.2404523421, -0.2175610757, -0.1882209747, -0.157221512, -0.1272375753, -0.0994077216, -0.07394907638, -0.05064724879, -0.02917789726, -0.009272250625, 0.0092302007, 0.02639070606],