{"interest_": {"pi": [0, 0, -1.36345347e-16, -0.0035, -0.00996625, -0.01784017812, -0.02684743682, -0.03368101398, -0.03858602475, -0.04270443479, -0.04613323169, -0.04859711916, -0.05024649985, -0.05135604954, -0.05201234865, -0.052233146, -0.05209308441, -0.05167828831, -0.05103881195, -0.05020855312, -0.0492256454], "y": [0, -5.607418106e-18, -0.025, -0.0536875, -0.08009859375, -0.1026852652, -0.09615197159, -0.08216327689, -0.06717296559, -0.0531882391, -0.04091779891, -0.03038767783, -0.02143838942, -0.01388987705, -0.007567376036, -0.002298880116, 0.002069569571, 0.005667458219, 0.008605911161, 0.0109825103, 0.01288157477], "i": [0, 1, -0.0125, -0.02815625, -0.04509914062, -0.06308254316, -0.06988368515, -0.07420721804, -0.07744447792, -0.07977621093, -0.08087316391, -0.08120164281, -0.08109967677, -0.08056977611, -0.07961319447, -0.07834245657, -0.07685070094, -0.07517259615, -0.07333829342, -0.07139077152, -0.06936594966], "pibar": [0, 0, 1.517346199e-16, -0.000875, -0.0033665625, -0.007826607031, -0.01453846624, -0.02208371973, -0.02923866342, -0.03545472759, -0.0402761763, -0.0440052026, -0.04692032137, -0.04908322506, -0.0505530043, -0.05146201101, -0.05192365715, -0.05200421684, -0.05176083267, -0.05125468445, -0.0505378247], "ibar": [0, 0.25, 0.246875, 0.2398359375, 0.2285611523, -0.03720948345, -0.05155540473, -0.06306814675, -0.07115448107, -0.07532789801, -0.0780752677, -0.07982387389, -0.0807376736, -0.0809360649, -0.08062107254, -0.07990627598, -0.07884403202, -0.07749473703, -0.07592601177, -0.07418809051, -0.07231690269], "interest": [0, 1, -0.0125, -0.02815625, -0.04509914062, -0.06308254316, -0.06988368515, -0.07420721804, -0.07744447792, -0.07977621093, -0.08087316391, -0.08120164281, -0.08109967677, -0.08056977611, -0.07961319447, -0.07834245657, -0.07685070094, -0.07517259615, -0.07333829342, -0.07139077152, -0.06936594966], "inflation": [0, 0, -3.408633676e-17, -0.000875, -0.0033665625, -0.007826607031, -0.01453846624, -0.02208371973, -0.02923866342, -0.03545472759, -0.0402761763, -0.0440052026, -0.04692032137, -0.04908322506, -0.0505530043, -0.05146201101, -0.05192365715, -0.05200421684, -0.05176083267, -0.05125468445, -0.0505378247], "inflationq": [0, 0, -4.658545709e-17, -0.0035, -0.00996625, -0.01784017812, -0.02684743682, -0.03368101398, -0.03858602475, -0.04270443479, -0.04613323169, -0.04859711916, -0.05024649985, -0.05135604954, -0.05201234865, -0.052233146, -0.05209308441, -0.05167828831, -0.05103881195, -0.05020855312, -0.0492256454], "outputgap": [0, -5.224578939e-18, -0.025, -0.0536875, -0.08009859375, -0.1026852652, -0.09615197159, -0.08216327689, -0.06717296559, -0.0531882391, -0.04091779891, -0.03038767783, -0.02143838942, -0.01388987705, -0.007567376036, -0.002298880116, 0.002069569571, 0.005667458219, 0.008605911161, 0.0109825103, 0.01288157477], "output": [0, -4.376491907e-18, -0.025, -0.0536875, -0.08009859375, -0.1026852652, -0.09615197159, -0.08216327689, -0.06717296559, -0.0531882391, -0.04091779891, -0.03038767783, -0.02143838942, -0.01388987705, -0.007567376036, -0.002298880116, 0.002069569571, 0.005667458219, 0.008605911161, 0.0109825103, 0.01288157477], "AUX_ENDO_LEAD_73": [0, -1.693492614e-16, -0.0035, -0.00996625, -0.01784017812, -0.02684743682, -0.03368101398, -0.03858602475, -0.04270443479, -0.04613323169, -0.04859711916, -0.05024649985, -0.05135604954, -0.05201234865, -0.052233146, -0.05209308441, -0.05167828831, -0.05103881195, -0.05020855312, -0.0492256454, -0.04812593795], "AUX_ENDO_LEAD_77": [0, -0.0035, -0.00996625, -0.01784017813, -0.02684743682, -0.03368101398, -0.03858602475, -0.04270443479, -0.04613323169, -0.04859711916, -0.05024649985, -0.05135604954, -0.05201234865, -0.052233146, -0.05209308441, -0.05167828831, -0.05103881195, -0.05020855312, -0.0492256454, -0.04812593795, -0.04693615736], "AUX_ENDO_LEAD_81": [0, -0.00996625, -0.01784017813, -0.02684743682, -0.03368101398, -0.03858602475, -0.04270443479, -0.04613323169, -0.04859711916, -0.05024649985, -0.05135604954, -0.05201234865, -0.052233146, -0.05209308441, -0.05167828831, -0.05103881195, -0.05020855312, -0.0492256454, -0.04812593795, -0.04693615736, -0.04567755241], "AUX_ENDO_LEAD_108": [0, -0.025, -0.0536875, -0.08009859375, -0.1026852652, -0.09615197159, -0.08216327689, -0.06717296559, -0.0531882391, -0.04091779891, -0.03038767783, -0.02143838942, -0.01388987705, -0.007567376036, -0.002298880116, 0.002069569571, 0.005667458219, 0.008605911161, 0.0109825103, 0.01288157477, 0.01437490695], "AUX_ENDO_LEAD_112": [0, -0.0536875, -0.08009859375, -0.1026852652, -0.09615197159, -0.08216327689, -0.06717296559, -0.0531882391, -0.04091779891, -0.03038767783, -0.02143838942, -0.01388987705, -0.007567376036, -0.002298880116, 0.002069569571, 0.005667458219, 0.008605911161, 0.0109825103, 0.01288157477, 0.01437490695, 0.01552407883], "AUX_ENDO_LEAD_116": [0, -0.08009859375, -0.1026852652, -0.09615197159, -0.08216327689, -0.06717296559, -0.0531882391, -0.04091779891, -0.03038767783, -0.02143838942, -0.01388987705, -0.007567376036, -0.002298880116, 0.002069569571, 0.005667458219, 0.008605911161, 0.0109825103, 0.01288157477, 0.01437490695, 0.01552407883, 0.01638224597], "AUX_ENDO_LEAD_143": [0, -0.025, -0.0536875, -0.08009859375, -0.1026852652, -0.09615197159, -0.08216327689, -0.06717296559, -0.0531882391, -0.04091779891, -0.03038767783, -0.02143838942, -0.01388987705, -0.007567376036, -0.002298880116, 0.002069569571, 0.005667458219, 0.008605911161, 0.0109825103, 0.01288157477, 0.01437490695], "AUX_ENDO_LEAD_147": [0, -0.0536875, -0.08009859375, -0.1026852652, -0.09615197159, -0.08216327689, -0.06717296559, -0.0531882391, -0.04091779891, -0.03038767783, -0.02143838942, -0.01388987705, -0.007567376036, -0.002298880116, 0.002069569571, 0.005667458219, 0.008605911161, 0.0109825103, 0.01288157477, 0.01437490695, 0.01552407883], "AUX_ENDO_LEAD_151": [0, -0.08009859375, -0.1026852652, -0.09615197159, -0.08216327689, -0.06717296559, -0.0531882391, -0.04091779891, -0.03038767783, -0.02143838942, -0.01388987705, -0.007567376036, -0.002298880116, 0.002069569571, 0.005667458219, 0.008605911161, 0.0109825103, 0.01288157477, 0.01437490695, 0.01552407883, 0.01638224597], "AUX_ENDO_LAG_0_1": [0, 0, 1.809382101e-16, -2.293560807e-17, -0.0035, -0.00996625, -0.01784017812, -0.02684743682, -0.03368101398, -0.03858602475, -0.04270443479, -0.04613323169, -0.04859711916, -0.05024649985, -0.05135604954, -0.05201234865, -0.052233146, -0.05209308441, -0.05167828831, -0.05103881195, -0.05020855312], "AUX_ENDO_LAG_0_2": [0, 0, -6.318199541e-16, -3.452896782e-17, -8.498631859e-17, -0.0035, -0.00996625, -0.01784017812, -0.02684743682, -0.03368101398, -0.03858602475, -0.04270443479, -0.04613323169, -0.04859711916, -0.05024649985, -0.05135604954, -0.05201234865, -0.052233146, -0.05209308441, -0.05167828831, -0.05103881195], "AUX_ENDO_LAG_9_1": [0, 0, -4.376491907e-18, -0.025, -0.0536875, -0.08009859375, -0.1026852652, -0.09615197159, -0.08216327689, -0.06717296559, -0.0531882391, -0.04091779891, -0.03038767783, -0.02143838942, -0.01388987705, -0.007567376036, -0.002298880116, 0.002069569571, 0.005667458219, 0.008605911161, 0.0109825103], "AUX_ENDO_LAG_9_2": [0, 0, 0, -4.376491907e-18, -0.025, -0.0536875, -0.08009859375, -0.1026852652, -0.09615197159, -0.08216327689, -0.06717296559, -0.0531882391, -0.04091779891, -0.03038767783, -0.02143838942, -0.01388987705, -0.007567376036, -0.002298880116, 0.002069569571, 0.005667458219, 0.008605911161], "AUX_ENDO_LAG_9_3": [0, 0, 0, 0, -4.376491907e-18, -0.025, -0.0536875, -0.08009859375, -0.1026852652, -0.09615197159, -0.08216327689, -0.06717296559, -0.0531882391, -0.04091779891, -0.03038767783, -0.02143838942, -0.01388987705, -0.007567376036, -0.002298880116, 0.002069569571, 0.005667458219],