{"interest_": {"y": [0, -0.4878635583, -0.2366872983, -0.08174910037, -0.02361907865, -0.005919332597, -0.001271507919, -0.0002158715136, -1.8606315e-05, 5.590618111e-06, 3.970488224e-06, 1.546894444e-06, 4.81333873e-07, 1.286906781e-07, 2.982070526e-08, 5.748950266e-09, 7.690783475e-10, -1.622951645e-11, -5.993144864e-11, -2.796297117e-11, -9.502703064e-12], "m": [0, -0.1238847254, 0.2298699076, 0.1199187958, 0.04259035031, 0.01253492766, 0.003195268426, 0.0007008965731, 0.0001235755723, 1.247738866e-05, -2.31479399e-06, -1.967110357e-06, -7.971815984e-07, -2.534035833e-07, -6.891484759e-08, -1.626398129e-08, -3.221542154e-09, -4.61204862e-10, -5.567286943e-12, 2.852090553e-11, 1.420708443e-11], "pi": [0, -1.745469619, -0.5363649633, -0.138117137, -0.03061949718, -0.005497608111, -0.0005931192587, 8.454023974e-05, 8.114490711e-05, 3.362542373e-05, 1.081244094e-05, 2.96687768e-06, 7.067477804e-07, 1.418734343e-07, 2.095417546e-08, 5.570681742e-10, -1.148328599e-09, -5.945494898e-10, -2.105706777e-10, -6.186145004e-11, -1.574319599e-11], "r": [0, 0.07933323983, 0.01729770481, 0.00301733269, 0.0002922021453, -6.256071331e-05, -5.01166571e-05, -2.006728382e-05, -6.338326237e-06, -1.715116344e-06, -4.02620007e-07, -7.913378256e-08, -1.111831829e-08, -3.45884273e-11, 7.358638177e-10, 3.591714818e-10, 1.243539075e-10, 3.598733426e-11, 9.032805288e-12, 1.944027819e-12, 3.3122833e-13], "mc": [0, -1.143500503, -0.3565000909, -0.09541739811, -0.02213589343, -0.004274856367, -0.0005744813906, 1.080574094e-05, 4.412841542e-05, 2.066697384e-05, 7.034487969e-06, 2.012099324e-06, 4.995054517e-07, 1.060110401e-07, 1.759295474e-08, 1.354813476e-09, -5.339590981e-10, -3.506356698e-10, -1.338823812e-10, -4.11856296e-11, -1.090850819e-11], "mu": [0, -1.869354344, -0.1826103304, -0.2480682487, -0.1079479427, -0.03555303076, -0.00993277849, -0.002409831613, -0.0004961760937, -7.747275993e-05, -3.979741708e-06, 3.314561313e-06, 1.876676539e-06, 6.856514494e-07, 2.054429112e-07, 5.320793448e-08, 1.189411053e-08, 2.165787802e-09, 2.450668974e-10, -2.777325757e-11, -3.005701708e-11], "a": [0, 3.373210969e-17, 3.319239594e-17, 3.26613176e-17, 3.213873652e-17, 3.162451673e-17, 3.111852447e-17, 3.062062808e-17, 3.013069803e-17, 2.964860686e-17, 2.917422915e-17, 2.870744148e-17, 2.824812242e-17, 2.779615246e-17, 2.735141402e-17, 2.69137914e-17, 2.648317073e-17, 2.605944e-17, 2.564248896e-17, 2.523220914e-17, 2.482849379e-17], "e": [0, -2.142814694e-17, 2.658118078e-16, 1.896870852e-16, 1.16837712e-16, 9.271856371e-17, 8.423891391e-17, 8.001494237e-17, 7.685932896e-17, 7.399589199e-17, 7.126172372e-17, 6.862815391e-17, 6.609017313e-17, 6.364523736e-17, 6.12904725e-17, 5.902275071e-17, 5.683891402e-17, 5.473587493e-17, 5.271064757e-17, 5.076035356e-17, 4.888222046e-17], "z": [0, -1.633498175e-16, -1.582859731e-16, -1.533791079e-16, -1.486243556e-16, -1.440170006e-16, -1.395524736e-16, -1.352263469e-16, -1.310343301e-16, -1.269722659e-16, -1.230361257e-16, -1.192220058e-16, -1.155261236e-16, -1.119448137e-16, -1.084745245e-16, -1.051118143e-16, -1.01853348e-16, -9.869589423e-17, -9.563632151e-17, -9.267159554e-17, -8.979877608e-17], "y_flex": [0, -4.228699723e-17, -8.832074128e-18, -3.200866527e-16, -3.005040994e-16, -2.037343522e-16, -1.562612711e-16, -1.376075701e-16, -1.294555675e-16, -1.244797421e-16, -1.203977442e-16, -1.166021847e-16, -1.12951881e-16, -1.094175791e-16, -1.059926614e-16, -1.026739475e-16, -9.945844761e-17, -9.634308984e-17, -9.332480643e-17, -9.040059243e-17, -8.756752666e-17], "m_flex": [0, -0.02903596578, -0.006330959961, -0.001104343764, -0.0001069459852, 2.289722107e-05, 1.83426965e-05, 7.344625878e-06, 2.319827403e-06, 6.277325821e-07, 1.473589227e-07, 2.896296455e-08, 4.06930462e-09, 1.265948725e-11, -2.693260387e-10, -1.31456648e-10, -4.551341978e-11, -1.317125786e-11, -3.305903999e-12, -7.114150526e-13, -1.211339192e-13], "interest": [0, 0.3173329593, 0.06919081925, 0.01206933076, 0.001168808581, -0.0002502428532, -0.0002004666284, -8.026913527e-05, -2.535330495e-05, -6.860465377e-06, -1.610480028e-06, -3.165351302e-07, -4.447327314e-08, -1.383537092e-10, 2.943455271e-09, 1.436685927e-09, 4.974156299e-10, 1.43949337e-10, 3.613122115e-11, 7.776111275e-12, 1.32491332e-12], "inflation": [0, -1.745469619, -2.281834582, -2.419951719, -2.450571216, -0.7105992056, -0.1748273615, -0.03662568431, -0.005925042223, -0.0003938086882, 0.0002101230115, 0.0001285496495, 4.811149013e-05, 1.462793984e-05, 3.83645307e-06, 8.701324584e-07, 1.622363494e-07, 1.976836555e-08, -1.396380592e-09, -2.015310217e-09, -8.827248135e-10], "inflationq": [0, -6.981878475, -2.145459853, -0.5524685478, -0.1224779887, -0.02199043245, -0.002372477035, 0.0003381609589, 0.0003245796284, 0.0001345016949, 4.324976377e-05, 1.186751072e-05, 2.826991122e-06, 5.674937373e-07, 8.381670184e-08, 2.228272697e-09, -4.593314396e-09, -2.378197959e-09, -8.422827108e-10, -2.474458002e-10, -6.297278396e-11], "outputgap": [0, -0.4878635583, -0.2366872983, -0.08174910037, -0.02361907865, -0.005919332597, -0.001271507919, -0.0002158715136, -1.8606315e-05, 5.590618111e-06, 3.970488225e-06, 1.546894444e-06, 4.813338731e-07, 1.286906782e-07, 2.982070537e-08, 5.748950369e-09, 7.69078447e-10, -1.622942011e-11, -5.993135532e-11, -2.796288076e-11, -9.502615497e-12], "output": [0, -0.4878635583, -0.2366872983, -0.08174910037, -0.02361907865, -0.005919332597, -0.001271507919, -0.0002158715136, -1.8606315e-05, 5.590618111e-06, 3.970488224e-06, 1.546894444e-06, 4.81333873e-07, 1.286906781e-07, 2.982070526e-08, 5.748950266e-09, 7.690783475e-10, -1.622951645e-11, -5.993144864e-11, -2.796297117e-11, -9.502703064e-12], "AUX_ENDO_LEAD_75": [0, -2.145459853, -0.5524685478, -0.1224779887, -0.02199043245, -0.002372477035, 0.0003381609589, 0.0003245796284, 0.0001345016949, 4.324976377e-05, 1.186751072e-05, 2.826991122e-06, 5.674937373e-07, 8.381670184e-08, 2.228272697e-09, -4.593314396e-09, -2.378197959e-09, -8.422827108e-10, -2.474458002e-10, -6.297278396e-11, -1.37858882e-11], "AUX_ENDO_LEAD_79": [0, -0.5524685478, -0.1224779887, -0.02199043245, -0.002372477035, 0.0003381609589, 0.0003245796284, 0.0001345016949, 4.324976377e-05, 1.186751072e-05, 2.826991122e-06, 5.674937373e-07, 8.381670184e-08, 2.228272697e-09, -4.593314396e-09, -2.378197959e-09, -8.422827108e-10, -2.474458002e-10, -6.297278396e-11, -1.37858882e-11, -2.422110257e-12], "AUX_ENDO_LEAD_83": [0, -0.1224779887, -0.02199043245, -0.002372477035, 0.0003381609589, 0.0003245796284, 0.0001345016949, 4.324976377e-05, 1.186751072e-05, 2.826991122e-06, 5.674937373e-07, 8.381670184e-08, 2.228272697e-09, -4.593314396e-09, -2.378197959e-09, -8.422827108e-10, -2.474458002e-10, -6.297278396e-11, -1.37858882e-11, -2.422110257e-12, -2.412904382e-13], "AUX_ENDO_LEAD_110": [0, -0.2366872983, -0.08174910037, -0.02361907865, -0.005919332597, -0.001271507919, -0.0002158715136, -1.8606315e-05, 5.590618111e-06, 3.970488225e-06, 1.546894444e-06, 4.813338731e-07, 1.286906782e-07, 2.982070537e-08, 5.748950369e-09, 7.69078447e-10, -1.622942011e-11, -5.993135532e-11, -2.796288076e-11, -9.502615497e-12, -2.715042501e-12], "AUX_ENDO_LEAD_114": [0, -0.08174910037, -0.02361907865, -0.005919332597, -0.001271507919, -0.0002158715136, -1.8606315e-05, 5.590618111e-06, 3.970488225e-06, 1.546894444e-06, 4.813338731e-07, 1.286906782e-07, 2.982070537e-08, 5.748950369e-09, 7.69078447e-10, -1.622942011e-11, -5.993135532e-11, -2.796288076e-11, -9.502615497e-12, -2.715042501e-12, -6.73296012e-13], "AUX_ENDO_LEAD_118": [0, -0.02361907865, -0.005919332597, -0.001271507919, -0.0002158715136, -1.8606315e-05, 5.590618111e-06, 3.970488225e-06, 1.546894444e-06, 4.813338731e-07, 1.286906782e-07, 2.982070537e-08, 5.748950369e-09, 7.69078447e-10, -1.622942011e-11, -5.993135532e-11, -2.796288076e-11, -9.502615497e-12, -2.715042501e-12, -6.73296012e-13, -1.426997589e-13],