{"interest_": {"y": [0, -0.1170503044, -0.03246840775, 0.006766515904, 0.01090464914, 0.000671965128, -0.00224142103, -0.0008342132419, 0.0003129292522, 0.0002797310336, 4.618187311e-06, -6.523819371e-05, -1.906312656e-05, 1.012447098e-05, 7.321568908e-06, -3.695571811e-07, -1.833637066e-06, -4.206082278e-07, 3.173199396e-07, 1.873648711e-07, -2.316707294e-08], "m": [0, -0.09149841095, 0.03373424321, 0.01586745195, 0.00767594261, -0.003657772473, -0.002037533467, 0.0001100844532, 0.0005735443118, 0.0001163716286, -9.853860277e-05, -5.619424261e-05, 8.146762574e-06, 1.543539651e-05, 2.38064125e-06, -3.001381835e-06, -1.391700218e-06, 3.23775415e-07, 4.191073366e-07, 3.942005663e-08, -8.820580293e-08], "pi": [0, -0.2968754264, 0.005958918332, 0.04708759312, 0.01883597712, -0.007974061723, -0.006072581303, 3.513837951e-05, 0.001494904849, 0.0003917558167, -0.0002411197226, -0.0001606010288, 1.288853352e-05, 4.146576816e-05, 8.462551275e-06, -7.472961155e-06, -4.069301194e-06, 6.40101731e-07, 1.140076613e-06, 1.642796078e-07, -2.24176889e-07], "r": [0, 0.1982850895, 0.08186019294, 0.01389068303, -0.02766487462, -0.007671001105, 0.003442922805, 0.003042172742, -5.162858297e-05, -0.000711244615, -0.0001913169142, 0.0001171347014, 7.715958034e-05, -6.184531247e-06, -2.000963562e-05, -4.066098788e-06, 3.603588051e-06, 1.960938942e-06, -3.096514162e-07, -5.495427822e-07, -7.897470307e-08], "mc": [0, -0.2848192265, -0.03480820184, 0.0267226159, 0.02459952868, -0.002069974715, -0.005655323877, -0.00128782374, 0.001041795335, 0.0005757697502, -8.198210341e-05, -0.0001603400407, -2.460247703e-05, 3.099727667e-05, 1.443861494e-05, -3.343407517e-06, -4.338707592e-06, -4.11535605e-07, 9.125937343e-07, 3.500333535e-07, -1.189153256e-07], "mu": [0, -0.3883738374, 0.1311915725, 0.02922080187, 0.01064446779, -0.01930777681, -0.004452342296, 0.0021827563, 0.001958364707, -6.541686649e-05, -0.000456029954, -0.0001182566686, 7.72295387e-05, 4.87544021e-05, -4.592203986e-06, -1.285498424e-05, -2.459619577e-06, 2.355577364e-06, 1.235408534e-06, -2.154076721e-07, -3.518027485e-07], "a": [0, 0, 1.53818108e-33, 3.00406765e-33, 4.400294612e-33, 5.72940889e-33, 6.993872251e-33, 8.196064047e-33, 9.338283868e-33, 1.042275411e-32, 1.145162246e-32, 1.242696431e-32, 1.33507851e-32, 1.422502253e-32, 1.505154881e-32, 1.583217274e-32, 1.656864178e-32, 1.726264402e-32, 1.791581011e-32, 1.852971512e-32, 1.910588035e-32], "e": [0, 2.467745528e-18, 2.376438944e-18, 2.288510703e-18, 2.203835807e-18, 2.122293882e-18, 2.043769008e-18, 1.968149555e-18, 1.895328021e-18, 1.825200885e-18, 1.757668452e-18, 1.692634719e-18, 1.630007235e-18, 1.569696967e-18, 1.511618179e-18, 1.455688306e-18, 1.401827839e-18, 1.349960209e-18, 1.300011681e-18, 1.251911249e-18, 1.205590533e-18], "z": [0, -9.001414791e-18, -8.722370932e-18, -8.451977433e-18, -8.189966133e-18, -7.936077183e-18, -7.69005879e-18, -7.451666968e-18, -7.220665292e-18, -6.996824668e-18, -6.779923103e-18, -6.569745487e-18, -6.366083377e-18, -6.168734792e-18, -5.977504013e-18, -5.792201389e-18, -5.612643146e-18, -5.438651208e-18, -5.270053021e-18, -5.106681377e-18, -4.948374255e-18], "y_flex": [0, 3.775370078e-18, -4.132163902e-17, 3.838569763e-18, -1.24633293e-17, -8.941515649e-18, -8.035842108e-18, -7.011443672e-18, -7.085639033e-18, -7.023136217e-18, -6.810006064e-18, -6.554269798e-18, -6.340130524e-18, -6.150392233e-18, -5.964412106e-18, -5.779143178e-18, -5.598796024e-18, -5.424985921e-18, -5.257026603e-18, -5.094176522e-18, -4.936238857e-18], "m_flex": [0, -0.07257234275, -0.02996083061, -0.00508398999, 0.01012534411, 0.002807586404, -0.001260109747, -0.001113435224, 1.889606137e-05, 0.0002603155291, 7.002199061e-05, -4.287130071e-05, -2.82404064e-05, 2.263538437e-06, 7.323526636e-06, 1.488192157e-06, -1.318913227e-06, -7.177036528e-07, 1.133324183e-07, 2.011326583e-07, 2.890474133e-08], "interest": [0, 0.7931403579, 0.3274407717, 0.05556273213, -0.1106594985, -0.03068400442, 0.01377169122, 0.01216869097, -0.0002065143319, -0.00284497846, -0.0007652676569, 0.0004685388055, 0.0003086383213, -2.473812499e-05, -8.003854247e-05, -1.626439515e-05, 1.44143522e-05, 7.843755768e-06, -1.238605665e-06, -2.198171129e-06, -3.158988123e-07], "inflation": [0, -0.2968754264, -0.2909165081, -0.243828915, -0.2249929379, 0.06390842686, 0.05187692722, 0.004824472477, -0.0125165998, -0.004150782258, 0.001680679322, 0.001484939914, 2.923598825e-06, -0.0003473664497, -9.778417586e-05, 5.53438918e-05, 3.838605709e-05, -2.439609344e-06, -9.762084006e-06, -2.124843243e-06, 1.720281063e-06], "inflationq": [0, -1.187501706, 0.02383567333, 0.1883503725, 0.0753439085, -0.03189624689, -0.02429032521, 0.0001405535181, 0.005979619394, 0.001567023267, -0.0009644788903, -0.0006424041152, 5.155413407e-05, 0.0001658630726, 3.38502051e-05, -2.989184462e-05, -1.627720478e-05, 2.560406924e-06, 4.560306451e-06, 6.571184313e-07, -8.967075558e-07], "outputgap": [0, -0.1170503044, -0.03246840775, 0.006766515904, 0.01090464914, 0.000671965128, -0.00224142103, -0.0008342132419, 0.0003129292522, 0.0002797310336, 4.618187311e-06, -6.523819371e-05, -1.906312656e-05, 1.012447098e-05, 7.321568908e-06, -3.695571811e-07, -1.833637066e-06, -4.206082278e-07, 3.173199396e-07, 1.873648711e-07, -2.316707294e-08], "output": [0, -0.1170503044, -0.03246840775, 0.006766515904, 0.01090464914, 0.000671965128, -0.00224142103, -0.0008342132419, 0.0003129292522, 0.0002797310336, 4.618187311e-06, -6.523819371e-05, -1.906312656e-05, 1.012447098e-05, 7.321568908e-06, -3.695571811e-07, -1.833637066e-06, -4.206082278e-07, 3.173199396e-07, 1.873648711e-07, -2.316707294e-08], "AUX_ENDO_LEAD_75": [0, 0.02383567333, 0.1883503725, 0.0753439085, -0.03189624689, -0.02429032521, 0.0001405535181, 0.005979619394, 0.001567023267, -0.0009644788903, -0.0006424041152, 5.155413407e-05, 0.0001658630726, 3.38502051e-05, -2.989184462e-05, -1.627720478e-05, 2.560406924e-06, 4.560306451e-06, 6.571184313e-07, -8.967075558e-07, -4.038107416e-07], "AUX_ENDO_LEAD_79": [0, 0.1883503725, 0.0753439085, -0.03189624689, -0.02429032521, 0.0001405535181, 0.005979619394, 0.001567023267, -0.0009644788903, -0.0006424041152, 5.155413407e-05, 0.0001658630726, 3.38502051e-05, -2.989184462e-05, -1.627720478e-05, 2.560406924e-06, 4.560306451e-06, 6.571184313e-07, -8.967075558e-07, -4.038107416e-07, 1.002873248e-07], "AUX_ENDO_LEAD_83": [0, 0.0753439085, -0.03189624689, -0.02429032521, 0.0001405535181, 0.005979619394, 0.001567023267, -0.0009644788903, -0.0006424041152, 5.155413407e-05, 0.0001658630726, 3.38502051e-05, -2.989184462e-05, -1.627720478e-05, 2.560406924e-06, 4.560306451e-06, 6.571184313e-07, -8.967075558e-07, -4.038107416e-07, 1.002873248e-07, 1.23297072e-07], "AUX_ENDO_LEAD_110": [0, -0.03246840775, 0.006766515904, 0.01090464914, 0.000671965128, -0.00224142103, -0.0008342132419, 0.0003129292522, 0.0002797310336, 4.618187311e-06, -6.523819371e-05, -1.906312656e-05, 1.012447098e-05, 7.321568908e-06, -3.695571811e-07, -1.833637066e-06, -4.206082278e-07, 3.173199396e-07, 1.873648711e-07, -2.316707294e-08, -5.073958816e-08], "AUX_ENDO_LEAD_114": [0, 0.006766515904, 0.01090464914, 0.000671965128, -0.00224142103, -0.0008342132419, 0.0003129292522, 0.0002797310336, 4.618187311e-06, -6.523819371e-05, -1.906312656e-05, 1.012447098e-05, 7.321568908e-06, -3.695571811e-07, -1.833637066e-06, -4.206082278e-07, 3.173199396e-07, 1.873648711e-07, -2.316707294e-08, -5.073958816e-08, -8.572005202e-09], "AUX_ENDO_LEAD_118": [0, 0.01090464914, 0.000671965128, -0.00224142103, -0.0008342132419, 0.0003129292522, 0.0002797310336, 4.618187311e-06, -6.523819371e-05, -1.906312656e-05, 1.012447098e-05, 7.321568908e-06, -3.695571811e-07, -1.833637066e-06, -4.206082278e-07, 3.173199396e-07, 1.873648711e-07, -2.316707294e-08, -5.073958816e-08, -8.572005202e-09, 9.628504467e-09],