{"interest_": {"y": [0, -0.123543577, -0.04318707248, 0.0009730200076, 0.01074474379, 0.002768608675, -0.001324201104, -0.001088140312, -6.693935087e-05, 0.0002133787849, 8.681438671e-05, -1.777854254e-05, -2.493180717e-05, -4.479910093e-06, 3.960313987e-06, 2.308480924e-06, -9.283201569e-08, -5.367243242e-07, -1.59664687e-07, 6.39843918e-08, 5.642532633e-08], "m": [0, -0.0809718074, 0.03369900477, 0.01607766051, 0.008422079138, -0.002229684521, -0.001973652243, -0.0003000324183, 0.000371500831, 0.0001808771434, -1.800180142e-05, -4.632457776e-05, -1.14092789e-05, 6.270253825e-06, 4.614305168e-06, 1.710757042e-07, -9.522150171e-07, -3.570572519e-07, 8.883685144e-08, 1.079698929e-07, 1.676134992e-08], "pi": [0, -0.3375241484, -0.0223130355, 0.04267871688, 0.02553118487, -0.002449136573, -0.005970457974, -0.001582690847, 0.0008075521756, 0.0006092720616, 2.965393353e-05, -0.0001240499478, -4.794723298e-05, 1.104503335e-05, 1.421485141e-05, 2.345886919e-06, -2.325398664e-06, -1.29382222e-06, 7.536358227e-08, 3.085961605e-07, 8.699791231e-08], "r": [0, 0.162817555, 0.08608080065, 0.02800809649, -0.01986499617, -0.01025411134, 0.0002021885784, 0.002494433261, 0.0007433064573, -0.0002841978505, -0.0002615020912, -2.457124435e-05, 4.87875766e-05, 2.18061706e-05, -3.387179255e-06, -5.906946452e-06, -1.240498486e-06, 8.778261232e-07, 5.659841565e-07, -2.39168578e-09, -1.247526729e-07], "mc": [0, -0.2967816268, -0.05684790028, 0.01667136656, 0.0258125938, 0.002957010053, -0.004117939584, -0.002172066699, 0.0002112734421, 0.0005364848064, 0.0001363161027, -7.246841846e-05, -5.39709563e-05, -2.28021924e-06, 1.106733277e-05, 4.207716446e-06, -1.011526767e-06, -1.260937588e-06, -2.013203741e-07, 2.085962936e-07, 1.140514129e-07], "mu": [0, -0.4184959558, 0.09235777667, 0.02505737262, 0.0178756035, -0.01310090023, -0.005714425695, 9.092897767e-05, 0.001479085425, 0.000418648374, -0.0001692250112, -0.0001523727241, -1.303193412e-05, 2.872456607e-05, 1.255890275e-05, -2.097342545e-06, -3.448689385e-06, -6.986644551e-07, 5.212576856e-07, 3.277292019e-07, -4.210630638e-09], "a": [0, 0, 6.213885392e-33, 1.213571817e-32, 1.777614272e-32, 2.3145448e-32, 2.825357897e-32, 3.311014764e-32, 3.77244438e-32, 4.210544542e-32, 4.626182863e-32, 5.020197753e-32, 5.393399357e-32, 5.746570467e-32, 6.080467409e-32, 6.395820895e-32, 6.693336856e-32, 6.97369724e-32, 7.23756079e-32, 7.4855638e-32, 7.718320838e-32], "e": [0, -5.125014577e-18, -1.35010688e-16, -2.328970373e-16, -1.578479648e-16, -1.265082473e-16, -1.227425632e-16, -1.254403424e-16, -1.226708211e-16, -1.172686616e-16, -1.122053781e-16, -1.080064965e-16, -1.041512807e-16, -1.003557958e-16, -9.663111652e-17, -9.303920951e-17, -8.959371934e-17, -8.628136014e-17, -8.309048964e-17, -8.00160869e-17, -7.705513612e-17], "z": [0, -2.512674231e-17, -2.43478133e-17, -2.359303109e-17, -2.286164712e-17, -2.215293606e-17, -2.146619504e-17, -2.0800743e-17, -2.015591997e-17, -1.953108645e-17, -1.892562277e-17, -1.833892846e-17, -1.777042168e-17, -1.721953861e-17, -1.668573291e-17, -1.616847519e-17, -1.566725246e-17, -1.518156763e-17, -1.471093904e-17, -1.425489993e-17, -1.381299803e-17], "y_flex": [0, 8.536023524e-19, 9.227213661e-17, -7.864249402e-17, -4.147967669e-17, -2.271348253e-17, -1.579337719e-17, -1.918429393e-17, -2.069140645e-17, -2.005394406e-17, -1.893400882e-17, -1.818947399e-17, -1.767911378e-17, -1.718424451e-17, -1.66574584e-17, -1.613146876e-17, -1.562685964e-17, -1.514301421e-17, -1.467476958e-17, -1.422012208e-17, -1.377912857e-17], "m_flex": [0, -0.05959122513, -0.03150557304, -0.01025096332, 0.007270588596, 0.003753004751, -7.400101971e-05, -0.0009129625736, -0.0002720501634, 0.0001040164133, 9.570976539e-05, 8.993075431e-06, -1.785625304e-05, -7.981058438e-06, 1.239707607e-06, 2.161942401e-06, 4.540224459e-07, -3.212843612e-07, -2.071502014e-07, 8.753568905e-10, 4.565947819e-08], "interest": [0, 0.65127022, 0.3443232026, 0.112032386, -0.07945998466, -0.04101644537, 0.0008087543137, 0.009977733045, 0.002973225829, -0.001136791402, -0.001046008365, -9.828497738e-05, 0.0001951503064, 8.722468239e-05, -1.354871702e-05, -2.362778581e-05, -4.961993946e-06, 3.511304493e-06, 2.263936626e-06, -9.566743118e-09, -4.990106917e-07], "inflation": [0, -0.3375241484, -0.3598371839, -0.317158467, -0.2916272822, 0.04344772968, 0.05979030721, 0.01552889948, -0.009194733218, -0.006136324583, -0.000136212676, 0.001322428223, 0.0004669288144, -0.0001312982139, -0.000146737296, -2.03414613e-05, 2.528037301e-05, 1.294151744e-05, -1.197970383e-06, -3.235261142e-06, -8.228645652e-07], "inflationq": [0, -1.350096594, -0.08925214201, 0.1707148675, 0.1021247395, -0.009796546293, -0.02388183189, -0.006330763387, 0.003230208703, 0.002437088246, 0.0001186157341, -0.0004961997912, -0.0001917889319, 4.418013338e-05, 5.685940564e-05, 9.383547676e-06, -9.301594656e-06, -5.175288881e-06, 3.014543291e-07, 1.234384642e-06, 3.479916493e-07], "outputgap": [0, -0.123543577, -0.04318707248, 0.0009730200076, 0.01074474379, 0.002768608675, -0.001324201104, -0.001088140312, -6.693935087e-05, 0.0002133787849, 8.681438671e-05, -1.777854254e-05, -2.493180717e-05, -4.479910093e-06, 3.960313987e-06, 2.308480924e-06, -9.283201567e-08, -5.367243241e-07, -1.59664687e-07, 6.398439181e-08, 5.642532635e-08], "output": [0, -0.123543577, -0.04318707248, 0.0009730200076, 0.01074474379, 0.002768608675, -0.001324201104, -0.001088140312, -6.693935087e-05, 0.0002133787849, 8.681438671e-05, -1.777854254e-05, -2.493180717e-05, -4.479910093e-06, 3.960313987e-06, 2.308480924e-06, -9.283201569e-08, -5.367243242e-07, -1.59664687e-07, 6.39843918e-08, 5.642532633e-08], "AUX_ENDO_LEAD_75": [0, -0.08925214201, 0.1707148675, 0.1021247395, -0.009796546293, -0.02388183189, -0.006330763387, 0.003230208703, 0.002437088246, 0.0001186157341, -0.0004961997912, -0.0001917889319, 4.418013338e-05, 5.685940564e-05, 9.383547676e-06, -9.301594656e-06, -5.175288881e-06, 3.014543291e-07, 1.234384642e-06, 3.479916493e-07, -1.53610905e-07], "AUX_ENDO_LEAD_79": [0, 0.1707148675, 0.1021247395, -0.009796546293, -0.02388183189, -0.006330763387, 0.003230208703, 0.002437088246, 0.0001186157341, -0.0004961997912, -0.0001917889319, 4.418013338e-05, 5.685940564e-05, 9.383547676e-06, -9.301594656e-06, -5.175288881e-06, 3.014543291e-07, 1.234384642e-06, 3.479916493e-07, -1.53610905e-07, -1.27724288e-07], "AUX_ENDO_LEAD_83": [0, 0.1021247395, -0.009796546293, -0.02388183189, -0.006330763387, 0.003230208703, 0.002437088246, 0.0001186157341, -0.0004961997912, -0.0001917889319, 4.418013338e-05, 5.685940564e-05, 9.383547676e-06, -9.301594656e-06, -5.175288881e-06, 3.014543291e-07, 1.234384642e-06, 3.479916493e-07, -1.53610905e-07, -1.27724288e-07, -9.197682441e-09], "AUX_ENDO_LEAD_110": [0, -0.04318707248, 0.0009730200076, 0.01074474379, 0.002768608675, -0.001324201104, -0.001088140312, -6.693935087e-05, 0.0002133787849, 8.681438671e-05, -1.777854254e-05, -2.493180717e-05, -4.479910093e-06, 3.960313987e-06, 2.308480924e-06, -9.283201567e-08, -5.367243241e-07, -1.59664687e-07, 6.398439181e-08, 5.642532635e-08, 4.911930357e-09], "AUX_ENDO_LEAD_114": [0, 0.0009730200076, 0.01074474379, 0.002768608675, -0.001324201104, -0.001088140312, -6.693935087e-05, 0.0002133787849, 8.681438671e-05, -1.777854254e-05, -2.493180717e-05, -4.479910093e-06, 3.960313987e-06, 2.308480924e-06, -9.283201567e-08, -5.367243241e-07, -1.59664687e-07, 6.398439181e-08, 5.642532635e-08, 4.911930357e-09, -1.070912668e-08], "AUX_ENDO_LEAD_118": [0, 0.01074474379, 0.002768608675, -0.001324201104, -0.001088140312, -6.693935087e-05, 0.0002133787849, 8.681438671e-05, -1.777854254e-05, -2.493180717e-05, -4.479910093e-06, 3.960313987e-06, 2.308480924e-06, -9.283201567e-08, -5.367243241e-07, -1.59664687e-07, 6.398439181e-08, 5.642532635e-08, 4.911930357e-09, -1.070912668e-08, -4.667350671e-09],