{"interest_": {"y": [0, -0.1283060318, -0.05770822819, -0.01912234162, -0.005529365867, -0.00146949753, -0.0003667768472, -8.679666386e-05, -1.952975153e-05, -4.167534066e-06, -8.357985726e-07, -1.542966078e-07, -2.495641721e-08, -3.02146561e-09, -3.249189625e-11, 1.458714992e-10, 6.728605286e-11, 2.249351398e-11, 6.535781176e-12, 1.742750055e-12, 4.36113833e-13], "m": [0, -0.04119415043, 0.06157284194, 0.0298872884, 0.01016261792, 0.002980124181, 0.0007996327598, 0.0002011074259, 4.791585953e-05, 1.085414684e-05, 2.33339545e-06, 4.722392517e-07, 8.831267222e-08, 1.460983567e-08, 1.875813054e-09, 6.711335874e-11, -6.946392998e-11, -3.478432229e-11, -1.194411508e-11, -3.520715236e-12, -9.479863644e-13], "pi": [0, -0.4452566398, -0.1249978171, -0.03159961757, -0.007551744466, -0.001715603608, -0.0003699731939, -7.516213553e-05, -1.413097428e-05, -2.359039054e-06, -3.097271787e-07, -1.391139103e-08, 1.01977584e-08, 5.322128515e-09, 1.850355104e-09, 5.489558957e-10, 1.484471579e-10, 3.756209832e-11, 8.997627642e-12, 2.04890736e-12, 4.429821718e-13], "r": [0, 0.04635070034, 0.003981134222, -0.0006782333806, -0.0005163401827, -0.0001960424358, -6.068556688e-05, -1.686236451e-05, -4.355505835e-06, -1.061949474e-06, -2.459542394e-07, -5.413973764e-08, -1.126951934e-08, -2.189520484e-09, -3.855151197e-10, -5.697685832e-11, -5.13233982e-12, 7.194541452e-13, 5.959385618e-13, 2.296280438e-13, 7.155377154e-14], "mc": [0, -0.3026893664, -0.08319314697, -0.02129682054, -0.00515289999, -0.001184806359, -0.0002588200947, -5.339704103e-05, -1.025239705e-05, -1.771831524e-06, -2.518102124e-07, -1.906872078e-08, 4.803793152e-09, 3.171782288e-09, 1.17038677e-09, 3.575595883e-10, 9.854029545e-11, 2.529734367e-11, 6.135994346e-12, 1.414176334e-12, 3.096943743e-13], "mu": [0, -0.4864507902, -0.0222308247, -0.06328517112, -0.02727641495, -0.008898097346, -0.002550464615, -0.0006736874695, -0.0001673225407, -3.942075174e-05, -8.830478571e-06, -1.87506759e-06, -3.737288211e-07, -6.838070803e-08, -1.088366751e-08, -1.2597438e-09, 1.186986924e-11, 7.224170601e-11, 3.183783485e-11, 1.047230721e-11, 3.015711043e-12], "a": [0, 0, 2.238928723e-32, 4.372627796e-32, 6.404932503e-32, 8.339550066e-32, 1.018006376e-31, 1.192993689e-31, 1.359251667e-31, 1.517103795e-31, 1.666862685e-31, 1.808830423e-31, 1.943298914e-31, 2.070550205e-31, 2.19085681e-31, 2.304482011e-31, 2.411680163e-31, 2.512696979e-31, 2.607769811e-31, 2.697127922e-31, 2.780992749e-31], "e": [0, 3.047339351e-19, 3.116203607e-18, -1.191338186e-17, -2.791418e-17, -3.140511363e-17, -3.137733947e-17, -3.048555643e-17, -2.94183264e-17, -2.834284874e-17, -2.729678047e-17, -2.628728537e-17, -2.531473514e-17, -2.437809979e-17, -2.347611031e-17, -2.26074938e-17, -2.177101633e-17, -2.096548866e-17, -2.018976555e-17, -1.944274422e-17, -1.872336269e-17], "z": [0, -6.517462028e-17, -6.315420706e-17, -6.119642664e-17, -5.929933741e-17, -5.746105795e-17, -5.567976516e-17, -5.395369244e-17, -5.228112797e-17, -5.0660413e-17, -4.90899402e-17, -4.756815205e-17, -4.609353934e-17, -4.466463962e-17, -4.328003579e-17, -4.193835468e-17, -4.063826569e-17, -3.937847945e-17, -3.815774659e-17, -3.697485644e-17, -3.582863589e-17], "y_flex": [0, -7.93391847e-18, -7.131502269e-17, -6.228536013e-17, -5.886948948e-17, -5.706793696e-17, -5.543465406e-17, -5.378400573e-17, -5.214138081e-17, -5.053273531e-17, -4.89684308e-17, -4.745099955e-17, -4.598016774e-17, -4.455481848e-17, -4.317362738e-17, -4.183524675e-17, -4.053835447e-17, -3.928166556e-17, -3.806393394e-17, -3.688395199e-17, -3.574054948e-17], "m_flex": [0, -0.01696435632, -0.001457095125, 0.0002482334173, 0.0001889805069, 7.175153149e-05, 2.221091748e-05, 6.171625412e-06, 1.594115136e-06, 3.886735074e-07, 9.001925161e-08, 1.981514395e-08, 4.124644057e-09, 8.013644779e-10, 1.410985153e-10, 2.085351246e-11, 1.878419418e-12, -2.633364693e-13, -2.181290901e-13, -8.405879214e-14, -2.620298638e-14], "interest": [0, 0.1854028014, 0.01592453689, -0.002712933522, -0.002065360731, -0.0007841697431, -0.0002427422675, -6.744945805e-05, -1.742202334e-05, -4.247797895e-06, -9.838169578e-07, -2.165589505e-07, -4.507807735e-08, -8.758081936e-09, -1.542060479e-09, -2.279074333e-10, -2.052935928e-11, 2.877816581e-12, 2.383754247e-12, 9.185121751e-13, 2.862150861e-13], "inflation": [0, -0.4452566398, -0.5702544569, -0.6018540744, -0.6094058189, -0.1658647827, -0.04123693884, -0.009712483404, -0.002174869912, -0.0004616253428, -9.196187605e-05, -1.68136519e-05, -2.672479865e-06, -3.081186829e-07, 3.45885099e-09, 1.791919792e-08, 7.869886672e-09, 2.585320256e-09, 7.439627796e-10, 1.970557913e-10, 4.90516155e-11], "inflationq": [0, -1.781026559, -0.4999912683, -0.1263984703, -0.03020697786, -0.006862414434, -0.001479892776, -0.0003006485421, -5.652389712e-05, -9.436156216e-06, -1.238908715e-06, -5.564556412e-08, 4.07910336e-08, 2.128851406e-08, 7.401420415e-09, 2.195823583e-09, 5.937886318e-10, 1.502483933e-10, 3.599051057e-11, 8.195629441e-12, 1.771928687e-12], "outputgap": [0, -0.1283060318, -0.05770822819, -0.01912234162, -0.005529365867, -0.00146949753, -0.0003667768472, -8.679666386e-05, -1.952975153e-05, -4.167534066e-06, -8.357985726e-07, -1.542966077e-07, -2.495641716e-08, -3.021465565e-09, -3.249185308e-11, 1.45871541e-10, 6.72860934e-11, 2.249355326e-11, 6.53581924e-12, 1.742786939e-12, 4.361495736e-13], "output": [0, -0.1283060318, -0.05770822819, -0.01912234162, -0.005529365867, -0.00146949753, -0.0003667768472, -8.679666386e-05, -1.952975153e-05, -4.167534066e-06, -8.357985726e-07, -1.542966078e-07, -2.495641721e-08, -3.02146561e-09, -3.249189625e-11, 1.458714992e-10, 6.728605286e-11, 2.249351398e-11, 6.535781176e-12, 1.742750055e-12, 4.36113833e-13], "AUX_ENDO_LEAD_75": [0, -0.4999912683, -0.1263984703, -0.03020697786, -0.006862414434, -0.001479892776, -0.0003006485421, -5.652389712e-05, -9.436156216e-06, -1.238908715e-06, -5.564556412e-08, 4.07910336e-08, 2.128851406e-08, 7.401420415e-09, 2.195823583e-09, 5.937886318e-10, 1.502483933e-10, 3.599051057e-11, 8.195629441e-12, 1.771928687e-12, 3.610937795e-13], "AUX_ENDO_LEAD_79": [0, -0.1263984703, -0.03020697786, -0.006862414434, -0.001479892776, -0.0003006485421, -5.652389712e-05, -9.436156216e-06, -1.238908715e-06, -5.564556412e-08, 4.07910336e-08, 2.128851406e-08, 7.401420415e-09, 2.195823583e-09, 5.937886318e-10, 1.502483933e-10, 3.599051057e-11, 8.195629441e-12, 1.771928687e-12, 3.610937795e-13, 6.818165748e-14], "AUX_ENDO_LEAD_83": [0, -0.03020697786, -0.006862414434, -0.001479892776, -0.0003006485421, -5.652389712e-05, -9.436156216e-06, -1.238908715e-06, -5.564556412e-08, 4.07910336e-08, 2.128851406e-08, 7.401420415e-09, 2.195823583e-09, 5.937886318e-10, 1.502483933e-10, 3.599051057e-11, 8.195629441e-12, 1.771928687e-12, 3.610937795e-13, 6.818165748e-14, 1.14669866e-14], "AUX_ENDO_LEAD_110": [0, -0.05770822819, -0.01912234162, -0.005529365867, -0.00146949753, -0.0003667768472, -8.679666386e-05, -1.952975153e-05, -4.167534066e-06, -8.357985726e-07, -1.542966077e-07, -2.495641716e-08, -3.021465565e-09, -3.249185308e-11, 1.45871541e-10, 6.72860934e-11, 2.249355326e-11, 6.53581924e-12, 1.742786939e-12, 4.361495736e-13, 1.034606819e-13], "AUX_ENDO_LEAD_114": [0, -0.01912234162, -0.005529365867, -0.00146949753, -0.0003667768472, -8.679666386e-05, -1.952975153e-05, -4.167534066e-06, -8.357985726e-07, -1.542966077e-07, -2.495641716e-08, -3.021465565e-09, -3.249185308e-11, 1.45871541e-10, 6.72860934e-11, 2.249355326e-11, 6.53581924e-12, 1.742786939e-12, 4.361495736e-13, 1.034606819e-13, 2.333473178e-14], "AUX_ENDO_LEAD_118": [0, -0.005529365867, -0.00146949753, -0.0003667768472, -8.679666386e-05, -1.952975153e-05, -4.167534066e-06, -8.357985726e-07, -1.542966077e-07, -2.495641716e-08, -3.021465565e-09, -3.249185308e-11, 1.45871541e-10, 6.72860934e-11, 2.249355326e-11, 6.53581924e-12, 1.742786939e-12, 4.361495736e-13, 1.034606819e-13, 2.333473178e-14, 4.99259743e-15],