{"interest_": {"ygap": [0, -3.202682538, -1.655495079, -0.8557401256, -0.4423396794, -0.2286493132, -0.1181908629, -0.06109390788, -0.03157998417, -0.0163239746, -0.008438007609, -0.004361681156, -0.00225459177, -0.001165418531, -0.0006024152007, -0.0003113937734, -0.0001609622101, -8.320279752e-05, -4.30082658e-05, -2.223135498e-05, -1.149158505e-05], "pdot": [0, -0.6297001579, -0.3254976103, -0.1682526088, -0.08697126944, -0.04495622244, -0.02323827109, -0.01201206894, -0.006209145235, -0.003209562378, -0.00165905133, -0.000857578383, -0.000443289891, -0.000229140486, -0.0001184447545, -6.122514671e-05, -3.164782269e-05, -1.635904093e-05, -8.456133707e-06, -4.371050698e-06, -2.259434969e-06], "rff": [0, 0.6461361138, 0.3339935021, 0.1726442108, 0.08924132755, 0.04612963566, 0.02384481882, 0.01232559885, 0.006371211635, 0.003293335941, 0.001702354629, 0.0008799622436, 0.0004548603075, 0.0002351213372, 0.0001215363097, 6.282319905e-05, 3.247387016e-05, 1.678603221e-05, 8.676849296e-06, 4.485140548e-06, 2.318409027e-06], "rstar": [0, 7.974013868e-17, 2.790904854e-17, 9.768166988e-18, 3.418858446e-18, 1.196600456e-18, 4.188101596e-19, 1.465835559e-19, 5.130424455e-20, 1.795648559e-20, 6.284769958e-21, 2.199669485e-21, 7.698843198e-22, 2.694595119e-22, 9.431082918e-23, 3.300879021e-23, 1.155307657e-23, 4.043576801e-24, 1.41525188e-24, 4.953381581e-25, 1.733683553e-25], "drff": [0, 0.6461361138, -0.3121426118, -0.1613492913, -0.08340288324, -0.04311169189, -0.02228481685, -0.01151921996, -0.005954387218, -0.003077875694, -0.001590981312, -0.0008223923856, -0.0004251019361, -0.0002197389704, -0.0001135850275, -5.871311061e-05, -3.03493289e-05, -1.568783795e-05, -8.109182916e-06, -4.191708749e-06, -2.166731521e-06], "pdotsh": [0, 3.667141752e-17, 0, 0, 0, 0, 0, 0, 0, 0, 0, 0, 0, 0, 0, 0, 0, 0, 0, 0, 0], "interest": [0, 0.6461361138, 0.3339935021, 0.1726442108, 0.08924132755, 0.04612963566, 0.02384481882, 0.01232559885, 0.006371211635, 0.003293335941, 0.001702354629, 0.0008799622436, 0.0004548603075, 0.0002351213372, 0.0001215363097, 6.282319905e-05, 3.247387016e-05, 1.678603221e-05, 8.676849296e-06, 4.485140548e-06, 2.318409027e-06], "inflation": [0, -0.1574250395, -0.2387994421, -0.2808625943, -0.3026054116, -0.1564194278, -0.08085459294, -0.04179445798, -0.02160392693, -0.01116726191, -0.00577245697, -0.002983834331, -0.001542370495, -0.0007972650224, -0.0004121133786, -0.0002130250695, -0.0001101145525, -5.691919121e-05, -2.942203601e-05, -1.520851201e-05, -7.861415077e-06], "inflationq": [0, -0.6297001579, -0.3254976103, -0.1682526088, -0.08697126944, -0.04495622244, -0.02323827109, -0.01201206894, -0.006209145235, -0.003209562378, -0.00165905133, -0.000857578383, -0.000443289891, -0.000229140486, -0.0001184447545, -6.122514671e-05, -3.164782269e-05, -1.635904093e-05, -8.456133707e-06, -4.371050698e-06, -2.259434969e-06], "outputgap": [0, -3.202682538, -1.655495079, -0.8557401256, -0.4423396794, -0.2286493132, -0.1181908629, -0.06109390788, -0.03157998417, -0.0163239746, -0.008438007609, -0.004361681156, -0.00225459177, -0.001165418531, -0.0006024152007, -0.0003113937734, -0.0001609622101, -8.320279752e-05, -4.30082658e-05, -2.223135498e-05, -1.149158505e-05], "AUX_ENDO_LEAD_71": [0, -0.3254976103, -0.1682526088, -0.08697126944, -0.04495622244, -0.02323827109, -0.01201206894, -0.006209145235, -0.003209562378, -0.00165905133, -0.000857578383, -0.000443289891, -0.000229140486, -0.0001184447545, -6.122514671e-05, -3.164782269e-05, -1.635904093e-05, -8.456133707e-06, -4.371050698e-06, -2.259434969e-06, -1.167922024e-06], "AUX_ENDO_LEAD_75": [0, -0.1682526088, -0.08697126944, -0.04495622244, -0.02323827109, -0.01201206894, -0.006209145235, -0.003209562378, -0.00165905133, -0.000857578383, -0.000443289891, -0.000229140486, -0.0001184447545, -6.122514671e-05, -3.164782269e-05, -1.635904093e-05, -8.456133707e-06, -4.371050698e-06, -2.259434969e-06, -1.167922024e-06, -6.037092784e-07], "AUX_ENDO_LEAD_79": [0, -0.08697126944, -0.04495622244, -0.02323827109, -0.01201206894, -0.006209145235, -0.003209562378, -0.00165905133, -0.000857578383, -0.000443289891, -0.000229140486, -0.0001184447545, -6.122514671e-05, -3.164782269e-05, -1.635904093e-05, -8.456133707e-06, -4.371050698e-06, -2.259434969e-06, -1.167922024e-06, -6.037092784e-07, -3.120626936e-07], "AUX_ENDO_LEAD_106": [0, -1.655495079, -0.8557401256, -0.4423396794, -0.2286493132, -0.1181908629, -0.06109390788, -0.03157998417, -0.0163239746, -0.008438007609, -0.004361681156, -0.00225459177, -0.001165418531, -0.0006024152007, -0.0003113937734, -0.0001609622101, -8.320279752e-05, -4.30082658e-05, -2.223135498e-05, -1.149158505e-05, -5.940102486e-06], "AUX_ENDO_LEAD_110": [0, -0.8557401256, -0.4423396794, -0.2286493132, -0.1181908629, -0.06109390788, -0.03157998417, -0.0163239746, -0.008438007609, -0.004361681156, -0.00225459177, -0.001165418531, -0.0006024152007, -0.0003113937734, -0.0001609622101, -8.320279752e-05, -4.30082658e-05, -2.223135498e-05, -1.149158505e-05, -5.940102486e-06, -3.070491789e-06], "AUX_ENDO_LEAD_114": [0, -0.4423396794, -0.2286493132, -0.1181908629, -0.06109390788, -0.03157998417, -0.0163239746, -0.008438007609, -0.004361681156, -0.00225459177, -0.001165418531, -0.0006024152007, -0.0003113937734, -0.0001609622101, -8.320279752e-05, -4.30082658e-05, -2.223135498e-05, -1.149158505e-05, -5.940102486e-06, -3.070491789e-06, -1.587164506e-06], "AUX_ENDO_LAG_1_1": [0, 0, -0.6297001579, -0.3254976103, -0.1682526088, -0.08697126944, -0.04495622244, -0.02323827109, -0.01201206894, -0.006209145235, -0.003209562378, -0.00165905133, -0.000857578383, -0.000443289891, -0.000229140486, -0.0001184447545, -6.122514671e-05, -3.164782269e-05, -1.635904093e-05, -8.456133707e-06, -4.371050698e-06], "AUX_ENDO_LAG_1_2": [0, 0, 0, -0.6297001579, -0.3254976103, -0.1682526088, -0.08697126944, -0.04495622244, -0.02323827109, -0.01201206894, -0.006209145235, -0.003209562378, -0.00165905133, -0.000857578383, -0.000443289891, -0.000229140486, -0.0001184447545, -6.122514671e-05, -3.164782269e-05, -1.635904093e-05, -8.456133707e-06], "AUX_ENDO_LAG_9_1": [0, 0, -3.202682538, -1.655495079, -0.8557401256, -0.4423396794, -0.2286493132, -0.1181908629, -0.06109390788, -0.03157998417, -0.0163239746, -0.008438007609, -0.004361681156, -0.00225459177, -0.001165418531, -0.0006024152007, -0.0003113937734, -0.0001609622101, -8.320279752e-05, -4.30082658e-05, -2.223135498e-05], "AUX_ENDO_LAG_9_2": [0, 0, 0, -3.202682538, -1.655495079, -0.8557401256, -0.4423396794, -0.2286493132, -0.1181908629, -0.06109390788, -0.03157998417, -0.0163239746, -0.008438007609, -0.004361681156, -0.00225459177, -0.001165418531, -0.0006024152007, -0.0003113937734, -0.0001609622101, -8.320279752e-05, -4.30082658e-05], "AUX_ENDO_LAG_9_3": [0, 0, 0, 0, -3.202682538, -1.655495079, -0.8557401256, -0.4423396794, -0.2286493132, -0.1181908629, -0.06109390788, -0.03157998417, -0.0163239746, -0.008438007609, -0.004361681156, -0.00225459177, -0.001165418531, -0.0006024152007, -0.0003113937734, -0.0001609622101, -8.320279752e-05], "AUX_ENDO_LAG_6_1": [0, 0, 0.6461361138, 0.3339935021, 0.1726442108, 0.08924132755, 0.04612963566, 0.02384481882, 0.01232559885, 0.006371211635, 0.003293335941, 0.001702354629, 0.0008799622436, 0.0004548603075, 0.0002351213372, 0.0001215363097, 6.282319905e-05, 3.247387016e-05, 1.678603221e-05, 8.676849296e-06, 4.485140548e-06], "AUX_ENDO_LAG_6_2": [0, 0, 0, 0.6461361138, 0.3339935021, 0.1726442108, 0.08924132755, 0.04612963566, 0.02384481882, 0.01232559885, 0.006371211635, 0.003293335941, 0.001702354629, 0.0008799622436, 0.0004548603075, 0.0002351213372, 0.0001215363097, 6.282319905e-05, 3.247387016e-05, 1.678603221e-05, 8.676849296e-06], "AUX_ENDO_LAG_6_3": [0, 0, 0, 0, 0.6461361138, 0.3339935021, 0.1726442108, 0.08924132755, 0.04612963566, 0.02384481882, 0.01232559885, 0.006371211635, 0.003293335941, 0.001702354629, 0.0008799622436, 0.0004548603075, 0.0002351213372, 0.0001215363097, 6.282319905e-05, 3.247387016e-05, 1.678603221e-05],