{"interest_": {"ygap": [0, -1.308751728, -0.4546974371, -0.1474051558, -0.1340255569, -0.4381715482, -0.2696217273, -0.1276952487, -0.1048019044, -0.1724800772, -0.1359104866, -0.08258931582, -0.0652951448, -0.07697294587, -0.06664327867, -0.04718529798, -0.03739414461, -0.03717107757, -0.03292300101, -0.0254791929, -0.0205091826], "pdot": [0, -0.3588643714, -0.2355800055, -0.1938677289, -0.1815321555, -0.170369396, -0.1296009367, -0.1047648999, -0.09344056162, -0.08422179677, -0.06834718117, -0.05585835804, -0.04841392295, -0.04257130207, -0.03553727198, -0.02943385579, -0.02515562342, -0.02178362175, -0.01839919021, -0.01539250718, -0.01307727744], "rff": [0, 0.3007660894, -0.0008881762442, -0.1731297674, -0.3613730785, -0.02375164915, -0.01563507138, -0.07906354135, -0.1267236893, -0.04538147823, -0.02237266281, -0.03755318355, -0.04990496114, -0.02905024098, -0.01721424392, -0.0190067791, -0.02164353566, -0.01573139813, -0.01071779569, -0.009956110969, -0.01009520454], "rstar": [0, 3.391608426e-17, 1.187062949e-17, 4.154720322e-18, 1.454152113e-18, 5.089532394e-19, 1.781336338e-19, 6.234677183e-20, 2.182137014e-20, 7.637479549e-21, 2.673117842e-21, 9.355912447e-22, 3.274569357e-22, 1.146099275e-22, 4.011347462e-23, 1.403971612e-23, 4.913900641e-24, 1.719865224e-24, 6.019528285e-25, 2.1068349e-25, 7.373922149e-26], "drff": [0, 0.3007660894, -0.3016542656, -0.1722415911, -0.1882433111, 0.3376214293, 0.008116577771, -0.06342846997, -0.04766014799, 0.08134221111, 0.02300881542, -0.01518052074, -0.01235177759, 0.02085472015, 0.01183599707, -0.00179253518, -0.002636756559, 0.005912137531, 0.005013602435, 0.0007616847215, -0.000139093568], "pdotsh": [0, 2.840439944e-17, 0, 0, 0, 0, 0, 0, 0, 0, 0, 0, 0, 0, 0, 0, 0, 0, 0, 0, 0], "interest": [0, 0.3007660894, -0.0008881762442, -0.1731297674, -0.3613730785, -0.02375164915, -0.01563507138, -0.07906354135, -0.1267236893, -0.04538147823, -0.02237266281, -0.03755318355, -0.04990496114, -0.02905024098, -0.01721424392, -0.0190067791, -0.02164353566, -0.01573139813, -0.01071779569, -0.009956110969, -0.01009520454], "inflation": [0, -0.08971609285, -0.1486110942, -0.1970780265, -0.2424610653, -0.1953373215, -0.1688425543, -0.146566847, -0.1245439485, -0.1030070487, -0.08769360986, -0.0754669744, -0.06421031473, -0.05379769106, -0.04559521376, -0.0389890882, -0.03317451332, -0.02797759324, -0.02369307279, -0.02018273564, -0.01716314915], "inflationq": [0, -0.3588643714, -0.2355800055, -0.1938677289, -0.1815321555, -0.170369396, -0.1296009367, -0.1047648999, -0.09344056162, -0.08422179677, -0.06834718117, -0.05585835804, -0.04841392295, -0.04257130207, -0.03553727198, -0.02943385579, -0.02515562342, -0.02178362175, -0.01839919021, -0.01539250718, -0.01307727744], "outputgap": [0, -1.308751728, -0.4546974371, -0.1474051558, -0.1340255569, -0.4381715482, -0.2696217273, -0.1276952487, -0.1048019044, -0.1724800772, -0.1359104866, -0.08258931582, -0.0652951448, -0.07697294587, -0.06664327867, -0.04718529798, -0.03739414461, -0.03717107757, -0.03292300101, -0.0254791929, -0.0205091826], "AUX_ENDO_LEAD_71": [0, -0.2355800055, -0.1938677289, -0.1815321555, -0.170369396, -0.1296009367, -0.1047648999, -0.09344056162, -0.08422179677, -0.06834718117, -0.05585835804, -0.04841392295, -0.04257130207, -0.03553727198, -0.02943385579, -0.02515562342, -0.02178362175, -0.01839919021, -0.01539250718, -0.01307727744, -0.01122060193], "AUX_ENDO_LEAD_75": [0, -0.1938677289, -0.1815321555, -0.170369396, -0.1296009367, -0.1047648999, -0.09344056162, -0.08422179677, -0.06834718117, -0.05585835804, -0.04841392295, -0.04257130207, -0.03553727198, -0.02943385579, -0.02515562342, -0.02178362175, -0.01839919021, -0.01539250718, -0.01307727744, -0.01122060193, -0.009518945121], "AUX_ENDO_LEAD_79": [0, -0.1815321555, -0.170369396, -0.1296009367, -0.1047648999, -0.09344056162, -0.08422179677, -0.06834718117, -0.05585835804, -0.04841392295, -0.04257130207, -0.03553727198, -0.02943385579, -0.02515562342, -0.02178362175, -0.01839919021, -0.01539250718, -0.01307727744, -0.01122060193, -0.009518945121, -0.008014654273], "AUX_ENDO_LEAD_106": [0, -0.4546974371, -0.1474051558, -0.1340255569, -0.4381715482, -0.2696217273, -0.1276952487, -0.1048019044, -0.1724800772, -0.1359104866, -0.08258931582, -0.0652951448, -0.07697294587, -0.06664327867, -0.04718529798, -0.03739414461, -0.03717107757, -0.03292300101, -0.0254791929, -0.0205091826, -0.01871714853], "AUX_ENDO_LEAD_110": [0, -0.1474051558, -0.1340255569, -0.4381715482, -0.2696217273, -0.1276952487, -0.1048019044, -0.1724800772, -0.1359104866, -0.08258931582, -0.0652951448, -0.07697294587, -0.06664327867, -0.04718529798, -0.03739414461, -0.03717107757, -0.03292300101, -0.0254791929, -0.0205091826, -0.01871714853, -0.01650455616], "AUX_ENDO_LEAD_114": [0, -0.1340255569, -0.4381715482, -0.2696217273, -0.1276952487, -0.1048019044, -0.1724800772, -0.1359104866, -0.08258931582, -0.0652951448, -0.07697294587, -0.06664327867, -0.04718529798, -0.03739414461, -0.03717107757, -0.03292300101, -0.0254791929, -0.0205091826, -0.01871714853, -0.01650455616, -0.0134101722], "AUX_ENDO_LAG_1_1": [0, 0, -0.3588643714, -0.2355800055, -0.1938677289, -0.1815321555, -0.170369396, -0.1296009367, -0.1047648999, -0.09344056162, -0.08422179677, -0.06834718117, -0.05585835804, -0.04841392295, -0.04257130207, -0.03553727198, -0.02943385579, -0.02515562342, -0.02178362175, -0.01839919021, -0.01539250718], "AUX_ENDO_LAG_1_2": [0, 0, 0, -0.3588643714, -0.2355800055, -0.1938677289, -0.1815321555, -0.170369396, -0.1296009367, -0.1047648999, -0.09344056162, -0.08422179677, -0.06834718117, -0.05585835804, -0.04841392295, -0.04257130207, -0.03553727198, -0.02943385579, -0.02515562342, -0.02178362175, -0.01839919021], "AUX_ENDO_LAG_9_1": [0, 0, -1.308751728, -0.4546974371, -0.1474051558, -0.1340255569, -0.4381715482, -0.2696217273, -0.1276952487, -0.1048019044, -0.1724800772, -0.1359104866, -0.08258931582, -0.0652951448, -0.07697294587, -0.06664327867, -0.04718529798, -0.03739414461, -0.03717107757, -0.03292300101, -0.0254791929], "AUX_ENDO_LAG_9_2": [0, 0, -7.476367695e-16, -1.308751728, -0.4546974371, -0.1474051558, -0.1340255569, -0.4381715482, -0.2696217273, -0.1276952487, -0.1048019044, -0.1724800772, -0.1359104866, -0.08258931582, -0.0652951448, -0.07697294587, -0.06664327867, -0.04718529798, -0.03739414461, -0.03717107757, -0.03292300101], "AUX_ENDO_LAG_9_3": [0, 0, -1.447989292e-15, -1.576239371e-15, -1.308751728, -0.4546974371, -0.1474051558, -0.1340255569, -0.4381715482, -0.2696217273, -0.1276952487, -0.1048019044, -0.1724800772, -0.1359104866, -0.08258931582, -0.0652951448, -0.07697294587, -0.06664327867, -0.04718529798, -0.03739414461, -0.03717107757], "AUX_ENDO_LAG_6_1": [0, 0, 0.3007660894, -0.0008881762442, -0.1731297674, -0.3613730785, -0.02375164915, -0.01563507138, -0.07906354135, -0.1267236893, -0.04538147823, -0.02237266281, -0.03755318355, -0.04990496114, -0.02905024098, -0.01721424392, -0.0190067791, -0.02164353566, -0.01573139813, -0.01071779569, -0.009956110969], "AUX_ENDO_LAG_6_2": [0, 0, 0, 0.3007660894, -0.0008881762442, -0.1731297674, -0.3613730785, -0.02375164915, -0.01563507138, -0.07906354135, -0.1267236893, -0.04538147823, -0.02237266281, -0.03755318355, -0.04990496114, -0.02905024098, -0.01721424392, -0.0190067791, -0.02164353566, -0.01573139813, -0.01071779569], "AUX_ENDO_LAG_6_3": [0, 0, 0, 0, 0.3007660894, -0.0008881762442, -0.1731297674, -0.3613730785, -0.02375164915, -0.01563507138, -0.07906354135, -0.1267236893, -0.04538147823, -0.02237266281, -0.03755318355, -0.04990496114, -0.02905024098, -0.01721424392, -0.0190067791, -0.02164353566, -0.01573139813], "AUX_ENDO_LAG_8_1": [0, 0, -0.3588643714, -0.2355800055, -0.1938677289, -0.1815321555, -0.170369396, -0.1296009367, -0.1047648999, -0.09344056162, -0.08422179677, -0.06834718117, -0.05585835804, -0.04841392295, -0.04257130207, -0.03553727198, -0.02943385579, -0.02515562342, -0.02178362175, -0.01839919021, -0.01539250718],