{"interest_": {"ygap": [0, -1.081659433, -0.8521315205, -0.6713093843, -0.5288576688, -0.4166341786, -0.3282244902, -0.2585753198, -0.2037056893, -0.1604793832, -0.1264256906, -0.09959818464, -0.07846347001, -0.06181353756, -0.0486967174, -0.03836328382, -0.03022260276, -0.02380937257, -0.01875702853, -0.01477679087, -0.01164115884], "pdot": [0, -0.4718299882, -0.3717077602, -0.2928314487, -0.2306926746, -0.1817397357, -0.1431746006, -0.1127929793, -0.08885833193, -0.07000261188, -0.05514807181, -0.04344566213, -0.03422650142, -0.02696364475, -0.02124196479, -0.01673442416, -0.01318338274, -0.01038587159, -0.008181991741, -0.006445774749, -0.005077982652], "rff": [0, -0.2275642309, -0.1792751472, -0.1412329972, -0.1112633838, -0.08765331628, -0.06905330031, -0.05440020396, -0.04285649169, -0.03376235283, -0.02659798839, -0.02095390064, -0.01650748716, -0.01300460173, -0.01024502787, -0.008071035032, -0.006358363031, -0.005009119683, -0.0039461855, -0.003108805736, -0.002449117788], "rstar": [0, -8.54748124e-17, -2.991618434e-17, -1.047066452e-17, -3.664732582e-18, -1.282656404e-18, -4.489297413e-19, -1.571254094e-19, -5.499389331e-20, -1.924786266e-20, -6.73675193e-21, -2.357863175e-21, -8.252521114e-22, -2.88838239e-22, -1.010933836e-22, -3.538268428e-23, -1.23839395e-23, -4.334378824e-24, -1.517032588e-24, -5.309614059e-25, -1.858364921e-25], "drff": [0, -0.2275642309, 0.04828908375, 0.03804214995, 0.02996961343, 0.02361006753, 0.01860001597, 0.01465309635, 0.01154371227, 0.009094138862, 0.007164364436, 0.005644087753, 0.004446413474, 0.003502885435, 0.002759573855, 0.002173992841, 0.001712672, 0.001349243348, 0.001062934183, 0.0008373797645, 0.0006596879479], "pdotsh": [0, -1.366733457e-17, 0, 0, 0, 0, 0, 0, 0, 0, 0, 0, 0, 0, 0, 0, 0, 0, 0, 0, 0], "interest": [0, -0.2275642309, -0.1792751472, -0.1412329972, -0.1112633838, -0.08765331628, -0.06905330031, -0.05440020396, -0.04285649169, -0.03376235283, -0.02659798839, -0.02095390064, -0.01650748716, -0.01300460173, -0.01024502787, -0.008071035032, -0.006358363031, -0.005009119683, -0.0039461855, -0.003108805736, -0.002449117788], "inflation": [0, -0.1179574971, -0.2108844371, -0.2840922993, -0.3417654679, -0.2692429048, -0.2121096149, -0.1670999975, -0.1316414119, -0.1037071309, -0.08170049873, -0.06436366944, -0.05070571181, -0.03994597002, -0.03146944327, -0.02479163378, -0.01953085411, -0.01538641082, -0.01212141756, -0.009549255205, -0.007522905183], "inflationq": [0, -0.4718299882, -0.3717077602, -0.2928314487, -0.2306926746, -0.1817397357, -0.1431746006, -0.1127929793, -0.08885833193, -0.07000261188, -0.05514807181, -0.04344566213, -0.03422650142, -0.02696364475, -0.02124196479, -0.01673442416, -0.01318338274, -0.01038587159, -0.008181991741, -0.006445774749, -0.005077982652], "outputgap": [0, -1.081659433, -0.8521315205, -0.6713093843, -0.5288576688, -0.4166341786, -0.3282244902, -0.2585753198, -0.2037056893, -0.1604793832, -0.1264256906, -0.09959818464, -0.07846347001, -0.06181353756, -0.0486967174, -0.03836328382, -0.03022260276, -0.02380937257, -0.01875702853, -0.01477679087, -0.01164115884], "AUX_ENDO_LEAD_71": [0, -0.3717077602, -0.2928314487, -0.2306926746, -0.1817397357, -0.1431746006, -0.1127929793, -0.08885833193, -0.07000261188, -0.05514807181, -0.04344566213, -0.03422650142, -0.02696364475, -0.02124196479, -0.01673442416, -0.01318338274, -0.01038587159, -0.008181991741, -0.006445774749, -0.005077982652, -0.004000435761], "AUX_ENDO_LEAD_75": [0, -0.2928314487, -0.2306926746, -0.1817397357, -0.1431746006, -0.1127929793, -0.08885833193, -0.07000261188, -0.05514807181, -0.04344566213, -0.03422650142, -0.02696364475, -0.02124196479, -0.01673442416, -0.01318338274, -0.01038587159, -0.008181991741, -0.006445774749, -0.005077982652, -0.004000435761, -0.003151544102], "AUX_ENDO_LEAD_79": [0, -0.2306926746, -0.1817397357, -0.1431746006, -0.1127929793, -0.08885833193, -0.07000261188, -0.05514807181, -0.04344566213, -0.03422650142, -0.02696364475, -0.02124196479, -0.01673442416, -0.01318338274, -0.01038587159, -0.008181991741, -0.006445774749, -0.005077982652, -0.004000435761, -0.003151544102, -0.002482787082], "AUX_ENDO_LEAD_106": [0, -0.8521315205, -0.6713093843, -0.5288576688, -0.4166341786, -0.3282244902, -0.2585753198, -0.2037056893, -0.1604793832, -0.1264256906, -0.09959818464, -0.07846347001, -0.06181353756, -0.0486967174, -0.03836328382, -0.03022260276, -0.02380937257, -0.01875702853, -0.01477679087, -0.01164115884, -0.00917090729], "AUX_ENDO_LEAD_110": [0, -0.6713093843, -0.5288576688, -0.4166341786, -0.3282244902, -0.2585753198, -0.2037056893, -0.1604793832, -0.1264256906, -0.09959818464, -0.07846347001, -0.06181353756, -0.0486967174, -0.03836328382, -0.03022260276, -0.02380937257, -0.01875702853, -0.01477679087, -0.01164115884, -0.00917090729, -0.007224842619], "AUX_ENDO_LEAD_114": [0, -0.5288576688, -0.4166341786, -0.3282244902, -0.2585753198, -0.2037056893, -0.1604793832, -0.1264256906, -0.09959818464, -0.07846347001, -0.06181353756, -0.0486967174, -0.03836328382, -0.03022260276, -0.02380937257, -0.01875702853, -0.01477679087, -0.01164115884, -0.00917090729, -0.007224842619, -0.005691732478], "AUX_ENDO_LAG_1_1": [0, 0, -0.4718299882, -0.3717077602, -0.2928314487, -0.2306926746, -0.1817397357, -0.1431746006, -0.1127929793, -0.08885833193, -0.07000261188, -0.05514807181, -0.04344566213, -0.03422650142, -0.02696364475, -0.02124196479, -0.01673442416, -0.01318338274, -0.01038587159, -0.008181991741, -0.006445774749], "AUX_ENDO_LAG_1_2": [0, 0, 0, -0.4718299882, -0.3717077602, -0.2928314487, -0.2306926746, -0.1817397357, -0.1431746006, -0.1127929793, -0.08885833193, -0.07000261188, -0.05514807181, -0.04344566213, -0.03422650142, -0.02696364475, -0.02124196479, -0.01673442416, -0.01318338274, -0.01038587159, -0.008181991741], "AUX_ENDO_LAG_9_1": [0, 0, -1.081659433, -0.8521315205, -0.6713093843, -0.5288576688, -0.4166341786, -0.3282244902, -0.2585753198, -0.2037056893, -0.1604793832, -0.1264256906, -0.09959818464, -0.07846347001, -0.06181353756, -0.0486967174, -0.03836328382, -0.03022260276, -0.02380937257, -0.01875702853, -0.01477679087], "AUX_ENDO_LAG_9_2": [0, 0, 0, -1.081659433, -0.8521315205, -0.6713093843, -0.5288576688, -0.4166341786, -0.3282244902, -0.2585753198, -0.2037056893, -0.1604793832, -0.1264256906, -0.09959818464, -0.07846347001, -0.06181353756, -0.0486967174, -0.03836328382, -0.03022260276, -0.02380937257, -0.01875702853], "AUX_ENDO_LAG_9_3": [0, 0, 0, 0, -1.081659433, -0.8521315205, -0.6713093843, -0.5288576688, -0.4166341786, -0.3282244902, -0.2585753198, -0.2037056893, -0.1604793832, -0.1264256906, -0.09959818464, -0.07846347001, -0.06181353756, -0.0486967174, -0.03836328382, -0.03022260276, -0.02380937257], "AUX_ENDO_LAG_6_1": [0, 0, -0.2275642309, -0.1792751472, -0.1412329972, -0.1112633838, -0.08765331628, -0.06905330031, -0.05440020396, -0.04285649169, -0.03376235283, -0.02659798839, -0.02095390064, -0.01650748716, -0.01300460173, -0.01024502787, -0.008071035032, -0.006358363031, -0.005009119683, -0.0039461855, -0.003108805736], "AUX_ENDO_LAG_6_2": [0, 0, 0, -0.2275642309, -0.1792751472, -0.1412329972, -0.1112633838, -0.08765331628, -0.06905330031, -0.05440020396, -0.04285649169, -0.03376235283, -0.02659798839, -0.02095390064, -0.01650748716, -0.01300460173, -0.01024502787, -0.008071035032, -0.006358363031, -0.005009119683, -0.0039461855], "AUX_ENDO_LAG_6_3": [0, 0, 0, 0, -0.2275642309, -0.1792751472, -0.1412329972, -0.1112633838, -0.08765331628, -0.06905330031, -0.05440020396, -0.04285649169, -0.03376235283, -0.02659798839, -0.02095390064, -0.01650748716, -0.01300460173, -0.01024502787, -0.008071035032, -0.006358363031, -0.005009119683], "AUX_ENDO_LAG_8_1": [0, 0, -0.4718299882, -0.3717077602, -0.2928314487, -0.2306926746, -0.1817397357, -0.1431746006, -0.1127929793, -0.08885833193, -0.07000261188, -0.05514807181, -0.04344566213, -0.03422650142, -0.02696364475, -0.02124196479, -0.01673442416, -0.01318338274, -0.01038587159, -0.008181991741, -0.006445774749],