{"interest_": {"ygap": [0, -0.8324133844, 0.04161490579, 0.03015681251, 0.01649601771, -0.00490688755, -0.001367932004, 2.573315026e-05, 0.0002200129324, 1.136473734e-05, -1.642000176e-05, -4.912962036e-06, 1.308474959e-06, 6.252779174e-07, -2.130723053e-08, -7.424973143e-08, -7.430707652e-09, 6.274194113e-09, 1.815003377e-09, -4.09658408e-10, -2.446527964e-10], "pdot": [0, -0.07213865402, 0.007851546341, 0.003895470086, 0.001010521298, -0.0005788852545, -0.0001089131816, 2.263463716e-05, 2.036793408e-05, -7.609165991e-07, -1.870637762e-06, -2.972904977e-07, 1.761150078e-07, 5.101152704e-08, -9.106215178e-09, -7.132041462e-09, -4.108328084e-12, 7.16403643e-10, 1.152333415e-10, -5.96030128e-11, -2.048061175e-11], "rff": [0, 0.5567413126, -0.003300212488, -0.00756845784, -0.01401990976, 0.002113550902, 0.0008978563538, 0.0001423756373, -0.0001317919831, -1.931945392e-05, 6.92913045e-06, 4.08317744e-06, -3.780362148e-07, -4.151616881e-07, -4.037993203e-08, 4.195823861e-08, 9.323081951e-09, -2.685138441e-09, -1.456690614e-09, 8.314291235e-11, 1.595061118e-10], "rstar": [0, 0, 0, 0, 0, 0, 0, 0, 0, 0, 0, 0, 0, 0, 0, 0, 0, 0, 0, 0, 0], "drff": [0, 0.5567413126, -0.560041525, -0.004268245353, -0.006451451916, 0.01613346066, -0.001215694548, -0.0007554807165, -0.0002741676204, 0.0001124725292, 2.624858437e-05, -2.84595301e-06, -4.461213655e-06, -3.712547326e-08, 3.74781756e-07, 8.233817064e-08, -3.263515665e-08, -1.200822039e-08, 1.228447827e-09, 1.539833526e-09, 7.636319944e-11], "pdotsh": [0, 6.681416013e-18, 0, 0, 0, 0, 0, 0, 0, 0, 0, 0, 0, 0, 0, 0, 0, 0, 0, 0, 0], "interest": [0, 0.5567413126, -0.003300212488, -0.00756845784, -0.01401990976, 0.002113550902, 0.0008978563538, 0.0001423756373, -0.0001317919831, -1.931945392e-05, 6.92913045e-06, 4.08317744e-06, -3.780362148e-07, -4.151616881e-07, -4.037993203e-08, 4.195823861e-08, 9.323081951e-09, -2.685138441e-09, -1.456690614e-09, 8.314291235e-11, 1.595061118e-10], "inflation": [0, -0.01803466351, -0.01607177692, -0.0150979094, -0.01484527907, 0.003044663118, 0.001054548237, 8.633937477e-05, -0.0001611989662, -1.666788173e-05, 1.009275422e-05, 4.359772305e-06, -6.881824627e-07, -4.852004312e-07, -1.981754451e-08, 5.272206955e-08, 8.692290518e-09, -3.881490331e-09, -1.576128201e-09, 1.919814109e-10, 1.8788834e-10], "inflationq": [0, -0.07213865402, 0.007851546341, 0.003895470086, 0.001010521298, -0.0005788852545, -0.0001089131816, 2.263463716e-05, 2.036793408e-05, -7.609165991e-07, -1.870637762e-06, -2.972904977e-07, 1.761150078e-07, 5.101152704e-08, -9.106215178e-09, -7.132041462e-09, -4.108328084e-12, 7.16403643e-10, 1.152333415e-10, -5.96030128e-11, -2.048061175e-11], "outputgap": [0, -0.8324133844, 0.04161490579, 0.03015681251, 0.01649601771, -0.00490688755, -0.001367932004, 2.573315026e-05, 0.0002200129324, 1.136473734e-05, -1.642000176e-05, -4.912962036e-06, 1.308474959e-06, 6.252779174e-07, -2.130723053e-08, -7.424973143e-08, -7.430707652e-09, 6.274194113e-09, 1.815003377e-09, -4.09658408e-10, -2.446527964e-10], "AUX_ENDO_LEAD_71": [0, 0.007851546341, 0.003895470086, 0.001010521298, -0.0005788852545, -0.0001089131816, 2.263463716e-05, 2.036793408e-05, -7.609165991e-07, -1.870637762e-06, -2.972904977e-07, 1.761150078e-07, 5.101152704e-08, -9.106215178e-09, -7.132041462e-09, -4.108328084e-12, 7.16403643e-10, 1.152333415e-10, -5.96030128e-11, -2.048061175e-11, 3.036420913e-12], "AUX_ENDO_LEAD_75": [0, 0.003895470086, 0.001010521298, -0.0005788852545, -0.0001089131816, 2.263463716e-05, 2.036793408e-05, -7.609165991e-07, -1.870637762e-06, -2.972904977e-07, 1.761150078e-07, 5.101152704e-08, -9.106215178e-09, -7.132041462e-09, -4.108328084e-12, 7.16403643e-10, 1.152333415e-10, -5.96030128e-11, -2.048061175e-11, 3.036420913e-12, 2.630460331e-12], "AUX_ENDO_LEAD_79": [0, 0.001010521298, -0.0005788852545, -0.0001089131816, 2.263463716e-05, 2.036793408e-05, -7.609165991e-07, -1.870637762e-06, -2.972904977e-07, 1.761150078e-07, 5.101152704e-08, -9.106215178e-09, -7.132041462e-09, -4.108328084e-12, 7.16403643e-10, 1.152333415e-10, -5.96030128e-11, -2.048061175e-11, 3.036420913e-12, 2.630460331e-12, 6.780735109e-14], "AUX_ENDO_LEAD_106": [0, 0.04161490579, 0.03015681251, 0.01649601771, -0.00490688755, -0.001367932004, 2.573315026e-05, 0.0002200129324, 1.136473734e-05, -1.642000176e-05, -4.912962036e-06, 1.308474959e-06, 6.252779174e-07, -2.130723053e-08, -7.424973143e-08, -7.430707652e-09, 6.274194113e-09, 1.815003377e-09, -4.09658408e-10, -2.446527964e-10, 4.502762348e-12], "AUX_ENDO_LEAD_110": [0, 0.03015681251, 0.01649601771, -0.00490688755, -0.001367932004, 2.573315026e-05, 0.0002200129324, 1.136473734e-05, -1.642000176e-05, -4.912962036e-06, 1.308474959e-06, 6.252779174e-07, -2.130723053e-08, -7.424973143e-08, -7.430707652e-09, 6.274194113e-09, 1.815003377e-09, -4.09658408e-10, -2.446527964e-10, 4.502762348e-12, 2.670136514e-11], "AUX_ENDO_LEAD_114": [0, 0.01649601771, -0.00490688755, -0.001367932004, 2.573315026e-05, 0.0002200129324, 1.136473734e-05, -1.642000176e-05, -4.912962036e-06, 1.308474959e-06, 6.252779174e-07, -2.130723053e-08, -7.424973143e-08, -7.430707652e-09, 6.274194113e-09, 1.815003377e-09, -4.09658408e-10, -2.446527964e-10, 4.502762348e-12, 2.670136514e-11, 3.415690738e-12], "AUX_ENDO_LAG_1_1": [0, 0, -0.07213865402, 0.007851546341, 0.003895470086, 0.001010521298, -0.0005788852545, -0.0001089131816, 2.263463716e-05, 2.036793408e-05, -7.609165991e-07, -1.870637762e-06, -2.972904977e-07, 1.761150078e-07, 5.101152704e-08, -9.106215178e-09, -7.132041462e-09, -4.108328084e-12, 7.16403643e-10, 1.152333415e-10, -5.96030128e-11], "AUX_ENDO_LAG_1_2": [0, 0, 0, -0.07213865402, 0.007851546341, 0.003895470086, 0.001010521298, -0.0005788852545, -0.0001089131816, 2.263463716e-05, 2.036793408e-05, -7.609165991e-07, -1.870637762e-06, -2.972904977e-07, 1.761150078e-07, 5.101152704e-08, -9.106215178e-09, -7.132041462e-09, -4.108328084e-12, 7.16403643e-10, 1.152333415e-10], "AUX_ENDO_LAG_9_1": [0, 0, -0.8324133844, 0.04161490579, 0.03015681251, 0.01649601771, -0.00490688755, -0.001367932004, 2.573315026e-05, 0.0002200129324, 1.136473734e-05, -1.642000176e-05, -4.912962036e-06, 1.308474959e-06, 6.252779174e-07, -2.130723053e-08, -7.424973143e-08, -7.430707652e-09, 6.274194113e-09, 1.815003377e-09, -4.09658408e-10], "AUX_ENDO_LAG_9_2": [0, 0, 0, -0.8324133844, 0.04161490579, 0.03015681251, 0.01649601771, -0.00490688755, -0.001367932004, 2.573315026e-05, 0.0002200129324, 1.136473734e-05, -1.642000176e-05, -4.912962036e-06, 1.308474959e-06, 6.252779174e-07, -2.130723053e-08, -7.424973143e-08, -7.430707652e-09, 6.274194113e-09, 1.815003377e-09], "AUX_ENDO_LAG_9_3": [0, 0, 0, 0, -0.8324133844, 0.04161490579, 0.03015681251, 0.01649601771, -0.00490688755, -0.001367932004, 2.573315026e-05, 0.0002200129324, 1.136473734e-05, -1.642000176e-05, -4.912962036e-06, 1.308474959e-06, 6.252779174e-07, -2.130723053e-08, -7.424973143e-08, -7.430707652e-09, 6.274194113e-09], "AUX_ENDO_LAG_6_1": [0, 0, 0.5567413126, -0.003300212488, -0.00756845784, -0.01401990976, 0.002113550902, 0.0008978563538, 0.0001423756373, -0.0001317919831, -1.931945392e-05, 6.92913045e-06, 4.08317744e-06, -3.780362148e-07, -4.151616881e-07, -4.037993203e-08, 4.195823861e-08, 9.323081951e-09, -2.685138441e-09, -1.456690614e-09, 8.314291235e-11], "AUX_ENDO_LAG_6_2": [0, 0, 0, 0.5567413126, -0.003300212488, -0.00756845784, -0.01401990976, 0.002113550902, 0.0008978563538, 0.0001423756373, -0.0001317919831, -1.931945392e-05, 6.92913045e-06, 4.08317744e-06, -3.780362148e-07, -4.151616881e-07, -4.037993203e-08, 4.195823861e-08, 9.323081951e-09, -2.685138441e-09, -1.456690614e-09], "AUX_ENDO_LAG_6_3": [0, 0, 0, 0, 0.5567413126, -0.003300212488, -0.00756845784, -0.01401990976, 0.002113550902, 0.0008978563538, 0.0001423756373, -0.0001317919831, -1.931945392e-05, 6.92913045e-06, 4.08317744e-06, -3.780362148e-07, -4.151616881e-07, -4.037993203e-08, 4.195823861e-08, 9.323081951e-09, -2.685138441e-09],