{"interest_": {"q": [0, -1.305663202e-17, -0.05224120405, -0.1016207214, -0.1383730829, -0.1620406653, -0.1741621182, -0.176499047, -0.1707846021, -0.1586717429, -0.1416930133, -0.1212619432, -0.09866329462, -0.07504259437, -0.05140050656, -0.02858805491, -0.007304946228, 0.01189866365, 0.02861741749, 0.0425830113, 0.05365383269], "lagq1": [0, 0, -6.30890036e-17, -0.05224120405, -0.1016207214, -0.1383730829, -0.1620406653, -0.1741621182, -0.176499047, -0.1707846021, -0.1586717429, -0.1416930133, -0.1212619432, -0.09866329462, -0.07504259437, -0.05140050656, -0.02858805491, -0.007304946228, 0.01189866365, 0.02861741749, 0.0425830113], "cwp": [0, -0.0296889784, -0.04648761511, -0.06298955005, -0.07734799468, -0.08823277978, -0.09591106767, -0.1002550247, -0.1013764973, -0.09952851449, -0.09503547188, -0.08828967192, -0.07972213708, -0.06978080922, -0.05891250408, -0.04754683716, -0.03608326924, -0.02488097444, -0.0142514199, -0.00445353639, 0.004308733207], "ldvindex1": [0, -0.02531968104, -0.04242550223, -0.06004520486, -0.07394342003, -0.08518833848, -0.09327113364, -0.09806789895, -0.09971200452, -0.09839938071, -0.09443428336, -0.08818922986, -0.08007832303, -0.07053777853, -0.06000624688, -0.04890865249, -0.03764288861, -0.02656924011, -0.01600255425, -0.00620698344, 0.002606889234], "ldvindex2": [0, -0.04242550223, -0.06004520486, -0.07394342003, -0.08518833848, -0.09327113364, -0.09806789895, -0.09971200452, -0.09839938071, -0.09443428336, -0.08818922986, -0.08007832303, -0.07053777853, -0.06000624688, -0.04890865249, -0.03764288861, -0.02656924011, -0.01600255425, -0.00620698344, 0.002606889234, 0.01028277005], "ldq1": [0, -0.05224120405, -0.1016207214, -0.1383730829, -0.1620406653, -0.1741621182, -0.176499047, -0.1707846021, -0.1586717429, -0.1416930133, -0.1212619432, -0.09866329462, -0.07504259437, -0.05140050656, -0.02858805491, -0.007304946228, 0.01189866365, 0.02861741749, 0.0425830113, 0.05365383269, 0.06180246455], "ldq2": [0, -0.1016207214, -0.1383730829, -0.1620406653, -0.1741621182, -0.176499047, -0.1707846021, -0.1586717429, -0.1416930133, -0.1212619432, -0.09866329462, -0.07504259437, -0.05140050656, -0.02858805491, -0.007304946228, 0.01189866365, 0.02861741749, 0.0425830113, 0.05365383269, 0.06180246455, 0.06710153561], "vindex": [0, -0.0107266279, -0.02531968104, -0.04242550223, -0.06004520486, -0.07394342003, -0.08518833848, -0.09327113364, -0.09806789895, -0.09971200452, -0.09839938071, -0.09443428336, -0.08818922986, -0.08007832303, -0.07053777853, -0.06000624688, -0.04890865249, -0.03764288861, -0.02656924011, -0.01600255425, -0.00620698344], "lagcwp1": [0, 0, -0.0296889784, -0.04648761511, -0.06298955005, -0.07734799468, -0.08823277978, -0.09591106767, -0.1002550247, -0.1013764973, -0.09952851449, -0.09503547188, -0.08828967192, -0.07972213708, -0.06978080922, -0.05891250408, -0.04754683716, -0.03608326924, -0.02488097444, -0.0142514199, -0.00445353639], "lagcwp2": [0, 0, -4.524974407e-16, -0.0296889784, -0.04648761511, -0.06298955005, -0.07734799468, -0.08823277978, -0.09591106767, -0.1002550247, -0.1013764973, -0.09952851449, -0.09503547188, -0.08828967192, -0.07972213708, -0.06978080922, -0.05891250408, -0.04754683716, -0.03608326924, -0.02488097444, -0.0142514199], "pi1": [0, -0.01679446985, -0.03039728423, -0.04604418996, -0.0620635108, -0.07160726552, -0.08048068731, -0.08617848168, -0.08862513458, -0.0886150803, -0.0860341511, -0.08124904367, -0.07466592977, -0.06662993544, -0.0575458412, -0.04780265707, -0.03776362938, -0.02776728979, -0.01811248727, -0.009054142215, -0.0008006028692], "lagpi1": [0, 0, -0.01679446985, -0.03039728423, -0.04604418996, -0.0620635108, -0.07160726552, -0.08048068731, -0.08617848168, -0.08862513458, -0.0886150803, -0.0860341511, -0.08124904367, -0.07466592977, -0.06662993544, -0.0575458412, -0.04780265707, -0.03776362938, -0.02776728979, -0.01811248727, -0.009054142215], "lagpi2": [0, 0, -6.372080888e-16, -0.01679446985, -0.03039728423, -0.04604418996, -0.0620635108, -0.07160726552, -0.08048068731, -0.08617848168, -0.08862513458, -0.0886150803, -0.0860341511, -0.08124904367, -0.07466592977, -0.06662993544, -0.0575458412, -0.04780265707, -0.03776362938, -0.02776728979, -0.01811248727], "infl": [0, -0.01679446985, -0.04719175408, -0.09323594405, -0.1552994548, -0.2101122505, -0.2601956536, -0.3003299453, -0.3268915691, -0.3438993839, -0.3494528477, -0.3445234097, -0.3305642048, -0.30857906, -0.2800907501, -0.2466443635, -0.2097420631, -0.1708794174, -0.1314460635, -0.09269754865, -0.05573452214], "is": [0, 0.9635232589, 0.7113862829, 0.4865031556, 0.2922039592, 0.1242230894, -0.01796867596, -0.134845026, -0.2278768853, -0.298236229, -0.3474232767, -0.3772386925, -0.3896399401, -0.3867703691, -0.3708915243, -0.3443166191, -0.3093584387, -0.2682698426, -0.2231914513, -0.1761072436, -0.128807315], "dis": [0, 0.9635232589, -0.2521369761, -0.2248831272, -0.1942991964, -0.1679808698, -0.1421917654, -0.1168763501, -0.09303185933, -0.07035934369, -0.04918704766, -0.02981541584, -0.01240124759, 0.002869571037, 0.0158788448, 0.02657490521, 0.03495818037, 0.0410885961, 0.04507839126, 0.04708420773, 0.04729992862], "il": [0, 0.2746436448, 0.1169237088, -0.0154274861, -0.1233952171, -0.2086257045, -0.2724998869, -0.3166152429, -0.342799192, -0.3529843862, -0.3492385879, -0.3337096097, -0.3085681786, -0.2759641005, -0.2379752822, -0.1965628445, -0.1535332771, -0.1105068846, -0.06889439673, -0.02988167519, 0.00557777394], "ldis1": [0, 0.7113862829, 0.4865031556, 0.2922039592, 0.1242230894, -0.01796867596, -0.134845026, -0.2278768853, -0.298236229, -0.3474232767, -0.3772386925, -0.3896399401, -0.3867703691, -0.3708915243, -0.3443166191, -0.3093584387, -0.2682698426, -0.2231914513, -0.1761072436, -0.128807315, -0.08285982317], "ldis2": [0, 0.4865031556, 0.2922039592, 0.1242230894, -0.01796867596, -0.134845026, -0.2278768853, -0.298236229, -0.3474232767, -0.3772386925, -0.3896399401, -0.3867703691, -0.3708915243, -0.3443166191, -0.3093584387, -0.2682698426, -0.2231914513, -0.1761072436, -0.128807315, -0.08285982317, -0.03959202234], "ldis3": [0, 0.2922039592, 0.1242230894, -0.01796867596, -0.134845026, -0.2278768853, -0.298236229, -0.3474232767, -0.3772386925, -0.3896399401, -0.3867703691, -0.3708915243, -0.3443166191, -0.3093584387, -0.2682698426, -0.2231914513, -0.1761072436, -0.128807315, -0.08285982317, -0.03959202234, -8.007975735e-05], "ldis4": [0, 0.1242230894, -0.01796867596, -0.134845026, -0.2278768853, -0.298236229, -0.3474232767, -0.3772386925, -0.3896399401, -0.3867703691, -0.3708915243, -0.3443166191, -0.3093584387, -0.2682698426, -0.2231914513, -0.1761072436, -0.128807315, -0.08285982317, -0.03959202234, -8.007975735e-05, 0.034852701], "ldis5": [0, -0.01796867596, -0.134845026, -0.2278768853, -0.298236229, -0.3474232767, -0.3772386925, -0.3896399401, -0.3867703691, -0.3708915243, -0.3443166191, -0.3093584387, -0.2682698426, -0.2231914513, -0.1761072436, -0.128807315, -0.08285982317, -0.03959202234, -8.007975735e-05, 0.034852701, 0.06463006036], "ldis6": [0, -0.134845026, -0.2278768853, -0.298236229, -0.3474232767, -0.3772386925, -0.3896399401, -0.3867703691, -0.3708915243, -0.3443166191, -0.3093584387, -0.2682698426, -0.2231914513, -0.1761072436, -0.128807315, -0.08285982317, -0.03959202234, -8.007975735e-05, 0.034852701, 0.06463006036, 0.08891032098], "rl": [0, 0.551649462, 0.4217479595, 0.3069991914, 0.2053326698, 0.1176135174, 0.04227191202, -0.02103135632, -0.07264605806, -0.1132551475, -0.1434701811, -0.1640386537, -0.175829886, -0.1797850144, -0.17691988, -0.168295318, -0.1549879243, -0.1380655102, -0.1185607517, -0.09744807954, -0.07562418271], "ldpi1": [0, -0.03039728423, -0.04604418996, -0.0620635108, -0.07160726552, -0.08048068731, -0.08617848168, -0.08862513458, -0.0886150803, -0.0860341511, -0.08124904367, -0.07466592977, -0.06662993544, -0.0575458412, -0.04780265707, -0.03776362938, -0.02776728979, -0.01811248727, -0.009054142215, -0.0008006028692, 0.006488477732],