{"interest_": {"q": [0, 3.014751315e-18, -0.02429963836, -0.0404513974, -0.0461002483, -0.04405191313, -0.03736460438, -0.02842257958, -0.01893217173, -0.01003390666, -0.002413454644, 0.003587903014, 0.007882531784, 0.01055989098, 0.0118220643, 0.01193237493, 0.01117556063, 0.009828488556, 0.008140315065, 0.006320595942, 0.004533869007], "lagq1": [0, 0, 3.046790081e-16, -0.02429963836, -0.0404513974, -0.0461002483, -0.04405191313, -0.03736460438, -0.02842257958, -0.01893217173, -0.01003390666, -0.002413454644, 0.003587903014, 0.007882531784, 0.01055989098, 0.0118220643, 0.01193237493, 0.01117556063, 0.009828488556, 0.008140315065, 0.006320595942], "cwp": [0, -0.004722636647, -0.007122713911, -0.009021374393, -0.01014208097, -0.01038530084, -0.009955092702, -0.009004908158, -0.007710943594, -0.006240952995, -0.004735250117, -0.003304300877, -0.002026535507, -0.0009501422523, -9.707385607e-05, 0.000531991827, 0.0009522921061, 0.001189799321, 0.001276585471, 0.001246940482, 0.001134340469], "ldvindex1": [0, -0.003929305517, -0.006309803074, -0.008425825936, -0.009572571666, -0.00998890853, -0.009729317611, -0.008931153515, -0.007766584528, -0.006393264125, -0.004951540985, -0.003554606991, -0.002285369588, -0.001197614566, -0.0003190270173, 0.0003443462371, 0.0008030744746, 0.001079351972, 0.001202418475, 0.001204644036, 0.001118401783], "ldvindex2": [0, -0.006309803074, -0.008425825936, -0.009572571666, -0.00998890853, -0.009729317611, -0.008931153515, -0.007766584528, -0.006393264125, -0.004951540985, -0.003554606991, -0.002285369588, -0.001197614566, -0.0003190270173, 0.0003443462371, 0.0008030744746, 0.001079351972, 0.001202418475, 0.001204644036, 0.001118401783, 0.0009737557841], "ldq1": [0, -0.02429963836, -0.0404513974, -0.0461002483, -0.04405191313, -0.03736460438, -0.02842257958, -0.01893217173, -0.01003390666, -0.002413454644, 0.003587903014, 0.007882531784, 0.01055989098, 0.0118220643, 0.01193237493, 0.01117556063, 0.009828488556, 0.008140315065, 0.006320595942, 0.004533869007, 0.002899234191], "ldq2": [0, -0.0404513974, -0.0461002483, -0.04405191313, -0.03736460438, -0.02842257958, -0.01893217173, -0.01003390666, -0.002413454644, 0.003587903014, 0.007882531784, 0.01055989098, 0.0118220643, 0.01193237493, 0.01117556063, 0.009828488556, 0.008140315065, 0.006320595942, 0.004533869007, 0.002899234191, 0.001493522453], "vindex": [0, -0.00170628862, -0.003929305517, -0.006309803074, -0.008425825936, -0.009572571666, -0.00998890853, -0.009729317611, -0.008931153515, -0.007766584528, -0.006393264125, -0.004951540985, -0.003554606991, -0.002285369588, -0.001197614566, -0.0003190270173, 0.0003443462371, 0.0008030744746, 0.001079351972, 0.001202418475, 0.001204644036], "lagcwp1": [0, 0, -0.004722636647, -0.007122713911, -0.009021374393, -0.01014208097, -0.01038530084, -0.009955092702, -0.009004908158, -0.007710943594, -0.006240952995, -0.004735250117, -0.003304300877, -0.002026535507, -0.0009501422523, -9.707385607e-05, 0.000531991827, 0.0009522921061, 0.001189799321, 0.001276585471, 0.001246940482], "lagcwp2": [0, 0, -1.239583727e-16, -0.004722636647, -0.007122713911, -0.009021374393, -0.01014208097, -0.01038530084, -0.009955092702, -0.009004908158, -0.007710943594, -0.006240952995, -0.004735250117, -0.003304300877, -0.002026535507, -0.0009501422523, -9.707385607e-05, 0.000531991827, 0.0009522921061, 0.001189799321, 0.001276585471], "pi1": [0, -0.002671502459, -0.004681392286, -0.006721916636, -0.008475169778, -0.008862333074, -0.008920316538, -0.008397884325, -0.007423218229, -0.006249873873, -0.004957269615, -0.003666365245, -0.002470549045, -0.001421950343, -0.0005558034645, 0.0001152622411, 0.0005963832373, 0.0009040226328, 0.001062751306, 0.001101248125, 0.001049070909], "lagpi1": [0, 0, -0.002671502459, -0.004681392286, -0.006721916636, -0.008475169778, -0.008862333074, -0.008920316538, -0.008397884325, -0.007423218229, -0.006249873873, -0.004957269615, -0.003666365245, -0.002470549045, -0.001421950343, -0.0005558034645, 0.0001152622411, 0.0005963832373, 0.0009040226328, 0.001062751306, 0.001101248125], "lagpi2": [0, 0, 1.974431414e-16, -0.002671502459, -0.004681392286, -0.006721916636, -0.008475169778, -0.008862333074, -0.008920316538, -0.008397884325, -0.007423218229, -0.006249873873, -0.004957269615, -0.003666365245, -0.002470549045, -0.001421950343, -0.0005558034645, 0.0001152622411, 0.0005963832373, 0.0009040226328, 0.001062751306], "infl": [0, -0.002671502459, -0.007352894744, -0.01407481138, -0.02254998116, -0.02874081177, -0.03297973603, -0.03465570372, -0.03360375217, -0.03099129296, -0.02702824604, -0.02229672696, -0.01734405778, -0.01251613425, -0.008114668097, -0.004333040611, -0.001266108329, 0.001059864647, 0.002678419417, 0.0036644053, 0.004117092972], "is": [0, 0.9423308223, 0.5916230315, 0.3385371173, 0.157484042, 0.0346777947, -0.04511347447, -0.09190067998, -0.1137993124, -0.1180186397, -0.1101784132, -0.09488040426, -0.07578711202, -0.05564061697, -0.03641369267, -0.01940703304, -0.005357652395, 0.005441788245, 0.01303495738, 0.01770125188, 0.01986708824], "dis": [0, 0.9423308223, -0.3507077908, -0.2530859143, -0.1810530752, -0.1228062473, -0.07979126917, -0.04678720551, -0.02189863237, -0.004219327372, 0.007840226523, 0.01529800894, 0.01909329224, 0.02014649506, 0.0192269243, 0.01700665963, 0.01404938064, 0.01079944064, 0.007593169138, 0.004666294496, 0.002165836358], "il": [0, 0.2267299176, 0.09418623487, 0.006461054282, -0.04771613591, -0.07687503017, -0.08816483162, -0.0870773589, -0.07801565303, -0.06446044554, -0.04902789204, -0.03362622072, -0.0195535137, -0.007596738666, 0.001862404874, 0.008753260053, 0.01322876554, 0.01558793717, 0.01621116165, 0.01550814319, 0.01387854706], "ldis1": [0, 0.5916230315, 0.3385371173, 0.157484042, 0.0346777947, -0.04511347447, -0.09190067998, -0.1137993124, -0.1180186397, -0.1101784132, -0.09488040426, -0.07578711202, -0.05564061697, -0.03641369267, -0.01940703304, -0.005357652395, 0.005441788245, 0.01303495738, 0.01770125188, 0.01986708824, 0.02003253135], "ldis2": [0, 0.3385371173, 0.157484042, 0.0346777947, -0.04511347447, -0.09190067998, -0.1137993124, -0.1180186397, -0.1101784132, -0.09488040426, -0.07578711202, -0.05564061697, -0.03641369267, -0.01940703304, -0.005357652395, 0.005441788245, 0.01303495738, 0.01770125188, 0.01986708824, 0.02003253135, 0.01871314877], "ldis3": [0, 0.157484042, 0.0346777947, -0.04511347447, -0.09190067998, -0.1137993124, -0.1180186397, -0.1101784132, -0.09488040426, -0.07578711202, -0.05564061697, -0.03641369267, -0.01940703304, -0.005357652395, 0.005441788245, 0.01303495738, 0.01770125188, 0.01986708824, 0.02003253135, 0.01871314877, 0.01639701082], "ldis4": [0, 0.0346777947, -0.04511347447, -0.09190067998, -0.1137993124, -0.1180186397, -0.1101784132, -0.09488040426, -0.07578711202, -0.05564061697, -0.03641369267, -0.01940703304, -0.005357652395, 0.005441788245, 0.01303495738, 0.01770125188, 0.01986708824, 0.02003253135, 0.01871314877, 0.01639701082, 0.0135157207], "ldis5": [0, -0.04511347447, -0.09190067998, -0.1137993124, -0.1180186397, -0.1101784132, -0.09488040426, -0.07578711202, -0.05564061697, -0.03641369267, -0.01940703304, -0.005357652395, 0.005441788245, 0.01303495738, 0.01770125188, 0.01986708824, 0.02003253135, 0.01871314877, 0.01639701082, 0.0135157207, 0.01042758404], "ldis6": [0, -0.09190067998, -0.1137993124, -0.1180186397, -0.1101784132, -0.09488040426, -0.07578711202, -0.05564061697, -0.03641369267, -0.01940703304, -0.005357652395, 0.005441788245, 0.01303495738, 0.01770125188, 0.01986708824, 0.02003253135, 0.01871314877, 0.01639701082, 0.0135157207, 0.01042758404, 0.007410809698], "rl": [0, 0.25659597, 0.1241902259, 0.03493726962, -0.02224223094, -0.05512131656, -0.07059337456, -0.07376247511, -0.06871056998, -0.05873231074, -0.0463097677, -0.03329190306, -0.02097900602, -0.01020040934, -0.001410362436, 0.005231069756, 0.00978168112, 0.01244751029, 0.01352426764, 0.01334914669, 0.01226339044],