{"interest_": {"q": [0, -9.666695484e-17, -0.03759420103, -0.06879994458, -0.08760825193, -0.09535103874, -0.09450266284, -0.08735109231, -0.075861197, -0.06169724707, -0.0462357279, -0.03060130896, -0.01568559024, -0.00216236645, 0.009493892167, 0.01898938581, 0.02618998854, 0.03109809512, 0.03382835641, 0.03458292626, 0.03362714033], "lagq1": [0, 0, -7.13459148e-16, -0.03759420103, -0.06879994458, -0.08760825193, -0.09535103874, -0.09450266284, -0.08735109231, -0.075861197, -0.06169724707, -0.0462357279, -0.03060130896, -0.01568559024, -0.00216236645, 0.009493892167, 0.01898938581, 0.02618998854, 0.03109809512, 0.03382835641, 0.03458292626], "cwp": [0, -0.01267625141, -0.019570988, -0.02585701784, -0.03069995143, -0.03358161035, -0.03473264049, -0.03425382152, -0.03236337922, -0.02933749648, -0.02546709627, -0.02104684004, -0.01635647786, -0.01164830118, -0.007138778986, -0.003003199206, 0.000626600949, 0.003661966853, 0.006055089573, 0.007795054029, 0.008902735659], "ldvindex1": [0, -0.01071034974, -0.01765974513, -0.02444030169, -0.02916644701, -0.03231257138, -0.03375525491, -0.03357950959, -0.03200121949, -0.0292652256, -0.02565058035, -0.02144319878, -0.01691763451, -0.01232495897, -0.00788316612, -0.003771292989, -0.0001265639997, 0.002955914159, 0.005421311532, 0.007251561778, 0.008460627728], "ldvindex2": [0, -0.01765974513, -0.02444030169, -0.02916644701, -0.03231257138, -0.03375525491, -0.03357950959, -0.03200121949, -0.0292652256, -0.02565058035, -0.02144319878, -0.01691763451, -0.01232495897, -0.00788316612, -0.003771292989, -0.0001265639997, 0.002955914159, 0.005421311532, 0.007251561778, 0.008460627728, 0.009088973184], "ldq1": [0, -0.03759420103, -0.06879994458, -0.08760825193, -0.09535103874, -0.09450266284, -0.08735109231, -0.075861197, -0.06169724707, -0.0462357279, -0.03060130896, -0.01568559024, -0.00216236645, 0.009493892167, 0.01898938581, 0.02618998854, 0.03109809512, 0.03382835641, 0.03458292626, 0.03362714033, 0.03126649586], "ldq2": [0, -0.06879994458, -0.08760825193, -0.09535103874, -0.09450266284, -0.08735109231, -0.075861197, -0.06169724707, -0.0462357279, -0.03060130896, -0.01568559024, -0.00216236645, 0.009493892167, 0.01898938581, 0.02618998854, 0.03109809512, 0.03382835641, 0.03458292626, 0.03362714033, 0.03126649586, 0.02782563084], "vindex": [0, -0.004579929634, -0.01071034974, -0.01765974513, -0.02444030169, -0.02916644701, -0.03231257138, -0.03375525491, -0.03357950959, -0.03200121949, -0.0292652256, -0.02565058035, -0.02144319878, -0.01691763451, -0.01232495897, -0.00788316612, -0.003771292989, -0.0001265639997, 0.002955914159, 0.005421311532, 0.007251561778], "lagcwp1": [0, 0, -0.01267625141, -0.019570988, -0.02585701784, -0.03069995143, -0.03358161035, -0.03473264049, -0.03425382152, -0.03236337922, -0.02933749648, -0.02546709627, -0.02104684004, -0.01635647786, -0.01164830118, -0.007138778986, -0.003003199206, 0.000626600949, 0.003661966853, 0.006055089573, 0.007795054029], "lagcwp2": [0, 0, 2.512028504e-16, -0.01267625141, -0.019570988, -0.02585701784, -0.03069995143, -0.03358161035, -0.03473264049, -0.03425382152, -0.03236337922, -0.02933749648, -0.02546709627, -0.02104684004, -0.01635647786, -0.01164830118, -0.007138778986, -0.003003199206, 0.000626600949, 0.003661966853, 0.006055089573], "pi1": [0, -0.007170705548, -0.0128215589, -0.0190341446, -0.02500320374, -0.02776778569, -0.02987548704, -0.03037363675, -0.02936653962, -0.02734166392, -0.02439135357, -0.02079582221, -0.01682841233, -0.01270766274, -0.008647007917, -0.004822804625, -0.001371935, 0.001604401672, 0.004042733545, 0.005914131683, 0.007220018688], "lagpi1": [0, 0, -0.007170705548, -0.0128215589, -0.0190341446, -0.02500320374, -0.02776778569, -0.02987548704, -0.03037363675, -0.02936653962, -0.02734166392, -0.02439135357, -0.02079582221, -0.01682841233, -0.01270766274, -0.008647007917, -0.004822804625, -0.001371935, 0.001604401672, 0.004042733545, 0.005914131683], "lagpi2": [0, 0, -1.340669114e-16, -0.007170705548, -0.0128215589, -0.0190341446, -0.02500320374, -0.02776778569, -0.02987548704, -0.03037363675, -0.02936653962, -0.02734166392, -0.02439135357, -0.02079582221, -0.01682841233, -0.01270766274, -0.008647007917, -0.004822804625, -0.001371935, 0.001604401672, 0.004042733545], "infl": [0, -0.007170705548, -0.01999226445, -0.03902640905, -0.06402961279, -0.08462669293, -0.1016806211, -0.1130201132, -0.1173834491, -0.1169573273, -0.1114731939, -0.1018953793, -0.08935725203, -0.07472325085, -0.0589789052, -0.04300588761, -0.02754941028, -0.01323734587, -0.0005476044084, 0.0101893319, 0.01878128559], "is": [0, 0.9956782803, 0.6956961716, 0.4575234537, 0.270802593, 0.1265547233, 0.01586356689, -0.0669810433, -0.1256173505, -0.1641577825, -0.1855469438, -0.1925741803, -0.1879841965, -0.1742963614, -0.1539101994, -0.1290534555, -0.1017297785, -0.07369755036, -0.04644025946, -0.0211511737, 0.001268201191], "dis": [0, 0.9956782803, -0.2999821087, -0.2381727179, -0.1867208607, -0.1442478697, -0.1106911564, -0.08284461019, -0.05863630723, -0.03854043196, -0.02138916128, -0.00702723653, 0.004589983831, 0.0136878351, 0.02038616193, 0.02485674396, 0.02732367694, 0.02803222819, 0.0272572909, 0.02528908576, 0.02241937489], "il": [0, 0.2961900494, 0.1512105415, 0.0410551521, -0.04020705215, -0.09755540084, -0.1351617864, -0.1563835072, -0.1641425587, -0.1611566122, -0.1498490832, -0.1324607477, -0.1110328719, -0.08737632215, -0.06306427864, -0.03941411129, -0.01747913477, 0.001948970666, 0.01833047403, 0.0313593735, 0.04093845878], "ldis1": [0, 0.6956961716, 0.4575234537, 0.270802593, 0.1265547233, 0.01586356689, -0.0669810433, -0.1256173505, -0.1641577825, -0.1855469438, -0.1925741803, -0.1879841965, -0.1742963614, -0.1539101994, -0.1290534555, -0.1017297785, -0.07369755036, -0.04644025946, -0.0211511737, 0.001268201191, 0.02019998666], "ldis2": [0, 0.4575234537, 0.270802593, 0.1265547233, 0.01586356689, -0.0669810433, -0.1256173505, -0.1641577825, -0.1855469438, -0.1925741803, -0.1879841965, -0.1742963614, -0.1539101994, -0.1290534555, -0.1017297785, -0.07369755036, -0.04644025946, -0.0211511737, 0.001268201191, 0.02019998666, 0.03529113937], "ldis3": [0, 0.270802593, 0.1265547233, 0.01586356689, -0.0669810433, -0.1256173505, -0.1641577825, -0.1855469438, -0.1925741803, -0.1879841965, -0.1742963614, -0.1539101994, -0.1290534555, -0.1017297785, -0.07369755036, -0.04644025946, -0.0211511737, 0.001268201191, 0.02019998666, 0.03529113937, 0.0464263567], "ldis4": [0, 0.1265547233, 0.01586356689, -0.0669810433, -0.1256173505, -0.1641577825, -0.1855469438, -0.1925741803, -0.1879841965, -0.1742963614, -0.1539101994, -0.1290534555, -0.1017297785, -0.07369755036, -0.04644025946, -0.0211511737, 0.001268201191, 0.02019998666, 0.03529113937, 0.0464263567, 0.05369506492], "ldis5": [0, 0.01586356689, -0.0669810433, -0.1256173505, -0.1641577825, -0.1855469438, -0.1925741803, -0.1879841965, -0.1742963614, -0.1539101994, -0.1290534555, -0.1017297785, -0.07369755036, -0.04644025946, -0.0211511737, 0.001268201191, 0.02019998666, 0.03529113937, 0.0464263567, 0.05369506492, 0.05735447654], "ldis6": [0, -0.0669810433, -0.1256173505, -0.1641577825, -0.1855469438, -0.1925741803, -0.1879841965, -0.1742963614, -0.1539101994, -0.1290534555, -0.1017297785, -0.07369755036, -0.04644025946, -0.0211511737, 0.001268201191, 0.02019998666, 0.03529113937, 0.0464263567, 0.05369506492, 0.05735447654, 0.0577909363], "rl": [0, 0.3969820595, 0.257787449, 0.1485128984, 0.06316329841, -0.001715111751, -0.04993573689, -0.08393287375, -0.1056892276, -0.1171763139, -0.1200858284, -0.1160524698, -0.1066488095, -0.09333996865, -0.07748409072, -0.06030329106, -0.04286066575, -0.0260473934, -0.01057387854, 0.003030853404, 0.01441246366],