{"interest_": {"q": [0, 1.509106026e-18, -0.01139193388, -0.01281025892, -0.01202411468, -0.0106987855, -0.009233671096, -0.007748632687, -0.006302162586, -0.004934082119, -0.003670045524, -0.002528672964, -0.001521466473, -0.0006535576218, 7.482822427e-05, 0.0006676645241, 0.00113222955, 0.001478248257, 0.00171717925, 0.001861553985, 0.001924406942], "lagq1": [0, 0, 7.084901319e-17, -0.01139193388, -0.01281025892, -0.01202411468, -0.0106987855, -0.009233671096, -0.007748632687, -0.006302162586, -0.004934082119, -0.003670045524, -0.002528672964, -0.001521466473, -0.0006535576218, 7.482822427e-05, 0.0006676645241, 0.00113222955, 0.001478248257, 0.00171717925, 0.001861553985], "cwp": [0, -0.001709592161, -0.002579322978, -0.003272535343, -0.003775618276, -0.004057358937, -0.004171419511, -0.004141417349, -0.003993838787, -0.003755249154, -0.003449171694, -0.003097027912, -0.002717688852, -0.002327351273, -0.001939582452, -0.001565388848, -0.001213359938, -0.0008898573698, -0.0005992339358, -0.0003440725818, -0.000125433941], "ldvindex1": [0, -0.001422733301, -0.002286862818, -0.003089934075, -0.003604378663, -0.003929731403, -0.004081398602, -0.004082825773, -0.003963686275, -0.003749020629, -0.003462651362, -0.003126239407, -0.002758877841, -0.002377107418, -0.001994865642, -0.001623550809, -0.001272152478, -0.0009474250359, -0.0006540971442, -0.0003951026432, -0.0001718222024], "ldvindex2": [0, -0.002286862818, -0.003089934075, -0.003604378663, -0.003929731403, -0.004081398602, -0.004082825773, -0.003963686275, -0.003749020629, -0.003462651362, -0.003126239407, -0.002758877841, -0.002377107418, -0.001994865642, -0.001623550809, -0.001272152478, -0.0009474250359, -0.0006540971442, -0.0003951026432, -0.0001718222024, 1.567322596e-05], "ldq1": [0, -0.01139193388, -0.01281025892, -0.01202411468, -0.0106987855, -0.009233671096, -0.007748632687, -0.006302162586, -0.004934082119, -0.003670045524, -0.002528672964, -0.001521466473, -0.0006535576218, 7.482822427e-05, 0.0006676645241, 0.00113222955, 0.001478248257, 0.00171717925, 0.001861553985, 0.001924406942, 0.00191880015], "ldq2": [0, -0.01281025892, -0.01202411468, -0.0106987855, -0.009233671096, -0.007748632687, -0.006302162586, -0.004934082119, -0.003670045524, -0.002528672964, -0.001521466473, -0.0006535576218, 7.482822427e-05, 0.0006676645241, 0.00113222955, 0.001478248257, 0.00171717925, 0.001861553985, 0.001924406942, 0.00191880015, 0.001857430804], "vindex": [0, -0.0006176756478, -0.001422733301, -0.002286862818, -0.003089934075, -0.003604378663, -0.003929731403, -0.004081398602, -0.004082825773, -0.003963686275, -0.003749020629, -0.003462651362, -0.003126239407, -0.002758877841, -0.002377107418, -0.001994865642, -0.001623550809, -0.001272152478, -0.0009474250359, -0.0006540971442, -0.0003951026432], "lagcwp1": [0, 0, -0.001709592161, -0.002579322978, -0.003272535343, -0.003775618276, -0.004057358937, -0.004171419511, -0.004141417349, -0.003993838787, -0.003755249154, -0.003449171694, -0.003097027912, -0.002717688852, -0.002327351273, -0.001939582452, -0.001565388848, -0.001213359938, -0.0008898573698, -0.0005992339358, -0.0003440725818], "lagcwp2": [0, 0, 2.154590499e-16, -0.001709592161, -0.002579322978, -0.003272535343, -0.003775618276, -0.004057358937, -0.004171419511, -0.004141417349, -0.003993838787, -0.003755249154, -0.003449171694, -0.003097027912, -0.002717688852, -0.002327351273, -0.001939582452, -0.001565388848, -0.001213359938, -0.0008898573698, -0.0005992339358], "pi1": [0, -0.0009670825862, -0.001695173108, -0.002437303269, -0.003128006475, -0.003392073935, -0.003606111961, -0.003668402978, -0.003589866224, -0.0034330387, -0.003200328444, -0.002914127781, -0.002595501055, -0.002257883429, -0.001915202142, -0.001578694438, -0.001256995942, -0.0009569872962, -0.0006835806568, -0.0004399812859, -0.000227951442], "lagpi1": [0, 0, -0.0009670825862, -0.001695173108, -0.002437303269, -0.003128006475, -0.003392073935, -0.003606111961, -0.003668402978, -0.003589866224, -0.0034330387, -0.003200328444, -0.002914127781, -0.002595501055, -0.002257883429, -0.001915202142, -0.001578694438, -0.001256995942, -0.0009569872962, -0.0006835806568, -0.0004399812859], "lagpi2": [0, 0, 1.682200382e-16, -0.0009670825862, -0.001695173108, -0.002437303269, -0.003128006475, -0.003392073935, -0.003606111961, -0.003668402978, -0.003589866224, -0.0034330387, -0.003200328444, -0.002914127781, -0.002595501055, -0.002257883429, -0.001915202142, -0.001578694438, -0.001256995942, -0.0009569872962, -0.0006835806568], "infl": [0, -0.0009670825862, -0.002662255694, -0.005099558963, -0.008227565438, -0.01065255679, -0.01256349564, -0.01379459535, -0.0142564551, -0.01429741986, -0.01389163634, -0.01313736115, -0.01214299598, -0.01096784071, -0.009682714408, -0.008347281064, -0.007008775951, -0.005707879818, -0.004476258333, -0.003337545181, -0.002308500681], "is": [0, 0.9985493761, -0.009689350481, -0.0140544679, -0.0183534055, -0.02132822793, -0.02346207901, -0.02456620937, -0.02453576394, -0.02391317085, -0.02267247728, -0.0209703782, -0.01897522721, -0.01677853987, -0.0144866575, -0.01218708933, -0.009947049152, -0.007822695599, -0.005855797874, -0.004075540778, -0.00250054755], "dis": [0, 0.9985493761, -1.008238727, -0.004365117422, -0.004298937597, -0.002974822433, -0.002133851076, -0.001104130358, 3.044542686e-05, 0.0006225930874, 0.001240693573, 0.001702099074, 0.001995150999, 0.002196687331, 0.002291882376, 0.002299568165, 0.002240040183, 0.002124353553, 0.001966897724, 0.001780257096, 0.001574993228], "il": [0, 0.107819984, -0.01998783437, -0.02161072522, -0.02247521401, -0.02255294172, -0.02198423072, -0.02086230303, -0.01931491302, -0.01749132368, -0.01548001427, -0.01337792934, -0.01126607466, -0.009206739708, -0.00725190347, -0.005440380961, -0.003799360461, -0.002346288479, -0.001089760555, -3.097300398e-05, 0.0008349234485], "ldis1": [0, -0.009689350481, -0.0140544679, -0.0183534055, -0.02132822793, -0.02346207901, -0.02456620937, -0.02453576394, -0.02391317085, -0.02267247728, -0.0209703782, -0.01897522721, -0.01677853987, -0.0144866575, -0.01218708933, -0.009947049152, -0.007822695599, -0.005855797874, -0.004075540778, -0.00250054755, -0.001139849972], "ldis2": [0, -0.0140544679, -0.0183534055, -0.02132822793, -0.02346207901, -0.02456620937, -0.02453576394, -0.02391317085, -0.02267247728, -0.0209703782, -0.01897522721, -0.01677853987, -0.0144866575, -0.01218708933, -0.009947049152, -0.007822695599, -0.005855797874, -0.004075540778, -0.00250054755, -0.001139849972, 5.522568278e-06], "ldis3": [0, -0.0183534055, -0.02132822793, -0.02346207901, -0.02456620937, -0.02453576394, -0.02391317085, -0.02267247728, -0.0209703782, -0.01897522721, -0.01677853987, -0.0144866575, -0.01218708933, -0.009947049152, -0.007822695599, -0.005855797874, -0.004075540778, -0.00250054755, -0.001139849972, 5.522568278e-06, 0.0009410746672], "ldis4": [0, -0.02132822793, -0.02346207901, -0.02456620937, -0.02453576394, -0.02391317085, -0.02267247728, -0.0209703782, -0.01897522721, -0.01677853987, -0.0144866575, -0.01218708933, -0.009947049152, -0.007822695599, -0.005855797874, -0.004075540778, -0.00250054755, -0.001139849972, 5.522568278e-06, 0.0009410746672, 0.001677526706], "ldis5": [0, -0.02346207901, -0.02456620937, -0.02453576394, -0.02391317085, -0.02267247728, -0.0209703782, -0.01897522721, -0.01677853987, -0.0144866575, -0.01218708933, -0.009947049152, -0.007822695599, -0.005855797874, -0.004075540778, -0.00250054755, -0.001139849972, 5.522568278e-06, 0.0009410746672, 0.001677526706, 0.002229527795], "ldis6": [0, -0.02456620937, -0.02453576394, -0.02391317085, -0.02267247728, -0.0209703782, -0.01897522721, -0.01677853987, -0.0144866575, -0.01218708933, -0.009947049152, -0.007822695599, -0.005855797874, -0.004075540778, -0.00250054755, -0.001139849972, 5.522568278e-06, 0.0009410746672, 0.001677526706, 0.002229527795, 0.002614502532],