{"interest_": {"x": [0, -0.2918287576, -0.166014447, -0.09140337122, -0.04985536674, -0.03031379049, -0.01829727513, -0.0109216808, -0.006466631599, -0.003838745818, -0.002282544678, -0.001357623161, -0.0008071331594, -0.0004797880838, -0.0002852127551, -0.0001695553349, -0.0001007988941, -5.99233367e-05, -3.562331193e-05, -2.117742068e-05, -1.258961279e-05], "pi_H": [0, -0.0337719631, -0.01916989645, -0.0109310398, -0.006392522243, -0.003841604778, -0.002294500254, -0.001363868161, -0.0008095982006, -0.0004811603647, -0.0002860988348, -0.000170105737, -0.0001011238516, -6.011438305e-05, -3.57366402e-05, -2.12449324e-05, -1.262979012e-05, -7.508191442e-06, -4.463486306e-06, -2.653464963e-06, -1.57743932e-06], "r": [0, 0.2308832432, 0.1355925582, 0.07451571764, 0.03518349596, 0.02169472953, 0.01332575887, 0.008042775331, 0.004743130601, 0.002808964795, 0.00166965799, 0.0009937469692, 0.0005909162781, 0.0003512405536, 0.0002087811283, 0.0001241172327, 7.378745947e-05, 4.386573562e-05, 2.607732068e-05, 1.550247235e-05, 9.21595179e-06], "pi": [0, -0.07368138618, -0.002036494946, -0.0006748748618, -0.0006441330696, -0.001190548279, -0.0006638721055, -0.0003611284629, -0.0002028042775, -0.0001233720151, -7.429170743e-05, -4.423131434e-05, -2.620058947e-05, -1.556033541e-05, -9.253616613e-06, -5.503342681e-06, -3.271689275e-06, -1.944811626e-06, -1.15612102e-06, -6.873010073e-07, -4.085925009e-07], "x_star": [0, 0.1241161186, 0.0713623112, 0.03908135683, 0.02071837193, 0.01263004822, 0.007651794654, 0.004576613012, 0.002707521105, 0.001606457199, 0.0009551573886, 0.0005681877002, 0.0003378108145, 0.0002008037046, 0.0001193670764, 7.096215037e-05, 4.218638455e-05, 2.507916125e-05, 1.490909004e-05, 8.863183618e-06, 5.26901021e-06], "pi_F_star": [0, 0.01590445854, 0.008748204467, 0.004886999083, 0.003007388676, 0.001806770125, 0.001074730782, 0.000636072353, 0.0003778699504, 0.0002247389862, 0.0001336589595, 7.945489095e-05, 4.723028837e-05, 2.807677854e-05, 1.669139659e-05, 9.922836971e-06, 5.898953407e-06, 3.506817036e-06, 2.084740723e-06, 1.239342738e-06, 7.367680418e-07], "r_star": [0, 0.08746732904, 0.04884894764, 0.02643173683, 0.01432130586, 0.008757679075, 0.005298302397, 0.003162304251, 0.001871146457, 0.001110651315, 0.0006604743916, 0.0003928684881, 0.0002335669632, 0.0001388383545, 8.253300041e-05, 4.90649678e-05, 2.916866979e-05, 1.734030979e-05, 1.030848882e-05, 6.128211519e-06, 3.643116771e-06], "pi_star": [0, 0.05581388163, -0.00838519704, -0.005369165859, -0.002741000497, -0.0008442863745, -0.0005558973663, -0.0003666673455, -0.0002289239727, -0.0001330493633, -7.814816789e-05, -4.641953173e-05, -2.769297373e-05, -1.647726911e-05, -9.791626996e-06, -5.818752751e-06, -3.459147438e-06, -2.056562779e-06, -1.222624563e-06, -7.268212174e-07, -4.320787774e-07], "r_bar": [0, -1.589160818e-17, -4.213198809e-17, -2.375694102e-17, -1.868589047e-17, -9.171984008e-18, -5.406673507e-18, -3.204265615e-18, -1.944199175e-18, -1.154841591e-18, -6.852391188e-19, -4.067157879e-19, -2.418890195e-19, -1.438427167e-19, -8.551785077e-20, -5.08348463e-20, -3.021958708e-20, -1.796511245e-20, -1.068005381e-20, -6.34911437e-21, -3.77443266e-21], "r_bar_star": [0, -8.250897706e-18, 8.968164694e-19, 2.664070776e-18, -2.334662047e-18, -1.645742486e-18, -8.525846026e-19, -4.287721732e-19, -2.591802087e-19, -1.592800187e-19, -9.572837206e-20, -5.656689667e-20, -3.350702338e-20, -1.991944217e-20, -1.185300392e-20, -7.048093909e-21, -4.189437511e-21, -2.49029696e-21, -1.480440851e-21, -8.801163527e-22, -5.232175975e-22], "a": [0, 0, 0, 0, 0, 0, 0, 0, 0, 0, 0, 0, 0, 0, 0, 0, 0, 0, 0, 0, 0], "a_star": [0, 0, 0, 0, 0, 0, 0, 0, 0, 0, 0, 0, 0, 0, 0, 0, 0, 0, 0, 0, 0], "mc": [0, -1.221503583, -0.6892981964, -0.3800182115, -0.2137981799, -0.1296371169, -0.07796731165, -0.04643388518, -0.02751600877, -0.01634222627, -0.009717866025, -0.005779248768, -0.003435738634, -0.002042348471, -0.001214104716, -0.0007217702905, -0.0004290837186, -0.0002550831192, -0.0001516422379, -9.014862684e-05, -5.359181208e-05], "mc_star": [0, 0.2820093625, 0.1638486835, 0.08855055816, 0.04477552062, 0.02746145846, 0.01675026937, 0.01005095634, 0.005936957127, 0.003519677737, 0.002092593739, 0.001245098271, 0.0007403042887, 0.0004400445351, 0.0002615762541, 0.000155503607, 9.244602592e-05, 5.495784878e-05, 3.267138324e-05, 1.942253275e-05, 1.154636126e-05], "y": [0, -0.2918287576, -0.166014447, -0.09140337122, -0.04985536674, -0.03031379049, -0.01829727513, -0.0109216808, -0.006466631599, -0.003838745818, -0.002282544678, -0.001357623161, -0.0008071331594, -0.0004797880838, -0.0002852127551, -0.0001695553349, -0.0001007988941, -5.99233367e-05, -3.562331193e-05, -2.117742068e-05, -1.258961279e-05], "y_star": [0, 0.1241161186, 0.0713623112, 0.03908135683, 0.02071837193, 0.01263004822, 0.007651794654, 0.004576613012, 0.002707521105, 0.001606457199, 0.0009551573886, 0.0005681877002, 0.0003378108145, 0.0002008037046, 0.0001193670764, 7.096215037e-05, 4.218638455e-05, 2.507916125e-05, 1.490909004e-05, 8.863183618e-06, 5.26901021e-06], "y_bar": [0, 6.837627891e-17, -1.575400262e-16, -1.984361621e-17, -2.687982206e-17, -1.305464975e-17, -8.751322932e-18, -4.972415823e-18, -2.986383649e-18, -1.763651451e-18, -1.052342022e-18, -6.252580605e-19, -3.717978695e-19, -2.209613355e-19, -1.313643495e-19, -7.809427485e-20, -4.642668598e-20, -2.759966577e-20, -1.640748963e-20, -9.753960249e-21, -5.798566712e-21], "y_bar_star": [0, 4.837733428e-18, -3.076450148e-18, -2.716840123e-18, -1.676624298e-18, -8.995538626e-19, -5.206850252e-19, -3.128888998e-19, -1.882196418e-19, -1.119070816e-19, -6.637506348e-20, -3.94240797e-20, -2.344440977e-20, -1.394110987e-20, -8.287903662e-21, -4.926713101e-21, -2.928782838e-21, -1.741122872e-21, -1.035074984e-21, -6.153345087e-22, -3.658051978e-22], "p": [0, -0.07368138618, -0.07571788113, -0.07639275599, -0.07703688906, -0.07822743734, -0.07889130945, -0.07925243791, -0.07945524219, -0.0795786142, -0.07965290591, -0.07969713722, -0.07972333781, -0.07973889815, -0.07974815176, -0.07975365511, -0.0797569268, -0.07975887161, -0.07976002773, -0.07976071503, -0.07976112362], "p_star": [0, 0.05581388163, 0.04742868459, 0.04205951873, 0.03931851823, 0.03847423186, 0.03791833449, 0.03755166715, 0.03732274317, 0.03718969381, 0.03711154564, 0.03706512611, 0.03703743314, 0.03702095587, 0.03701116424, 0.03700534549, 0.03700188634, 0.03699982978, 0.03699860715, 0.03699788033, 0.03699744825], "e": [0, -0.4487706525, -0.3053547383, -0.2186111278, -0.170527147, -0.1496649569, -0.1367279065, -0.12870045, -0.1238199789, -0.1209479948, -0.1192496813, -0.1182404977, -0.1176396192, -0.1172822699, -0.1170698677, -0.1169436196, -0.1168685673, -0.1168239485, -0.1167974231, -0.1167816542, -0.11677228], "s": [0, -0.3990942308, -0.2277602158, -0.1251985664, -0.06771467463, -0.04120410964, -0.02489782815, -0.01487043116, -0.008802491933, -0.005224608438, -0.003106537164, -0.001847792937, -0.001098560316, -0.0006530198396, -0.0003881896038, -0.0002307737066, -0.0001371926981, -8.155889995e-05, -4.848524709e-05, -2.882360753e-05, -1.713513934e-05], "q": [0, -0.3192753847, -0.1822081726, -0.1001588531, -0.0541717397, -0.03296328771, -0.01991826252, -0.01189634493, -0.007041993547, -0.00417968675, -0.002485229731, -0.00147823435, -0.0008788482529, -0.0005224158717, -0.000310551683, -0.0001846189652, -0.0001097541585, -6.524711996e-05, -3.878819767e-05, -2.305888603e-05, -1.370811147e-05], "interest": [0, 0.9235329727, 0.5423702327, 0.2980628706, 0.1407339838, 0.0867789181, 0.05330303547, 0.03217110132, 0.0189725224, 0.01123585918, 0.006678631962, 0.003974987877, 0.002363665112, 0.001404962214, 0.000835124513, 0.0004964689309, 0.0002951498379, 0.0001754629425, 0.0001043092827, 6.20098894e-05, 3.686380716e-05],