{"interest_": {"x": [0, -0.146426624, -0.008226236101, -0.0007407286163, -0.0001438585745, -4.127301724e-05, -1.290955584e-05, -4.095850349e-06, -1.30238428e-06, -4.142690075e-07, -1.317797085e-07, -4.191969824e-08, -1.333485483e-08, -4.241881374e-09, -1.34936288e-09, -4.292388285e-10, -1.365429379e-10, -4.343496594e-11, -1.381687178e-11, -4.395213436e-12, -1.398138555e-12], "pi_H": [0, -0.005826501428, -0.0003448810437, -3.591526061e-05, -7.815132517e-06, -2.309458789e-06, -7.260126837e-07, -2.305256263e-07, -7.331064428e-08, -2.331945793e-08, -7.417982388e-09, -2.359693493e-09, -7.506297425e-10, -2.387789292e-10, -7.595672671e-11, -2.416220045e-11, -7.686112292e-12, -2.444989325e-12, -7.777628758e-13, -2.474101154e-13, -7.870234886e-14], "r": [0, 0.2463191842, 0.01240898594, 0.0007215063821, 7.171786114e-05, 1.509495878e-05, 4.424201921e-06, 1.388890248e-06, 4.409092058e-07, 1.402111468e-07, 4.459967901e-08, 1.418726687e-08, 4.513032724e-09, 1.435617185e-09, 4.566767259e-10, 1.452710646e-10, 4.621142503e-11, 1.470007679e-11, 4.6761652e-12, 1.487510664e-12, 4.731843037e-13], "pi": [0, -0.02745169785, 0.0199932046, 0.001115297882, 9.823330507e-05, 1.869908798e-05, 5.334399502e-06, 1.666869884e-06, 5.287704623e-07, 1.68132578e-07, 5.348026781e-08, 1.701215875e-08, 5.411641192e-09, 1.721468706e-09, 5.476074635e-10, 1.741965696e-10, 5.541276742e-11, 1.76270681e-11, 5.607255229e-12, 1.783694885e-12, 5.674019304e-13], "x_star": [0, 0.0789559787, 0.00518831842, 0.0006756267066, 0.0001672363656, 5.086617994e-05, 1.606667878e-05, 5.105306622e-06, 1.623749602e-06, 5.165092111e-07, 1.643034135e-07, 5.226567493e-08, 1.662596127e-08, 5.288798249e-09, 1.682392182e-09, 5.351770529e-10, 1.702423972e-10, 5.415492617e-11, 1.722694275e-11, 5.479973427e-12, 1.743205931e-12], "pi_F_star": [0, 0.000575326326, 0.000384055221, 0.0001320040076, 4.247216285e-05, 1.35341308e-05, 4.306423234e-06, 1.36995027e-06, 4.357905309e-07, 1.386272007e-07, 4.409798657e-08, 1.402778216e-08, 4.462305058e-09, 1.419480724e-09, 4.515436524e-10, 1.436382098e-10, 4.569200609e-11, 1.453484712e-11, 4.623604848e-12, 1.470790963e-12, 4.678656864e-13], "r_star": [0, 0.04366726408, 0.001064773778, -0.0002886906984, -0.0001225240169, -4.047672715e-05, -1.294927728e-05, -4.122819643e-06, -1.311664495e-06, -4.172553863e-07, -1.327313677e-07, -4.222250768e-08, -1.343118398e-08, -4.272524338e-09, -1.359110565e-09, -4.323396142e-10, -1.375293128e-10, -4.374873654e-11, -1.391668372e-11, -4.426964094e-12, -1.408238592e-12], "pi_star": [0, 0.02220052274, -0.01995403042, -0.001019209135, -6.357627473e-05, -7.474415963e-06, -1.753988951e-06, -5.2744524e-07, -1.662905757e-07, -5.28248352e-08, -1.680026363e-08, -5.344070077e-09, -1.699965877e-09, -5.40766912e-10, -1.720205378e-10, -5.472056027e-11, -1.740687363e-11, -5.537210304e-12, -1.761413257e-12, -5.603140373e-13, -1.782385929e-13], "r_bar": [0, -3.440701857e-17, 2.982967591e-17, -2.63493048e-18, 3.143439452e-18, 6.1079065e-19, 3.968698266e-20, 5.06174344e-21, 1.240216869e-21, 3.764224586e-22, 1.188565823e-22, 3.776554965e-23, 1.201128502e-23, 3.820743982e-24, 1.215391988e-24, 3.866217948e-25, 1.229862422e-25, 3.912251518e-26, 1.244506041e-26, 3.958833631e-27, 1.259324038e-27], "r_bar_star": [0, -3.046710322e-17, 3.894517669e-17, -2.767273659e-18, 3.897225785e-18, 7.23553284e-19, 5.181493497e-20, 7.758313426e-21, 2.04119784e-21, 6.284393804e-22, 1.988884409e-22, 6.321741964e-23, 2.010732213e-23, 6.396116454e-24, 2.034629592e-24, 6.47225183e-25, 2.058854328e-25, 6.549314673e-26, 2.083368526e-26, 6.627295584e-27, 2.108174633e-27], "a": [0, 0, 0, 0, 0, 0, 0, 0, 0, 0, 0, 0, 0, 0, 0, 0, 0, 0, 0, 0, 0], "a_star": [0, 0, 0, 0, 0, 0, 0, 0, 0, 0, 0, 0, 0, 0, 0, 0, 0, 0, 0, 0, 0], "mc": [0, -0.4528956216, -0.02554059102, -0.002326646925, -0.0004565038058, -0.0001313427164, -4.110211764e-05, -1.304158529e-05, -4.146967233e-06, -1.31909081e-06, -4.19605252e-07, -1.334782608e-07, -4.24600681e-08, -1.350675163e-08, -4.296562701e-09, -1.36675728e-09, -4.34772071e-10, -1.38303089e-10, -4.399487848e-11, -1.399498266e-11, -4.451871363e-12], "mc_star": [0, 0.2368522304, 0.01622996813, 0.002271198286, 0.0005810310833, 0.0001779096683, 5.625546433e-05, 1.787857794e-05, 5.686451857e-06, 1.808848098e-06, 5.754013508e-07, 1.830378452e-07, 5.822521516e-08, 1.852172104e-08, 5.891848626e-09, 1.874225414e-09, 5.962001276e-10, 1.89654131e-10, 6.032989217e-11, 1.919122916e-11, 6.104822393e-12], "y": [0, -0.146426624, -0.008226236101, -0.0007407286163, -0.0001438585745, -4.127301724e-05, -1.290955584e-05, -4.095850349e-06, -1.30238428e-06, -4.142690075e-07, -1.317797085e-07, -4.191969824e-08, -1.333485483e-08, -4.241881374e-09, -1.34936288e-09, -4.292388285e-10, -1.365429379e-10, -4.343496594e-11, -1.381687178e-11, -4.395213436e-12, -1.398138555e-12], "y_star": [0, 0.0789559787, 0.00518831842, 0.0006756267066, 0.0001672363656, 5.086617994e-05, 1.606667878e-05, 5.105306622e-06, 1.623749602e-06, 5.165092111e-07, 1.643034135e-07, 5.226567493e-08, 1.662596127e-08, 5.288798249e-09, 1.682392182e-09, 5.351770529e-10, 1.702423972e-10, 5.415492617e-11, 1.722694275e-11, 5.479973427e-12, 1.743205931e-12], "y_bar": [0, 3.751082163e-17, -9.98618899e-17, -8.274388913e-18, 2.85972978e-18, -2.129075671e-18, -1.232361671e-19, -1.210076087e-20, -2.52361657e-21, -7.379265249e-22, -2.315658522e-22, -7.350704364e-23, -2.33753542e-23, -7.435441422e-24, -2.365231552e-24, -7.523906559e-25, -2.393390466e-25, -7.61349009e-26, -2.421887843e-26, -7.704141825e-27, -2.450724606e-27], "y_bar_star": [0, -1.159394106e-17, 1.450137747e-18, 2.126263061e-20, -1.476105735e-20, -5.748477499e-21, -1.880123049e-21, -6.005956133e-22, -1.911755969e-22, -6.081990628e-23, -1.93473999e-23, -6.154515481e-24, -1.957781711e-24, -6.227798227e-25, -1.981092617e-25, -6.301951002e-26, -2.004680955e-26, -6.376986635e-27, -2.028550151e-27, -6.452915694e-28, -2.05270355e-28], "p": [0, -0.02745169785, -0.007458493247, -0.006343195365, -0.00624496206, -0.006226262972, -0.006220928572, -0.006219261702, -0.006218732932, -0.006218564799, -0.006218511319, -0.006218494307, -0.006218488895, -0.006218487174, -0.006218486626, -0.006218486452, -0.006218486397, -0.006218486379, -0.006218486373, -0.006218486372, -0.006218486371], "p_star": [0, 0.02220052274, 0.002246492322, 0.001227283187, 0.001163706912, 0.001156232496, 0.001154478507, 0.001153951062, 0.001153784771, 0.001153731947, 0.001153715146, 0.001153709802, 0.001153708102, 0.001153707562, 0.00115370739, 0.001153707335, 0.001153707317, 0.001153707312, 0.00115370731, 0.00115370731, 0.001153707309], "e": [0, -0.2226537919, -0.02000187177, -0.00865765961, -0.007647462529, -0.007453220651, -0.007397648965, -0.007380275486, -0.007374763776, -0.007373011203, -0.007372453736, -0.007372276405, -0.007372219995, -0.007372202051, -0.007372196343, -0.007372194527, -0.007372193949, -0.007372193766, -0.007372193707, -0.007372193689, -0.007372193683], "s": [0, -0.2162519642, -0.01287110775, -0.001358976323, -0.0002984919468, -8.840647917e-05, -2.780235731e-05, -8.828402211e-06, -2.807591145e-06, -8.930707854e-07, -2.840882834e-07, -9.036976104e-08, -2.874705169e-08, -9.144575331e-09, -2.908933429e-09, -9.253457284e-10, -2.943569313e-10, -9.363635703e-11, -2.978617599e-11, -9.475125988e-12, -3.014083195e-12], "q": [0, -0.1730015713, -0.0102968862, -0.001087181058, -0.0002387935575, -7.072518333e-05, -2.224188585e-05, -7.062721768e-06, -2.246072916e-06, -7.144566283e-07, -2.272706267e-07, -7.229580883e-08, -2.299764135e-08, -7.315660265e-09, -2.327146743e-09, -7.402765827e-10, -2.35485545e-10, -7.490908563e-11, -2.382894079e-11, -7.580100791e-12, -2.411266556e-12], "interest": [0, 0.985276737, 0.04963594375, 0.002886025528, 0.0002868714446, 6.037983513e-05, 1.769680769e-05, 5.555560992e-06, 1.763636823e-06, 5.608445871e-07, 1.78398716e-07, 5.674906749e-08, 1.80521309e-08, 5.742468739e-09, 1.826706904e-09, 5.810842583e-10, 1.848457001e-10, 5.880030714e-11, 1.87046608e-11, 5.950042654e-12, 1.892737215e-12],