{"interest_": {"cons_h": [0, -3.384961662, -1.589930181, -0.7467966352, -0.3507733994, -0.1647596842, -0.0773882899, -0.0363495927, -0.01707355068, -0.008019515797, -0.003766798999, -0.001769280722, -0.0008310383096, -0.0003903420545, -0.0001833452415, -8.611800132e-05, -4.044997346e-05, -1.899951611e-05, -8.924149544e-06, -4.191709128e-06, -1.968862728e-06], "i_dep": [0, 0.1467825137, 0.06894434023, 0.0323834354, 0.01521063056, 0.007144494682, 0.003355798043, 0.001576231911, 0.0007403625024, 0.0003477512612, 0.0001633401736, 7.672154006e-05, 3.603641761e-05, 1.692645107e-05, 7.950422516e-06, 3.734345605e-06, 1.754037232e-06, 8.238783806e-07, 3.869790069e-07, 1.817656044e-07, 8.537603941e-08], "infl": [0, -0.2989595794, -0.1404225234, -0.06595702705, -0.03098028232, -0.01455156388, -0.006834928399, -0.003210393508, -0.001507934813, -0.0007082830793, -0.0003326834265, -0.0001562627507, -7.33972459e-05, -3.44749832e-05, -1.619303902e-05, -7.605935908e-06, -3.572538852e-06, -1.678035945e-06, -7.881802692e-07, -3.702114597e-07, -1.738898196e-07], "omeg_t": [0, -0.5357352579, -0.251637017, -0.1181949245, -0.05551663397, -0.02607638747, -0.01224818464, -0.005753021855, -0.002702217629, -0.001269242548, -0.0005961683571, -0.0002800226881, -0.000131527789, -6.177913434e-05, -2.901790922e-05, -1.36298293e-05, -6.401985939e-06, -3.007038684e-06, -1.412418229e-06, -6.634185539e-07, -3.116103775e-07], "s_t": [0, -2.655294468e-16, -2.793383701e-16, -2.317575791e-16, -1.718757486e-16, -1.223227967e-16, -8.490627349e-17, -5.799832243e-17, -3.919959818e-17, -2.630419384e-17, -1.756389569e-17, -1.168758109e-17, -7.758617947e-18, -5.141737364e-18, -3.403433704e-18, -2.25091023e-18, -1.48778205e-18, -9.829607176e-19, -6.492353158e-19, -4.287213498e-19, -2.830622634e-19], "chi_t": [0, 0.895771067, 0.4207472925, 0.1976267047, 0.09282606234, 0.04360077685, 0.0204794612, 0.009619285739, 0.00451821741, 0.002122224988, 0.0009968176586, 0.0004682092851, 0.0002199197946, 0.0001032972168, 4.851912045e-05, 2.278962707e-05, 1.070437999e-05, 5.027890568e-06, 2.361620532e-06, 1.109262714e-06, 5.210251822e-07], "thet1_t": [0, -3.570009567, -1.67684793, -0.7876222535, -0.3699493574, -0.1737667092, -0.08161892597, -0.03833673958, -0.0180069216, -0.008457923893, -0.003972721054, -0.001866003144, -0.0008764692224, -0.000411681138, -0.0001933682953, -9.082587022e-05, -4.266127852e-05, -2.003817503e-05, -9.412011843e-06, -4.420860023e-06, -2.07649583e-06], "thet2_t": [0, -2.989676266, -1.404263032, -0.6595880245, -0.3098111623, -0.1455195557, -0.06835112378, -0.03210479924, -0.01507975403, -0.007083021445, -0.003326923815, -0.001562669569, -0.0007339922157, -0.0003447591118, -0.0001619347489, -7.60614064e-05, -3.572635016e-05, -1.678081114e-05, -7.88201485e-06, -3.702214248e-06, -1.738945003e-06], "y_t": [0, -3.054536466, -1.43472813, -0.6738976043, -0.3165324298, -0.1486765623, -0.06983398251, -0.03280130398, -0.01540690512, -0.007236685637, -0.003399100507, -0.001596571253, -0.0007499159738, -0.0003522385654, -0.0001654478785, -7.771153758e-05, -3.650142345e-05, -1.71448662e-05, -8.053012983e-06, -3.782532762e-06, -1.776670934e-06], "spread": [0, -0.03984504359, -0.0187153781, -0.008790688773, -0.004129022064, -0.00193941836, -0.0009109526464, -0.0004278781417, -0.0002009760934, -9.439928377e-05, -4.433972532e-05, -2.082654828e-05, -9.782313945e-06, -4.594792417e-06, -2.158192579e-06, -1.013711781e-06, -4.761445229e-07, -2.236470078e-07, -1.05047904e-07, -4.934142528e-08, -2.317586698e-08], "q_t": [0, -0.01817818986, -0.008538369284, -0.00401050658, -0.001883751158, -0.0008848055364, -0.0004155967384, -0.0001952074686, -9.168973737e-05, -4.306704042e-05, -2.022876304e-05, -9.501531798e-06, -4.462907908e-06, -2.096245891e-06, -9.846151718e-07, -4.624777278e-07, -2.172276589e-07, -1.020327098e-07, -4.792517639e-08, -2.251064915e-08, -1.057334293e-08], "ygap": [0, -3.054536466, -1.43472813, -0.6738976043, -0.3165324298, -0.1486765623, -0.06983398251, -0.03280130398, -0.01540690512, -0.007236685637, -0.003399100507, -0.001596571253, -0.0007499159738, -0.0003522385654, -0.0001654478785, -7.771153758e-05, -3.650142345e-05, -1.71448662e-05, -8.053012983e-06, -3.782532762e-06, -1.776670934e-06], "cons_e": [0, -0.999710946, -0.469568274, -0.2205581171, -0.1035970395, -0.04865994837, -0.02285577452, -0.01073544971, -0.005042484143, -0.002368475192, -0.001112482375, -0.0005225374704, -0.0002454379629, -0.0001152832036, -5.414898693e-05, -2.543399813e-05, -1.194645177e-05, -5.611296705e-06, -2.635648753e-06, -1.237974877e-06, -5.814818058e-07], "mon_cost": [0, -18.83774752, -8.848166186, -4.156019438, -1.952099136, -0.9169088579, -0.4306757983, -0.202290164, -0.09501650806, -0.04462963806, -0.02096272147, -0.009846275042, -0.004624835203, -0.002172303797, -0.001020339878, -0.0004792577665, -0.0002251093109, -0.0001057347536, -4.966404135e-05, -2.332740105e-05, -1.09569746e-05], "Bankrupt": [0, -18.83774752, -8.848166186, -4.156019438, -1.952099136, -0.9169088579, -0.4306757983, -0.202290164, -0.09501650806, -0.04462963806, -0.02096272147, -0.009846275042, -0.004624835203, -0.002172303797, -0.001020339878, -0.0004792577665, -0.0002251093109, -0.0001057347536, -4.966404135e-05, -2.332740105e-05, -1.09569746e-05], "fo_t": [0, 2.950596587, 1.385907148, 0.6509661919, 0.3057614527, 0.1436173908, 0.06745766919, 0.03168514, 0.01488263839, 0.006990435432, 0.00328343579, 0.001542243068, 0.0007243978055, 0.0003402525786, 0.000159818012, 7.506716653e-05, 3.525935167e-05, 1.656146006e-05, 7.778984761e-06, 3.653820599e-06, 1.71621431e-06], "ho_t": [0, -15.73534286, -7.390954169, -3.471561061, -1.630606268, -0.765902358, -0.3597474347, -0.1689748248, -0.07936815851, -0.037279545, -0.01751035304, -0.008224683628, -0.003863167159, -0.001814545236, -0.0008522992351, -0.0004003283972, -0.000188035867, -8.832120711e-05, -4.148482813e-05, -1.948559153e-05, -9.152461135e-06], "i_l": [0, 0.1069374701, 0.05022896213, 0.02359274663, 0.01108160849, 0.005205076321, 0.002444845396, 0.001148353769, 0.000539386409, 0.0002533519774, 0.0001190004483, 5.589499178e-05, 2.625410366e-05, 1.233165866e-05, 5.792229937e-06, 2.720633824e-06, 1.277892709e-06, 6.002313728e-07, 2.81931103e-07, 1.324241791e-07, 6.220017243e-08], "credit": [0, -4.592980261, -2.157341401, -1.01331198, -0.4759567346, -0.2235588029, -0.1050064737, -0.04932196534, -0.02316672657, -0.01088150515, -0.005111086971, -0.002400698218, -0.001127617661, -0.0005296465752, -0.0002487771381, -0.0001168516278, -5.488568209e-05, -2.578002682e-05, -1.210898285e-05, -5.687638209e-06, -2.671506666e-06], "stdoi_t": [0, 0, 0, 0, 0, 0, 0, 0, 0, 0, 0, 0, 0, 0, 0, 0, 0, 0, 0, 0, 0], "Util": [0, -2.523263776e-08, -1.185187948e-08, -5.566874961e-09, -2.614783057e-09, -1.228174007e-09, -5.768781008e-10, -2.709619196e-10, -1.272719707e-10, -5.978018081e-11, -2.807887256e-11, -1.318856135e-11, -6.194600388e-12, -2.909672503e-12, -1.366462499e-12, -6.417089082e-13, -3.015365735e-13, -1.416644579e-13, -6.661338148e-14, -3.108624469e-14, -1.465494393e-14], "Welf": [0, -4.716442792e-10, -2.215334582e-10, -1.040549868e-10, -4.887512617e-11, -2.295674761e-11, -1.07829301e-11, -5.064837438e-12, -2.378985897e-12, -1.117328452e-12, -5.24913446e-13, -2.464695115e-13, -1.156852392e-13, -5.440092821e-14, -2.553512957e-14, -1.199040867e-14, -5.551115123e-15, -2.664535259e-15, -1.33226763e-15, -6.661338148e-16, -2.220446049e-16], "i_e": [0, -2.255140519e-17, -1.387778781e-17, -6.938893904e-18, -3.469446952e-18, -1.734723476e-18, -1.734723476e-18, -1.734723476e-18, -1.734723476e-18, 0, 0, 0, 0, 0, 0, 0, 0, 0, 0, 0, 0], "y_e": [0, 4.440892099e-16, 2.220446049e-16, 2.220446049e-16, 0, 0, 0, 0, 0, 0, 0, 0, 0, 0, 0, 0, 0, 0, 0, 0, 0],