{"interest_": {"c": [0, -0.776130277, -0.7389530906, -0.506277711, -0.294197449, -0.1514180721, -0.06938509356, -0.02757362147, -0.008616324692, -0.001194854955, 0.001052501415, 0.001305797496, 0.0009757210663, 0.0005970720103, 0.0003204602784, 0.0001533445396, 6.454372106e-05, 2.247447911e-05, 4.992028708e-06, -9.597201593e-07, -2.182636979e-06], "p_m": [0, -0.9166008422, -1.32861958, -1.487918115, -1.534858041, -1.539058555, -1.531126537, -1.522506771, -1.516316079, -1.512612924, -1.510660719, -1.509743305, -1.509366053, -1.509240062, -1.509215998, -1.509225111, -1.509239904, -1.509251672, -1.509259116, -1.509263213, -1.509265221], "i": [0, 0.4434870924, 0.1045151847, -0.01321797974, -0.03915079686, -0.03391566237, -0.02233961711, -0.01264875397, -0.006364522186, -0.002844560748, -0.001090551891, -0.0003152751269, -2.297363758e-05, 5.826434649e-05, 6.1312948e-05, 4.356621694e-05, 2.589466456e-05, 1.358050668e-05, 6.348011183e-06, 2.592005074e-06, 8.54290626e-07], "pi_e_c": [0, -0.4120187378, -0.159298535, -0.04693992555, -0.004200514289, 0.00793201741, 0.008619766894, 0.006190691194, 0.003703155805, 0.001952204498, 0.0009174138283, 0.0003772521551, 0.0001259906489, 2.406457977e-05, -9.112792883e-06, -1.479308719e-05, -1.176817223e-05, -7.444319419e-06, -4.096463711e-06, -2.008021882e-06, -8.70585395e-07], "w": [0, -2.698101488, -2.219236973, -1.883047395, -1.684680682, -1.581269499, -1.533233202, -1.513783226, -1.507474921, -1.506412638, -1.507004703, -1.507838421, -1.508481711, -1.508882269, -1.509100128, -1.509205736, -1.509250909, -1.509267075, -1.509270984, -1.509270597, -1.509269235], "p_c": [0, -0.9166008422, -1.32861958, -1.487918115, -1.534858041, -1.539058555, -1.531126537, -1.522506771, -1.516316079, -1.512612924, -1.510660719, -1.509743305, -1.509366053, -1.509240062, -1.509215998, -1.509225111, -1.509239904, -1.509251672, -1.509259116, -1.509263213, -1.509265221], "n": [0, -0.7725312858, -0.7371538636, -0.50547947, -0.293894777, -0.1513327975, -0.06938083767, -0.02759124479, -0.008634185618, -0.001207380784, 0.001045115523, 0.001301949244, 0.0009739345158, 0.0005963491964, 0.0003202261982, 0.000153305399, 6.456595445e-05, 2.250559639e-05, 5.016004096e-06, -9.44802687e-07, -2.174528197e-06], "s": [0, 0, 3.744989622e-17, 2.472768357e-16, 3.63825284e-16, 4.100000512e-16, 4.244315588e-16, 4.265280209e-16, 4.249487941e-16, 4.230052106e-16, 4.216489274e-16, 4.209443329e-16, 4.207108365e-16, 4.207601314e-16, 4.209588342e-16, 4.212278151e-16, 4.215256384e-16, 4.218329668e-16, 4.221419217e-16, 4.22449917e-16, 4.227564934e-16], "u": [0, 1.760122638, 0.8799299846, 0.3903877287, 0.1480247696, 0.041704413, 0.002081384307, -0.008618862067, -0.008735064708, -0.006125882028, -0.003612144317, -0.001882025903, -0.0008737303966, -0.000353499386, -0.0001144792333, -1.91421157e-05, 1.087346304e-05, 1.521821406e-05, 1.172540306e-05, 7.295538965e-06, 3.965681136e-06], "pi_q": [0, -0.9166008422, -0.4120187378, -0.159298535, -0.04693992555, -0.004200514289, 0.00793201741, 0.008619766894, 0.006190691194, 0.003703155805, 0.001952204498, 0.0009174138283, 0.0003772521551, 0.0001259906489, 2.406457977e-05, -9.112792884e-06, -1.479308719e-05, -1.176817223e-05, -7.44431942e-06, -4.096463712e-06, -2.008021883e-06], "pi_e_q": [0, -0.4120187378, -0.159298535, -0.04693992555, -0.004200514289, 0.00793201741, 0.008619766894, 0.006190691194, 0.003703155805, 0.001952204498, 0.0009174138283, 0.0003772521551, 0.0001259906489, 2.406457977e-05, -9.112792884e-06, -1.479308719e-05, -1.176817223e-05, -7.444319419e-06, -4.096463711e-06, -2.008021882e-06, -8.705853951e-07], "x_f": [0, -0.776130277, -0.7389530906, -0.506277711, -0.294197449, -0.1514180721, -0.06938509356, -0.02757362147, -0.008616324692, -0.001194854955, 0.001052501415, 0.001305797496, 0.0009757210663, 0.0005970720103, 0.0003204602784, 0.0001533445396, 6.454372106e-05, 2.247447911e-05, 4.992028708e-06, -9.597201597e-07, -2.18263698e-06], "y": [0, -0.776130277, -0.7389530906, -0.506277711, -0.294197449, -0.1514180721, -0.06938509356, -0.02757362147, -0.008616324692, -0.001194854955, 0.001052501415, 0.001305797496, 0.0009757210663, 0.0005970720103, 0.0003204602784, 0.0001533445396, 6.454372106e-05, 2.247447911e-05, 4.992028708e-06, -9.597201596e-07, -2.18263698e-06], "y_f": [0, 0, 7.417155374e-17, 8.137941737e-17, 1.935976582e-16, -1.143684877e-17, -1.269562228e-16, -1.848234939e-16, -2.105556313e-16, -2.20347092e-16, -2.231300903e-16, -2.232923833e-16, -2.227410252e-16, -2.221763785e-16, -2.217804946e-16, -2.215486743e-16, -2.214301645e-16, -2.213778353e-16, -2.213597145e-16, -2.213573402e-16, -2.213612614e-16], "n_f": [0, 0, 2.314790424e-16, 2.644581715e-16, 2.339810042e-16, 1.588222918e-16, 9.501772208e-17, 5.337588005e-17, 2.994694576e-17, 1.822413732e-17, 1.301686952e-17, 1.103734671e-17, 1.047472926e-17, 1.044066931e-17, 1.054967848e-17, 1.066054654e-17, 1.073681651e-17, 1.077967301e-17, 1.079951162e-17, 1.080592928e-17, 1.080542101e-17], "q": [0, -0.7939092935, -0.7478412723, -0.5102210214, -0.2956926487, -0.1518393288, -0.06940611765, -0.02748656226, -0.008528091715, -0.001132977359, 0.001088987721, 0.001324807858, 0.0009845466259, 0.0006006427112, 0.0003216166343, 0.0001535378943, 6.44338881e-05, 2.232075978e-05, 4.873590293e-06, -1.033412472e-06, -2.222694365e-06], "p_q": [0, -0.9166008422, -1.32861958, -1.487918115, -1.534858041, -1.539058555, -1.531126537, -1.522506771, -1.516316079, -1.512612924, -1.510660719, -1.509743305, -1.509366053, -1.509240062, -1.509215998, -1.509225111, -1.509239904, -1.509251672, -1.509259116, -1.509263213, -1.509265221], "pi_c": [0, -0.9166008422, -0.4120187378, -0.159298535, -0.04693992555, -0.004200514289, 0.00793201741, 0.008619766894, 0.006190691194, 0.003703155805, 0.001952204498, 0.0009174138283, 0.0003772521551, 0.0001259906489, 2.406457977e-05, -9.112792884e-06, -1.479308719e-05, -1.176817223e-05, -7.44431942e-06, -4.096463712e-06, -2.008021882e-06], "p_y": [0, -0.9166008422, -1.32861958, -1.487918115, -1.534858041, -1.539058555, -1.531126537, -1.522506771, -1.516316079, -1.512612924, -1.510660719, -1.509743305, -1.509366053, -1.509240062, -1.509215998, -1.509225111, -1.509239904, -1.509251672, -1.509259116, -1.509263213, -1.509265221], "interest": [0, 0.4434870924, 0.1045151847, -0.01321797974, -0.03915079686, -0.03391566237, -0.02233961711, -0.01264875397, -0.006364522186, -0.002844560748, -0.001090551891, -0.0003152751269, -2.297363758e-05, 5.826434649e-05, 6.1312948e-05, 4.356621694e-05, 2.589466456e-05, 1.358050668e-05, 6.348011183e-06, 2.592005074e-06, 8.542906261e-07], "inflation": [0, -0.9166008422, -1.32861958, -1.487918115, -1.534858041, -0.6224577126, -0.2025069574, -0.03458865554, 0.01854196121, 0.0264456313, 0.02046581839, 0.01276346533, 0.006950026286, 0.00337286113, 0.001444721212, 0.0005181945909, 0.0001261493486, -1.160947253e-05, -4.311837173e-05, -3.810204255e-05, -2.531697724e-05], "inflationq": [0, -3.666403369, -1.648074951, -0.6371941399, -0.1877597022, -0.01680205716, 0.03172806964, 0.03447906757, 0.02476276478, 0.01481262322, 0.007808817992, 0.003669655313, 0.00150900862, 0.0005039625956, 9.625831909e-05, -3.645117153e-05, -5.917234876e-05, -4.707268891e-05, -2.977727768e-05, -1.638585484e-05, -8.032087528e-06], "outputgap": [0, -0.776130277, -0.7389530906, -0.506277711, -0.294197449, -0.1514180721, -0.06938509356, -0.02757362147, -0.008616324692, -0.001194854955, 0.001052501415, 0.001305797496, 0.0009757210663, 0.0005970720103, 0.0003204602784, 0.0001533445396, 6.454372106e-05, 2.247447911e-05, 4.992028708e-06, -9.597201599e-07, -2.18263698e-06], "output": [0, -0.776130277, -0.7389530906, -0.506277711, -0.294197449, -0.1514180721, -0.06938509356, -0.02757362147, -0.008616324692, -0.001194854955, 0.001052501415, 0.001305797496, 0.0009757210663, 0.0005970720103, 0.0003204602784, 0.0001533445396, 6.454372106e-05, 2.247447911e-05, 4.992028708e-06, -9.597201596e-07, -2.18263698e-06],