{"interest_": {"c": [0, -0.4665073039, -0.3440164053, -0.1138334321, 0.02625698245, -0.009671233528, -0.05420224155, -0.0435320834, -0.008098261709, 0.005841439729, -0.0008155388396, -0.007316902262, -0.005128429643, -0.0003724799943, 0.001076175591, -0.0001349052256, -0.0009907038225, -0.0006007279855, 3.994811187e-05, 0.0001713070321, -2.756773493e-05], "p_m": [0, -0.3656388956, -0.4261177595, -0.3991052722, -0.3994420533, -0.451243411, -0.4893047375, -0.4947608907, -0.4876777287, -0.4881934601, -0.4950060805, -0.4995988679, -0.4996380004, -0.4984726434, -0.4985841795, -0.4995208364, -0.5000554717, -0.499979993, -0.499802618, -0.4998297355, -0.4999585825], "i": [0, 0.5839269003, 0.1988598179, -0.05760953426, -0.2442020697, -0.05858629223, 0.05472730066, 0.04205016573, -0.01924529408, -0.02996398199, -0.006121302148, 0.009567299845, 0.005072080037, -0.003174471461, -0.004017663745, -0.0003876494586, 0.001472477814, 0.0006046790136, -0.0005226540082, -0.0005239974558, 6.015186665e-06], "pi_e_c": [0, -0.06047886398, 0.02701248733, -0.0003367810684, -0.05180135777, -0.03806132643, -0.005456153279, 0.007083162015, -0.0005157313926, -0.00681262036, -0.00459278741, -3.913251942e-05, 0.001165357018, -0.0001115360871, -0.0009366568745, -0.0005346353319, 7.547868476e-05, 0.0001773749574, -2.711746314e-05, -0.0001288469817, -6.061398263e-05], "w": [0, -1.436442455, -0.7315708187, -0.3033385726, -0.2210246634, -0.5006946085, -0.6036807475, -0.5384261387, -0.4610840885, -0.4663800241, -0.5029408872, -0.5155473635, -0.5038153711, -0.4940048065, -0.4957273678, -0.5009474589, -0.5021894779, -0.500330627, -0.4990874251, -0.499477986, -0.5001996606], "p_c": [0, -0.3656388956, -0.4261177595, -0.3991052722, -0.3994420533, -0.451243411, -0.4893047375, -0.4947608907, -0.4876777287, -0.4881934601, -0.4950060805, -0.4995988679, -0.4996380004, -0.4984726434, -0.4985841795, -0.4995208364, -0.5000554717, -0.499979993, -0.499802618, -0.4998297355, -0.4999585825], "n": [0, -0.4643440644, -0.3433993284, -0.1140269002, 0.02589654328, -0.009571332119, -0.0539711789, -0.04344387078, -0.008151986235, 0.005797372181, -0.000799508927, -0.007284683079, -0.00511999051, -0.0003815059274, 0.001070404254, -0.0001320231598, -0.0009863926988, -0.0006000196339, 3.850327768e-05, 0.0001705964269, -2.708070852e-05], "s": [0, 0, -7.647625746e-16, -9.275701234e-16, -9.70252974e-16, -1.108783479e-15, -1.373352921e-15, -1.621749403e-15, -1.823733651e-15, -2.013550171e-15, -2.223862776e-15, -2.4476469e-15, -2.668220886e-15, -2.881614597e-15, -3.093936085e-15, -3.309071761e-15, -3.525678095e-15, -3.741414516e-15, -3.955981959e-15, -4.170306545e-15, -4.384862337e-15], "u": [0, 1.057953917, 0.3017876225, -0.09461749919, -0.1762763812, 0.04885778309, 0.1130034979, 0.04314126501, -0.02627451659, -0.02155167477, 0.007839589056, 0.01575711368, 0.004127242245, -0.004414222866, -0.002822529976, 0.001409503097, 0.002108398159, 0.0003464264312, -0.0007066106129, -0.0003475285379, 0.0002381851404], "pi_q": [0, -0.3656388956, -0.06047886398, 0.02701248733, -0.0003367810684, -0.05180135777, -0.03806132643, -0.005456153279, 0.007083162015, -0.0005157313926, -0.00681262036, -0.00459278741, -3.913251942e-05, 0.001165357018, -0.0001115360871, -0.0009366568745, -0.0005346353319, 7.547868476e-05, 0.0001773749574, -2.711746314e-05, -0.0001288469817], "pi_e_q": [0, -0.06047886398, 0.02701248733, -0.0003367810684, -0.05180135777, -0.03806132643, -0.005456153279, 0.007083162015, -0.0005157313926, -0.00681262036, -0.00459278741, -3.913251942e-05, 0.001165357018, -0.0001115360871, -0.0009366568745, -0.0005346353319, 7.547868476e-05, 0.0001773749574, -2.711746314e-05, -0.0001288469817, -6.061398263e-05], "x_f": [0, -0.4665073039, -0.3440164053, -0.1138334321, 0.02625698245, -0.009671233528, -0.05420224155, -0.0435320834, -0.008098261709, 0.005841439729, -0.0008155388396, -0.007316902262, -0.005128429643, -0.0003724799943, 0.001076175591, -0.0001349052256, -0.0009907038225, -0.0006007279855, 3.994811187e-05, 0.0001713070321, -2.756773493e-05], "y": [0, -0.4665073039, -0.3440164053, -0.1138334321, 0.02625698245, -0.009671233528, -0.05420224155, -0.0435320834, -0.008098261709, 0.005841439729, -0.0008155388396, -0.007316902262, -0.005128429643, -0.0003724799943, 0.001076175591, -0.0001349052256, -0.0009907038225, -0.0006007279855, 3.994811187e-05, 0.0001713070321, -2.756773493e-05], "y_f": [0, 0, -3.386921139e-16, -2.252697518e-16, -1.018859772e-16, -6.490946417e-17, -8.98676434e-17, -1.04093861e-16, -8.699734189e-17, -6.526255899e-17, -5.734863614e-17, -5.796055849e-17, -5.626767408e-17, -5.037553564e-17, -4.428925455e-17, -4.027009406e-17, -3.727048157e-17, -3.381705624e-17, -2.979418971e-17, -2.580546474e-17, -2.211717434e-17], "n_f": [0, 0, -2.254028405e-16, -1.694771867e-16, -1.322515406e-16, -9.18549772e-17, -8.556838336e-17, -8.436157892e-17, -7.636987731e-17, -6.384499941e-17, -5.521469075e-17, -5.102765748e-17, -4.775646505e-17, -4.333424302e-17, -3.847146112e-17, -3.420641294e-17, -3.053664947e-17, -2.692608131e-17, -2.31389379e-17, -1.930445182e-17, -1.556361344e-17], "q": [0, -0.4771937071, -0.3470647651, -0.1128776998, 0.02803755196, -0.01016474649, -0.05534369102, -0.04396785375, -0.007832862552, 0.006059133413, -0.0008947266079, -0.007476065027, -0.005170118959, -0.0003278918845, 0.001104685995, -0.0001491426306, -0.001012000774, -0.0006042272424, 4.708559281e-05, 0.0001748174213, -2.997364544e-05], "p_q": [0, -0.3656388956, -0.4261177595, -0.3991052722, -0.3994420533, -0.451243411, -0.4893047375, -0.4947608907, -0.4876777287, -0.4881934601, -0.4950060805, -0.4995988679, -0.4996380004, -0.4984726434, -0.4985841795, -0.4995208364, -0.5000554717, -0.499979993, -0.499802618, -0.4998297355, -0.4999585825], "pi_c": [0, -0.3656388956, -0.06047886398, 0.02701248733, -0.0003367810684, -0.05180135777, -0.03806132643, -0.005456153279, 0.007083162015, -0.0005157313926, -0.00681262036, -0.00459278741, -3.913251942e-05, 0.001165357018, -0.0001115360871, -0.0009366568745, -0.0005346353319, 7.547868476e-05, 0.0001773749574, -2.711746314e-05, -0.0001288469817], "p_y": [0, -0.3656388956, -0.4261177595, -0.3991052722, -0.3994420533, -0.451243411, -0.4893047375, -0.4947608907, -0.4876777287, -0.4881934601, -0.4950060805, -0.4995988679, -0.4996380004, -0.4984726434, -0.4985841795, -0.4995208364, -0.5000554717, -0.499979993, -0.499802618, -0.4998297355, -0.4999585825], "interest": [0, 0.5839269003, 0.1988598179, -0.05760953426, -0.2442020697, -0.05858629223, 0.05472730066, 0.04205016573, -0.01924529408, -0.02996398199, -0.006121302148, 0.009567299845, 0.005072080037, -0.003174471461, -0.004017663745, -0.0003876494586, 0.001472477814, 0.0006046790136, -0.0005226540082, -0.0005239974558, 6.015186665e-06], "inflation": [0, -0.3656388956, -0.4261177595, -0.3991052722, -0.3994420533, -0.08560451549, -0.06318697794, -0.09565561854, -0.08823567546, -0.03695004909, -0.005701343018, -0.004837977148, -0.01196027168, -0.01027918327, -0.003578098999, 7.803153642e-05, -0.0004174712761, -0.001507349609, -0.001218438564, -0.0003088991529, 9.688919735e-05], "inflationq": [0, -1.462555582, -0.2419154559, 0.1080499493, -0.001347124274, -0.2072054311, -0.1522453057, -0.02182461312, 0.02833264806, -0.00206292557, -0.02725048144, -0.01837114964, -0.0001565300777, 0.00466142807, -0.0004461443486, -0.003746627498, -0.002138541328, 0.000301914739, 0.0007094998297, -0.0001084698526, -0.0005153879268], "outputgap": [0, -0.4665073039, -0.3440164053, -0.1138334321, 0.02625698245, -0.009671233528, -0.05420224155, -0.0435320834, -0.008098261709, 0.005841439729, -0.0008155388396, -0.007316902262, -0.005128429643, -0.0003724799943, 0.001076175591, -0.0001349052256, -0.0009907038225, -0.0006007279855, 3.994811187e-05, 0.0001713070321, -2.756773493e-05],