{"interest_": {"c": [0, -0.2867976515, -0.2402596956, -0.1569326779, -0.0943219834, -0.05475383786, -0.03128631331, -0.0177442829, -0.0100279069, -0.005657328747, -0.003188952357, -0.001796831372, -0.001012232481, -0.0005701789163, -0.0003211600707, -0.0001808930779, -0.0001018866973, -5.738662039e-05, -3.232232982e-05, -1.820514333e-05, -1.025381017e-05], "p_m": [0, -0.3222748373, -0.4579292424, -0.5217456865, -0.554233795, -0.5715837266, -0.5810954678, -0.5863813569, -0.5893389446, -0.5909993811, -0.5919331216, -0.5924586326, -0.5927545084, -0.5929211258, -0.5930149625, -0.5930678125, -0.5930975789, -0.5931143442, -0.593123787, -0.5931291056, -0.5931321011], "i": [0, 0.2231144951, -0.003890795051, -0.03775430418, -0.03102646467, -0.02015483064, -0.01208747512, -0.007010010497, -0.004003715954, -0.002270252434, -0.00128286525, -0.0007237029877, -0.0004079306919, -0.000229847886, -0.0001294824618, -7.293577616e-05, -4.108188882e-05, -2.313931593e-05, -1.303304547e-05, -7.340725861e-06, -4.134576011e-06], "pi_e_c": [0, -0.1356544051, -0.06381644404, -0.03248810849, -0.01734993163, -0.0095117412, -0.005285889105, -0.002957587679, -0.001660436506, -0.0009337404645, -0.0005255110848, -0.0002958757228, -0.0001666174781, -9.383667837e-05, -5.284995304e-05, -2.976639834e-05, -1.676535302e-05, -9.442813684e-06, -5.318525702e-06, -2.995585029e-06, -1.687222302e-06], "w": [0, -0.9805795274, -0.7117442273, -0.6325968204, -0.607856044, -0.599366564, -0.5960797258, -0.5946387601, -0.5939397816, -0.5935770067, -0.5933811647, -0.5932731888, -0.5932130122, -0.593179294, -0.5931603509, -0.5931496947, -0.5931436963, -0.5931403188, -0.5931384168, -0.5931373455, -0.5931367422], "p_c": [0, -0.3222748373, -0.4579292424, -0.5217456865, -0.554233795, -0.5715837266, -0.5810954678, -0.5863813569, -0.5893389446, -0.5909993811, -0.5919331216, -0.5924586326, -0.5927545084, -0.5929211258, -0.5930149625, -0.5930678125, -0.5930975789, -0.5931143442, -0.593123787, -0.5931291056, -0.5931321011], "n": [0, -0.2854677431, -0.2397469381, -0.1567087362, -0.09421365563, -0.05469771092, -0.03125604208, -0.01772760128, -0.01001861228, -0.005652121423, -0.003186027018, -0.001795185805, -0.00101130621, -0.0005696573645, -0.0003208663568, -0.0001807276593, -0.0001017935308, -5.733414647e-05, -3.229277483e-05, -1.818849695e-05, -1.024443434e-05], "s": [0, 0, 9.291507111e-18, 1.889790547e-17, 2.774317521e-17, 3.214556871e-17, 3.446327941e-17, 3.572148218e-17, 3.641440824e-17, 3.679759281e-17, 3.700869489e-17, 3.712352857e-17, 3.718432286e-17, 3.721473305e-17, 3.722804708e-17, 3.723173943e-17, 3.723001732e-17, 3.722524967e-17, 3.721877052e-17, 3.721133122e-17, 3.720335492e-17], "u": [0, 0.6504050338, 0.250769205, 0.1095209203, 0.05297878208, 0.02744944335, 0.0148044469, 0.008158314372, 0.004545626983, 0.002546694113, 0.001430666667, 0.0008047814634, 0.0004530017622, 0.0002550701577, 0.0001436437152, 8.089960074e-05, 4.556402703e-05, 2.566289274e-05, 1.445416177e-05, 8.141080752e-06, 4.585346033e-06], "pi_q": [0, -0.3222748373, -0.1356544051, -0.06381644404, -0.03248810849, -0.01734993163, -0.0095117412, -0.005285889105, -0.002957587679, -0.001660436506, -0.0009337404645, -0.0005255110848, -0.0002958757228, -0.0001666174781, -9.383667837e-05, -5.284995304e-05, -2.976639834e-05, -1.676535302e-05, -9.442813684e-06, -5.318525702e-06, -2.995585029e-06], "pi_e_q": [0, -0.1356544051, -0.06381644404, -0.03248810849, -0.01734993163, -0.0095117412, -0.005285889105, -0.002957587679, -0.001660436506, -0.0009337404645, -0.0005255110848, -0.0002958757228, -0.0001666174781, -9.383667837e-05, -5.284995304e-05, -2.976639834e-05, -1.676535302e-05, -9.442813684e-06, -5.318525702e-06, -2.995585029e-06, -1.687222302e-06], "x_f": [0, -0.2867976515, -0.2402596956, -0.1569326779, -0.0943219834, -0.05475383786, -0.03128631331, -0.0177442829, -0.0100279069, -0.005657328747, -0.003188952357, -0.001796831372, -0.001012232481, -0.0005701789163, -0.0003211600707, -0.0001808930779, -0.0001018866973, -5.738662039e-05, -3.232232982e-05, -1.820514333e-05, -1.025381017e-05], "y": [0, -0.2867976515, -0.2402596956, -0.1569326779, -0.0943219834, -0.05475383786, -0.03128631331, -0.0177442829, -0.0100279069, -0.005657328747, -0.003188952357, -0.001796831372, -0.001012232481, -0.0005701789163, -0.0003211600707, -0.0001808930779, -0.0001018866973, -5.738662039e-05, -3.232232982e-05, -1.820514333e-05, -1.025381017e-05], "y_f": [0, 0, 3.524257979e-20, -5.079232991e-20, -1.816522095e-19, -2.674997546e-19, -3.198153883e-19, -3.506281281e-19, -3.684435656e-19, -3.7861934e-19, -3.843702983e-19, -3.875801063e-19, -3.893382418e-19, -3.902700148e-19, -3.907325667e-19, -3.90929196e-19, -3.909753516e-19, -3.909364784e-19, -3.908496251e-19, -3.907357435e-19, -3.906066723e-19], "n_f": [0, 0, 3.524257979e-20, -5.079232991e-20, -1.816522095e-19, -2.674997546e-19, -3.198153883e-19, -3.506281281e-19, -3.684435656e-19, -3.7861934e-19, -3.843702983e-19, -3.875801063e-19, -3.893382418e-19, -3.902700148e-19, -3.907325667e-19, -3.90929196e-19, -3.909753516e-19, -3.909364784e-19, -3.908496251e-19, -3.907357435e-19, -3.906066723e-19], "q": [0, -0.2933673994, -0.2427927179, -0.1580389498, -0.09485712262, -0.05503110496, -0.03143585317, -0.01782669012, -0.01007382232, -0.00568305293, -0.003203403536, -0.001804960478, -0.001016808256, -0.0005727553826, -0.0003226110173, -0.0001817102455, -0.00010234694, -5.764584153e-05, -3.246833145e-05, -1.828737647e-05, -1.03001268e-05], "p_q": [0, -0.3222748373, -0.4579292424, -0.5217456865, -0.554233795, -0.5715837266, -0.5810954678, -0.5863813569, -0.5893389446, -0.5909993811, -0.5919331216, -0.5924586326, -0.5927545084, -0.5929211258, -0.5930149625, -0.5930678125, -0.5930975789, -0.5931143442, -0.593123787, -0.5931291056, -0.5931321011], "pi_c": [0, -0.3222748373, -0.1356544051, -0.06381644404, -0.03248810849, -0.01734993163, -0.0095117412, -0.005285889105, -0.002957587679, -0.001660436506, -0.0009337404645, -0.0005255110848, -0.0002958757228, -0.0001666174781, -9.383667837e-05, -5.284995304e-05, -2.976639834e-05, -1.676535302e-05, -9.442813685e-06, -5.318525703e-06, -2.995585029e-06], "p_y": [0, -0.3222748373, -0.4579292424, -0.5217456865, -0.554233795, -0.5715837266, -0.5810954678, -0.5863813569, -0.5893389446, -0.5909993811, -0.5919331216, -0.5924586326, -0.5927545084, -0.5929211258, -0.5930149625, -0.5930678125, -0.5930975789, -0.5931143442, -0.593123787, -0.5931291056, -0.5931321011], "interest": [0, 0.2231144951, -0.003890795051, -0.03775430418, -0.03102646467, -0.02015483064, -0.01208747512, -0.007010010497, -0.004003715954, -0.002270252434, -0.00128286525, -0.0007237029877, -0.0004079306919, -0.000229847886, -0.0001294824618, -7.293577616e-05, -4.108188882e-05, -2.313931593e-05, -1.303304547e-05, -7.340725861e-06, -4.134576011e-06], "inflation": [0, -0.3222748373, -0.4579292424, -0.5217456865, -0.554233795, -0.2493088893, -0.1231662254, -0.06463567043, -0.03510514962, -0.01941565449, -0.01083765376, -0.006077275735, -0.003415563778, -0.00192174475, -0.001081840964, -0.0006091798322, -0.0003430705078, -0.0001932183828, -0.0001088245181, -6.129309075e-05, -3.452227743e-05], "inflationq": [0, -1.289099349, -0.5426176206, -0.2552657762, -0.129952434, -0.06939972654, -0.0380469648, -0.02114355642, -0.01183035072, -0.006641746025, -0.003734961858, -0.002102044339, -0.001183502891, -0.0006664699123, -0.0003753467135, -0.0002113998121, -0.0001190655934, -6.706141207e-05, -3.777125474e-05, -2.127410281e-05, -1.198234011e-05], "outputgap": [0, -0.2867976515, -0.2402596956, -0.1569326779, -0.0943219834, -0.05475383786, -0.03128631331, -0.0177442829, -0.0100279069, -0.005657328747, -0.003188952357, -0.001796831372, -0.001012232481, -0.0005701789163, -0.0003211600707, -0.0001808930779, -0.0001018866973, -5.738662039e-05, -3.232232982e-05, -1.820514333e-05, -1.025381017e-05],