{"interest_": {"RR_USh": [0, 1.090863748, 0.7400343972, 0.4659031294, 0.247577343, 0.08155839879, -0.03750726357, -0.1147736681, -0.1554981992, -0.1667126755, -0.1564191059, -0.1323082048, -0.10112541, -0.06835175187, -0.03799934638, -0.01261037755, 0.006568814616, 0.01932941607, 0.02621402224, 0.02823479891, 0.02662430923], "RR_US_BARh": [0, 0, 0, 0, 0, 0, 0, 0, 0, 0, 0, 0, 0, 0, 0, 0, 0, 0, 0, 0, 0], "UNR_US_GAP": [0, -0.001379286226, -0.02906572649, -0.06325959172, -0.09338788113, -0.1144698249, -0.1250744002, -0.1258820305, -0.1187217474, -0.1059288858, -0.08988611379, -0.07271563452, -0.05610756849, -0.04125434867, -0.02886087643, -0.01920592799, -0.01223269295, -0.007649423606, -0.005026033539, -0.003877399995, -0.003728305898], "PIE_USh": [0, -0.09627530699, -0.1075085683, -0.1418541672, -0.1504447761, -0.1432770012, -0.1211279784, -0.09465067767, -0.0658014581, -0.03855839298, -0.01525289243, 0.002636577466, 0.01492565091, 0.02195006682, 0.02452564809, 0.02369724799, 0.02057450387, 0.01617489188, 0.01135083076, 0.006746331027, 0.00279027418], "PIE_US4h": [0, -0.02406882675, -0.05094596881, -0.08640951061, -0.1240207046, -0.1357711282, -0.1391759807, -0.1273751083, -0.1062142788, -0.08003462679, -0.05356585529, -0.02924404151, -0.009062264257, 0.006064850693, 0.01600948582, 0.02127465345, 0.02268686669, 0.02124307296, 0.01794936862, 0.01371163938, 0.009265581962], "Y_US": [0, -0.008171126928, -0.1650732713, -0.2247828433, -0.2268292461, -0.1962617321, -0.1503032151, -0.1003686488, -0.05378257597, -0.01494220274, 0.01408735615, 0.03302826177, 0.04281841932, 0.04511459411, 0.04189372786, 0.03514156031, 0.02663311805, 0.01780362532, 0.009695583063, 0.002963715748, -0.002079920037], "RS_USh": [0, 0.9833551797, 0.59818023, 0.3154583533, 0.1043003418, -0.03956957961, -0.1321579412, -0.1805751262, -0.1940565922, -0.1819655679, -0.1537825285, -0.1173825539, -0.0791753432, -0.04382610378, -0.01430209839, 0.007964126318, 0.02274370649, 0.03068024683, 0.03296035327, 0.03102507309, 0.02633806859], "E4_PIE_US4h": [0, -0.1357711282, -0.1391759807, -0.1273751083, -0.1062142788, -0.08003462679, -0.05356585529, -0.02924404151, -0.009062264257, 0.006064850693, 0.01600948582, 0.02127465345, 0.02268686669, 0.02124307296, 0.01794936862, 0.01371163938, 0.009265581962, 0.005150298834, 0.001708778124, -0.0008904780407, -0.002619619375], "E1_Y_USh": [0, -0.1650732713, -0.2247828433, -0.2268292461, -0.1962617321, -0.1503032151, -0.1003686488, -0.05378257597, -0.01494220274, 0.01408735615, 0.03302826177, 0.04281841932, 0.04511459411, 0.04189372786, 0.03514156031, 0.02663311805, 0.01780362532, 0.009695583063, 0.002963715748, -0.002079920037, -0.005397352668], "E1_PIE_USh": [0, -0.1075085683, -0.1418541672, -0.1504447761, -0.1432770012, -0.1211279784, -0.09465067767, -0.0658014581, -0.03855839298, -0.01525289243, 0.002636577466, 0.01492565091, 0.02195006682, 0.02452564809, 0.02369724799, 0.02057450387, 0.01617489188, 0.01135083076, 0.006746331027, 0.00279027418, -0.0002862406348], "E": [0, 0, 0, 0, 0, 0, 0, 0, 0, 0, 0, 0, 0, 0, 0, 0, 0, 0, 0, 0, 0], "E2": [0, 0, 0, 0, 0, 0, 0, 0, 0, 0, 0, 0, 0, 0, 0, 0, 0, 0, 0, 0, 0], "interest": [0, 0.9833551797, 0.59818023, 0.3154583533, 0.1043003418, -0.03956957961, -0.1321579412, -0.1805751262, -0.1940565922, -0.1819655679, -0.1537825285, -0.1173825539, -0.0791753432, -0.04382610378, -0.01430209839, 0.007964126318, 0.02274370649, 0.03068024683, 0.03296035327, 0.03102507309, 0.02633806859], "inflation": [0, -0.02406882675, -0.05094596881, -0.08640951061, -0.1240207046, -0.1357711282, -0.1391759807, -0.1273751083, -0.1062142788, -0.08003462679, -0.05356585529, -0.02924404151, -0.009062264257, 0.006064850693, 0.01600948582, 0.02127465345, 0.02268686669, 0.02124307296, 0.01794936862, 0.01371163938, 0.009265581962], "inflationq": [0, -0.09627530699, -0.1075085683, -0.1418541672, -0.1504447761, -0.1432770012, -0.1211279784, -0.09465067767, -0.0658014581, -0.03855839298, -0.01525289243, 0.002636577466, 0.01492565091, 0.02195006682, 0.02452564809, 0.02369724799, 0.02057450387, 0.01617489188, 0.01135083076, 0.006746331027, 0.00279027418], "outputgap": [0, -0.008171126928, -0.1650732713, -0.2247828433, -0.2268292461, -0.1962617321, -0.1503032151, -0.1003686488, -0.05378257597, -0.01494220274, 0.01408735615, 0.03302826177, 0.04281841932, 0.04511459411, 0.04189372786, 0.03514156031, 0.02663311805, 0.01780362532, 0.009695583063, 0.002963715748, -0.002079920037], "output": [0, -0.008171126928, -0.1650732713, -0.2247828433, -0.2268292461, -0.1962617321, -0.1503032151, -0.1003686488, -0.05378257597, -0.01494220274, 0.01408735615, 0.03302826177, 0.04281841932, 0.04511459411, 0.04189372786, 0.03514156031, 0.02663311805, 0.01780362532, 0.009695583063, 0.002963715748, -0.002079920037], "AUX_ENDO_LEAD_66": [0, -0.1075085683, -0.1418541672, -0.1504447761, -0.1432770012, -0.1211279784, -0.09465067767, -0.0658014581, -0.03855839298, -0.01525289243, 0.002636577466, 0.01492565091, 0.02195006682, 0.02452564809, 0.02369724799, 0.02057450387, 0.01617489188, 0.01135083076, 0.006746331027, 0.00279027418, -0.0002862406348], "AUX_ENDO_LEAD_70": [0, -0.1418541672, -0.1504447761, -0.1432770012, -0.1211279784, -0.09465067767, -0.0658014581, -0.03855839298, -0.01525289243, 0.002636577466, 0.01492565091, 0.02195006682, 0.02452564809, 0.02369724799, 0.02057450387, 0.01617489188, 0.01135083076, 0.006746331027, 0.00279027418, -0.0002862406348, -0.002415252077], "AUX_ENDO_LEAD_74": [0, -0.1504447761, -0.1432770012, -0.1211279784, -0.09465067767, -0.0658014581, -0.03855839298, -0.01525289243, 0.002636577466, 0.01492565091, 0.02195006682, 0.02452564809, 0.02369724799, 0.02057450387, 0.01617489188, 0.01135083076, 0.006746331027, 0.00279027418, -0.0002862406348, -0.002415252077, -0.003650693632], "AUX_ENDO_LEAD_101": [0, -0.1650732713, -0.2247828433, -0.2268292461, -0.1962617321, -0.1503032151, -0.1003686488, -0.05378257597, -0.01494220274, 0.01408735615, 0.03302826177, 0.04281841932, 0.04511459411, 0.04189372786, 0.03514156031, 0.02663311805, 0.01780362532, 0.009695583063, 0.002963715748, -0.002079920037, -0.005397352668], "AUX_ENDO_LEAD_105": [0, -0.2247828433, -0.2268292461, -0.1962617321, -0.1503032151, -0.1003686488, -0.05378257597, -0.01494220274, 0.01408735615, 0.03302826177, 0.04281841932, 0.04511459411, 0.04189372786, 0.03514156031, 0.02663311805, 0.01780362532, 0.009695583063, 0.002963715748, -0.002079920037, -0.005397352668, -0.007147097118], "AUX_ENDO_LEAD_109": [0, -0.2268292461, -0.1962617321, -0.1503032151, -0.1003686488, -0.05378257597, -0.01494220274, 0.01408735615, 0.03302826177, 0.04281841932, 0.04511459411, 0.04189372786, 0.03514156031, 0.02663311805, 0.01780362532, 0.009695583063, 0.002963715748, -0.002079920037, -0.005397352668, -0.007147097118, -0.007608610293], "AUX_ENDO_LEAD_136": [0, -0.1650732713, -0.2247828433, -0.2268292461, -0.1962617321, -0.1503032151, -0.1003686488, -0.05378257597, -0.01494220274, 0.01408735615, 0.03302826177, 0.04281841932, 0.04511459411, 0.04189372786, 0.03514156031, 0.02663311805, 0.01780362532, 0.009695583063, 0.002963715748, -0.002079920037, -0.005397352668], "AUX_ENDO_LEAD_140": [0, -0.2247828433, -0.2268292461, -0.1962617321, -0.1503032151, -0.1003686488, -0.05378257597, -0.01494220274, 0.01408735615, 0.03302826177, 0.04281841932, 0.04511459411, 0.04189372786, 0.03514156031, 0.02663311805, 0.01780362532, 0.009695583063, 0.002963715748, -0.002079920037, -0.005397352668, -0.007147097118], "AUX_ENDO_LEAD_144": [0, -0.2268292461, -0.1962617321, -0.1503032151, -0.1003686488, -0.05378257597, -0.01494220274, 0.01408735615, 0.03302826177, 0.04281841932, 0.04511459411, 0.04189372786, 0.03514156031, 0.02663311805, 0.01780362532, 0.009695583063, 0.002963715748, -0.002079920037, -0.005397352668, -0.007147097118, -0.007608610293],