{"interest_": {"RR_USh": [0, 1.085888264, 0.6659486922, 0.4018373829, 0.2189653434, 0.08926502369, -0.001416108495, -0.06160179942, -0.0962309767, -0.1105611748, -0.1099328001, -0.09922747517, -0.08260459656, -0.06348026493, -0.04443177017, -0.0272128097, -0.01285297582, -0.001794608218, 0.00596617171, 0.0107396781, 0.01301732781], "RR_US_BARh": [0, 0, 0, 0, 0, 0, 0, 0, 0, 0, 0, 0, 0, 0, 0, 0, 0, 0, 0, 0, 0], "UNR_US_GAP": [0, -0.001368364488, -0.0288355725, -0.06106014777, -0.08849659878, -0.1074313372, -0.1172054299, -0.1187232809, -0.1136114101, -0.1037568354, -0.09100462373, -0.07697136084, -0.06295040978, -0.04988369836, -0.03837626029, -0.02873887463, -0.02104596008, -0.01519817051, -0.01098210515, -0.008122460613, -0.006324072409], "PIE_USh": [0, -0.09844475912, -0.1102556588, -0.1453036434, -0.1531790511, -0.1465839376, -0.1263246799, -0.1024939842, -0.07630310051, -0.05123212781, -0.02917602764, -0.01140372033, 0.001885502064, 0.01083670407, 0.0159749228, 0.01801118685, 0.0177335347, 0.01589119306, 0.01314585775, 0.01003608445, 0.006965976229], "PIE_US4h": [0, -0.02461118978, -0.05217510448, -0.08850101532, -0.1267957781, -0.1388305727, -0.142847828, -0.1321454132, -0.1129264256, -0.08908847312, -0.06480131004, -0.04202874407, -0.02248159343, -0.00696438546, 0.004323352153, 0.01167707895, 0.01563908711, 0.01690270935, 0.01619544309, 0.01420166749, 0.01150977787], "Y_US": [0, -0.008106424691, -0.1637661554, -0.2129405457, -0.2092014815, -0.1798033156, -0.1400043553, -0.09856250854, -0.06044687448, -0.02844370425, -0.00374656441, 0.01358807126, 0.02423960612, 0.02930159101, 0.03005000582, 0.02776568767, 0.02361137276, 0.01855960144, 0.01336197493, 0.008548299579, 0.004446627871], "RS_USh": [0, 0.975632605, 0.5206450488, 0.2486583318, 0.07238140578, -0.03705965626, -0.1039100927, -0.1379048999, -0.1474631045, -0.1397372024, -0.1213365204, -0.09734197311, -0.07176789249, -0.04750534212, -0.02642058331, -0.009479275008, 0.003038217248, 0.01135124953, 0.01600225616, 0.01770565433, 0.01722627484], "E4_PIE_US4h": [0, -0.1388305727, -0.142847828, -0.1321454132, -0.1129264256, -0.08908847312, -0.06480131004, -0.04202874407, -0.02248159343, -0.00696438546, 0.004323352153, 0.01167707895, 0.01563908711, 0.01690270935, 0.01619544309, 0.01420166749, 0.01150977787, 0.008589216364, 0.005783675418, 0.003318469657, 0.001316555252], "E1_Y_USh": [0, -0.1637661554, -0.2129405457, -0.2092014815, -0.1798033156, -0.1400043553, -0.09856250854, -0.06044687448, -0.02844370425, -0.00374656441, 0.01358807126, 0.02423960612, 0.02930159101, 0.03005000582, 0.02776568767, 0.02361137276, 0.01855960144, 0.01336197493, 0.008548299579, 0.004446627871, 0.001215902621], "E1_PIE_USh": [0, -0.1102556588, -0.1453036434, -0.1531790511, -0.1465839376, -0.1263246799, -0.1024939842, -0.07630310051, -0.05123212781, -0.02917602764, -0.01140372033, 0.001885502064, 0.01083670407, 0.0159749228, 0.01801118685, 0.0177335347, 0.01589119306, 0.01314585775, 0.01003608445, 0.006965976229, 0.004208947024], "E": [0, 0, 0, 0, 0, 0, 0, 0, 0, 0, 0, 0, 0, 0, 0, 0, 0, 0, 0, 0, 0], "E2": [0, 0, 0, 0, 0, 0, 0, 0, 0, 0, 0, 0, 0, 0, 0, 0, 0, 0, 0, 0, 0], "interest": [0, 0.975632605, 0.5206450488, 0.2486583318, 0.07238140578, -0.03705965626, -0.1039100927, -0.1379048999, -0.1474631045, -0.1397372024, -0.1213365204, -0.09734197311, -0.07176789249, -0.04750534212, -0.02642058331, -0.009479275008, 0.003038217248, 0.01135124953, 0.01600225616, 0.01770565433, 0.01722627484], "inflation": [0, -0.02461118978, -0.05217510448, -0.08850101532, -0.1267957781, -0.1388305727, -0.142847828, -0.1321454132, -0.1129264256, -0.08908847312, -0.06480131004, -0.04202874407, -0.02248159343, -0.00696438546, 0.004323352153, 0.01167707895, 0.01563908711, 0.01690270935, 0.01619544309, 0.01420166749, 0.01150977787], "inflationq": [0, -0.09844475912, -0.1102556588, -0.1453036434, -0.1531790511, -0.1465839376, -0.1263246799, -0.1024939842, -0.07630310051, -0.05123212781, -0.02917602764, -0.01140372033, 0.001885502064, 0.01083670407, 0.0159749228, 0.01801118685, 0.0177335347, 0.01589119306, 0.01314585775, 0.01003608445, 0.006965976229], "outputgap": [0, -0.008106424691, -0.1637661554, -0.2129405457, -0.2092014815, -0.1798033156, -0.1400043553, -0.09856250854, -0.06044687448, -0.02844370425, -0.00374656441, 0.01358807126, 0.02423960612, 0.02930159101, 0.03005000582, 0.02776568767, 0.02361137276, 0.01855960144, 0.01336197493, 0.008548299579, 0.004446627871], "output": [0, -0.008106424691, -0.1637661554, -0.2129405457, -0.2092014815, -0.1798033156, -0.1400043553, -0.09856250854, -0.06044687448, -0.02844370425, -0.00374656441, 0.01358807126, 0.02423960612, 0.02930159101, 0.03005000582, 0.02776568767, 0.02361137276, 0.01855960144, 0.01336197493, 0.008548299579, 0.004446627871], "AUX_ENDO_LEAD_66": [0, -0.1102556588, -0.1453036434, -0.1531790511, -0.1465839376, -0.1263246799, -0.1024939842, -0.07630310051, -0.05123212781, -0.02917602764, -0.01140372033, 0.001885502064, 0.01083670407, 0.0159749228, 0.01801118685, 0.0177335347, 0.01589119306, 0.01314585775, 0.01003608445, 0.006965976229, 0.004208947024], "AUX_ENDO_LEAD_70": [0, -0.1453036434, -0.1531790511, -0.1465839376, -0.1263246799, -0.1024939842, -0.07630310051, -0.05123212781, -0.02917602764, -0.01140372033, 0.001885502064, 0.01083670407, 0.0159749228, 0.01801118685, 0.0177335347, 0.01589119306, 0.01314585775, 0.01003608445, 0.006965976229, 0.004208947024, 0.001923693966], "AUX_ENDO_LEAD_74": [0, -0.1531790511, -0.1465839376, -0.1263246799, -0.1024939842, -0.07630310051, -0.05123212781, -0.02917602764, -0.01140372033, 0.001885502064, 0.01083670407, 0.0159749228, 0.01801118685, 0.0177335347, 0.01589119306, 0.01314585775, 0.01003608445, 0.006965976229, 0.004208947024, 0.001923693966, 0.0001752614082], "AUX_ENDO_LEAD_101": [0, -0.1637661554, -0.2129405457, -0.2092014815, -0.1798033156, -0.1400043553, -0.09856250854, -0.06044687448, -0.02844370425, -0.00374656441, 0.01358807126, 0.02423960612, 0.02930159101, 0.03005000582, 0.02776568767, 0.02361137276, 0.01855960144, 0.01336197493, 0.008548299579, 0.004446627871, 0.001215902621], "AUX_ENDO_LEAD_105": [0, -0.2129405457, -0.2092014815, -0.1798033156, -0.1400043553, -0.09856250854, -0.06044687448, -0.02844370425, -0.00374656441, 0.01358807126, 0.02423960612, 0.02930159101, 0.03005000582, 0.02776568767, 0.02361137276, 0.01855960144, 0.01336197493, 0.008548299579, 0.004446627871, 0.001215902621, -0.001115843624], "AUX_ENDO_LEAD_109": [0, -0.2092014815, -0.1798033156, -0.1400043553, -0.09856250854, -0.06044687448, -0.02844370425, -0.00374656441, 0.01358807126, 0.02423960612, 0.02930159101, 0.03005000582, 0.02776568767, 0.02361137276, 0.01855960144, 0.01336197493, 0.008548299579, 0.004446627871, 0.001215902621, -0.001115843624, -0.002613089862], "AUX_ENDO_LEAD_136": [0, -0.1637661554, -0.2129405457, -0.2092014815, -0.1798033156, -0.1400043553, -0.09856250854, -0.06044687448, -0.02844370425, -0.00374656441, 0.01358807126, 0.02423960612, 0.02930159101, 0.03005000582, 0.02776568767, 0.02361137276, 0.01855960144, 0.01336197493, 0.008548299579, 0.004446627871, 0.001215902621], "AUX_ENDO_LEAD_140": [0, -0.2129405457, -0.2092014815, -0.1798033156, -0.1400043553, -0.09856250854, -0.06044687448, -0.02844370425, -0.00374656441, 0.01358807126, 0.02423960612, 0.02930159101, 0.03005000582, 0.02776568767, 0.02361137276, 0.01855960144, 0.01336197493, 0.008548299579, 0.004446627871, 0.001215902621, -0.001115843624], "AUX_ENDO_LEAD_144": [0, -0.2092014815, -0.1798033156, -0.1400043553, -0.09856250854, -0.06044687448, -0.02844370425, -0.00374656441, 0.01358807126, 0.02423960612, 0.02930159101, 0.03005000582, 0.02776568767, 0.02361137276, 0.01855960144, 0.01336197493, 0.008548299579, 0.004446627871, 0.001215902621, -0.001115843624, -0.002613089862],