{"interest_": {"RR_USh": [0, 1.176204272, 1.085779997, 0.8876373441, 0.611801764, 0.3043533345, 0.08894252684, -0.04221494474, -0.105368806, -0.1229745272, -0.1182979261, -0.105709557, -0.09225365905, -0.08009922187, -0.06895191903, -0.05801974814, -0.04689089581, -0.03572471057, -0.02505869092, -0.01551030131, -0.007551174945], "RR_US_BARh": [0, 0, 0, 0, 0, 0, 0, 0, 0, 0, 0, 0, 0, 0, 0, 0, 0, 0, 0, 0, 0], "UNR_US_GAP": [0, -0.001506509945, -0.03174671452, -0.07618078855, -0.1226390755, -0.1616506748, -0.187013352, -0.1977072214, -0.1957439149, -0.1845157463, -0.1675765312, -0.1478748184, -0.1275240817, -0.1078726037, -0.08969438649, -0.07338778115, -0.05912357464, -0.04693520269, -0.03676555333, -0.0284901808, -0.02193245903], "PIE_USh": [0, -0.178659081, -0.2029990685, -0.2504317787, -0.27504859, -0.2793280992, -0.2558103808, -0.2197218047, -0.1766903582, -0.1329877812, -0.09265288952, -0.05852123087, -0.03125484066, -0.01063128452, 0.004099720903, 0.01387002874, 0.01965118157, 0.02232938122, 0.02268707797, 0.02140093547, 0.01904650496], "PIE_US4h": [0, -0.04466477025, -0.09541453737, -0.158022482, -0.2267846295, -0.2519518841, -0.2651547122, -0.2574772187, -0.2328876607, -0.1963025812, -0.1555132084, -0.1152130649, -0.07885418556, -0.04826506139, -0.02407690879, -0.005979093882, 0.006747411676, 0.01498757811, 0.01963441737, 0.02151714406, 0.0213659749], "Y_US": [0, -0.008924821952, -0.1802994334, -0.2874964467, -0.3334455492, -0.3248343602, -0.2737891841, -0.2062712782, -0.139460457, -0.08307343806, -0.04065945632, -0.01134869465, 0.007552636791, 0.01896250855, 0.02525267383, 0.02805704668, 0.02841932905, 0.02702269443, 0.02437801076, 0.02092782081, 0.01707635333], "RS_USh": [0, 0.9732052039, 0.8353482185, 0.6125887541, 0.3324736648, 0.04854295363, -0.1307792778, -0.2189053029, -0.2383565872, -0.2156274167, -0.176819157, -0.1369643977, -0.1028849436, -0.07599950097, -0.05508189028, -0.03836856656, -0.0245615146, -0.0130376326, -0.003657755451, 0.003536203645, 0.008547703238], "E4_PIE_US4h": [0, -0.2519518841, -0.2651547122, -0.2574772187, -0.2328876607, -0.1963025812, -0.1555132084, -0.1152130649, -0.07885418556, -0.04826506139, -0.02407690879, -0.005979093882, 0.006747411676, 0.01498757811, 0.01963441737, 0.02151714406, 0.0213659749, 0.01980834914, 0.01737039099, 0.01447978263, 0.01146921507], "E1_Y_USh": [0, -0.1802994334, -0.2874964467, -0.3334455492, -0.3248343602, -0.2737891841, -0.2062712782, -0.139460457, -0.08307343806, -0.04065945632, -0.01134869465, 0.007552636791, 0.01896250855, 0.02525267383, 0.02805704668, 0.02841932905, 0.02702269443, 0.02437801076, 0.02092782081, 0.01707635333, 0.01317824072], "E1_PIE_USh": [0, -0.2029990685, -0.2504317787, -0.27504859, -0.2793280992, -0.2558103808, -0.2197218047, -0.1766903582, -0.1329877812, -0.09265288952, -0.05852123087, -0.03125484066, -0.01063128452, 0.004099720903, 0.01387002874, 0.01965118157, 0.02232938122, 0.02268707797, 0.02140093547, 0.01904650496, 0.01609887818], "E": [0, 0, 0, 0, 0, 0, 0, 0, 0, 0, 0, 0, 0, 0, 0, 0, 0, 0, 0, 0, 0], "E2": [0, 0, 0, 0, 0, 0, 0, 0, 0, 0, 0, 0, 0, 0, 0, 0, 0, 0, 0, 0, 0], "interest": [0, 0.9732052039, 0.8353482185, 0.6125887541, 0.3324736648, 0.04854295363, -0.1307792778, -0.2189053029, -0.2383565872, -0.2156274167, -0.176819157, -0.1369643977, -0.1028849436, -0.07599950097, -0.05508189028, -0.03836856656, -0.0245615146, -0.0130376326, -0.003657755451, 0.003536203645, 0.008547703238], "inflation": [0, -0.04466477025, -0.09541453737, -0.158022482, -0.2267846295, -0.2519518841, -0.2651547122, -0.2574772187, -0.2328876607, -0.1963025812, -0.1555132084, -0.1152130649, -0.07885418556, -0.04826506139, -0.02407690879, -0.005979093882, 0.006747411676, 0.01498757811, 0.01963441737, 0.02151714406, 0.0213659749], "inflationq": [0, -0.178659081, -0.2029990685, -0.2504317787, -0.27504859, -0.2793280992, -0.2558103808, -0.2197218047, -0.1766903582, -0.1329877812, -0.09265288952, -0.05852123087, -0.03125484066, -0.01063128452, 0.004099720903, 0.01387002874, 0.01965118157, 0.02232938122, 0.02268707797, 0.02140093547, 0.01904650496], "outputgap": [0, -0.008924821952, -0.1802994334, -0.2874964467, -0.3334455492, -0.3248343602, -0.2737891841, -0.2062712782, -0.139460457, -0.08307343806, -0.04065945632, -0.01134869465, 0.007552636791, 0.01896250855, 0.02525267383, 0.02805704668, 0.02841932905, 0.02702269443, 0.02437801076, 0.02092782081, 0.01707635333], "output": [0, -0.008924821952, -0.1802994334, -0.2874964467, -0.3334455492, -0.3248343602, -0.2737891841, -0.2062712782, -0.139460457, -0.08307343806, -0.04065945632, -0.01134869465, 0.007552636791, 0.01896250855, 0.02525267383, 0.02805704668, 0.02841932905, 0.02702269443, 0.02437801076, 0.02092782081, 0.01707635333], "AUX_ENDO_LEAD_66": [0, -0.2029990685, -0.2504317787, -0.27504859, -0.2793280992, -0.2558103808, -0.2197218047, -0.1766903582, -0.1329877812, -0.09265288952, -0.05852123087, -0.03125484066, -0.01063128452, 0.004099720903, 0.01387002874, 0.01965118157, 0.02232938122, 0.02268707797, 0.02140093547, 0.01904650496, 0.01609887818], "AUX_ENDO_LEAD_70": [0, -0.2504317787, -0.27504859, -0.2793280992, -0.2558103808, -0.2197218047, -0.1766903582, -0.1329877812, -0.09265288952, -0.05852123087, -0.03125484066, -0.01063128452, 0.004099720903, 0.01387002874, 0.01965118157, 0.02232938122, 0.02268707797, 0.02140093547, 0.01904650496, 0.01609887818, 0.01293524535], "AUX_ENDO_LEAD_74": [0, -0.27504859, -0.2793280992, -0.2558103808, -0.2197218047, -0.1766903582, -0.1329877812, -0.09265288952, -0.05852123087, -0.03125484066, -0.01063128452, 0.004099720903, 0.01387002874, 0.01965118157, 0.02232938122, 0.02268707797, 0.02140093547, 0.01904650496, 0.01609887818, 0.01293524535, 0.00983850202], "AUX_ENDO_LEAD_101": [0, -0.1802994334, -0.2874964467, -0.3334455492, -0.3248343602, -0.2737891841, -0.2062712782, -0.139460457, -0.08307343806, -0.04065945632, -0.01134869465, 0.007552636791, 0.01896250855, 0.02525267383, 0.02805704668, 0.02841932905, 0.02702269443, 0.02437801076, 0.02092782081, 0.01707635333, 0.01317824072], "AUX_ENDO_LEAD_105": [0, -0.2874964467, -0.3334455492, -0.3248343602, -0.2737891841, -0.2062712782, -0.139460457, -0.08307343806, -0.04065945632, -0.01134869465, 0.007552636791, 0.01896250855, 0.02525267383, 0.02805704668, 0.02841932905, 0.02702269443, 0.02437801076, 0.02092782081, 0.01707635333, 0.01317824072, 0.009516267706], "AUX_ENDO_LEAD_109": [0, -0.3334455492, -0.3248343602, -0.2737891841, -0.2062712782, -0.139460457, -0.08307343806, -0.04065945632, -0.01134869465, 0.007552636791, 0.01896250855, 0.02525267383, 0.02805704668, 0.02841932905, 0.02702269443, 0.02437801076, 0.02092782081, 0.01707635333, 0.01317824072, 0.009516267706, 0.006286670968], "AUX_ENDO_LEAD_136": [0, -0.1802994334, -0.2874964467, -0.3334455492, -0.3248343602, -0.2737891841, -0.2062712782, -0.139460457, -0.08307343806, -0.04065945632, -0.01134869465, 0.007552636791, 0.01896250855, 0.02525267383, 0.02805704668, 0.02841932905, 0.02702269443, 0.02437801076, 0.02092782081, 0.01707635333, 0.01317824072], "AUX_ENDO_LEAD_140": [0, -0.2874964467, -0.3334455492, -0.3248343602, -0.2737891841, -0.2062712782, -0.139460457, -0.08307343806, -0.04065945632, -0.01134869465, 0.007552636791, 0.01896250855, 0.02525267383, 0.02805704668, 0.02841932905, 0.02702269443, 0.02437801076, 0.02092782081, 0.01707635333, 0.01317824072, 0.009516267706], "AUX_ENDO_LEAD_144": [0, -0.3334455492, -0.3248343602, -0.2737891841, -0.2062712782, -0.139460457, -0.08307343806, -0.04065945632, -0.01134869465, 0.007552636791, 0.01896250855, 0.02525267383, 0.02805704668, 0.02841932905, 0.02702269443, 0.02437801076, 0.02092782081, 0.01707635333, 0.01317824072, 0.009516267706, 0.006286670968],