{"interest_": {"RR_USh": [0, 1.020081144, -0.03758936432, -0.04966109301, -0.06047981256, -0.05944889629, -0.05563875654, -0.0417327914, -0.02990808208, -0.01982796423, -0.01189529666, -0.005858543053, -0.001963102236, 0.0003662447765, 0.001565261636, 0.002005677472, 0.001967055015, 0.001686025707, 0.001313415173, 0.0009408568612, 0.0006171348292], "RR_US_BARh": [0, 0, 0, 0, 0, 0, 0, 0, 0, 0, 0, 0, 0, 0, 0, 0, 0, 0, 0, 0, 0], "UNR_US_GAP": [0, -0.001242498318, -0.02618319215, -0.03964007456, -0.04520080909, -0.04542154555, -0.04236700974, -0.0375133353, -0.03207703678, -0.0267793196, -0.02201601905, -0.01795792055, -0.01463616576, -0.01198939878, -0.009915698783, -0.008302766114, -0.007045310956, -0.006053275564, -0.005255208897, -0.00459753494, -0.004041967252], "PIE_USh": [0, -0.03348868437, -0.03631978681, -0.06294004493, -0.0499848677, -0.03966340587, -0.02931711961, -0.02088396867, -0.01252253747, -0.006718457996, -0.002777451571, -0.0003164258058, 0.00109088055, 0.00166999461, 0.001756218234, 0.001571207768, 0.001266201832, 0.0009339311559, 0.0006332256143, 0.0003892276654, 0.0002076367144], "PIE_US4h": [0, -0.008372171093, -0.0174521178, -0.03318712903, -0.04568334595, -0.04722702633, -0.04547635953, -0.03496234046, -0.02559675791, -0.01736052094, -0.01072560393, -0.005583718211, -0.002180363706, -8.325055416e-05, 0.001050166897, 0.001522075291, 0.001565905611, 0.001381889747, 0.001101141593, 0.0008056465669, 0.0005410052875], "Y_US": [0, -0.007360772023, -0.1487024651, -0.09973053435, -0.06323639901, -0.03585095282, -0.01661637183, -0.003623636362, 0.003537193555, 0.006870731214, 0.007753366852, 0.007215829627, 0.005954875866, 0.004494677683, 0.003122438116, 0.001977532737, 0.001104255509, 0.0004928334005, 0.0001018608986, -0.0001199525497, -0.0002222412288], "RS_USh": [0, 0.9837613573, -0.1005294093, -0.09964596072, -0.1001432184, -0.0887660159, -0.07652272521, -0.05425532888, -0.03662654008, -0.0226054158, -0.01221172246, -0.004767662503, -0.0002931076258, 0.00212246301, 0.003136469404, 0.003271879304, 0.002900986171, 0.002319251321, 0.001702642838, 0.001148493576, 0.0007003873169], "E4_PIE_US4h": [0, -0.04722702633, -0.04547635953, -0.03496234046, -0.02559675791, -0.01736052094, -0.01072560393, -0.005583718211, -0.002180363706, -8.325055416e-05, 0.001050166897, 0.001522075291, 0.001565905611, 0.001381889747, 0.001101141593, 0.0008056465669, 0.0005410052875, 0.0003283356205, 0.0001715240989, 6.522593752e-05, -6.82906726e-08], "E1_Y_USh": [0, -0.1487024651, -0.09973053435, -0.06323639901, -0.03585095282, -0.01661637183, -0.003623636362, 0.003537193555, 0.006870731214, 0.007753366852, 0.007215829627, 0.005954875866, 0.004494677683, 0.003122438116, 0.001977532737, 0.001104255509, 0.0004928334005, 0.0001018608986, -0.0001199525497, -0.0002222412288, -0.000247215185], "E1_PIE_USh": [0, -0.03631978681, -0.06294004493, -0.0499848677, -0.03966340587, -0.02931711961, -0.02088396867, -0.01252253747, -0.006718457996, -0.002777451571, -0.0003164258058, 0.00109088055, 0.00166999461, 0.001756218234, 0.001571207768, 0.001266201832, 0.0009339311559, 0.0006332256143, 0.0003892276654, 0.0002076367144, 8.325248771e-05], "E": [0, 0, 0, 0, 0, 0, 0, 0, 0, 0, 0, 0, 0, 0, 0, 0, 0, 0, 0, 0, 0], "E2": [0, 0, 0, 0, 0, 0, 0, 0, 0, 0, 0, 0, 0, 0, 0, 0, 0, 0, 0, 0, 0], "interest": [0, 0.9837613573, -0.1005294093, -0.09964596072, -0.1001432184, -0.0887660159, -0.07652272521, -0.05425532888, -0.03662654008, -0.0226054158, -0.01221172246, -0.004767662503, -0.0002931076258, 0.00212246301, 0.003136469404, 0.003271879304, 0.002900986171, 0.002319251321, 0.001702642838, 0.001148493576, 0.0007003873169], "inflation": [0, -0.008372171093, -0.0174521178, -0.03318712903, -0.04568334595, -0.04722702633, -0.04547635953, -0.03496234046, -0.02559675791, -0.01736052094, -0.01072560393, -0.005583718211, -0.002180363706, -8.325055416e-05, 0.001050166897, 0.001522075291, 0.001565905611, 0.001381889747, 0.001101141593, 0.0008056465669, 0.0005410052875], "inflationq": [0, -0.03348868437, -0.03631978681, -0.06294004493, -0.0499848677, -0.03966340587, -0.02931711961, -0.02088396867, -0.01252253747, -0.006718457996, -0.002777451571, -0.0003164258058, 0.00109088055, 0.00166999461, 0.001756218234, 0.001571207768, 0.001266201832, 0.0009339311559, 0.0006332256143, 0.0003892276654, 0.0002076367144], "outputgap": [0, -0.007360772023, -0.1487024651, -0.09973053435, -0.06323639901, -0.03585095282, -0.01661637183, -0.003623636362, 0.003537193555, 0.006870731214, 0.007753366852, 0.007215829627, 0.005954875866, 0.004494677683, 0.003122438116, 0.001977532737, 0.001104255509, 0.0004928334005, 0.0001018608986, -0.0001199525497, -0.0002222412288], "output": [0, -0.007360772023, -0.1487024651, -0.09973053435, -0.06323639901, -0.03585095282, -0.01661637183, -0.003623636362, 0.003537193555, 0.006870731214, 0.007753366852, 0.007215829627, 0.005954875866, 0.004494677683, 0.003122438116, 0.001977532737, 0.001104255509, 0.0004928334005, 0.0001018608986, -0.0001199525497, -0.0002222412288], "AUX_ENDO_LEAD_66": [0, -0.03631978681, -0.06294004493, -0.0499848677, -0.03966340587, -0.02931711961, -0.02088396867, -0.01252253747, -0.006718457996, -0.002777451571, -0.0003164258058, 0.00109088055, 0.00166999461, 0.001756218234, 0.001571207768, 0.001266201832, 0.0009339311559, 0.0006332256143, 0.0003892276654, 0.0002076367144, 8.325248771e-05], "AUX_ENDO_LEAD_70": [0, -0.06294004493, -0.0499848677, -0.03966340587, -0.02931711961, -0.02088396867, -0.01252253747, -0.006718457996, -0.002777451571, -0.0003164258058, 0.00109088055, 0.00166999461, 0.001756218234, 0.001571207768, 0.001266201832, 0.0009339311559, 0.0006332256143, 0.0003892276654, 0.0002076367144, 8.325248771e-05, 5.979528099e-06], "AUX_ENDO_LEAD_74": [0, -0.0499848677, -0.03966340587, -0.02931711961, -0.02088396867, -0.01252253747, -0.006718457996, -0.002777451571, -0.0003164258058, 0.00109088055, 0.00166999461, 0.001756218234, 0.001571207768, 0.001266201832, 0.0009339311559, 0.0006332256143, 0.0003892276654, 0.0002076367144, 8.325248771e-05, 5.979528099e-06, -3.596498009e-05], "AUX_ENDO_LEAD_101": [0, -0.1487024651, -0.09973053435, -0.06323639901, -0.03585095282, -0.01661637183, -0.003623636362, 0.003537193555, 0.006870731214, 0.007753366852, 0.007215829627, 0.005954875866, 0.004494677683, 0.003122438116, 0.001977532737, 0.001104255509, 0.0004928334005, 0.0001018608986, -0.0001199525497, -0.0002222412288, -0.000247215185], "AUX_ENDO_LEAD_105": [0, -0.09973053435, -0.06323639901, -0.03585095282, -0.01661637183, -0.003623636362, 0.003537193555, 0.006870731214, 0.007753366852, 0.007215829627, 0.005954875866, 0.004494677683, 0.003122438116, 0.001977532737, 0.001104255509, 0.0004928334005, 0.0001018608986, -0.0001199525497, -0.0002222412288, -0.000247215185, -0.0002277140959], "AUX_ENDO_LEAD_109": [0, -0.06323639901, -0.03585095282, -0.01661637183, -0.003623636362, 0.003537193555, 0.006870731214, 0.007753366852, 0.007215829627, 0.005954875866, 0.004494677683, 0.003122438116, 0.001977532737, 0.001104255509, 0.0004928334005, 0.0001018608986, -0.0001199525497, -0.0002222412288, -0.000247215185, -0.0002277140959, -0.0001871169942], "AUX_ENDO_LEAD_136": [0, -0.1487024651, -0.09973053435, -0.06323639901, -0.03585095282, -0.01661637183, -0.003623636362, 0.003537193555, 0.006870731214, 0.007753366852, 0.007215829627, 0.005954875866, 0.004494677683, 0.003122438116, 0.001977532737, 0.001104255509, 0.0004928334005, 0.0001018608986, -0.0001199525497, -0.0002222412288, -0.000247215185], "AUX_ENDO_LEAD_140": [0, -0.09973053435, -0.06323639901, -0.03585095282, -0.01661637183, -0.003623636362, 0.003537193555, 0.006870731214, 0.007753366852, 0.007215829627, 0.005954875866, 0.004494677683, 0.003122438116, 0.001977532737, 0.001104255509, 0.0004928334005, 0.0001018608986, -0.0001199525497, -0.0002222412288, -0.000247215185, -0.0002277140959],