{"interest_": {"y": [0, -1.049080481, -0.7173039368, -0.497656579, -0.3495211648, -0.2479555689, -0.177326065, -0.1276248053, -0.09231094307, -0.0670248202, -0.04880825356, -0.03562230332, -0.02604275647, -0.01906374073, -0.01396845676, -0.01024245211, -0.007514432023, -0.005515259237, -0.00404919576, -0.002973522908, -0.002183978833], "yg": [0, -1.049080481, -0.7173039368, -0.497656579, -0.3495211648, -0.2479555689, -0.177326065, -0.1276248053, -0.09231094307, -0.0670248202, -0.04880825356, -0.03562230332, -0.02604275647, -0.01906374073, -0.01396845676, -0.01024245211, -0.007514432023, -0.005515259237, -0.00404919576, -0.002973522908, -0.002183978833], "R": [0, 0.1813033629, 0.1242984439, 0.08643340198, 0.06081957219, 0.04321210737, 0.03094068935, 0.02228971397, 0.0161339919, 0.01172113206, 0.008539144057, 0.006234264046, 0.004558874624, 0.003337796869, 0.002446026888, 0.001793752776, 0.00131610096, 0.0009660169961, 0.0007092623915, 0.0005208634884, 0.000382570854], "pi": [0, -0.2424824715, -0.150473181, -0.09534891389, -0.06170201216, -0.04074602372, -0.02741739651, -0.01876057041, -0.01302414823, -0.009152130966, -0.006495434586, -0.004646806182, -0.003345282802, -0.002420141116, -0.001757487101, -0.001279977761, -0.0009342673152, -0.0006830718258, -0.0005000464811, -0.00036641046, -0.000268680587], "phi": [0, -1.51141086, -0.6577455212, -0.2345186898, -0.03563443331, 0.04891617286, 0.0772062091, 0.07940279033, 0.07080254615, 0.05887099408, 0.04702011686, 0.03661775176, 0.02804305013, 0.02123071274, 0.01594380997, 0.01190443039, 0.008851322345, 0.006561174344, 0.004852673262, 0.00358312471, 0.002642474472], "n": [0, 0.2424824715, -11.28652343, -14.5924687, -14.18362831, -12.32391311, -10.1006534, -7.996259466, -6.191286599, -4.72285326, -3.565735086, -2.672552643, -1.992643008, -1.480070859, -1.096297838, -0.8103764301, -0.5981212845, -0.4409667153, -0.3248340206, -0.2391380935, -0.1759689603], "del": [0, -2.183475264, 9.775057761, 13.43500039, 13.30736911, 11.66587828, 9.609341489, 7.630958404, 5.920504443, 4.522583058, 3.41786005, 2.563498544, 1.912291369, 1.420907309, 1.052757143, 0.7783451919, 0.5745637034, 0.4236447546, 0.3120991144, 0.2297766265, 0.1690879166], "S": [0, 0, 0, 0, 0, 0, 0, 0, 0, 0, 0, 0, 0, 0, 0, 0, 0, 0, 0, 0, 0], "z": [0, -0.09351402234, -0.05607775622, -0.03426392185, -0.02136344868, -0.01360280118, -0.008844431801, -0.005866663663, -0.003963538574, -0.002721650726, -0.001895096466, -0.001334976208, -0.0009493430973, -0.0006802288856, -0.0004903091179, -0.0003550531191, -0.0002580262077, -0.0001880258096, -0.0001373001256, -0.0001004166789, -7.352841469e-05], "yf": [0, -4.913008939e-15, -7.324909164e-15, -4.920159325e-15, -3.573003616e-15, -2.898591832e-15, -2.626301171e-15, -2.575726547e-15, -2.63224832e-15, -2.726723619e-15, -2.820144394e-15, -2.892701118e-15, -2.936304966e-15, -2.94964796e-15, -2.935044654e-15, -2.896483077e-15, -2.838473328e-15, -2.765407981e-15, -2.681241255e-15, -2.589359661e-15, -2.49256221e-15], "ygf": [0, -4.884818318e-15, -7.175010965e-15, -3.559316812e-15, -1.316243527e-15, -8.621681636e-18, 6.881060589e-16, 1.002416148e-15, 1.088821316e-15, 1.048225133e-15, 9.442573428e-16, 8.154672302e-16, 6.840146215e-16, 5.616600893e-16, 4.537822662e-16, 3.620058657e-16, 2.858781347e-16, 2.239085001e-16, 1.741910825e-16, 1.347598554e-16, 1.037765511e-16], "Rf": [0, -2.7590289e-15, 4.238588288e-16, -5.84896769e-16, -1.00708219e-15, -1.107143697e-15, -1.042098297e-15, -9.028716429e-16, -7.402584574e-16, -5.810735479e-16, -4.38104801e-16, -3.161804833e-16, -2.158180112e-16, -1.353787712e-16, -7.230834278e-17, -2.382318487e-17, 1.273253976e-17, 3.972245368e-17, 5.916199528e-17, 7.272064239e-17, 8.175262929e-17], "phif": [0, 1.463896727e-14, 1.34520665e-14, 1.243934107e-14, 9.470399649e-15, 6.406188359e-15, 3.900539267e-15, 2.077335646e-15, 8.553278543e-16, 9.601457705e-17, -3.349503606e-16, -5.468971953e-16, -6.210214793e-16, -6.140557557e-16, -5.637436732e-16, -4.940494251e-16, -4.194079304e-16, -3.479229771e-16, -2.836510945e-16, -2.281697479e-16, -1.816186074e-16], "nf": [0, -1.141700357e-31, 1.005736988e-13, 1.799259352e-13, 2.400884851e-13, 2.696055226e-13, 2.724699592e-13, 2.568590487e-13, 2.305944882e-13, 1.99692756e-13, 1.682258147e-13, 1.386536801e-13, 1.122580412e-13, 8.953116391e-14, 7.047732347e-14, 5.482722148e-14, 4.218090692e-14, 3.209737924e-14, 2.414688885e-14, 1.793843964e-14, 1.31315912e-14], "delf": [0, -1.790619738e-14, -1.169826328e-13, -1.894659079e-13, -2.448318603e-13, -2.71397397e-13, -2.726957566e-13, -2.564541708e-13, -2.301342355e-13, -1.994932787e-13, -1.684304263e-13, -1.392982548e-13, -1.133169912e-13, -9.094794054e-14, -7.218356827e-14, -5.675405088e-14, -4.426499134e-14, -3.428372709e-14, -2.638964705e-14, -2.020057767e-14, -1.538402138e-14], "Sf": [0, 0, 0, 0, 0, 0, 0, 0, 0, 0, 0, 0, 0, 0, 0, 0, 0, 0, 0, 0, 0], "zf": [0, 0, 0, 0, 0, 0, 0, 0, 0, 0, 0, 0, 0, 0, 0, 0, 0, 0, 0, 0, 0], "a": [0, -4.424623702e-17, -2.397709489e-16, -8.896723191e-16, -1.615382574e-15, -2.25650876e-15, -2.759827656e-15, -3.121670213e-15, -3.358743993e-15, -3.493922464e-15, -3.549774409e-15, -3.545991091e-15, -3.498694259e-15, -3.420586024e-15, -3.321420555e-15, -3.208549221e-15, -3.087430122e-15, -2.962062246e-15, -2.835337214e-15, -2.709315615e-15, -2.585439787e-15], "ns": [0, 1.95619134e-30, 0, 0, 0, 0, 0, 0, 0, 0, 0, 0, 0, 0, 0, 0, 0, 0, 0, 0, 0], "eps_m": [0, 0, 0, 0, 0, 0, 0, 0, 0, 0, 0, 0, 0, 0, 0, 0, 0, 0, 0, 0, 0], "lam": [0, 0, 1.951130176e-15, 2.431524921e-15, 2.297855466e-15, 1.950795825e-15, 1.568327207e-15, 1.221897536e-15, 9.337272229e-16, 7.046670016e-16, 5.274182526e-16, 3.925541631e-16, 2.910599484e-16, 2.152367026e-16, 1.58872853e-16, 1.171175604e-16, 8.62579711e-17, 6.348879572e-17, 4.670858418e-17, 3.435225164e-17, 2.525881547e-17], "interest": [0, 0.7252134516, 0.4971937757, 0.3457336079, 0.2432782888, 0.1728484295, 0.1237627574, 0.08915885587, 0.06453596762, 0.04688452823, 0.03415657623, 0.02493705618, 0.0182354985, 0.01335118747, 0.009784107552, 0.007175011104, 0.00526440384, 0.003864067985, 0.002837049566, 0.002083453954, 0.001530283416], "inflation": [0, -0.2424824715, -0.3929556525, -0.4883045664, -0.5500065785, -0.3482701307, -0.2252143463, -0.1486260028, -0.09994813887, -0.06835424612, -0.04743228419, -0.03331851997, -0.02363965454, -0.01690766469, -0.0121697172, -0.008802888781, -0.006391873294, -0.004654804004, -0.003397363383, -0.002483796082, -0.001818209354], "inflationq": [0, -0.969929886, -0.6018927239, -0.3813956555, -0.2468080486, -0.1629840949, -0.109669586, -0.07504228165, -0.05209659292, -0.03660852386, -0.02598173834, -0.01858722473, -0.01338113121, -0.009680564464, -0.007029948406, -0.005119911045, -0.003737069261, -0.002732287303, -0.002000185924, -0.00146564184, -0.001074722348], "outputgap": [0, -1.049080481, -0.7173039368, -0.497656579, -0.3495211648, -0.2479555689, -0.177326065, -0.1276248053, -0.09231094307, -0.0670248202, -0.04880825356, -0.03562230332, -0.02604275647, -0.01906374073, -0.01396845676, -0.01024245211, -0.007514432023, -0.005515259237, -0.00404919576, -0.002973522908, -0.002183978833], "output": [0, -1.049080481, -0.7173039368, -0.497656579, -0.3495211648, -0.2479555689, -0.177326065, -0.1276248053, -0.09231094307, -0.0670248202, -0.04880825356, -0.03562230332, -0.02604275647, -0.01906374073, -0.01396845676, -0.01024245211, -0.007514432023, -0.005515259237, -0.00404919576, -0.002973522908, -0.002183978833], "AUX_ENDO_LEAD_75": [0, -0.6018927239, -0.3813956555, -0.2468080486, -0.1629840949, -0.109669586, -0.07504228165, -0.05209659292, -0.03660852386, -0.02598173834, -0.01858722473, -0.01338113121, -0.009680564464, -0.007029948406, -0.005119911045, -0.003737069261, -0.002732287303, -0.002000185924, -0.00146564184, -0.001074722348, -0.0007884936255],