{"interest_": {"y": [0, -0.4055240606, -0.2115936837, -0.1179095643, -0.06985956939, -0.04354478703, -0.02819260684, -0.01873979747, -0.01267366902, -0.00866556805, -0.005965371923, -0.004123596829, -0.002857609713, -0.001983282068, -0.001377713541, -0.0009575657633, -0.0006657619761, -0.000462970644, -0.0003219868666, -0.0002239509282, -0.0001557706007], "yg": [0, -0.4055240606, -0.2115936837, -0.1179095643, -0.06985956939, -0.04354478703, -0.02819260684, -0.01873979747, -0.01267366902, -0.00866556805, -0.005965371923, -0.004123596829, -0.002857609713, -0.001983282068, -0.001377713541, -0.0009575657633, -0.0006657619761, -0.000462970644, -0.0003219868666, -0.0002239509282, -0.0001557706007], "R": [0, 0.1671658799, 0.08253107803, 0.04339198194, 0.02436215823, 0.01452864676, 0.009102032634, 0.005914358132, 0.003940833891, 0.002669313472, 0.001826900063, 0.001258383999, 0.0008701785188, 0.0006031556883, 0.000418665972, 0.0002908546799, 0.000202165038, 0.0001405622086, 9.774854342e-05, 6.798284449e-05, 4.728426355e-05], "pi": [0, -0.06431467192, -0.02676449692, -0.0111530414, -0.00465801298, -0.001952624128, -0.0008235334227, -0.0003507767387, -0.0001517703237, -6.726707541e-05, -3.088265481e-05, -1.487503092e-05, -7.60311701e-06, -4.149125839e-06, -2.412839025e-06, -1.481805442e-06, -9.491073005e-07, -6.262940595e-07, -4.215688064e-07, -2.873949894e-07, -1.97483018e-07], "phi": [0, -0.7631239141, -0.2016325681, -0.003535951832, 0.05432186943, 0.06136837426, 0.05248177495, 0.04057385921, 0.02991246779, 0.02150869003, 0.01525281373, 0.01073086277, 0.007514640644, 0.005248052672, 0.003659211143, 0.002548945335, 0.001774540058, 0.001234989966, 0.0008593161635, 0.0005978469027, 0.0004159064194], "n": [0, 0.06431467192, -5.680482351, -6.329101222, -5.390035313, -4.159434161, -3.063631921, -2.201801689, -1.560951675, -1.097998839, -0.7688348918, -0.536905708, -0.37434536, -0.2607574182, -0.1815334644, -0.1263371802, -0.08790606894, -0.06115820707, -0.04254609624, -0.02959690094, -0.02058835955], "del": [0, -0.7754616915, 5.215419907, 6.017901917, 5.17867273, 4.014531677, 2.963718806, 2.132668063, 1.513014321, 1.064716753, 0.7457101037, 0.520831005, 0.3631683274, 0.2529845588, 0.176127448, 0.1225770824, 0.08529068176, 0.05933900123, 0.041280681, 0.02871668852, 0.01997608833], "S": [0, 0, 0, 0, 0, 0, 0, 0, 0, 0, 0, 0, 0, 0, 0, 0, 0, 0, 0, 0, 0], "z": [0, -0.03781781996, -0.01572298593, -0.006541608552, -0.002724915093, -0.001137326039, -0.0004762644514, -0.0002005241182, -8.517591908e-05, -3.669324715e-05, -1.615637419e-05, -7.347945082e-06, -3.495482429e-06, -1.760415204e-06, -9.458516378e-07, -5.421892143e-07, -3.290761816e-07, -2.089409412e-07, -1.370477669e-07, -9.188680158e-08, -6.248625328e-08], "yf": [0, 5.999230626e-16, 1.26678155e-15, 1.305552155e-15, 1.366620502e-15, 1.40986716e-15, 1.428940385e-15, 1.427028103e-15, 1.409018182e-15, 1.379298205e-15, 1.341350207e-15, 1.2978365e-15, 1.250771451e-15, 1.201673526e-15, 1.151681915e-15, 1.101643846e-15, 1.052180767e-15, 1.003739507e-15, 9.566323807e-16, 9.110688176e-16, 8.671802892e-16], "ygf": [0, 5.802674612e-16, 5.20440354e-16, 3.392667957e-16, 2.098026305e-16, 1.198728766e-16, 6.024310966e-17, 2.286329613e-17, 1.005196418e-18, -1.056781094e-17, -1.567749992e-17, -1.696466394e-17, -1.616729506e-17, -1.437597742e-17, -1.223982151e-17, -1.011972308e-17, -8.196173794e-18, -6.541837766e-18, -5.168580756e-18, -4.05683789e-18, -3.173224089e-18], "Rf": [0, 1.42448655e-16, -7.784331163e-17, -8.079520224e-17, -8.066258273e-17, -7.759592901e-17, -7.350692553e-17, -6.961840475e-17, -6.636940122e-17, -6.375304618e-17, -6.159314894e-17, -5.969486669e-17, -5.790555034e-17, -5.612746319e-17, -5.431001565e-17, -5.243624205e-17, -5.051005502e-17, -4.854645504e-17, -4.65648737e-17, -4.458508694e-17, -4.262498335e-17], "phif": [0, -1.740106063e-15, -1.603645427e-15, -6.997830397e-16, -2.639112384e-16, -4.547451835e-17, 6.265364389e-17, 1.110224123e-16, 1.261982927e-16, 1.2335418e-16, 1.11515286e-16, 9.604847749e-17, 8.003381568e-17, 6.511081896e-17, 5.203009194e-17, 4.101645588e-17, 3.200413542e-17, 2.478437945e-17, 1.909416016e-17, 1.466633327e-17, 1.125545435e-17], "nf": [0, -1.492473593e-31, -1.319552516e-14, -2.410544081e-14, -2.647327698e-14, -2.50109872e-14, -2.194001789e-14, -1.837023356e-14, -1.486568403e-14, -1.169891097e-14, -8.979318843e-15, -6.725057736e-15, -4.90584541e-15, -3.468888815e-15, -2.354240171e-15, -1.503399981e-15, -8.636553832e-16, -3.898169552e-16, -4.445395669e-17, 2.026646025e-16, 3.754857734e-16], "delf": [0, 2.21502947e-15, 1.422867069e-14, 2.484897022e-14, 2.724050967e-14, 2.587836121e-14, 2.290855161e-14, 1.941997162e-14, 1.597315488e-14, 1.2842346e-14, 1.014000876e-14, 7.887531552e-15, 6.057684355e-15, 4.600414085e-15, 3.458153654e-15, 2.57441535e-15, 1.898143648e-15, 1.385482526e-15, 1.000050292e-15, 7.124235317e-16, 4.992632566e-16], "Sf": [0, 0, 0, 0, 0, 0, 0, 0, 0, 0, 0, 0, 0, 0, 0, 0, 0, 0, 0, 0, 0], "zf": [0, 0, 0, 0, 0, 0, 0, 0, 0, 0, 0, 0, 0, 0, 0, 0, 0, 0, 0, 0, 0], "a": [0, 0, 7.667727204e-16, 1.166523894e-15, 1.373362946e-15, 1.472709725e-15, 1.509120115e-15, 1.507377353e-15, 1.482106125e-15, 1.442359778e-15, 1.393938803e-15, 1.340641157e-15, 1.284981414e-15, 1.228628373e-15, 1.172683386e-15, 1.117863066e-15, 1.064621782e-15, 1.013234899e-15, 9.638558023e-16, 9.165551472e-16, 8.713479274e-16], "ns": [0, -3.709115036e-31, 0, 0, 0, 0, 0, 0, 0, 0, 0, 0, 0, 0, 0, 0, 0, 0, 0, 0, 0], "eps_m": [0, 0, 0, 0, 0, 0, 0, 0, 0, 0, 0, 0, 0, 0, 0, 0, 0, 0, 0, 0, 0], "lam": [0, 0, 1.407247103e-15, 1.449225805e-15, 1.146369871e-15, 8.263217927e-16, 5.725317542e-16, 3.901838493e-16, 2.64494802e-16, 1.793268997e-16, 1.219147482e-16, 8.318487502e-17, 5.696811849e-17, 3.914375822e-17, 2.697196764e-17, 1.86273377e-17, 1.28874401e-17, 8.928573513e-18, 6.192309215e-18, 4.29798319e-18, 2.984906904e-18], "interest": [0, 0.6686635198, 0.3301243121, 0.1735679278, 0.09744863293, 0.05811458703, 0.03640813054, 0.02365743253, 0.01576333556, 0.01067725389, 0.007307600253, 0.005033535995, 0.003480714075, 0.002412622753, 0.001674663888, 0.00116341872, 0.0008086601521, 0.0005622488343, 0.0003909941737, 0.000271931378, 0.0001891370542], "inflation": [0, -0.06431467192, -0.09107916884, -0.1022322102, -0.1068902232, -0.04452817543, -0.01858721193, -0.007784947269, -0.003278704613, -0.001393347561, -0.0006006967926, -0.0002647950849, -0.0001206278781, -5.750992858e-05, -2.90401128e-05, -1.564688732e-05, -8.992877607e-06, -5.470045827e-06, -3.478775608e-06, -2.284365156e-06, -1.532740873e-06], "inflationq": [0, -0.2572586877, -0.1070579877, -0.04461216561, -0.01863205192, -0.007810496512, -0.003294133691, -0.001403106955, -0.0006070812949, -0.0002690683016, -0.0001235306192, -5.950012368e-05, -3.041246804e-05, -1.659650336e-05, -9.651356101e-06, -5.927221767e-06, -3.796429202e-06, -2.505176238e-06, -1.686275226e-06, -1.149579958e-06, -7.89932072e-07], "outputgap": [0, -0.4055240606, -0.2115936837, -0.1179095643, -0.06985956939, -0.04354478703, -0.02819260684, -0.01873979747, -0.01267366902, -0.00866556805, -0.005965371923, -0.004123596829, -0.002857609713, -0.001983282068, -0.001377713541, -0.0009575657633, -0.0006657619761, -0.000462970644, -0.0003219868666, -0.0002239509282, -0.0001557706007], "output": [0, -0.4055240606, -0.2115936837, -0.1179095643, -0.06985956939, -0.04354478703, -0.02819260684, -0.01873979747, -0.01267366902, -0.00866556805, -0.005965371923, -0.004123596829, -0.002857609713, -0.001983282068, -0.001377713541, -0.0009575657633, -0.0006657619761, -0.000462970644, -0.0003219868666, -0.0002239509282, -0.0001557706007], "AUX_ENDO_LEAD_75": [0, -0.1070579877, -0.04461216561, -0.01863205192, -0.007810496512, -0.003294133691, -0.001403106955, -0.0006070812949, -0.0002690683016, -0.0001235306192, -5.950012368e-05, -3.041246804e-05, -1.659650336e-05, -9.651356101e-06, -5.927221767e-06, -3.796429202e-06, -2.505176238e-06, -1.686275226e-06, -1.149579958e-06, -7.89932072e-07, -5.454414736e-07],