{"interest_": {"y": [0, -0.5016990444, -0.2517440528, -0.1194442092, -0.05553090057, -0.03173966985, -0.02115492493, -0.01488978325, -0.01047620841, -0.007290087843, -0.005033902962, -0.003464794069, -0.002383141366, -0.00163946548, -0.00112817196, -0.0007764573054, -0.0005344214958, -0.0003678348288, -0.0002531736841, -0.000174253468, -0.000119934173], "yg": [0, -0.5016990444, -0.2517440528, -0.1194442092, -0.05553090057, -0.03173966985, -0.02115492493, -0.01488978325, -0.01047620841, -0.007290087843, -0.005033902962, -0.003464794069, -0.002383141366, -0.00163946548, -0.00112817196, -0.0007764573054, -0.0005344214958, -0.0003678348288, -0.0002531736841, -0.000174253468, -0.000119934173], "R": [0, 0.226366319, 0.1275175809, 0.0648000058, 0.02517423182, 0.0115178161, 0.006818555679, 0.004753017226, 0.003408187106, 0.002407486119, 0.00167364111, 0.001153947903, 0.0007935665912, 0.0005456620234, 0.00037537121, 0.0002583157946, 0.0001777905116, 0.0001223720673, 8.422737511e-05, 5.79720798e-05, 3.990076758e-05], "pi": [0, -0.07064701107, -0.02358867263, -0.004782262724, 0.0008866971813, 0.0013830011, 0.0009330711833, 0.0005534139986, 0.0003394423848, 0.0002220665408, 0.0001513012389, 0.0001045322158, 7.229519995e-05, 4.989070591e-05, 3.436850344e-05, 2.365655507e-05, 1.627998493e-05, 1.120384466e-05, 7.710922666e-06, 5.307158939e-06, 3.652784852e-06], "phi": [0, -0.9883236931, -0.2768729616, 0.02138991057, 0.1177732294, 0.1053976545, 0.07490687918, 0.05019929746, 0.03365960531, 0.02286271043, 0.01567535502, 0.01078956299, 0.007432519734, 0.005118666332, 0.003523914366, 0.002425540993, 0.001669410153, 0.001148986269, 0.0007908075651, 0.0005442899816, 0.0003746204822], "n": [0, 0.07064701107, -7.360629381, -8.301139187, -6.85935299, -4.922598939, -3.377947375, -2.299170488, -1.570886366, -1.078071796, -0.7416273299, -0.5105672938, -0.3515094913, -0.2419712308, -0.1665504834, -0.1146326552, -0.07889802005, -0.0543031036, -0.03737530594, -0.02572443273, -0.01770545957], "del": [0, -0.9385544118, 6.81078482, 7.963226737, 6.651872575, 4.786777529, 3.285566375, 2.235408716, 1.526806231, 1.047654325, 0.7206727714, 0.4961432771, 0.3415829568, 0.2351397699, 0.1618488041, 0.1113966571, 0.07667076539, 0.05277013697, 0.03632020249, 0.02499823181, 0.01720563429], "S": [0, 0, 0, 0, 0, 0, 0, 0, 0, 0, 0, 0, 0, 0, 0, 0, 0, 0, 0, 0, 0], "z": [0, -0.04729422516, -0.01885423253, -0.005660092934, -0.0004824739078, 0.0004592606287, 0.0003851913248, 0.0002173660376, 0.0001195965094, 7.227831435e-05, 4.781434517e-05, 3.295996789e-05, 2.29034011e-05, 1.586588751e-05, 1.094851391e-05, 7.539369996e-06, 5.188178709e-06, 3.570031224e-06, 2.456835317e-06, 1.690901936e-06, 1.163799842e-06], "yf": [0, -9.600031597e-18, -5.007250793e-16, -1.104733244e-15, -1.801159245e-15, -2.383604018e-15, -2.794464954e-15, -3.042848627e-15, -3.164953358e-15, -3.197037849e-15, -3.167962553e-15, -3.098820173e-15, -3.004483719e-15, -2.895237852e-15, -2.778088344e-15, -2.657736788e-15, -2.53728563e-15, -2.418739328e-15, -2.303355601e-15, -2.191888739e-15, -2.084756561e-15], "ygf": [0, -3.882264173e-17, -1.783575185e-16, 4.340991274e-17, 1.826662999e-16, 2.139974672e-16, 1.807579283e-16, 1.313868307e-16, 8.750421351e-17, 5.483057121e-17, 3.256632577e-17, 1.822678545e-17, 9.407340419e-18, 4.237420973e-18, 1.386123682e-18, -4.713472398e-20, -6.4977313e-19, -7.925734097e-19, -7.018138676e-19, -5.103085703e-19, -2.921516756e-19], "Rf": [0, -7.549420669e-16, -1.131662221e-15, -1.32158013e-15, -1.113574505e-15, -7.910186307e-16, -5.083155262e-16, -2.985515939e-16, -1.525122747e-16, -5.355506548e-17, 1.229461781e-17, 5.519609829e-17, 8.229747269e-17, 9.85985029e-17, 1.075827538e-16, 1.116627265e-16, 1.124975178e-16, 1.112205376e-16, 1.086014559e-16, 1.05159995e-16, 1.012450243e-16], "phif": [0, 1.16421338e-16, 6.947717091e-16, 3.748158109e-16, 6.62988077e-18, -1.888463807e-16, -2.171271346e-16, -1.708222686e-16, -1.103646589e-16, -6.05001244e-17, -2.632919808e-17, -5.589066631e-18, 5.569688993e-18, 1.054911647e-17, 1.185227775e-17, 1.116042843e-17, 9.532710433e-18, 7.596717232e-18, 5.697332123e-18, 4.003090993e-18, 2.578051793e-18], "nf": [0, -4.380198419e-32, -8.890873715e-16, 2.370796033e-15, 2.571777992e-15, 3.045916597e-16, -2.679575606e-15, -5.084625903e-15, -6.52742315e-15, -7.118582631e-15, -7.117089842e-15, -6.765484036e-15, -6.241911608e-15, -5.661336429e-15, -5.090724428e-15, -4.564603088e-15, -4.097214331e-15, -3.691003748e-15, -3.342165828e-15, -3.044071957e-15, -2.789269067e-15], "delf": [0, 2.24509825e-16, 1.865822608e-15, -1.315829791e-15, -2.25878194e-15, -9.84436668e-16, 1.122059448e-15, 2.882021946e-15, 3.904418029e-15, 4.252939761e-15, 4.137542762e-15, 3.760723646e-15, 3.270805674e-15, 2.761518835e-15, 2.285124307e-15, 1.866178616e-15, 1.5122878e-15, 1.221563334e-15, 9.874288175e-16, 8.015323447e-16, 6.553914577e-16], "Sf": [0, 0, 0, 0, 0, 0, 0, 0, 0, 0, 0, 0, 0, 0, 0, 0, 0, 0, 0, 0, 0], "zf": [0, 0, 0, 0, 0, 0, 0, 0, 0, 0, 0, 0, 0, 0, 0, 0, 0, 0, 0, 0, 0], "a": [0, 0, -7.182467686e-16, -1.646270807e-15, -2.409052703e-15, -2.907393661e-15, -3.188753159e-15, -3.319630683e-15, -3.351727602e-15, -3.319955878e-15, -3.247354981e-15, -3.149281793e-15, -3.036083899e-15, -2.914752631e-15, -2.789990113e-15, -2.664927351e-15, -2.541617339e-15, -2.421375356e-15, -2.305013596e-15, -2.193002624e-15, -2.0855823e-15], "ns": [0, -1.173548177e-32, 0, 0, 0, 0, 0, 0, 0, 0, 0, 0, 0, 0, 0, 0, 0, 0, 0, 0, 0], "eps_m": [0, 0, 0, 0, 0, 0, 0, 0, 0, 0, 0, 0, 0, 0, 0, 0, 0, 0, 0, 0, 0], "lam": [0, 0, -1.345986285e-15, -2.169595279e-15, -2.311331216e-15, -2.028474022e-15, -1.610892907e-15, -1.211055612e-15, -8.826458125e-16, -6.315480427e-16, -4.466565638e-16, -3.13440108e-16, -2.18760274e-16, -1.520870747e-16, -1.054388375e-16, -7.295141603e-17, -5.04007316e-17, -3.478453373e-17, -2.398878238e-17, -1.65345987e-17, -1.13922066e-17], "interest": [0, 0.9054652761, 0.5100703235, 0.2592000232, 0.1006969273, 0.04607126441, 0.02727422271, 0.0190120689, 0.01363274842, 0.009629944477, 0.006694564438, 0.004615791612, 0.003174266365, 0.002182648094, 0.00150148484, 0.001033263178, 0.0007111620466, 0.0004894882693, 0.0003369095004, 0.0002318883192, 0.0001596030703], "inflation": [0, -0.07064701107, -0.0942356837, -0.09901794642, -0.09813124924, -0.02610123707, -0.001579493259, 0.003756183463, 0.003208928667, 0.002047994107, 0.001266224163, 0.0008173423803, 0.0005501951955, 0.0003780193606, 0.0002610866251, 0.0001802109644, 0.0001241957493, 8.55088881e-05, 5.885130733e-05, 4.050191119e-05, 2.787471112e-05], "inflationq": [0, -0.2825880443, -0.09435469052, -0.0191290509, 0.003546788725, 0.005532004401, 0.003732284733, 0.002213655994, 0.001357769539, 0.0008882661633, 0.0006052049554, 0.0004181288634, 0.0002891807998, 0.0001995628236, 0.0001374740137, 9.462622029e-05, 6.51199397e-05, 4.481537865e-05, 3.084369067e-05, 2.122863576e-05, 1.461113941e-05], "outputgap": [0, -0.5016990444, -0.2517440528, -0.1194442092, -0.05553090057, -0.03173966985, -0.02115492493, -0.01488978325, -0.01047620841, -0.007290087843, -0.005033902962, -0.003464794069, -0.002383141366, -0.00163946548, -0.00112817196, -0.0007764573054, -0.0005344214958, -0.0003678348288, -0.0002531736841, -0.000174253468, -0.000119934173], "output": [0, -0.5016990444, -0.2517440528, -0.1194442092, -0.05553090057, -0.03173966985, -0.02115492493, -0.01488978325, -0.01047620841, -0.007290087843, -0.005033902962, -0.003464794069, -0.002383141366, -0.00163946548, -0.00112817196, -0.0007764573054, -0.0005344214958, -0.0003678348288, -0.0002531736841, -0.000174253468, -0.000119934173], "AUX_ENDO_LEAD_75": [0, -0.09435469052, -0.0191290509, 0.003546788725, 0.005532004401, 0.003732284733, 0.002213655994, 0.001357769539, 0.0008882661633, 0.0006052049554, 0.0004181288634, 0.0002891807998, 0.0001995628236, 0.0001374740137, 9.462622029e-05, 6.51199397e-05, 4.481537865e-05, 3.084369067e-05, 2.122863576e-05, 1.461113941e-05, 1.005650509e-05],