{"interest_": {"y": [0, -0.251112795, -0.01166469332, -0.007476320079, -0.004791841531, -0.003071263003, -0.00196848255, -0.001261671027, -0.0008086501868, -0.0005182928912, -0.0003321924924, -0.000212914076, -0.0001364642633, -8.7464838e-05, -5.60593499e-05, -3.593044683e-05, -2.302911132e-05, -1.476018293e-05, -9.460330328e-06, -6.063464818e-06, -3.88629195e-06], "yg": [0, -0.251112795, -0.01166469332, -0.007476320079, -0.004791841531, -0.003071263003, -0.00196848255, -0.001261671027, -0.0008086501868, -0.0005182928912, -0.0003321924924, -0.000212914076, -0.0001364642633, -8.7464838e-05, -5.60593499e-05, -3.593044683e-05, -2.302911132e-05, -1.476018293e-05, -9.460330328e-06, -6.063464818e-06, -3.88629195e-06], "R": [0, 0.2461428608, 0.008479284344, 0.005434677281, 0.003483279478, 0.002232558677, 0.001430926884, 0.000917132332, 0.0005878229867, 0.000376756823, 0.0002414769529, 0.000154771235, 9.919843235e-05, 6.357983111e-05, 4.075059281e-05, 2.611851566e-05, 1.674029292e-05, 1.07294538e-05, 6.87689154e-06, 4.407646294e-06, 2.825018504e-06], "pi": [0, -0.01876270573, 0.006694759122, 0.004290911099, 0.002750198733, 0.00176270095, 0.001129778224, 0.0007241153612, 0.0004641114913, 0.0002974656911, 0.0001906564242, 0.0001221985365, 7.832142229e-05, 5.019900702e-05, 3.217434301e-05, 2.062168974e-05, 1.321718015e-05, 8.471364535e-06, 5.429601191e-06, 3.48002603e-06, 2.230473426e-06], "phi": [0, -0.7123724738, 0.1433514502, 0.09187908294, 0.05888859771, 0.03774381317, 0.0241913628, 0.01550511157, 0.009937781796, 0.006369480578, 0.00408242842, 0.002616574711, 0.001677056525, 0.001074885642, 0.0006889327376, 0.0004415616867, 0.000283012713, 0.0001813929925, 0.000116261271, 7.451601604e-05, 4.775998575e-05], "n": [0, 0.01876270573, -5.238120347, -3.357299094, -2.151813333, -1.379174298, -0.8839622449, -0.5665630888, -0.3631305924, -0.2327434133, -0.1491735964, -0.09561070512, -0.06128032813, -0.03927675892, -0.02517388269, -0.01613484379, -0.01034139974, -0.006628173789, -0.004248234172, -0.002722845561, -0.001745169322], "del": [0, -0.4128805467, 5.134798594, 3.291076478, 2.109368885, 1.35197013, 0.8665261184, 0.5553876503, 0.3559678533, 0.228152557, 0.146231152, 0.09372478707, 0.06007157565, 0.03850202613, 0.02467732867, 0.01581658452, 0.01013741597, 0.006497433277, 0.004164437891, 0.002669137521, 0.001710745914], "S": [0, 0, 0, 0, 0, 0, 0, 0, 0, 0, 0, 0, 0, 0, 0, 0, 0, 0, 0, 0, 0], "z": [0, -0.02539051726, 0.002446757135, 0.001568214353, 0.001005124792, 0.0006442205085, 0.0004129040163, 0.0002646449848, 0.0001696204571, 0.0001087158311, 6.967987313e-05, 4.46603284e-05, 2.862440534e-05, 1.834640744e-05, 1.175887017e-05, 7.536681392e-06, 4.83052926e-06, 3.096059356e-06, 1.984375421e-06, 1.271857338e-06, 8.151789585e-07], "yf": [0, 1.946868275e-16, -5.598924605e-16, -1.12910428e-15, -6.837905418e-16, -4.199271672e-16, -2.599920855e-16, -1.610320485e-16, -9.871066668e-17, -5.890771783e-17, -3.322992586e-17, -1.65697006e-17, -5.750536123e-18, 1.241629762e-18, 5.705053958e-18, 8.48805357e-18, 1.015100468e-17, 1.106721042e-17, 1.148692433e-17, 1.15786614e-17, 1.145622039e-17], "ygf": [0, 1.63026903e-16, 4.152740876e-17, -1.286158586e-15, -7.938060976e-16, -4.99326211e-16, -3.193236027e-16, -2.070794774e-16, -1.358428606e-16, -8.994488075e-17, -5.99986745e-17, -4.02588736e-17, -2.713929259e-17, -1.836243147e-17, -1.24603701e-17, -8.475272428e-18, -5.775830856e-18, -3.942579633e-18, -2.695012886e-18, -1.844594016e-18, -1.264091501e-18], "Rf": [0, 7.134591973e-17, 1.571657761e-16, 1.287127444e-17, -1.330450152e-17, -1.771174527e-17, -1.490018236e-17, -1.065571406e-17, -6.970687832e-18, -4.301108401e-18, -2.554326592e-18, -1.496130567e-18, -9.011481549e-19, -5.956837124e-19, -4.59563993e-19, -4.153241385e-19, -4.158353636e-19, -4.340389779e-19, -4.554637543e-19, -4.73161644e-19, -4.844539411e-19], "phif": [0, -4.888850768e-16, 6.041520644e-17, -8.397699401e-17, -1.454043477e-16, -1.215412296e-16, -8.003666945e-17, -4.406066412e-17, -1.888919898e-17, -3.475252572e-18, 4.819095239e-18, 8.497283882e-18, 9.452422901e-18, 8.960893282e-18, 7.816216913e-18, 6.476030575e-18, 5.181482532e-18, 4.042636917e-18, 3.09508605e-18, 2.335401838e-18, 1.742219789e-18], "nf": [0, 4.457029607e-32, -4.298516704e-15, -2.054741565e-15, -1.688811883e-15, -2.096174954e-15, -2.420276348e-15, -2.481609782e-15, -2.325045755e-15, -2.042179029e-15, -1.711318539e-15, -1.384305043e-15, -1.089566199e-15, -8.390429416e-16, -6.34572236e-16, -4.725766249e-16, -3.471118419e-16, -2.51663507e-16, -1.800978586e-16, -1.270861659e-16, -8.822595725e-17], "delf": [0, 6.06653038e-16, 4.916136431e-15, 2.833098504e-15, 2.328143478e-15, 2.556666959e-15, 2.72844516e-15, 2.678189455e-15, 2.446444278e-15, 2.115801587e-15, 1.756022471e-15, 1.412312928e-15, 1.108430491e-15, 8.532245654e-16, 6.465776655e-16, 4.837256162e-16, 3.580326052e-16, 2.626003517e-16, 1.910957307e-16, 1.380972404e-16, 9.916841893e-17], "Sf": [0, 0, 0, 0, 0, 0, 0, 0, 0, 0, 0, 0, 0, 0, 0, 0, 0, 0, 0, 0, 0], "zf": [0, 0, 0, 0, 0, 0, 0, 0, 0, 0, 0, 0, 0, 0, 0, 0, 0, 0, 0, 0, 0], "a": [0, 0, 1.53881806e-16, 1.084744934e-16, 7.88790127e-17, 5.944251719e-17, 4.654066398e-17, 3.784931258e-17, 3.187772729e-17, 2.766938692e-17, 2.461022028e-17, 2.23056948e-17, 2.05020357e-17, 1.903573011e-17, 1.780116027e-17, 1.672985628e-17, 1.577719642e-17, 1.491388098e-17, 1.412046565e-17, 1.338385609e-17, 1.269505945e-17], "ns": [0, -1.044765816e-31, 0, 0, 0, 0, 0, 0, 0, 0, 0, 0, 0, 0, 0, 0, 0, 0, 0, 0, 0], "eps_m": [0, 0, 0, 0, 0, 0, 0, 0, 0, 0, 0, 0, 0, 0, 0, 0, 0, 0, 0, 0, 0], "lam": [0, 0, -6.769011864e-16, -8.022152258e-16, -6.983509898e-16, -5.3968943e-16, -3.919519251e-16, -2.742388505e-16, -1.872809155e-16, -1.257907549e-16, -8.350165535e-17, -5.495812982e-17, -3.594409828e-17, -2.339759246e-17, -1.517622142e-17, -9.81691717e-18, -6.336980536e-18, -4.084081193e-18, -2.62887564e-18, -1.690561435e-18, -1.086351824e-18], "interest": [0, 0.9845714432, 0.03391713738, 0.02173870912, 0.01393311791, 0.00893023471, 0.005723707534, 0.003668529328, 0.002351291947, 0.001507027292, 0.0009659078116, 0.0006190849399, 0.0003967937294, 0.0002543193245, 0.0001630023712, 0.0001044740626, 6.696117167e-05, 4.291781518e-05, 2.750756616e-05, 1.763058518e-05, 1.130007402e-05], "inflation": [0, -0.01876270573, -0.0120679466, -0.007777035506, -0.005026836773, 0.0154985699, 0.009933589006, 0.006366793268, 0.004080706027, 0.002615470768, 0.001676348968, 0.001074432143, 0.0006886420741, 0.00044137539, 0.0002828933088, 0.0001813164621, 0.0001162122199, 7.448457743e-05, 4.773983562e-05, 3.05981719e-05, 1.961146518e-05], "inflationq": [0, -0.07505082291, 0.02677903649, 0.01716364439, 0.01100079493, 0.007050803801, 0.004519112896, 0.002896461445, 0.001856445965, 0.001189862764, 0.0007626256969, 0.0004887941459, 0.0003132856892, 0.0002007960281, 0.000128697372, 8.248675896e-05, 5.28687206e-05, 3.388545814e-05, 2.171840476e-05, 1.392010412e-05, 8.921893704e-06], "outputgap": [0, -0.251112795, -0.01166469332, -0.007476320079, -0.004791841531, -0.003071263003, -0.00196848255, -0.001261671027, -0.0008086501868, -0.0005182928912, -0.0003321924924, -0.000212914076, -0.0001364642633, -8.7464838e-05, -5.60593499e-05, -3.593044683e-05, -2.302911132e-05, -1.476018293e-05, -9.460330328e-06, -6.063464818e-06, -3.88629195e-06], "output": [0, -0.251112795, -0.01166469332, -0.007476320079, -0.004791841531, -0.003071263003, -0.00196848255, -0.001261671027, -0.0008086501868, -0.0005182928912, -0.0003321924924, -0.000212914076, -0.0001364642633, -8.7464838e-05, -5.60593499e-05, -3.593044683e-05, -2.302911132e-05, -1.476018293e-05, -9.460330328e-06, -6.063464818e-06, -3.88629195e-06],