{"interest_": {"y": [0, -0.2071514245, 0.004853570517, -0.0006086882806, -0.003812230796, -0.006179892945, -0.003116848411, -0.001801943344, -0.001206404267, -0.0008531174011, -0.0005655615442, -0.0003706379368, -0.0002451243689, -0.0001632493247, -0.000108484226, -7.195869938e-05, -4.773586177e-05, -3.168499597e-05, -2.103207176e-05, -1.39589529e-05, -9.264171653e-06], "yg": [0, -0.2071514245, 0.004853570517, -0.0006086882806, -0.003812230796, -0.006179892945, -0.003116848411, -0.001801943344, -0.001206404267, -0.0008531174011, -0.0005655615442, -0.0003706379368, -0.0002451243689, -0.0001632493247, -0.000108484226, -7.195869938e-05, -4.773586177e-05, -3.168499597e-05, -2.103207176e-05, -1.39589529e-05, -9.264171653e-06], "R": [0, 0.2186512952, -0.002355717846, -0.001873547339, -0.001775241963, 0.003605734578, 0.001699761333, 0.0008434927089, 0.0005121695146, 0.0003937537963, 0.0002660137389, 0.0001727168897, 0.0001131247193, 7.549673486e-05, 5.029250849e-05, 3.336201817e-05, 2.211581992e-05, 1.467790777e-05, 9.744528573e-06, 6.467828868e-06, 4.292376674e-06], "pi": [0, -0.01454607131, 0.00664630021, 0.003106540951, 0.001329995176, 0.0005924201862, 0.0005426900445, 0.0003848562654, 0.000247953632, 0.0001588826485, 0.0001061979394, 7.109013159e-05, 4.720332177e-05, 3.12496751e-05, 2.073163616e-05, 1.376698188e-05, 9.139180557e-06, 6.064954121e-06, 4.024983554e-06, 2.671409713e-06, 1.773047625e-06], "phi": [0, -0.6122004139, 0.1586285861, 0.0893387077, 0.0488019525, 0.01749239116, 0.01534577592, 0.01120948971, 0.007431308724, 0.004727224544, 0.003137761406, 0.002100300084, 0.001397647163, 0.0009255033982, 0.0006137046254, 0.0004074637659, 0.0002705228344, 0.0001795355078, 0.0001191461288, 7.90765762e-05, 5.248416379e-05], "n": [0, 0.01454607131, -4.493942556, -2.613862267, -1.543710939, -0.94332916, -0.6668633812, -0.4492309985, -0.296194056, -0.1950284451, -0.1296406358, -0.08620595292, -0.05722101432, -0.03795598528, -0.02518887229, -0.01671977912, -0.01109743253, -0.007365144444, -0.004888138943, -0.003244252766, -0.002153211304], "del": [0, -0.3354374952, 4.429349623, 2.569502096, 1.511259824, 0.9176872556, 0.6507924458, 0.4388636042, 0.2893153543, 0.1904071013, 0.1265725735, 0.08417455991, 0.05587387361, 0.03706133294, 0.02459493439, 0.01632562298, 0.0108358578, 0.007191535948, 0.004772912496, 0.003167777211, 0.00210245508], "S": [0, 0, 0, 0, 0, 0, 0, 0, 0, 0, 0, 0, 0, 0, 0, 0, 0, 0, 0, 0, 0], "z": [0, -0.02112590851, 0.003570824668, 0.001789845728, 0.0007434991912, 5.51570421e-05, 0.0001616823418, 0.0001393821697, 9.065980999e-05, 5.374668848e-05, 3.581870911e-05, 2.435884304e-05, 1.626614342e-05, 1.07253553e-05, 7.102324098e-06, 4.71919313e-06, 3.134875977e-06, 2.080220402e-06, 1.380287938e-06, 9.160925642e-07, 6.080496943e-07], "yf": [0, 4.416909633e-17, -4.257728074e-16, 1.038638642e-16, 3.023923842e-16, 4.157906654e-16, 4.728151011e-16, 5.095950665e-16, 5.247735336e-16, 5.252353091e-16, 5.164197701e-16, 5.021257264e-16, 4.845871577e-16, 4.652948671e-16, 4.452386059e-16, 4.250577779e-16, 4.051513159e-16, 3.857623269e-16, 3.670328994e-16, 3.490395836e-16, 3.318167225e-16], "ygf": [0, 2.540795942e-17, -9.044749825e-16, -4.71850506e-16, -2.961689814e-16, -1.879956089e-16, -1.352514523e-16, -9.003407705e-17, -5.86128431e-17, -3.795662381e-17, -2.469249443e-17, -1.59857686e-17, -1.030085537e-17, -6.624674853e-18, -4.264447371e-18, -2.753463852e-18, -1.789246298e-18, -1.17618435e-18, -7.876420774e-19, -5.418950551e-19, -3.865418323e-19], "Rf": [0, -2.170629458e-16, 4.207951989e-16, 2.317929689e-16, 1.355631734e-16, 6.638506612e-17, 4.047859789e-17, 1.848247325e-17, 2.906748083e-18, -7.225381191e-18, -1.328208841e-17, -1.68653402e-17, -1.884096713e-17, -1.975618461e-17, -1.998218839e-17, -1.977473275e-17, -1.930151635e-17, -1.867135336e-17, -1.795477554e-17, -1.719728458e-17, -1.642785597e-17], "phif": [0, -7.619338871e-17, -1.235939683e-16, 1.903935902e-16, 1.600050097e-16, 1.208693533e-16, 7.723235554e-17, 5.130697944e-17, 3.241421597e-17, 1.955643347e-17, 1.121622407e-17, 6.146941232e-18, 3.162697669e-18, 1.478142336e-18, 5.839776605e-19, 1.556530196e-19, -1.151303508e-20, -4.145521136e-20, -6.445688192e-21, 5.31036745e-20, 1.158694673e-19], "nf": [0, 8.4040015e-33, -2.557619652e-15, -3.885610776e-15, -2.332427801e-15, -1.028668934e-15, -1.339401545e-16, 3.774566723e-16, 6.684594853e-16, 8.060163524e-16, 8.459216161e-16, 8.29488541e-16, 7.848596509e-16, 7.286638211e-16, 6.702520893e-16, 6.145086145e-16, 5.636429241e-16, 5.183227166e-16, 4.784019659e-16, 4.433580031e-16, 4.125381791e-16], "delf": [0, 2.08638833e-16, 2.45060511e-15, 3.920486682e-15, 2.55008192e-15, 1.38230705e-15, 5.732185937e-16, 1.143193248e-16, -1.494239707e-16, -2.781828828e-16, -3.217838488e-16, -3.169330456e-16, -2.886281824e-16, -2.514076416e-16, -2.132505326e-16, -1.781599562e-16, -1.477967478e-16, -1.224986108e-16, -1.019304266e-16, -8.546990085e-17, -7.242072966e-17], "Sf": [0, 0, 0, 0, 0, 0, 0, 0, 0, 0, 0, 0, 0, 0, 0, 0, 0, 0, 0, 0, 0], "zf": [0, 0, 0, 0, 0, 0, 0, 0, 0, 0, 0, 0, 0, 0, 0, 0, 0, 0, 0, 0, 0], "a": [0, 0, 4.959161733e-16, 5.608750803e-16, 5.900177087e-16, 6.023392023e-16, 6.071657084e-16, 5.986186074e-16, 5.826413094e-16, 5.62742553e-16, 5.408264042e-16, 5.179183214e-16, 4.947578522e-16, 4.718333629e-16, 4.494461006e-16, 4.277734483e-16, 4.069154504e-16, 3.869218408e-16, 3.678094802e-16, 3.495741382e-16, 3.321983922e-16], "ns": [0, -2.53203803e-32, 0, 0, 0, 0, 0, 0, 0, 0, 0, 0, 0, 0, 0, 0, 0, 0, 0, 0, 0], "eps_m": [0, 0, 0, 0, 0, 0, 0, 0, 0, 0, 0, 0, 0, 0, 0, 0, 0, 0, 0, 0, 0], "lam": [0, 0, 1.924582381e-16, 2.894643753e-16, 2.577304679e-16, 2.007784853e-16, 1.478314768e-16, 1.061954573e-16, 7.451990924e-17, 5.141922034e-17, 3.509126923e-17, 2.377975923e-17, 1.602947673e-17, 1.076171177e-17, 7.203672632e-18, 4.811662583e-18, 3.208828427e-18, 2.137362961e-18, 1.422393201e-18, 9.459532065e-19, 6.287842361e-19], "interest": [0, 0.8746051808, -0.009422871386, -0.007494189358, -0.007100967852, 0.01442293831, 0.006799045331, 0.003373970835, 0.002048678059, 0.001575015185, 0.001064054956, 0.0006908675587, 0.0004524988774, 0.0003019869394, 0.0002011700339, 0.0001334480727, 8.846327966e-05, 5.871163109e-05, 3.897811429e-05, 2.587131547e-05, 1.716950669e-05], "inflation": [0, -0.01454607131, -0.007899771096, -0.004793230145, -0.003463234969, 0.01167525652, 0.005571646358, 0.002849961672, 0.001767920128, 0.00133438259, 0.0008978904852, 0.0005841243514, 0.0003833740412, 0.0002557410679, 0.0001702747646, 0.0001129516149, 7.48874737e-05, 4.970275272e-05, 3.299610011e-05, 2.190052795e-05, 1.453439501e-05], "inflationq": [0, -0.05818428522, 0.02658520084, 0.01242616381, 0.005319980702, 0.002369680745, 0.002170760178, 0.001539425062, 0.0009918145279, 0.0006355305939, 0.0004247917576, 0.0002843605264, 0.0001888132871, 0.0001249987004, 8.292654464e-05, 5.506792753e-05, 3.655672223e-05, 2.425981648e-05, 1.609993422e-05, 1.068563885e-05, 7.092190501e-06], "outputgap": [0, -0.2071514245, 0.004853570517, -0.0006086882806, -0.003812230796, -0.006179892945, -0.003116848411, -0.001801943344, -0.001206404267, -0.0008531174011, -0.0005655615442, -0.0003706379368, -0.0002451243689, -0.0001632493247, -0.000108484226, -7.195869938e-05, -4.773586177e-05, -3.168499597e-05, -2.103207176e-05, -1.39589529e-05, -9.264171653e-06], "output": [0, -0.2071514245, 0.004853570517, -0.0006086882806, -0.003812230796, -0.006179892945, -0.003116848411, -0.001801943344, -0.001206404267, -0.0008531174011, -0.0005655615442, -0.0003706379368, -0.0002451243689, -0.0001632493247, -0.000108484226, -7.195869938e-05, -4.773586177e-05, -3.168499597e-05, -2.103207176e-05, -1.39589529e-05, -9.264171653e-06],