{"interest_": {"ytilde": [0, -1.017059611, -0.5927087784, -0.3462683337, -0.202804259, -0.1190817857, -0.07010082693, -0.04137236921, -0.02447943319, -0.01452060715, -0.008634636873, -0.005147042061, -0.003075385611, -0.001841787242, -0.001105461475, -0.0006649290381, -0.0004007701672, -0.0002420264966, -0.0001464318904, -8.875047897e-05, -5.38796593e-05], "ybar": [0, -0.784711722, -0.4303195532, -0.2353533178, -0.1283261459, -0.06971949701, -0.03771954489, -0.02030556284, -0.01086614041, -0.005773001398, -0.003040027563, -0.001583202512, -0.0008128898113, -0.000409644366, -0.0002012169601, -9.524992652e-05, -4.255747878e-05, -1.71619265e-05, -5.483957272e-06, -5.177154257e-07, 1.289980677e-06], "y": [0, -1.801771333, -1.023028332, -0.5816216515, -0.3311304049, -0.1888012828, -0.1078203718, -0.06167793205, -0.0353455736, -0.02029360855, -0.01167466444, -0.006730244573, -0.003888275422, -0.002251431608, -0.001306678436, -0.0007601789646, -0.000443327646, -0.0002591884231, -0.0001519158477, -8.926819439e-05, -5.258967863e-05], "infl": [0, -1.036676902, -0.6062513318, -0.3554348294, -0.2089171746, -0.1231114614, -0.07273285689, -0.04307870572, -0.02557885246, -0.0152253492, -0.009084432967, -0.005433065295, -0.003256693344, -0.001956404397, -0.001177748187, -0.0007104252231, -0.000429353378, -0.0002599557387, -0.0001576626605, -9.57767416e-05, -5.827070139e-05], "r": [0, 0.7367598316, 0.4353607142, 0.2579119523, 0.1531717827, 0.09119102622, 0.05442114311, 0.03255346921, 0.01951681595, 0.0117264743, 0.007060488902, 0.004259619753, 0.002574743635, 0.001559127472, 0.0009457374928, 0.0005745896578, 0.0003496233912, 0.0002130377951, 0.0001299826624, 7.940488116e-05, 4.856282079e-05], "rr": [0, -0.3543921689, -0.1949662353, -0.1070271719, -0.05860664889, -0.03199995212, -0.01741398205, -0.009439422424, -0.005093139014, -0.002732973835, -0.001456825051, -0.0007703127008, -0.0004032454452, -0.0002084274059, -0.0001059670336, -5.269244774e-05, -2.539555228e-05, -1.167796922e-05, -4.966241847e-06, -1.807696102e-06, -4.100648383e-07], "u": [0, -1.792405661e-16, 0, 0, 0, 0, 0, 0, 0, 0, 0, 0, 0, 0, 0, 0, 0, 0, 0, 0, 0], "a": [0, 0, 0, 0, 0, 0, 0, 0, 0, 0, 0, 0, 0, 0, 0, 0, 0, 0, 0, 0, 0], "ytildestar": [0, 0.22679007, 0.1033822564, 0.04328253882, 0.01519866691, 0.002918392032, -0.001826314946, -0.003164154503, -0.003097110141, -0.002554496131, -0.001938086056, -0.00139947589, -0.0009781489012, -0.0006681183547, -0.0004486454612, -0.0002973575012, -0.0001950674563, -0.000126909843, -8.200957983e-05, -5.269805759e-05, -3.370377497e-05], "ybarstar": [0, 1.0810628, 0.6138169989, 0.3489729909, 0.1986782429, 0.1132807697, 0.06469222309, 0.03700675923, 0.02120734416, 0.01217616513, 0.007004798662, 0.004038146744, 0.002332965253, 0.001350858965, 0.0007840070613, 0.0004561073788, 0.0002659965876, 0.0001555130539, 9.114950862e-05, 5.356091664e-05, 3.155380718e-05], "ystar": [0, 1.30785287, 0.7171992553, 0.3922555297, 0.2138769098, 0.1161991617, 0.06286590815, 0.03384260473, 0.01811023402, 0.009621668997, 0.005066712606, 0.002638670853, 0.001354816352, 0.0006827406101, 0.0003353616002, 0.0001587498775, 7.09291313e-05, 2.860321083e-05, 9.139928787e-06, 8.628590429e-07, -2.149967795e-06], "infstar": [0, 0.1603069846, 0.06361236995, 0.01943853697, 0.0008718323845, -0.00570800892, -0.007030793435, -0.006310100946, -0.005002173036, -0.003710097576, -0.002640194936, -0.001826700004, -0.001238476364, -0.0008269570313, -0.0005456797011, -0.0003567030545, -0.0002314011383, -0.0001491764529, -9.566765511e-05, -6.108270414e-05, -3.885500446e-05], "rstar": [0, 0.03722691658, 0.04388367487, 0.03883109271, 0.03056836485, 0.02257892521, 0.01602400469, 0.01106541948, 0.0074915375, 0.004996811829, 0.003294392578, 0.002152013082, 0.001395271444, 0.0008990637763, 0.0005763484678, 0.0003678698326, 0.0002339375337, 0.000148296943, 9.375197679e-05, 5.912923549e-05, 3.721603557e-05], "rrstar": [0, 0.4672458012, 0.264844008, 0.150294748, 0.08539747328, 0.04858854656, 0.02768546386, 0.01579941507, 0.009031179034, 0.005171366466, 0.002966651918, 0.00170518149, 0.0009821062887, 0.0005668519034, 0.0003278996826, 0.0001901107912, 0.0001104835337, 6.436354526e-05, 3.758859198e-05, 2.200710946e-05, 1.291732745e-05], "ustar": [0, 4.008968207e-17, 0, 0, 0, 0, 0, 0, 0, 0, 0, 0, 0, 0, 0, 0, 0, 0, 0, 0, 0], "astar": [0, 0, 0, 0, 0, 0, 0, 0, 0, 0, 0, 0, 0, 0, 0, 0, 0, 0, 0, 0, 0], "interest": [0, 0.7367598316, 0.4353607142, 0.2579119523, 0.1531717827, 0.09119102622, 0.05442114311, 0.03255346921, 0.01951681595, 0.0117264743, 0.007060488902, 0.004259619753, 0.002574743635, 0.001559127472, 0.0009457374928, 0.0005745896578, 0.0003496233912, 0.0002130377951, 0.0001299826624, 7.940488116e-05, 4.856282079e-05], "inflation": [0, -0.2591692254, -0.4107320584, -0.4995907657, -0.5518200594, -0.3234286993, -0.1900490805, -0.1119600496, -0.06612546911, -0.03915394107, -0.02324183509, -0.01383042498, -0.008249885203, -0.004932649001, -0.002955977806, -0.001775317788, -0.001068482796, -0.0006443706318, -0.0003893492501, -0.0002356871297, -0.0001429164605], "inflationq": [0, -1.036676902, -0.6062513318, -0.3554348294, -0.2089171746, -0.1231114614, -0.07273285689, -0.04307870572, -0.02557885246, -0.0152253492, -0.009084432967, -0.005433065295, -0.003256693344, -0.001956404397, -0.001177748187, -0.0007104252231, -0.000429353378, -0.0002599557387, -0.0001576626605, -9.57767416e-05, -5.827070139e-05], "outputgap": [0, -1.017059611, -0.5927087784, -0.3462683337, -0.202804259, -0.1190817857, -0.07010082693, -0.04137236921, -0.02447943319, -0.01452060715, -0.008634636873, -0.005147042061, -0.003075385611, -0.001841787242, -0.001105461475, -0.0006649290381, -0.0004007701672, -0.0002420264966, -0.0001464318904, -8.875047897e-05, -5.38796593e-05], "output": [0, -1.801771333, -1.023028332, -0.5816216515, -0.3311304049, -0.1888012828, -0.1078203718, -0.06167793205, -0.0353455736, -0.02029360855, -0.01167466444, -0.006730244573, -0.003888275422, -0.002251431608, -0.001306678436, -0.0007601789646, -0.000443327646, -0.0002591884231, -0.0001519158477, -8.926819439e-05, -5.258967863e-05], "AUX_ENDO_LEAD_74": [0, -0.6062513318, -0.3554348294, -0.2089171746, -0.1231114614, -0.07273285689, -0.04307870572, -0.02557885246, -0.0152253492, -0.009084432967, -0.005433065295, -0.003256693344, -0.001956404397, -0.001177748187, -0.0007104252231, -0.000429353378, -0.0002599557387, -0.0001576626605, -9.57767416e-05, -5.827070139e-05, -3.550237132e-05], "AUX_ENDO_LEAD_78": [0, -0.3554348294, -0.2089171746, -0.1231114614, -0.07273285689, -0.04307870572, -0.02557885246, -0.0152253492, -0.009084432967, -0.005433065295, -0.003256693344, -0.001956404397, -0.001177748187, -0.0007104252231, -0.000429353378, -0.0002599557387, -0.0001576626605, -9.57767416e-05, -5.827070139e-05, -3.550237132e-05, -2.165909964e-05], "AUX_ENDO_LEAD_82": [0, -0.2089171746, -0.1231114614, -0.07273285689, -0.04307870572, -0.02557885246, -0.0152253492, -0.009084432967, -0.005433065295, -0.003256693344, -0.001956404397, -0.001177748187, -0.0007104252231, -0.000429353378, -0.0002599557387, -0.0001576626605, -9.57767416e-05, -5.827070139e-05, -3.550237132e-05, -2.165909964e-05, -1.322999411e-05], "AUX_ENDO_LEAD_109": [0, -0.5927087784, -0.3462683337, -0.202804259, -0.1190817857, -0.07010082693, -0.04137236921, -0.02447943319, -0.01452060715, -0.008634636873, -0.005147042061, -0.003075385611, -0.001841787242, -0.001105461475, -0.0006649290381, -0.0004007701672, -0.0002420264966, -0.0001464318904, -8.875047897e-05, -5.38796593e-05, -3.276084506e-05], "AUX_ENDO_LEAD_113": [0, -0.3462683337, -0.202804259, -0.1190817857, -0.07010082693, -0.04137236921, -0.02447943319, -0.01452060715, -0.008634636873, -0.005147042061, -0.003075385611, -0.001841787242, -0.001105461475, -0.0006649290381, -0.0004007701672, -0.0002420264966, -0.0001464318904, -8.875047897e-05, -5.38796593e-05, -3.276084506e-05, -1.994890596e-05],