{"interest_": {"ytilde": [0, -0.4004237921, -0.170308897, -0.07279854686, -0.03127500926, -0.01350395815, -0.005859914283, -0.002555316035, -0.001119588572, -0.0004927800101, -0.0002178384943, -9.669369145e-05, -4.308546387e-05, -1.926703372e-05, -8.644318476e-06, -3.890087611e-06, -1.755433095e-06, -7.941331864e-07, -3.600643042e-07, -1.635853634e-07, -7.445493789e-08], "ybar": [0, -0.2907037718, -0.1125208493, -0.04327186639, -0.01650706056, -0.006232756111, -0.002322294486, -0.0008500879941, -0.0003036575566, -0.0001046770882, -3.412572123e-05, -1.007685886e-05, -2.382121546e-06, -1.922802605e-07, 2.739522184e-07, 2.714358847e-07, 1.832365622e-07, 1.077347708e-07, 5.898010629e-08, 3.091973121e-08, 1.574781822e-08], "y": [0, -0.691127564, -0.2828297463, -0.1160704133, -0.04778206982, -0.01973671427, -0.008182208769, -0.003405404029, -0.001423246129, -0.0005974570983, -0.0002519642156, -0.0001067705503, -4.546758542e-05, -1.945931398e-05, -8.370366258e-06, -3.618651726e-06, -1.572196532e-06, -6.863984156e-07, -3.010841979e-07, -1.326656322e-07, -5.870711966e-08], "infl": [0, -0.2976399405, -0.1270620165, -0.05451627767, -0.02350865452, -0.01018834652, -0.004437270512, -0.00194180872, -0.0008536891462, -0.000376968738, -0.000167155539, -7.441062481e-05, -3.324536926e-05, -1.490355994e-05, -6.7018094e-06, -3.022177833e-06, -1.366345353e-06, -6.191636196e-07, -2.811597243e-07, -1.279112395e-07, -5.828874182e-08], "r": [0, 0.6152146413, 0.2662761401, 0.1158206901, 0.05062155345, 0.02222844335, 0.009804377781, 0.004342790266, 0.001931285042, 0.000862059157, 0.0003861197244, 0.0001734928037, 7.818031936e-05, 3.53228191e-05, 1.599726196e-05, 7.260472034e-06, 3.301537805e-06, 1.503870469e-06, 6.860648987e-07, 3.134048732e-07, 1.433389785e-07], "rr": [0, -0.1781829225, -0.06924898292, -0.02676480583, -0.01027430445, -0.003910461626, -0.001472206492, -0.0005464304375, -0.0001989804685, -7.055136693e-05, -2.404886237e-05, -7.694737314e-06, -2.189841286e-06, -4.662324789e-07, 2.516333658e-09, 8.819932249e-08, 7.550179144e-08, 4.875466451e-08, 2.806037508e-08, 1.517191299e-08, 7.889708118e-09], "u": [0, -3.177664574e-17, 0, 0, 0, 0, 0, 0, 0, 0, 0, 0, 0, 0, 0, 0, 0, 0, 0, 0, 0], "a": [0, 0, 0, 0, 0, 0, 0, 0, 0, 0, 0, 0, 0, 0, 0, 0, 0, 0, 0, 0, 0], "ytildestar": [0, 0.06982974804, 0.01783690105, 0.002477529369, -0.001157474291, -0.001454101707, -0.001038834451, -0.0006264290938, -0.0003478517496, -0.0001840124453, -9.430232728e-05, -4.726756542e-05, -2.331034867e-05, -1.135512129e-05, -5.478806785e-06, -2.623584177e-06, -1.24871219e-06, -5.913970007e-07, -2.789506959e-07, -1.311322647e-07, -6.14706355e-08], "ybarstar": [0, 0.4146765384, 0.1696978478, 0.06964224795, 0.02866924189, 0.01184202856, 0.004909325261, 0.002043242417, 0.0008539476773, 0.000358474259, 0.0001511785293, 6.406233019e-05, 2.728055125e-05, 1.167558839e-05, 5.022219755e-06, 2.171191036e-06, 9.433179195e-07, 4.118390493e-07, 1.806505187e-07, 7.959937931e-08, 3.52242718e-08], "ystar": [0, 0.4845062864, 0.1875347489, 0.07211977732, 0.0275117676, 0.01038792685, 0.00387049081, 0.001416813324, 0.0005060959277, 0.0001744618136, 5.687620206e-05, 1.679476477e-05, 3.970202577e-06, 3.204671008e-07, -4.565870306e-07, -4.523931412e-07, -3.053942704e-07, -1.795579513e-07, -9.830017715e-08, -5.153288535e-08, -2.624636371e-08], "infstar": [0, 0.03654610096, 0.006643940158, -0.00102127597, -0.002105605042, -0.001625106726, -0.001011166407, -0.0005710437255, -0.0003052537772, -0.0001575428297, -7.936446654e-05, -3.928591018e-05, -1.919216837e-05, -9.280953265e-06, -4.452236073e-06, -2.122136189e-06, -1.006243751e-06, -4.750889927e-07, -2.23516276e-07, -1.048484198e-07, -4.90614373e-08], "rstar": [0, 0.04365124279, 0.03759683714, 0.02432738638, 0.01401559694, 0.007582605915, 0.003944660549, 0.001998350339, 0.0009932878056, 0.0004867717353, 0.0002359693364, 0.0001134184775, 5.414491913e-05, 2.570639057e-05, 1.214978296e-05, 5.721117313e-06, 2.685650634e-06, 1.257457474e-06, 5.874764445e-07, 2.739601869e-07, 1.275573812e-07], "rrstar": [0, 0.2449786906, 0.1000555999, 0.04097300606, 0.01682721333, 0.006932703298, 0.002866082844, 0.00118929474, 0.0004954734184, 0.0002072957296, 8.711619916e-05, 3.678177894e-05, 1.560496286e-05, 6.653368634e-06, 2.851028719e-06, 1.227873116e-06, 5.314788701e-07, 2.311885306e-07, 1.010511394e-07, 4.437510752e-08, 1.95737421e-08], "ustar": [0, -1.973339488e-17, 0, 0, 0, 0, 0, 0, 0, 0, 0, 0, 0, 0, 0, 0, 0, 0, 0, 0, 0], "astar": [0, 0, 0, 0, 0, 0, 0, 0, 0, 0, 0, 0, 0, 0, 0, 0, 0, 0, 0, 0, 0], "interest": [0, 0.6152146413, 0.2662761401, 0.1158206901, 0.05062155345, 0.02222844335, 0.009804377781, 0.004342790266, 0.001931285042, 0.000862059157, 0.0003861197244, 0.0001734928037, 7.818031936e-05, 3.53228191e-05, 1.599726196e-05, 7.260472034e-06, 3.301537805e-06, 1.503870469e-06, 6.860648987e-07, 3.134048732e-07, 1.433389785e-07], "inflation": [0, -0.07440998512, -0.1061754893, -0.1198045587, -0.1256817223, -0.05381882381, -0.02316263731, -0.01001902007, -0.004355278723, -0.001902434279, -0.0008349055357, -0.000368056012, -0.0001629450678, -7.242877326e-05, -3.231534085e-05, -1.446822911e-05, -6.498473133e-06, -2.927374051e-06, -1.322211632e-06, -5.986449842e-07, -2.716308313e-07], "inflationq": [0, -0.2976399405, -0.1270620165, -0.05451627767, -0.02350865452, -0.01018834652, -0.004437270512, -0.00194180872, -0.0008536891462, -0.000376968738, -0.000167155539, -7.441062481e-05, -3.324536926e-05, -1.490355994e-05, -6.7018094e-06, -3.022177833e-06, -1.366345353e-06, -6.191636196e-07, -2.811597243e-07, -1.279112395e-07, -5.828874182e-08], "outputgap": [0, -0.4004237921, -0.170308897, -0.07279854686, -0.03127500926, -0.01350395815, -0.005859914283, -0.002555316035, -0.001119588572, -0.0004927800101, -0.0002178384943, -9.669369145e-05, -4.308546387e-05, -1.926703372e-05, -8.644318476e-06, -3.890087611e-06, -1.755433095e-06, -7.941331864e-07, -3.600643042e-07, -1.635853634e-07, -7.445493789e-08], "output": [0, -0.691127564, -0.2828297463, -0.1160704133, -0.04778206982, -0.01973671427, -0.008182208769, -0.003405404029, -0.001423246129, -0.0005974570983, -0.0002519642156, -0.0001067705503, -4.546758542e-05, -1.945931398e-05, -8.370366258e-06, -3.618651726e-06, -1.572196532e-06, -6.863984156e-07, -3.010841979e-07, -1.326656322e-07, -5.870711966e-08], "AUX_ENDO_LEAD_74": [0, -0.1270620165, -0.05451627767, -0.02350865452, -0.01018834652, -0.004437270512, -0.00194180872, -0.0008536891462, -0.000376968738, -0.000167155539, -7.441062481e-05, -3.324536926e-05, -1.490355994e-05, -6.7018094e-06, -3.022177833e-06, -1.366345353e-06, -6.191636196e-07, -2.811597243e-07, -1.279112395e-07, -5.828874182e-08, -2.660117607e-08], "AUX_ENDO_LEAD_78": [0, -0.05451627767, -0.02350865452, -0.01018834652, -0.004437270512, -0.00194180872, -0.0008536891462, -0.000376968738, -0.000167155539, -7.441062481e-05, -3.324536926e-05, -1.490355994e-05, -6.7018094e-06, -3.022177833e-06, -1.366345353e-06, -6.191636196e-07, -2.811597243e-07, -1.279112395e-07, -5.828874182e-08, -2.660117607e-08, -1.215581923e-08], "AUX_ENDO_LEAD_82": [0, -0.02350865452, -0.01018834652, -0.004437270512, -0.00194180872, -0.0008536891462, -0.000376968738, -0.000167155539, -7.441062481e-05, -3.324536926e-05, -1.490355994e-05, -6.7018094e-06, -3.022177833e-06, -1.366345353e-06, -6.191636196e-07, -2.811597243e-07, -1.279112395e-07, -5.828874182e-08, -2.660117607e-08, -1.215581923e-08, -5.561205189e-09], "AUX_ENDO_LEAD_109": [0, -0.170308897, -0.07279854686, -0.03127500926, -0.01350395815, -0.005859914283, -0.002555316035, -0.001119588572, -0.0004927800101, -0.0002178384943, -9.669369145e-05, -4.308546387e-05, -1.926703372e-05, -8.644318476e-06, -3.890087611e-06, -1.755433095e-06, -7.941331864e-07, -3.600643042e-07, -1.635853634e-07, -7.445493789e-08, -3.394232628e-08],