{"interest_": {"ytilde": [0, -0.567318698, -0.3721345351, -0.2441975738, -0.1603067951, -0.1052767172, -0.06916446439, -0.04545737132, -0.02988797106, -0.0196589099, -0.01293579857, -0.008515255194, -0.005607539827, -0.00369416996, -0.002434616636, -0.001605139479, -0.001058674835, -0.0006985203229, -0.0004610638189, -0.0003044439596, -0.0002011021289], "ybar": [0, -0.3924151795, -0.2505991639, -0.1599574047, -0.1020486207, -0.0650689956, -0.04146581586, -0.02640822321, -0.01680750712, -0.0106896456, -0.00679357162, -0.004314046764, -0.002737147119, -0.001735043146, -0.001098729145, -0.0006950328901, -0.0004391539501, -0.0002771296739, -0.0001746454046, -0.0001098971648, -6.90417072e-05], "y": [0, -0.9597338775, -0.622733699, -0.4041549785, -0.2623554158, -0.1703457128, -0.1106302803, -0.07186559452, -0.04669547817, -0.03034855549, -0.01972937019, -0.01282930196, -0.008344686946, -0.005429213107, -0.003533345781, -0.002300172369, -0.001497828785, -0.0009756499968, -0.0006357092235, -0.0004143411244, -0.0002701438361], "infl": [0, -0.6953730223, -0.4564633816, -0.2997531754, -0.1969209259, -0.1294167606, -0.08508636645, -0.05596291295, -0.0368223479, -0.02423780504, -0.01596046082, -0.01051398714, -0.006928811564, -0.004567921604, -0.00301263333, -0.001987653559, -0.001311900201, -0.0008662143953, -0.0005721542997, -0.0003780616944, -0.0002499035303], "r": [0, 0.1824572544, 0.1213529106, 0.08073340487, 0.05372392601, 0.03575946497, 0.02380786669, 0.01585453706, 0.01056057807, 0.007035910517, 0.004688661511, 0.003125150259, 0.002083453888, 0.001389265966, 0.0009265588159, 0.0006180794317, 0.0004123793782, 0.0002751874469, 0.0001836695029, 0.0001226083349, 8.186066178e-05], "rr": [0, -0.1418160156, -0.09064175925, -0.057908784, -0.0369796251, -0.02360317974, -0.01505759265, -0.009600716089, -0.006117861521, -0.003896073977, -0.002479524856, -0.001576899645, -0.001002103973, -0.0006363140011, -0.0004036962551, -0.0002558789399, -0.0001620242762, -0.0001024842693, -6.474823986e-05, -4.085545758e-05, -2.574401155e-05], "u": [0, -1.389005574e-16, 0, 0, 0, 0, 0, 0, 0, 0, 0, 0, 0, 0, 0, 0, 0, 0, 0, 0, 0], "a": [0, 0, 0, 0, 0, 0, 0, 0, 0, 0, 0, 0, 0, 0, 0, 0, 0, 0, 0, 0, 0], "ytildestar": [0, 0.0781849727, 0.04402505383, 0.02410268741, 0.01266778502, 0.00624089833, 0.002731524952, 0.00089434863, -4.775041312e-06, -0.000393057302, -0.000515002747, -0.0005075032347, -0.0004449003024, -0.0003657892869, -0.0002887922268, -0.0002217152711, -0.000166774021, -0.0001235072082, -9.034985972e-05, -6.544273334e-05, -4.701678966e-05], "ybarstar": [0, 0.5758403265, 0.3736402194, 0.2424929871, 0.1574132495, 0.1022074277, 0.06637816815, 0.04311935671, 0.0280172869, 0.0182091333, 0.01183762211, 0.007697581174, 0.005006812167, 0.003257527864, 0.002120007469, 0.001380103421, 0.0008986972713, 0.0005853899981, 0.0003814255341, 0.0002486046746, 0.0001620863017], "ystar": [0, 0.6540252992, 0.4176652732, 0.2665956745, 0.1700810345, 0.108448326, 0.0691096931, 0.04401370534, 0.02801251186, 0.01781607599, 0.01132261937, 0.00719007794, 0.004561911865, 0.002891738577, 0.001831215242, 0.00115838815, 0.0007319232502, 0.0004618827899, 0.0002910756744, 0.0001831619413, 0.000115069512], "infstar": [0, 0.07044568432, 0.0372639396, 0.01855540808, 0.008294280873, 0.002886555355, 0.0002102725471, -0.0009717241529, -0.001369241185, -0.001381001916, -0.001224560428, -0.001013675167, -0.0008039108037, -0.0006191660848, -0.000466850016, -0.0003463737562, -0.0002537585378, -0.0001840249364, -0.0001323431915, -9.451317512e-05, -6.709831858e-05], "rstar": [0, 0.1028243712, 0.07001317472, 0.04763440894, 0.0323848304, 0.02200203855, 0.014938382, 0.01013633394, 0.00687402265, 0.004659168975, 0.003156363821, 0.002137269932, 0.001446562281, 0.0009786586197, 0.0006618381142, 0.0004474126123, 0.0003023495881, 0.0002042506664, 0.0001379361899, 9.31238291e-05, 6.285184683e-05], "rrstar": [0, 0.2022001071, 0.1311472323, 0.08507973761, 0.05520582182, 0.03582925952, 0.02325881144, 0.01510206981, 0.009808153608, 0.006371511183, 0.004140040939, 0.002690769007, 0.001749284303, 0.001137520395, 0.0007399040476, 0.0004814061499, 0.0003133072732, 0.000203964464, 0.0001328208595, 8.651837298e-05, 5.637456248e-05], "ustar": [0, 3.859800661e-17, 0, 0, 0, 0, 0, 0, 0, 0, 0, 0, 0, 0, 0, 0, 0, 0, 0, 0, 0], "astar": [0, 0, 0, 0, 0, 0, 0, 0, 0, 0, 0, 0, 0, 0, 0, 0, 0, 0, 0, 0, 0], "interest": [0, 0.1824572544, 0.1213529106, 0.08073340487, 0.05372392601, 0.03575946497, 0.02380786669, 0.01585453706, 0.01056057807, 0.007035910517, 0.004688661511, 0.003125150259, 0.002083453888, 0.001389265966, 0.0009265588159, 0.0006180794317, 0.0004123793782, 0.0002751874469, 0.0001836695029, 0.0001226083349, 8.186066178e-05], "inflation": [0, -0.1738432556, -0.287959101, -0.3628973948, -0.4121276263, -0.2706385608, -0.1777943071, -0.1168467415, -0.07682209697, -0.05052735808, -0.03324588168, -0.02188365022, -0.01441026614, -0.00949279528, -0.006255838408, -0.004124255014, -0.002720027174, -0.001794600371, -0.001184480614, -0.0007820826477, -0.0005165834799], "inflationq": [0, -0.6953730223, -0.4564633816, -0.2997531754, -0.1969209259, -0.1294167606, -0.08508636645, -0.05596291295, -0.0368223479, -0.02423780504, -0.01596046082, -0.01051398714, -0.006928811564, -0.004567921604, -0.00301263333, -0.001987653559, -0.001311900201, -0.0008662143953, -0.0005721542997, -0.0003780616944, -0.0002499035303], "outputgap": [0, -0.567318698, -0.3721345351, -0.2441975738, -0.1603067951, -0.1052767172, -0.06916446439, -0.04545737132, -0.02988797106, -0.0196589099, -0.01293579857, -0.008515255194, -0.005607539827, -0.00369416996, -0.002434616636, -0.001605139479, -0.001058674835, -0.0006985203229, -0.0004610638189, -0.0003044439596, -0.0002011021289], "output": [0, -0.9597338775, -0.622733699, -0.4041549785, -0.2623554158, -0.1703457128, -0.1106302803, -0.07186559452, -0.04669547817, -0.03034855549, -0.01972937019, -0.01282930196, -0.008344686946, -0.005429213107, -0.003533345781, -0.002300172369, -0.001497828785, -0.0009756499968, -0.0006357092235, -0.0004143411244, -0.0002701438361], "AUX_ENDO_LEAD_74": [0, -0.4564633816, -0.2997531754, -0.1969209259, -0.1294167606, -0.08508636645, -0.05596291295, -0.0368223479, -0.02423780504, -0.01596046082, -0.01051398714, -0.006928811564, -0.004567921604, -0.00301263333, -0.001987653559, -0.001311900201, -0.0008662143953, -0.0005721542997, -0.0003780616944, -0.0002499035303, -0.000165249697], "AUX_ENDO_LEAD_78": [0, -0.2997531754, -0.1969209259, -0.1294167606, -0.08508636645, -0.05596291295, -0.0368223479, -0.02423780504, -0.01596046082, -0.01051398714, -0.006928811564, -0.004567921604, -0.00301263333, -0.001987653559, -0.001311900201, -0.0008662143953, -0.0005721542997, -0.0003780616944, -0.0002499035303, -0.000165249697, -0.0001093114816], "AUX_ENDO_LEAD_82": [0, -0.1969209259, -0.1294167606, -0.08508636645, -0.05596291295, -0.0368223479, -0.02423780504, -0.01596046082, -0.01051398714, -0.006928811564, -0.004567921604, -0.00301263333, -0.001987653559, -0.001311900201, -0.0008662143953, -0.0005721542997, -0.0003780616944, -0.0002499035303, -0.000165249697, -0.0001093114816, -7.233456744e-05], "AUX_ENDO_LEAD_109": [0, -0.3721345351, -0.2441975738, -0.1603067951, -0.1052767172, -0.06916446439, -0.04545737132, -0.02988797106, -0.0196589099, -0.01293579857, -0.008515255194, -0.005607539827, -0.00369416996, -0.002434616636, -0.001605139479, -0.001058674835, -0.0006985203229, -0.0004610638189, -0.0003044439596, -0.0002011021289, -0.0001328885363], "AUX_ENDO_LEAD_113": [0, -0.2441975738, -0.1603067951, -0.1052767172, -0.06916446439, -0.04545737132, -0.02988797106, -0.0196589099, -0.01293579857, -0.008515255194, -0.005607539827, -0.00369416996, -0.002434616636, -0.001605139479, -0.001058674835, -0.0006985203229, -0.0004610638189, -0.0003044439596, -0.0002011021289, -0.0001328885363, -8.78452657e-05],