{"interest_": {"pih": [0, -0.09909765541, -0.04429590342, -0.01979993423, -0.00885042104, -0.003956071352, -0.001768334012, -0.0007904319458, -0.0003533171091, -0.000157930079, -7.059355235e-05, -3.155478466e-05, -1.410475039e-05, -6.304716882e-06, -2.818160823e-06, -1.2596966e-06, -5.63074865e-07, -2.516902114e-07, -1.125036233e-07, -5.028826981e-08, -2.247847675e-08], "x": [0, -0.1609225489, -0.07193116379, -0.03215268687, -0.01437200816, -0.006424179087, -0.002871559526, -0.001283565417, -0.000573744046, -0.0002564592547, -0.0001146353496, -5.124113538e-05, -2.290440046e-05, -1.023809399e-05, -4.576350679e-06, -2.045594186e-06, -9.143651493e-07, -4.087143149e-07, -1.826922115e-07, -8.166203854e-08, -3.650231438e-08], "y": [0, -0.1609225489, -0.07193116379, -0.03215268687, -0.01437200816, -0.006424179087, -0.002871559526, -0.001283565417, -0.000573744046, -0.0002564592547, -0.0001146353496, -5.124113538e-05, -2.290440046e-05, -1.023809399e-05, -4.576350679e-06, -2.045594186e-06, -9.143651493e-07, -4.087143149e-07, -1.826922115e-07, -8.166203854e-08, -3.650231438e-08], "ynat": [0, -1.010877685e-17, 4.602212216e-18, -3.719831465e-18, 1.613137753e-17, 4.796840482e-19, 2.144151462e-19, 9.584195073e-20, 4.284062802e-20, 1.914943712e-20, 8.559653745e-21, 3.826100568e-21, 1.710238053e-21, 7.64463491e-22, 3.41709406e-22, 1.527415233e-22, 6.827430717e-23, 3.051809959e-23, 1.364135999e-23, 6.097584875e-24, 2.72557438e-24], "rnat": [0, 5.105873712e-17, 1.361689309e-17, -1.056911577e-17, -2.296654638e-17, 6.835001582e-19, 3.055194078e-19, 1.365648675e-19, 6.104346421e-20, 2.72859674e-20, 1.219662132e-20, 5.451797601e-21, 2.436912347e-21, 1.089281411e-21, 4.869005629e-22, 2.176408737e-22, 9.728382657e-23, 4.348513563e-23, 1.943752716e-23, 8.688427814e-24, 3.883661604e-24], "r": [0, 0.04469548165, 0.01997854269, 0.008930257669, 0.003991757722, 0.00178428555, 0.0007975621628, 0.0003565042623, 0.0001593547123, 7.12303527e-05, 3.183942961e-05, 1.423198453e-05, 6.361589582e-06, 2.84358249e-06, 1.271059894e-06, 5.681541713e-07, 2.539606229e-07, 1.135184801e-07, 5.074190314e-08, 2.268124742e-08, 1.013834627e-08], "s": [0, -0.1609225489, -0.07193116379, -0.03215268687, -0.01437200816, -0.006424179087, -0.002871559526, -0.001283565417, -0.000573744046, -0.0002564592547, -0.0001146353496, -5.124113538e-05, -2.290440046e-05, -1.023809399e-05, -4.576350679e-06, -2.045594186e-06, -9.143651493e-07, -4.087143149e-07, -1.826922115e-07, -8.166203854e-08, -3.650231438e-08], "pi": [0, -0.163466675, -0.008699349391, -0.003888543466, -0.001738149557, -0.0007769397224, -0.0003472861872, -0.0001552343024, -6.938856059e-05, -3.101616244e-05, -1.386399033e-05, -6.197098953e-06, -2.770056421e-06, -1.238194296e-06, -5.534634975e-07, -2.473940027e-07, -1.105832505e-07, -4.942987767e-08, -2.209478194e-08, -9.876200631e-09, -4.414587081e-09], "p": [0, -0.163466675, -0.1721660243, -0.1760545678, -0.1777927174, -0.1785696571, -0.1789169433, -0.1790721776, -0.1791415661, -0.1791725823, -0.1791864463, -0.1791926434, -0.1791954134, -0.1791966516, -0.1791972051, -0.1791974525, -0.1791975631, -0.1791976125, -0.1791976346, -0.1791976445, -0.1791976489], "ph": [0, -0.09909765541, -0.1433935588, -0.1631934931, -0.1720439141, -0.1759999855, -0.1777683195, -0.1785587514, -0.1789120685, -0.1790699986, -0.1791405922, -0.1791721469, -0.1791862517, -0.1791925564, -0.1791953746, -0.1791966343, -0.1791971973, -0.179197449, -0.1791975615, -0.1791976118, -0.1791976343], "e": [0, -0.2600202043, -0.2153247226, -0.1953461799, -0.1864159223, -0.1824241645, -0.180639879, -0.1798423168, -0.1794858126, -0.1793264579, -0.1792552275, -0.1792233881, -0.1792091561, -0.1792027945, -0.1791999509, -0.1791986799, -0.1791981117, -0.1791978577, -0.1791977442, -0.1791976935, -0.1791976708], "ystar": [0, 0, 0, 0, 0, 0, 0, 0, 0, 0, 0, 0, 0, 0, 0, 0, 0, 0, 0, 0, 0], "a": [0, 0, 0, 0, 0, 0, 0, 0, 0, 0, 0, 0, 0, 0, 0, 0, 0, 0, 0, 0, 0], "pistar": [0, 0, 0, 0, 0, 0, 0, 0, 0, 0, 0, 0, 0, 0, 0, 0, 0, 0, 0, 0, 0], "tar": [0, 0, 0, 0, 0, 0, 0, 0, 0, 0, 0, 0, 0, 0, 0, 0, 0, 0, 0, 0, 0], "pf": [0, -0.2600202043, -0.2153247226, -0.1953461799, -0.1864159223, -0.1824241645, -0.180639879, -0.1798423168, -0.1794858126, -0.1793264579, -0.1792552275, -0.1792233881, -0.1792091561, -0.1792027945, -0.1791999509, -0.1791986799, -0.1791981117, -0.1791978577, -0.1791977442, -0.1791976935, -0.1791976708], "interest": [0, 0.1787819266, 0.07991417074, 0.03572103068, 0.01596703089, 0.007137142198, 0.003190248651, 0.001426017049, 0.0006374188493, 0.0002849214108, 0.0001273577184, 5.692793812e-05, 2.544635833e-05, 1.137432996e-05, 5.084239574e-06, 2.272616685e-06, 1.015842492e-06, 4.540739205e-07, 2.029676125e-07, 9.072498966e-08, 4.055338507e-08], "inflation": [0, -0.163466675, -0.1721660243, -0.1760545678, -0.1777927174, -0.01510298214, -0.006750918932, -0.003017609768, -0.001348848773, -0.0006029252126, -0.0002695030158, -0.0001204658123, -5.384730815e-05, -2.406934e-05, -1.075881317e-05, -4.809108218e-06, -2.149635047e-06, -9.608706284e-07, -4.295019128e-07, -1.919841107e-07, -8.581544732e-08], "inflationq": [0, -0.6538666998, -0.03479739756, -0.01555417386, -0.006952598226, -0.00310775889, -0.001389144749, -0.0006209372096, -0.0002775542423, -0.0001240646498, -5.545596131e-05, -2.478839581e-05, -1.108022568e-05, -4.952777185e-06, -2.21385399e-06, -9.895760109e-07, -4.42333002e-07, -1.977195107e-07, -8.837912776e-08, -3.950480253e-08, -1.765834832e-08], "outputgap": [0, -0.1609225489, -0.07193116379, -0.03215268687, -0.01437200816, -0.006424179087, -0.002871559526, -0.001283565417, -0.000573744046, -0.0002564592547, -0.0001146353496, -5.124113538e-05, -2.290440046e-05, -1.023809399e-05, -4.576350679e-06, -2.045594186e-06, -9.143651493e-07, -4.087143149e-07, -1.826922115e-07, -8.166203854e-08, -3.650231438e-08], "output": [0, -0.1609225489, -0.07193116379, -0.03215268687, -0.01437200816, -0.006424179087, -0.002871559526, -0.001283565417, -0.000573744046, -0.0002564592547, -0.0001146353496, -5.124113538e-05, -2.290440046e-05, -1.023809399e-05, -4.576350679e-06, -2.045594186e-06, -9.143651493e-07, -4.087143149e-07, -1.826922115e-07, -8.166203854e-08, -3.650231438e-08], "AUX_ENDO_LEAD_79": [0, -0.03479739756, -0.01555417386, -0.006952598226, -0.00310775889, -0.001389144749, -0.0006209372096, -0.0002775542423, -0.0001240646498, -5.545596131e-05, -2.478839581e-05, -1.108022568e-05, -4.952777185e-06, -2.21385399e-06, -9.895760109e-07, -4.42333002e-07, -1.977195107e-07, -8.837912776e-08, -3.950480253e-08, -1.765834832e-08, -7.893148316e-09], "AUX_ENDO_LEAD_83": [0, -0.01555417386, -0.006952598226, -0.00310775889, -0.001389144749, -0.0006209372096, -0.0002775542423, -0.0001240646498, -5.545596131e-05, -2.478839581e-05, -1.108022568e-05, -4.952777185e-06, -2.21385399e-06, -9.895760109e-07, -4.42333002e-07, -1.977195107e-07, -8.837912776e-08, -3.950480253e-08, -1.765834832e-08, -7.893148316e-09, -3.528177675e-09], "AUX_ENDO_LEAD_87": [0, -0.006952598226, -0.00310775889, -0.001389144749, -0.0006209372096, -0.0002775542423, -0.0001240646498, -5.545596131e-05, -2.478839581e-05, -1.108022568e-05, -4.952777185e-06, -2.21385399e-06, -9.895760109e-07, -4.42333002e-07, -1.977195107e-07, -8.837912776e-08, -3.950480253e-08, -1.765834832e-08, -7.893148316e-09, -3.528177675e-09, -1.57706877e-09], "AUX_ENDO_LEAD_114": [0, -0.07193116379, -0.03215268687, -0.01437200816, -0.006424179087, -0.002871559526, -0.001283565417, -0.000573744046, -0.0002564592547, -0.0001146353496, -5.124113538e-05, -2.290440046e-05, -1.023809399e-05, -4.576350679e-06, -2.045594186e-06, -9.143651493e-07, -4.087143149e-07, -1.826922115e-07, -8.166203854e-08, -3.650231438e-08, -1.63162588e-08],