{"interest_": {"pih": [0, -0.2512039205, -0.1070436248, -0.04867757866, -0.03080107225, -0.0267711014, -0.01559671323, -0.007754677656, -0.004281088823, -0.0031006836, -0.002014676395, -0.001122578391, -0.0006138132038, -0.0003904397789, -0.0002548495521, -0.0001525070924, -8.634095907e-05, -5.17543261e-05, -3.271895777e-05, -2.014373644e-05, -1.18204841e-05], "x": [0, -0.4230432041, -0.1714326301, -0.05296975569, -0.0125187354, -0.03300423918, -0.02306898441, -0.01024293539, -0.003528727233, -0.003222120504, -0.002631295625, -0.001499864022, -0.0006620385167, -0.0004023848596, -0.0003025561625, -0.0001952506348, -0.0001022551012, -5.640127558e-05, -3.721718233e-05, -2.458915579e-05, -1.428837019e-05], "y": [0, -0.4230432041, -0.1714326301, -0.05296975569, -0.0125187354, -0.03300423918, -0.02306898441, -0.01024293539, -0.003528727233, -0.003222120504, -0.002631295625, -0.001499864022, -0.0006620385167, -0.0004023848596, -0.0003025561625, -0.0001952506348, -0.0001022551012, -5.640127558e-05, -3.721718233e-05, -2.458915579e-05, -1.428837019e-05], "ynat": [0, -2.318316885e-17, 3.344740017e-16, 2.684826136e-17, 3.033222384e-16, 3.885041181e-17, 3.321026991e-17, 2.264378142e-17, 2.810913027e-17, 1.144009069e-17, 5.161301345e-18, 3.001775971e-18, 2.855532823e-18, 1.676752453e-18, 8.28183881e-19, 4.361608163e-19, 3.238568177e-19, 2.143679746e-19, 1.198341703e-19, 6.403220136e-20, 4.066379798e-20], "rnat": [0, 9.236242938e-17, -7.79686565e-16, 5.5309847e-16, -2.843607856e-16, 5.19686585e-17, -9.611625035e-18, 2.041627985e-17, -1.286346121e-17, -1.488777584e-18, -5.746348823e-19, 1.275093496e-18, -4.738150206e-19, -3.206946053e-19, -1.242016765e-19, 6.066249608e-20, -9.709814502e-21, -2.921609078e-20, -1.806087618e-20, -5.740831373e-22, -2.658931369e-22], "r": [0, 0.1445669492, 0.06978529578, 0.009649948039, -0.04725660518, -0.005661458454, 0.005071371355, 0.002433119339, -0.00279407687, -0.001423851515, 8.853212125e-06, 0.0002240123015, -0.0001307861217, -0.000155020855, -4.520156477e-05, 6.654574584e-06, -5.900500505e-06, -1.353486451e-05, -7.515709907e-06, -1.519698498e-06, -6.802086261e-07], "s": [0, -0.4230432041, -0.1714326301, -0.05296975569, -0.0125187354, -0.03300423918, -0.02306898441, -0.01024293539, -0.003528727233, -0.003222120504, -0.002631295625, -0.001499864022, -0.0006620385167, -0.0004023848596, -0.0003025561625, -0.0001952506348, -0.0001022551012, -5.640127558e-05, -3.721718233e-05, -2.458915579e-05, -1.428837019e-05], "pi": [0, -0.4204212022, -0.006399395188, -0.001292428881, -0.01462066413, -0.03496530291, -0.01162261132, -0.002624258051, -0.001595405558, -0.002978040908, -0.001778346443, -0.0006700057495, -0.0002786830017, -0.000286578316, -0.0002149180732, -0.0001095848814, -4.914274561e-05, -3.341279586e-05, -2.504532047e-05, -1.509252583e-05, -7.70016986e-06], "p": [0, -0.4204212022, -0.4268205974, -0.4281130262, -0.4427336904, -0.4776989933, -0.4893216046, -0.4919458627, -0.4935412682, -0.4965193091, -0.4982976556, -0.4989676613, -0.4992463443, -0.4995329226, -0.4997478407, -0.4998574256, -0.4999065683, -0.4999399811, -0.4999650264, -0.499980119, -0.4999878191], "ph": [0, -0.2512039205, -0.3582475453, -0.406925124, -0.4377261962, -0.4644972976, -0.4800940108, -0.4878486885, -0.4921297773, -0.4952304609, -0.4972451373, -0.4983677157, -0.4989815289, -0.4993719687, -0.4996268182, -0.4997793253, -0.4998656663, -0.4999174206, -0.4999501396, -0.4999702833, -0.4999821038], "e": [0, -0.6742471246, -0.5296801754, -0.4598948796, -0.4502449316, -0.4975015368, -0.5031629952, -0.4980916239, -0.4956585046, -0.4984525814, -0.4998764329, -0.4998675797, -0.4996435674, -0.4997743535, -0.4999293744, -0.499974576, -0.4999679214, -0.4999738219, -0.4999873568, -0.4999948725, -0.4999963922], "ystar": [0, 0, 0, 0, 0, 0, 0, 0, 0, 0, 0, 0, 0, 0, 0, 0, 0, 0, 0, 0, 0], "a": [0, 0, 0, 0, 0, 0, 0, 0, 0, 0, 0, 0, 0, 0, 0, 0, 0, 0, 0, 0, 0], "pistar": [0, 0, 0, 0, 0, 0, 0, 0, 0, 0, 0, 0, 0, 0, 0, 0, 0, 0, 0, 0, 0], "tar": [0, 0, 0, 0, 0, 0, 0, 0, 0, 0, 0, 0, 0, 0, 0, 0, 0, 0, 0, 0, 0], "pf": [0, -0.6742471246, -0.5296801754, -0.4598948796, -0.4502449316, -0.4975015368, -0.5031629952, -0.4980916239, -0.4956585046, -0.4984525814, -0.4998764329, -0.4998675797, -0.4996435674, -0.4997743535, -0.4999293744, -0.499974576, -0.4999679214, -0.4999738219, -0.4999873568, -0.4999948725, -0.4999963922], "interest": [0, 0.5782677969, 0.2791411831, 0.03859979216, -0.1890264207, -0.02264583381, 0.02028548542, 0.009732477357, -0.01117630748, -0.005695406062, 3.54128485e-05, 0.0008960492058, -0.000523144487, -0.0006200834199, -0.0001808062591, 2.661829834e-05, -2.360200202e-05, -5.413945806e-05, -3.006283963e-05, -6.07879399e-06, -2.720834504e-06], "inflation": [0, -0.4204212022, -0.4268205974, -0.4281130262, -0.4427336904, -0.05727779112, -0.06250100725, -0.06383283642, -0.05080757784, -0.01882031583, -0.00897605096, -0.007021798658, -0.005705076102, -0.00301361351, -0.00145018514, -0.0008897642723, -0.0006602240162, -0.0004070584961, -0.0002171857433, -0.0001226933878, -8.125081202e-05], "inflationq": [0, -1.681684809, -0.02559758075, -0.005169715526, -0.05848265654, -0.1398612117, -0.04649044527, -0.01049703221, -0.006381622232, -0.01191216363, -0.007113385772, -0.002680022998, -0.001114732007, -0.001146313264, -0.000859672293, -0.0004383395254, -0.0001965709824, -0.0001336511834, -0.0001001812819, -6.037010331e-05, -3.080067944e-05], "outputgap": [0, -0.4230432041, -0.1714326301, -0.05296975569, -0.0125187354, -0.03300423918, -0.02306898441, -0.01024293539, -0.003528727233, -0.003222120504, -0.002631295625, -0.001499864022, -0.0006620385167, -0.0004023848596, -0.0003025561625, -0.0001952506348, -0.0001022551012, -5.640127558e-05, -3.721718233e-05, -2.458915579e-05, -1.428837019e-05], "output": [0, -0.4230432041, -0.1714326301, -0.05296975569, -0.0125187354, -0.03300423918, -0.02306898441, -0.01024293539, -0.003528727233, -0.003222120504, -0.002631295625, -0.001499864022, -0.0006620385167, -0.0004023848596, -0.0003025561625, -0.0001952506348, -0.0001022551012, -5.640127558e-05, -3.721718233e-05, -2.458915579e-05, -1.428837019e-05], "AUX_ENDO_LEAD_79": [0, -0.02559758075, -0.005169715526, -0.05848265654, -0.1398612117, -0.04649044527, -0.01049703221, -0.006381622232, -0.01191216363, -0.007113385772, -0.002680022998, -0.001114732007, -0.001146313264, -0.000859672293, -0.0004383395254, -0.0001965709824, -0.0001336511834, -0.0001001812819, -6.037010331e-05, -3.080067944e-05, -1.785266499e-05], "AUX_ENDO_LEAD_83": [0, -0.005169715526, -0.05848265654, -0.1398612117, -0.04649044527, -0.01049703221, -0.006381622232, -0.01191216363, -0.007113385772, -0.002680022998, -0.001114732007, -0.001146313264, -0.000859672293, -0.0004383395254, -0.0001965709824, -0.0001336511834, -0.0001001812819, -6.037010331e-05, -3.080067944e-05, -1.785266499e-05, -1.215451306e-05], "AUX_ENDO_LEAD_87": [0, -0.05848265654, -0.1398612117, -0.04649044527, -0.01049703221, -0.006381622232, -0.01191216363, -0.007113385772, -0.002680022998, -0.001114732007, -0.001146313264, -0.000859672293, -0.0004383395254, -0.0001965709824, -0.0001336511834, -0.0001001812819, -6.037010331e-05, -3.080067944e-05, -1.785266499e-05, -1.215451306e-05, -7.800090455e-06], "AUX_ENDO_LEAD_114": [0, -0.1714326301, -0.05296975569, -0.0125187354, -0.03300423918, -0.02306898441, -0.01024293539, -0.003528727233, -0.003222120504, -0.002631295625, -0.001499864022, -0.0006620385167, -0.0004023848596, -0.0003025561625, -0.0001952506348, -0.0001022551012, -5.640127558e-05, -3.721718233e-05, -2.458915579e-05, -1.428837019e-05, -7.983440815e-06], "AUX_ENDO_LEAD_118": [0, -0.05296975569, -0.0125187354, -0.03300423918, -0.02306898441, -0.01024293539, -0.003528727233, -0.003222120504, -0.002631295625, -0.001499864022, -0.0006620385167, -0.0004023848596, -0.0003025561625, -0.0001952506348, -0.0001022551012, -5.640127558e-05, -3.721718233e-05, -2.458915579e-05, -1.428837019e-05, -7.983440815e-06, -4.861772173e-06],