{"interest_": {"y": [0, -1.524240076e-17, -0.0218539479, -0.3662766118, -0.4109984541, -0.4719131673, -0.4770755107, -0.4472420496, -0.4010589059, -0.3334372195, -0.2673820005, -0.1972506846, -0.131784454, -0.072711127, -0.02146957584, 0.02098156027, 0.05492678261, 0.08052478105, 0.09875758266, 0.1105328946, 0.1169174643], "pi": [0, 0, -0.00619559423, -0.1064681871, -0.1558490425, -0.1113617591, -0.2263096354, -0.2156609671, -0.2379390461, -0.2505386057, -0.2570077591, -0.2588870562, -0.2548383557, -0.2512718404, -0.2435914987, -0.2350917843, -0.2258491338, -0.2162410641, -0.2066810134, -0.1973677215, -0.1885942751], "f": [0, 0.9981413217, 0.7648242854, 0.5358025866, 0.3623536652, 0.1842369882, 0.04452525955, -0.07154087015, -0.1644789903, -0.2353604975, -0.2873450749, -0.3221076214, -0.3436104056, -0.3537826642, -0.3552712327, -0.3502932015, -0.3407127378, -0.3281325118, -0.3138157193, -0.2987882264, -0.2837882326], "interest": [0, 0.9981413217, 0.7648242854, 0.5358025866, 0.3623536652, 0.1842369882, 0.04452525955, -0.07154087015, -0.1644789903, -0.2353604975, -0.2873450749, -0.3221076214, -0.3436104056, -0.3537826642, -0.3552712327, -0.3502932015, -0.3407127378, -0.3281325118, -0.3138157193, -0.2987882264, -0.2837882326], "inflation": [0, 0, -0.001548898558, -0.02816594534, -0.06712820597, -0.09496864576, -0.1499971561, -0.177295351, -0.1978178519, -0.2326120636, -0.2402865945, -0.2510931168, -0.2553179442, -0.2555012529, -0.2521471878, -0.2461983698, -0.2389510643, -0.2301933702, -0.2209657489, -0.2115347332, -0.2022210185], "inflationq": [0, 0, -0.00619559423, -0.1064681871, -0.1558490425, -0.1113617591, -0.2263096354, -0.2156609671, -0.2379390461, -0.2505386057, -0.2570077591, -0.2588870562, -0.2548383557, -0.2512718404, -0.2435914987, -0.2350917843, -0.2258491338, -0.2162410641, -0.2066810134, -0.1973677215, -0.1885942751], "outputgap": [0, 0, -0.0218539479, -0.3662766118, -0.4109984541, -0.4719131673, -0.4770755107, -0.4472420496, -0.4010589059, -0.3334372195, -0.2673820005, -0.1972506846, -0.131784454, -0.072711127, -0.02146957584, 0.02098156027, 0.05492678261, 0.08052478105, 0.09875758266, 0.1105328946, 0.1169174643], "output": [0, 0, -0.0218539479, -0.3662766118, -0.4109984541, -0.4719131673, -0.4770755107, -0.4472420496, -0.4010589059, -0.3334372195, -0.2673820005, -0.1972506846, -0.131784454, -0.072711127, -0.02146957584, 0.02098156027, 0.05492678261, 0.08052478105, 0.09875758266, 0.1105328946, 0.1169174643], "AUX_ENDO_LEAD_73": [0, -0.00619559423, -0.1064681871, -0.1558490425, -0.1113617591, -0.2263096354, -0.2156609671, -0.2379390461, -0.2505386057, -0.2570077591, -0.2588870562, -0.2548383557, -0.2512718404, -0.2435914987, -0.2350917843, -0.2258491338, -0.2162410641, -0.2066810134, -0.1973677215, -0.1885942751, -0.1803701622], "AUX_ENDO_LEAD_77": [0, -0.1064681871, -0.1558490425, -0.1113617591, -0.2263096354, -0.2156609671, -0.2379390461, -0.2505386057, -0.2570077591, -0.2588870562, -0.2548383557, -0.2512718404, -0.2435914987, -0.2350917843, -0.2258491338, -0.2162410641, -0.2066810134, -0.1973677215, -0.1885942751, -0.1803701622, -0.1727882859], "AUX_ENDO_LEAD_81": [0, -0.1558490425, -0.1113617591, -0.2263096354, -0.2156609671, -0.2379390461, -0.2505386057, -0.2570077591, -0.2588870562, -0.2548383557, -0.2512718404, -0.2435914987, -0.2350917843, -0.2258491338, -0.2162410641, -0.2066810134, -0.1973677215, -0.1885942751, -0.1803701622, -0.1727882859, -0.1658534678], "AUX_ENDO_LEAD_108": [0, -0.0218539479, -0.3662766118, -0.4109984541, -0.4719131673, -0.4770755107, -0.4472420496, -0.4010589059, -0.3334372195, -0.2673820005, -0.1972506846, -0.131784454, -0.072711127, -0.02146957584, 0.02098156027, 0.05492678261, 0.08052478105, 0.09875758266, 0.1105328946, 0.1169174643, 0.1189801889], "AUX_ENDO_LEAD_112": [0, -0.3662766118, -0.4109984541, -0.4719131673, -0.4770755107, -0.4472420496, -0.4010589059, -0.3334372195, -0.2673820005, -0.1972506846, -0.131784454, -0.072711127, -0.02146957584, 0.02098156027, 0.05492678261, 0.08052478105, 0.09875758266, 0.1105328946, 0.1169174643, 0.1189801889, 0.1177182508], "AUX_ENDO_LEAD_116": [0, -0.4109984541, -0.4719131673, -0.4770755107, -0.4472420496, -0.4010589059, -0.3334372195, -0.2673820005, -0.1972506846, -0.131784454, -0.072711127, -0.02146957584, 0.02098156027, 0.05492678261, 0.08052478105, 0.09875758266, 0.1105328946, 0.1169174643, 0.1189801889, 0.1177182508, 0.1140444151], "AUX_ENDO_LEAD_143": [0, -0.0218539479, -0.3662766118, -0.4109984541, -0.4719131673, -0.4770755107, -0.4472420496, -0.4010589059, -0.3334372195, -0.2673820005, -0.1972506846, -0.131784454, -0.072711127, -0.02146957584, 0.02098156027, 0.05492678261, 0.08052478105, 0.09875758266, 0.1105328946, 0.1169174643, 0.1189801889], "AUX_ENDO_LEAD_147": [0, -0.3662766118, -0.4109984541, -0.4719131673, -0.4770755107, -0.4472420496, -0.4010589059, -0.3334372195, -0.2673820005, -0.1972506846, -0.131784454, -0.072711127, -0.02146957584, 0.02098156027, 0.05492678261, 0.08052478105, 0.09875758266, 0.1105328946, 0.1169174643, 0.1189801889, 0.1177182508], "AUX_ENDO_LEAD_151": [0, -0.4109984541, -0.4719131673, -0.4770755107, -0.4472420496, -0.4010589059, -0.3334372195, -0.2673820005, -0.1972506846, -0.131784454, -0.072711127, -0.02146957584, 0.02098156027, 0.05492678261, 0.08052478105, 0.09875758266, 0.1105328946, 0.1169174643, 0.1189801889, 0.1177182508, 0.1140444151], "AUX_ENDO_LAG_1_1": [0, 0, 0, -0.00619559423, -0.1064681871, -0.1558490425, -0.1113617591, -0.2263096354, -0.2156609671, -0.2379390461, -0.2505386057, -0.2570077591, -0.2588870562, -0.2548383557, -0.2512718404, -0.2435914987, -0.2350917843, -0.2258491338, -0.2162410641, -0.2066810134, -0.1973677215], "AUX_ENDO_LAG_1_2": [0, 0, -8.881784197e-16, -8.881784197e-16, -0.00619559423, -0.1064681871, -0.1558490425, -0.1113617591, -0.2263096354, -0.2156609671, -0.2379390461, -0.2505386057, -0.2570077591, -0.2588870562, -0.2548383557, -0.2512718404, -0.2435914987, -0.2350917843, -0.2258491338, -0.2162410641, -0.2066810134], "AUX_ENDO_LAG_7_1": [0, 0, 0, -0.0218539479, -0.3662766118, -0.4109984541, -0.4719131673, -0.4770755107, -0.4472420496, -0.4010589059, -0.3334372195, -0.2673820005, -0.1972506846, -0.131784454, -0.072711127, -0.02146957584, 0.02098156027, 0.05492678261, 0.08052478105, 0.09875758266, 0.1105328946], "AUX_ENDO_LAG_7_2": [0, 0, 0, 0, -0.0218539479, -0.3662766118, -0.4109984541, -0.4719131673, -0.4770755107, -0.4472420496, -0.4010589059, -0.3334372195, -0.2673820005, -0.1972506846, -0.131784454, -0.072711127, -0.02146957584, 0.02098156027, 0.05492678261, 0.08052478105, 0.09875758266], "AUX_ENDO_LAG_7_3": [0, 0, 0, 0, 0, -0.0218539479, -0.3662766118, -0.4109984541, -0.4719131673, -0.4770755107, -0.4472420496, -0.4010589059, -0.3334372195, -0.2673820005, -0.1972506846, -0.131784454, -0.072711127, -0.02146957584, 0.02098156027, 0.05492678261, 0.08052478105], "AUX_ENDO_LAG_6_1": [0, 0, 0, -0.0218539479, -0.3662766118, -0.4109984541, -0.4719131673, -0.4770755107, -0.4472420496, -0.4010589059, -0.3334372195, -0.2673820005, -0.1972506846, -0.131784454, -0.072711127, -0.02146957584, 0.02098156027, 0.05492678261, 0.08052478105, 0.09875758266, 0.1105328946], "AUX_ENDO_LAG_6_2": [0, 0, 0, 0, -0.0218539479, -0.3662766118, -0.4109984541, -0.4719131673, -0.4770755107, -0.4472420496, -0.4010589059, -0.3334372195, -0.2673820005, -0.1972506846, -0.131784454, -0.072711127, -0.02146957584, 0.02098156027, 0.05492678261, 0.08052478105, 0.09875758266], "AUX_ENDO_LAG_6_3": [0, 0, 0, 0, 0, -0.0218539479, -0.3662766118, -0.4109984541, -0.4719131673, -0.4770755107, -0.4472420496, -0.4010589059, -0.3334372195, -0.2673820005, -0.1972506846, -0.131784454, -0.072711127, -0.02146957584, 0.02098156027, 0.05492678261, 0.08052478105],