{"interest_": {"y": [0, -8.71872997e-17, -0.02067922632, -0.3414945999, -0.2987638008, -0.2658587791, -0.1692288041, -0.09972628969, 0.007918841904, 0.08768841022, 0.1470335879, 0.1813301371, 0.1983526442, 0.1932122539, 0.1731831832, 0.1435511843, 0.1092386292, 0.07354154921, 0.0404510483, 0.01235149176, -0.009507728401], "pi": [0, -5.551115123e-17, -0.005862560661, -0.09930118185, -0.1213036691, -0.04440964609, -0.130187944, -0.08718000262, -0.07776164902, -0.04876074981, -0.04379846275, -0.0186310522, -0.004443479704, 0.007398002612, 0.01385222907, 0.01962395874, 0.0207537587, 0.01957883968, 0.01675676675, 0.01317776319, 0.008927429419], "f": [0, 0.9444879424, 0.4910784288, 0.1106534196, -0.171374254, -0.2364249727, -0.3829804893, -0.4003501611, -0.3830015237, -0.3198045005, -0.2612959425, -0.1816660266, -0.1067783698, -0.04102380603, 0.009544580549, 0.0476833588, 0.07047983631, 0.07986556827, 0.07846233125, 0.06946028807, 0.05527890824], "interest": [0, 0.9444879424, 0.4910784288, 0.1106534196, -0.171374254, -0.2364249727, -0.3829804893, -0.4003501611, -0.3830015237, -0.3198045005, -0.2612959425, -0.1816660266, -0.1067783698, -0.04102380603, 0.009544580549, 0.0476833588, 0.07047983631, 0.07986556827, 0.07846233125, 0.06946028807, 0.05527890824], "inflation": [0, 0, -0.001465640165, -0.02629093563, -0.0566168529, -0.06771926443, -0.09880061027, -0.09577031547, -0.08488481045, -0.08597258637, -0.06437521605, -0.04723797844, -0.02890843611, -0.01486874801, -0.0004560750562, 0.009107677678, 0.01540698728, 0.01845219655, 0.01917833097, 0.01756678208, 0.01461019976], "inflationq": [0, -5.551115123e-17, -0.005862560661, -0.09930118185, -0.1213036691, -0.04440964609, -0.130187944, -0.08718000262, -0.07776164902, -0.04876074981, -0.04379846275, -0.0186310522, -0.004443479704, 0.007398002612, 0.01385222907, 0.01962395874, 0.0207537587, 0.01957883968, 0.01675676675, 0.01317776319, 0.008927429419], "outputgap": [0, -1.110223025e-16, -0.02067922632, -0.3414945999, -0.2987638008, -0.2658587791, -0.1692288041, -0.09972628969, 0.007918841904, 0.08768841022, 0.1470335879, 0.1813301371, 0.1983526442, 0.1932122539, 0.1731831832, 0.1435511843, 0.1092386292, 0.07354154921, 0.0404510483, 0.01235149176, -0.009507728401], "output": [0, -1.110223025e-16, -0.02067922632, -0.3414945999, -0.2987638008, -0.2658587791, -0.1692288041, -0.09972628969, 0.007918841904, 0.08768841022, 0.1470335879, 0.1813301371, 0.1983526442, 0.1932122539, 0.1731831832, 0.1435511843, 0.1092386292, 0.07354154921, 0.0404510483, 0.01235149176, -0.009507728401], "AUX_ENDO_LEAD_73": [0, -0.005862560661, -0.09930118185, -0.1213036691, -0.04440964609, -0.130187944, -0.08718000262, -0.07776164902, -0.04876074981, -0.04379846275, -0.0186310522, -0.004443479704, 0.007398002612, 0.01385222907, 0.01962395874, 0.0207537587, 0.01957883968, 0.01675676675, 0.01317776319, 0.008927429419, 0.004844906608], "AUX_ENDO_LEAD_77": [0, -0.09930118185, -0.1213036691, -0.04440964609, -0.130187944, -0.08718000262, -0.07776164902, -0.04876074981, -0.04379846275, -0.0186310522, -0.004443479704, 0.007398002612, 0.01385222907, 0.01962395874, 0.0207537587, 0.01957883968, 0.01675676675, 0.01317776319, 0.008927429419, 0.004844906608, 0.00128838002], "AUX_ENDO_LEAD_81": [0, -0.1213036691, -0.04440964609, -0.130187944, -0.08718000262, -0.07776164902, -0.04876074981, -0.04379846275, -0.0186310522, -0.004443479704, 0.007398002612, 0.01385222907, 0.01962395874, 0.0207537587, 0.01957883968, 0.01675676675, 0.01317776319, 0.008927429419, 0.004844906608, 0.00128838002, -0.001548438239], "AUX_ENDO_LEAD_108": [0, -0.02067922632, -0.3414945999, -0.2987638008, -0.2658587791, -0.1692288041, -0.09972628969, 0.007918841904, 0.08768841022, 0.1470335879, 0.1813301371, 0.1983526442, 0.1932122539, 0.1731831832, 0.1435511843, 0.1092386292, 0.07354154921, 0.0404510483, 0.01235149176, -0.009507728401, -0.02472811121], "AUX_ENDO_LEAD_112": [0, -0.3414945999, -0.2987638008, -0.2658587791, -0.1692288041, -0.09972628969, 0.007918841904, 0.08768841022, 0.1470335879, 0.1813301371, 0.1983526442, 0.1932122539, 0.1731831832, 0.1435511843, 0.1092386292, 0.07354154921, 0.0404510483, 0.01235149176, -0.009507728401, -0.02472811121, -0.03346640281], "AUX_ENDO_LEAD_116": [0, -0.2987638008, -0.2658587791, -0.1692288041, -0.09972628969, 0.007918841904, 0.08768841022, 0.1470335879, 0.1813301371, 0.1983526442, 0.1932122539, 0.1731831832, 0.1435511843, 0.1092386292, 0.07354154921, 0.0404510483, 0.01235149176, -0.009507728401, -0.02472811121, -0.03346640281, -0.03654912172], "AUX_ENDO_LEAD_143": [0, -0.02067922632, -0.3414945999, -0.2987638008, -0.2658587791, -0.1692288041, -0.09972628969, 0.007918841904, 0.08768841022, 0.1470335879, 0.1813301371, 0.1983526442, 0.1932122539, 0.1731831832, 0.1435511843, 0.1092386292, 0.07354154921, 0.0404510483, 0.01235149176, -0.009507728401, -0.02472811121], "AUX_ENDO_LEAD_147": [0, -0.3414945999, -0.2987638008, -0.2658587791, -0.1692288041, -0.09972628969, 0.007918841904, 0.08768841022, 0.1470335879, 0.1813301371, 0.1983526442, 0.1932122539, 0.1731831832, 0.1435511843, 0.1092386292, 0.07354154921, 0.0404510483, 0.01235149176, -0.009507728401, -0.02472811121, -0.03346640281], "AUX_ENDO_LEAD_151": [0, -0.2987638008, -0.2658587791, -0.1692288041, -0.09972628969, 0.007918841904, 0.08768841022, 0.1470335879, 0.1813301371, 0.1983526442, 0.1932122539, 0.1731831832, 0.1435511843, 0.1092386292, 0.07354154921, 0.0404510483, 0.01235149176, -0.009507728401, -0.02472811121, -0.03346640281, -0.03654912172], "AUX_ENDO_LAG_1_1": [0, 0, -4.996003611e-16, -0.005862560661, -0.09930118185, -0.1213036691, -0.04440964609, -0.130187944, -0.08718000262, -0.07776164902, -0.04876074981, -0.04379846275, -0.0186310522, -0.004443479704, 0.007398002612, 0.01385222907, 0.01962395874, 0.0207537587, 0.01957883968, 0.01675676675, 0.01317776319], "AUX_ENDO_LAG_1_2": [0, 0, 0, -6.661338148e-16, -0.005862560661, -0.09930118185, -0.1213036691, -0.04440964609, -0.130187944, -0.08718000262, -0.07776164902, -0.04876074981, -0.04379846275, -0.0186310522, -0.004443479704, 0.007398002612, 0.01385222907, 0.01962395874, 0.0207537587, 0.01957883968, 0.01675676675], "AUX_ENDO_LAG_7_1": [0, 0, -1.110223025e-16, -0.02067922632, -0.3414945999, -0.2987638008, -0.2658587791, -0.1692288041, -0.09972628969, 0.007918841904, 0.08768841022, 0.1470335879, 0.1813301371, 0.1983526442, 0.1932122539, 0.1731831832, 0.1435511843, 0.1092386292, 0.07354154921, 0.0404510483, 0.01235149176], "AUX_ENDO_LAG_7_2": [0, 0, 0, -1.110223025e-16, -0.02067922632, -0.3414945999, -0.2987638008, -0.2658587791, -0.1692288041, -0.09972628969, 0.007918841904, 0.08768841022, 0.1470335879, 0.1813301371, 0.1983526442, 0.1932122539, 0.1731831832, 0.1435511843, 0.1092386292, 0.07354154921, 0.0404510483], "AUX_ENDO_LAG_7_3": [0, 0, 0, 0, -1.110223025e-16, -0.02067922632, -0.3414945999, -0.2987638008, -0.2658587791, -0.1692288041, -0.09972628969, 0.007918841904, 0.08768841022, 0.1470335879, 0.1813301371, 0.1983526442, 0.1932122539, 0.1731831832, 0.1435511843, 0.1092386292, 0.07354154921], "AUX_ENDO_LAG_6_1": [0, 0, -1.110223025e-16, -0.02067922632, -0.3414945999, -0.2987638008, -0.2658587791, -0.1692288041, -0.09972628969, 0.007918841904, 0.08768841022, 0.1470335879, 0.1813301371, 0.1983526442, 0.1932122539, 0.1731831832, 0.1435511843, 0.1092386292, 0.07354154921, 0.0404510483, 0.01235149176], "AUX_ENDO_LAG_6_2": [0, 0, 0, -1.110223025e-16, -0.02067922632, -0.3414945999, -0.2987638008, -0.2658587791, -0.1692288041, -0.09972628969, 0.007918841904, 0.08768841022, 0.1470335879, 0.1813301371, 0.1983526442, 0.1932122539, 0.1731831832, 0.1435511843, 0.1092386292, 0.07354154921, 0.0404510483], "AUX_ENDO_LAG_6_3": [0, 0, 0, 0, -1.110223025e-16, -0.02067922632, -0.3414945999, -0.2987638008, -0.2658587791, -0.1692288041, -0.09972628969, 0.007918841904, 0.08768841022, 0.1470335879, 0.1813301371, 0.1983526442, 0.1932122539, 0.1731831832, 0.1435511843, 0.1092386292, 0.07354154921],