{"interest_": {"y": [0, 1.289828444e-19, -0.021894643, -0.3674075128, -0.4129029482, -0.3727460587, -0.3438688935, -0.3151435829, -0.271748696, -0.2209042442, -0.1812534337, -0.1449585768, -0.1088781442, -0.07637718414, -0.04825130432, -0.02294320714, -4.912957757e-05, 0.01998571322, 0.03737939611, 0.05255328543, 0.06563327065], "pi": [0, 0, -0.006207131291, -0.1067936927, -0.1565161968, -0.08324605228, -0.1765858066, -0.1842662557, -0.1807796738, -0.1886069856, -0.1996083273, -0.202162189, -0.2005295237, -0.2011711339, -0.2003287075, -0.1970178496, -0.1928814392, -0.188366608, -0.182974205, -0.1767879427, -0.1701909752], "f": [0, 1, 0.7867486219, 0.2609512767, 0.08222595165, 0.04549111064, -0.02867821245, -0.08997013385, -0.1221936, -0.1412412424, -0.1683490764, -0.1918922071, -0.2081140519, -0.2225494971, -0.2359698072, -0.2463991708, -0.253883477, -0.2594261671, -0.2630359971, -0.2645416072, -0.2642098824], "interest": [0, 1, 0.7867486219, 0.2609512767, 0.08222595165, 0.04549111064, -0.02867821245, -0.08997013385, -0.1221936, -0.1412412424, -0.1683490764, -0.1918922071, -0.2081140519, -0.2225494971, -0.2359698072, -0.2463991708, -0.253883477, -0.2594261671, -0.2630359971, -0.2645416072, -0.2642098824], "inflation": [0, 0, -0.001551782823, -0.028250206, -0.0673792552, -0.08819076827, -0.1307854371, -0.1501535778, -0.1562194471, -0.1825596804, -0.1883153106, -0.192789294, -0.1977267564, -0.2008677935, -0.2010478885, -0.1997618037, -0.1978497826, -0.1946486511, -0.1903100255, -0.1852525487, -0.1795799327], "inflationq": [0, 0, -0.00620713129, -0.1067936927, -0.1565161968, -0.08324605228, -0.1765858066, -0.1842662557, -0.1807796738, -0.1886069856, -0.1996083273, -0.202162189, -0.2005295237, -0.2011711339, -0.2003287075, -0.1970178496, -0.1928814392, -0.188366608, -0.182974205, -0.1767879427, -0.1701909752], "outputgap": [0, 7.511082319e-17, -0.021894643, -0.3674075128, -0.4129029482, -0.3727460587, -0.3438688935, -0.3151435829, -0.271748696, -0.2209042442, -0.1812534337, -0.1449585768, -0.1088781442, -0.07637718414, -0.04825130432, -0.02294320714, -4.912957757e-05, 0.01998571322, 0.03737939611, 0.05255328543, 0.06563327065], "output": [0, 0, -0.021894643, -0.3674075128, -0.4129029482, -0.3727460587, -0.3438688935, -0.3151435829, -0.271748696, -0.2209042442, -0.1812534337, -0.1449585768, -0.1088781442, -0.07637718414, -0.04825130432, -0.02294320714, -4.912957757e-05, 0.01998571322, 0.03737939611, 0.05255328543, 0.06563327065], "AUX_ENDO_LEAD_73": [0, -0.006207131291, -0.1067936927, -0.1565161968, -0.08324605228, -0.1765858066, -0.1842662557, -0.1807796738, -0.1886069856, -0.1996083273, -0.202162189, -0.2005295237, -0.2011711339, -0.2003287075, -0.1970178496, -0.1928814392, -0.188366608, -0.182974205, -0.1767879427, -0.1701909752, -0.1632523628], "AUX_ENDO_LEAD_77": [0, -0.1067936927, -0.1565161968, -0.08324605228, -0.1765858066, -0.1842662557, -0.1807796738, -0.1886069856, -0.1996083273, -0.202162189, -0.2005295237, -0.2011711339, -0.2003287075, -0.1970178496, -0.1928814392, -0.188366608, -0.182974205, -0.1767879427, -0.1701909752, -0.1632523628, -0.1559657584], "AUX_ENDO_LEAD_81": [0, -0.1565161968, -0.08324605228, -0.1765858066, -0.1842662557, -0.1807796738, -0.1886069856, -0.1996083273, -0.202162189, -0.2005295237, -0.2011711339, -0.2003287075, -0.1970178496, -0.1928814392, -0.188366608, -0.182974205, -0.1767879427, -0.1701909752, -0.1632523628, -0.1559657584, -0.1484433992], "AUX_ENDO_LEAD_108": [0, -0.021894643, -0.3674075128, -0.4129029482, -0.3727460587, -0.3438688935, -0.3151435829, -0.271748696, -0.2209042442, -0.1812534337, -0.1449585768, -0.1088781442, -0.07637718414, -0.04825130432, -0.02294320714, -4.912957757e-05, 0.01998571322, 0.03737939611, 0.05255328543, 0.06563327065, 0.07669817261], "AUX_ENDO_LEAD_112": [0, -0.3674075128, -0.4129029482, -0.3727460587, -0.3438688935, -0.3151435829, -0.271748696, -0.2209042442, -0.1812534337, -0.1449585768, -0.1088781442, -0.07637718414, -0.04825130432, -0.02294320714, -4.912957757e-05, 0.01998571322, 0.03737939611, 0.05255328543, 0.06563327065, 0.07669817261, 0.08593875053], "AUX_ENDO_LEAD_116": [0, -0.4129029482, -0.3727460587, -0.3438688935, -0.3151435829, -0.271748696, -0.2209042442, -0.1812534337, -0.1449585768, -0.1088781442, -0.07637718414, -0.04825130432, -0.02294320714, -4.912957757e-05, 0.01998571322, 0.03737939611, 0.05255328543, 0.06563327065, 0.07669817261, 0.08593875053, 0.09353655235], "AUX_ENDO_LEAD_143": [0, -0.021894643, -0.3674075128, -0.4129029482, -0.3727460587, -0.3438688935, -0.3151435829, -0.271748696, -0.2209042442, -0.1812534337, -0.1449585768, -0.1088781442, -0.07637718414, -0.04825130432, -0.02294320714, -4.912957757e-05, 0.01998571322, 0.03737939611, 0.05255328543, 0.06563327065, 0.07669817261], "AUX_ENDO_LEAD_147": [0, -0.3674075128, -0.4129029482, -0.3727460587, -0.3438688935, -0.3151435829, -0.271748696, -0.2209042442, -0.1812534337, -0.1449585768, -0.1088781442, -0.07637718414, -0.04825130432, -0.02294320714, -4.912957757e-05, 0.01998571322, 0.03737939611, 0.05255328543, 0.06563327065, 0.07669817261, 0.08593875053], "AUX_ENDO_LEAD_151": [0, -0.4129029482, -0.3727460587, -0.3438688935, -0.3151435829, -0.271748696, -0.2209042442, -0.1812534337, -0.1449585768, -0.1088781442, -0.07637718414, -0.04825130432, -0.02294320714, -4.912957757e-05, 0.01998571322, 0.03737939611, 0.05255328543, 0.06563327065, 0.07669817261, 0.08593875053, 0.09353655235], "AUX_ENDO_LAG_1_1": [0, 0, 0, -0.006207131291, -0.1067936927, -0.1565161968, -0.08324605228, -0.1765858066, -0.1842662557, -0.1807796738, -0.1886069856, -0.1996083273, -0.202162189, -0.2005295237, -0.2011711339, -0.2003287075, -0.1970178496, -0.1928814392, -0.188366608, -0.182974205, -0.1767879427], "AUX_ENDO_LAG_1_2": [0, 0, 0, 8.881784197e-16, -0.006207131291, -0.1067936927, -0.1565161968, -0.08324605228, -0.1765858066, -0.1842662557, -0.1807796738, -0.1886069856, -0.1996083273, -0.202162189, -0.2005295237, -0.2011711339, -0.2003287075, -0.1970178496, -0.1928814392, -0.188366608, -0.182974205], "AUX_ENDO_LAG_7_1": [0, 0, 0, -0.021894643, -0.3674075128, -0.4129029482, -0.3727460587, -0.3438688935, -0.3151435829, -0.271748696, -0.2209042442, -0.1812534337, -0.1449585768, -0.1088781442, -0.07637718414, -0.04825130432, -0.02294320714, -4.912957757e-05, 0.01998571322, 0.03737939611, 0.05255328543], "AUX_ENDO_LAG_7_2": [0, 0, 0, 0, -0.021894643, -0.3674075128, -0.4129029482, -0.3727460587, -0.3438688935, -0.3151435829, -0.271748696, -0.2209042442, -0.1812534337, -0.1449585768, -0.1088781442, -0.07637718414, -0.04825130432, -0.02294320714, -4.912957757e-05, 0.01998571322, 0.03737939611], "AUX_ENDO_LAG_7_3": [0, 0, 0, 0, 0, -0.021894643, -0.3674075128, -0.4129029482, -0.3727460587, -0.3438688935, -0.3151435829, -0.271748696, -0.2209042442, -0.1812534337, -0.1449585768, -0.1088781442, -0.07637718414, -0.04825130432, -0.02294320714, -4.912957757e-05, 0.01998571322], "AUX_ENDO_LAG_6_1": [0, 0, 7.520400698e-17, -0.021894643, -0.3674075128, -0.4129029482, -0.3727460587, -0.3438688935, -0.3151435829, -0.271748696, -0.2209042442, -0.1812534337, -0.1449585768, -0.1088781442, -0.07637718414, -0.04825130432, -0.02294320714, -4.912957757e-05, 0.01998571322, 0.03737939611, 0.05255328543], "AUX_ENDO_LAG_6_2": [0, 0, 0, 7.520400698e-17, -0.021894643, -0.3674075128, -0.4129029482, -0.3727460587, -0.3438688935, -0.3151435829, -0.271748696, -0.2209042442, -0.1812534337, -0.1449585768, -0.1088781442, -0.07637718414, -0.04825130432, -0.02294320714, -4.912957757e-05, 0.01998571322, 0.03737939611], "AUX_ENDO_LAG_6_3": [0, 0, 0, 0, 7.520400698e-17, -0.021894643, -0.3674075128, -0.4129029482, -0.3727460587, -0.3438688935, -0.3151435829, -0.271748696, -0.2209042442, -0.1812534337, -0.1449585768, -0.1088781442, -0.07637718414, -0.04825130432, -0.02294320714, -4.912957757e-05, 0.01998571322],