{"interest_": {"x": [0, -0.7698434945, -0.4578392043, -0.2652845909, -0.1523856068, -0.08727541113, -0.04993428189, -0.0285597109, -0.01633264179, -0.0093398738, -0.005340960313, -0.003054186446, -0.001746509689, -0.0009987256354, -0.0005711120291, -0.0003265851155, -0.0001867546639, -0.0001067939185, -6.106910939e-05, -3.492180238e-05, -1.996970798e-05], "q_dach": [0, 0.1674985872, 0.07518257811, 0.03892952151, 0.02146014948, 0.01211373907, 0.006895957179, 0.003937240945, 0.002250262041, 0.001286552266, 0.0007356557811, 0.0004206686148, 0.000240553601, 0.0001375579781, 7.866117931e-05, 4.498164989e-05, 2.572233546e-05, 1.470907781e-05, 8.411249265e-06, 4.80989466e-06, 2.750493533e-06], "r": [0, 0.1841788208, 0.1064014939, 0.06105782203, 0.034957381, 0.01999834351, 0.01143750187, 0.006540751585, 0.00374033158, 0.00213888638, 0.001223104762, 0.0006994215735, 0.0003999578196, 0.0002287121792, 0.0001307869367, 7.478929441e-05, 4.276756273e-05, 2.445623311e-05, 1.398506951e-05, 7.99723196e-06, 4.573142735e-06], "rr": [0, -3.375951042e-17, -7.295032876e-16, -9.122587051e-17, -3.992582565e-16, -1.208672972e-16, -7.089123057e-17, -4.088845512e-17, -2.345070649e-17, -1.342368202e-17, -7.67889276e-18, -4.39163299e-18, -2.511418937e-18, -1.436152167e-18, -8.212543259e-19, -4.696274513e-19, -2.685522493e-19, -1.535691378e-19, -8.781708967e-20, -5.021738738e-20, -2.871634627e-20], "pi_H": [0, -0.5473837846, -0.4209771558, -0.2620250503, -0.1540362548, -0.08891250264, -0.05100715452, -0.02920018792, -0.0167042109, -0.009553401068, -0.005463270777, -0.003124169351, -0.00178653681, -0.00102161636, -0.0005842021899, -0.0003340706639, -0.0001910352174, -0.0001092417156, -6.246885988e-05, -3.572223677e-05, -2.042742896e-05], "a": [0, 0, -4.296569332e-33, -7.002978354e-33, -8.56747315e-33, -9.324318686e-33, -9.52134911e-33, -9.341042879e-33, -8.91661974e-33, -8.344313906e-33, -7.692713119e-33, -7.009848795e-33, -6.328564706e-33, -5.670569819e-33, -5.049487024e-33, -4.473137043e-33, -3.945241063e-33, -3.466682643e-33, -3.036436437e-33, -2.65224583e-33, -2.311112108e-33], "y_stern": [0, 0, -8.152481637e-33, -1.308962452e-32, -1.576882641e-32, -1.689244003e-32, -1.697187163e-32, -1.637612005e-32, -1.536845001e-32, -1.413402921e-32, -1.280069551e-32, -1.145451009e-32, -1.01513617e-32, -8.925586374e-33, -7.796337689e-33, -6.77226596e-33, -5.85493071e-33, -5.041267566e-33, -4.325352482e-33, -3.699646393e-33, -3.155857976e-33], "pi": [0, -1.171383013, -0.1680810311, -0.105949262, -0.06252560431, -0.03613721496, -0.02074017688, -0.01187495766, -0.006793518983, -0.003885389507, -0.002221938027, -0.001270617118, -0.0007265950251, -0.0004154974848, -0.000237598546, -0.0001358685533, -7.769517559e-05, -4.442926505e-05, -2.540646236e-05, -1.452844931e-05, -8.307958658e-06], "s": [0, -1.236376518, -0.7352944399, -0.4260497634, -0.2447328415, -0.140165202, -0.0801949669, -0.0458671875, -0.02623038958, -0.01499993275, -0.008577636831, -0.004905054637, -0.002804912405, -0.001603963574, -0.0009172117538, -0.0005244990321, -0.0002999298984, -0.0001715121243, -9.807761363e-05, -5.608477142e-05, -3.207155505e-05], "e": [0, -1.783760302, -1.70365538, -1.656435754, -1.629155087, -1.61349995, -1.604536869, -1.599409278, -1.596476691, -1.594799635, -1.59384061, -1.593292197, -1.592978592, -1.592799259, -1.59269671, -1.592638068, -1.592604534, -1.592585358, -1.592574392, -1.592568121, -1.592564536], "y": [0, -0.7698434945, -0.4578392043, -0.2652845909, -0.1523856068, -0.08727541113, -0.04993428189, -0.0285597109, -0.01633264179, -0.0093398738, -0.005340960313, -0.003054186446, -0.001746509689, -0.0009987256354, -0.0005711120291, -0.0003265851155, -0.0001867546639, -0.0001067939185, -6.106910939e-05, -3.492180238e-05, -1.996970798e-05], "y_n": [0, -2.052218849e-16, 9.625711205e-17, 1.180331451e-16, 1.054918432e-16, 3.172879783e-17, 1.886167922e-17, 1.092746007e-17, 6.27669117e-18, 3.594775094e-18, 2.056724982e-18, 1.176333302e-18, 6.727175166e-19, 3.846955908e-19, 2.199862403e-19, 1.257974102e-19, 7.193614326e-20, 4.113602725e-20, 2.352325717e-20, 1.345155637e-20, 7.692147532e-21], "shock_eta": [0, 5.831480285e-17, 4.519397221e-17, 3.502532846e-17, 2.714462956e-17, 2.103708791e-17, 1.630374313e-17, 1.263540092e-17, 9.792435717e-18, 7.58913768e-18, 5.881581702e-18, 4.558225819e-18, 3.53262501e-18, 2.737784383e-18, 2.121782897e-18, 1.644381745e-18, 1.274395852e-18, 9.876567855e-19, 7.654340088e-19, 5.932113568e-19, 4.597388015e-19], "interest": [0, 0.7367152831, 0.4256059757, 0.2442312881, 0.139829524, 0.07999337404, 0.04575000749, 0.02616300634, 0.01496132632, 0.00855554552, 0.00489241905, 0.002797686294, 0.001599831278, 0.0009148487166, 0.000523147747, 0.0002991571776, 0.0001710702509, 9.782493244e-05, 5.594027803e-05, 3.198892784e-05, 1.829257094e-05], "inflation": [0, -1.171383013, -1.339464044, -1.445413306, -1.507938911, -0.3726931124, -0.2253522582, -0.1312779538, -0.07554586848, -0.04329404303, -0.02477580418, -0.01417146364, -0.008104539677, -0.004634647655, -0.002650308174, -0.001515559609, -0.0008666597598, -0.00049559154, -0.0002833994563, -0.0001620593523, -9.267213538e-05], "inflationq": [0, -4.685532052, -0.6723241245, -0.4237970482, -0.2501024172, -0.1445488598, -0.08296070752, -0.04749983064, -0.02717407593, -0.01554155803, -0.00888775211, -0.00508246847, -0.0029063801, -0.001661989939, -0.0009503941841, -0.0005434742133, -0.0003107807023, -0.0001777170602, -0.0001016258494, -5.811379725e-05, -3.323183463e-05], "outputgap": [0, -0.7698434945, -0.4578392043, -0.2652845909, -0.1523856068, -0.08727541113, -0.04993428189, -0.0285597109, -0.01633264179, -0.0093398738, -0.005340960313, -0.003054186446, -0.001746509689, -0.0009987256354, -0.0005711120291, -0.0003265851155, -0.0001867546639, -0.0001067939185, -6.106910939e-05, -3.492180238e-05, -1.996970798e-05], "output": [0, -0.7698434945, -0.4578392043, -0.2652845909, -0.1523856068, -0.08727541113, -0.04993428189, -0.0285597109, -0.01633264179, -0.0093398738, -0.005340960313, -0.003054186446, -0.001746509689, -0.0009987256354, -0.0005711120291, -0.0003265851155, -0.0001867546639, -0.0001067939185, -6.106910939e-05, -3.492180238e-05, -1.996970798e-05], "AUX_ENDO_LEAD_80": [0, -0.6723241245, -0.4237970482, -0.2501024172, -0.1445488598, -0.08296070752, -0.04749983064, -0.02717407593, -0.01554155803, -0.00888775211, -0.00508246847, -0.0029063801, -0.001661989939, -0.0009503941841, -0.0005434742133, -0.0003107807023, -0.0001777170602, -0.0001016258494, -5.811379725e-05, -3.323183463e-05, -1.900331564e-05], "AUX_ENDO_LEAD_84": [0, -0.4237970482, -0.2501024172, -0.1445488598, -0.08296070752, -0.04749983064, -0.02717407593, -0.01554155803, -0.00888775211, -0.00508246847, -0.0029063801, -0.001661989939, -0.0009503941841, -0.0005434742133, -0.0003107807023, -0.0001777170602, -0.0001016258494, -5.811379725e-05, -3.323183463e-05, -1.900331564e-05, -1.086686935e-05], "AUX_ENDO_LEAD_88": [0, -0.2501024172, -0.1445488598, -0.08296070752, -0.04749983064, -0.02717407593, -0.01554155803, -0.00888775211, -0.00508246847, -0.0029063801, -0.001661989939, -0.0009503941841, -0.0005434742133, -0.0003107807023, -0.0001777170602, -0.0001016258494, -5.811379725e-05, -3.323183463e-05, -1.900331564e-05, -1.086686935e-05, -6.214118195e-06], "AUX_ENDO_LEAD_115": [0, -0.4578392043, -0.2652845909, -0.1523856068, -0.08727541113, -0.04993428189, -0.0285597109, -0.01633264179, -0.0093398738, -0.005340960313, -0.003054186446, -0.001746509689, -0.0009987256354, -0.0005711120291, -0.0003265851155, -0.0001867546639, -0.0001067939185, -6.106910939e-05, -3.492180238e-05, -1.996970798e-05, -1.141949182e-05], "AUX_ENDO_LEAD_119": [0, -0.2652845909, -0.1523856068, -0.08727541113, -0.04993428189, -0.0285597109, -0.01633264179, -0.0093398738, -0.005340960313, -0.003054186446, -0.001746509689, -0.0009987256354, -0.0005711120291, -0.0003265851155, -0.0001867546639, -0.0001067939185, -6.106910939e-05, -3.492180238e-05, -1.996970798e-05, -1.141949182e-05, -6.530130216e-06],