{"interest_": {"x": [0, -0.8127267966, -0.4943236561, -0.292944825, -0.1721414933, -0.100869964, -0.05905106945, -0.03455856141, -0.02022260467, -0.01183321865, -0.006924101431, -0.004051559115, -0.002370720427, -0.001387197516, -0.0008117012139, -0.0004749567517, -0.000277914962, -0.0001626184392, -9.515413101e-05, -5.567824097e-05, -3.257942124e-05], "q_dach": [0, 0.2381377026, 0.1173831841, 0.06435856359, 0.03680612115, 0.02136867634, 0.01247051877, 0.007290446746, 0.004264628409, 0.002495140474, 0.001459950143, 0.0008542616073, 0.0004998584811, 0.0002924855113, 0.0001711441369, 0.0001001428207, 5.859730696e-05, 3.428747535e-05, 2.006288411e-05, 1.173954385e-05, 6.86924618e-06], "r": [0, 0.1648145921, 0.09729580447, 0.05710019179, 0.03344471156, 0.01957630349, 0.01145611825, 0.006703657603, 0.003922610902, 0.002295276223, 0.00134305391, 0.0007858714583, 0.0004598428585, 0.0002690712701, 0.0001574436667, 9.21261786e-05, 5.390647286e-05, 3.154269347e-05, 1.84568097e-05, 1.079976967e-05, 6.319349158e-06], "rr": [0, 7.058393118e-17, 2.371013303e-16, 9.024246715e-16, 2.628257391e-16, 1.605261387e-16, 9.498213316e-17, 5.578492707e-17, 3.268269654e-17, 1.913191653e-17, 1.119638568e-17, 6.551736455e-18, 3.833727602e-18, 2.243269535e-18, 1.312623296e-18, 7.680654555e-19, 4.494239175e-19, 2.629747615e-19, 1.538763722e-19, 9.003882127e-20, 5.268508204e-20], "pi_H": [0, -0.5922317434, -0.4632224951, -0.2940389932, -0.1765828962, -0.1042177263, -0.06115752998, -0.03582020345, -0.02096656682, -0.01226966734, -0.007179706247, -0.004201166865, -0.002458270149, -0.001438427834, -0.0008416783241, -0.0004924975461, -0.0002881787498, -0.0001686241679, -9.8668308e-05, -5.773451747e-05, -3.378262555e-05], "a": [0, 0, -6.289152556e-33, -1.025068975e-32, -1.254073692e-32, -1.364857824e-32, -1.393698378e-32, -1.367305847e-32, -1.305180424e-32, -1.221408502e-32, -1.126029691e-32, -1.026074644e-32, -9.263509051e-33, -8.300361502e-33, -7.391244449e-33, -6.547605565e-33, -5.774891779e-33, -5.074396413e-33, -4.444618602e-33, -3.882255202e-33, -3.382916811e-33], "y_stern": [0, 0, -6.013755002e-33, -9.655685031e-33, -1.163202358e-32, -1.246086778e-32, -1.251946124e-32, -1.207999947e-32, -1.133668215e-32, -1.042610001e-32, -9.44255382e-33, -8.449527447e-33, -7.488247737e-33, -6.584043006e-33, -5.751042058e-33, -4.995625885e-33, -4.318944882e-33, -3.718738586e-33, -3.19063707e-33, -2.72907907e-33, -2.327948413e-33], "pi": [0, -1.250990176, -0.2051397609, -0.1308107057, -0.07866535021, -0.04644834902, -0.02726108463, -0.01596771885, -0.009346508962, -0.005469622343, -0.003200604806, -0.00187281805, -0.001095860709, -0.0006412300373, -0.0003752078649, -0.0002195481919, -0.0001284658658, -7.51701843e-05, -4.398488659e-05, -2.573720229e-05, -1.505979968e-05], "s": [0, -1.305247539, -0.7938888423, -0.470472382, -0.2764609971, -0.1619981928, -0.09483662086, -0.05550140271, -0.03247770971, -0.01900427006, -0.01112017764, -0.006506845334, -0.003807401227, -0.002227853384, -0.001303600443, -0.0007627853959, -0.0004463342684, -0.0002611668748, -0.0001528185066, -8.941982386e-05, -5.232288338e-05], "e": [0, -1.897479282, -1.849343081, -1.819965614, -1.802537125, -1.792292047, -1.786288005, -1.78277299, -1.780715864, -1.779512092, -1.778807706, -1.77839554, -1.778154366, -1.778013246, -1.777930672, -1.777882354, -1.777854082, -1.777837539, -1.777827859, -1.777822194, -1.77781888], "y": [0, -0.8127267966, -0.4943236561, -0.292944825, -0.1721414933, -0.100869964, -0.05905106945, -0.03455856141, -0.02022260467, -0.01183321865, -0.006924101431, -0.004051559115, -0.002370720427, -0.001387197516, -0.0008117012139, -0.0004749567517, -0.000277914962, -0.0001626184392, -9.515413101e-05, -5.567824097e-05, -3.257942124e-05], "y_n": [0, -2.962005808e-17, -2.817233476e-16, 7.381444218e-17, -2.279799646e-16, -6.535915466e-17, -3.917100442e-17, -2.310304756e-17, -1.35544398e-17, -7.938299218e-18, -4.646392605e-18, -2.719053307e-18, -1.591074011e-18, -9.310075958e-19, -5.447694703e-19, -3.18765407e-19, -1.865216436e-19, -1.091408059e-19, -6.386237075e-20, -3.736826229e-20, -2.186556802e-20], "shock_eta": [0, -7.550969024e-17, -5.852000993e-17, -4.53530077e-17, -3.514858097e-17, -2.724015025e-17, -2.111111644e-17, -1.636111524e-17, -1.267986431e-17, -9.826894843e-18, -7.615843503e-18, -5.902278715e-18, -4.574266004e-18, -3.545056153e-18, -2.747418519e-18, -2.129249352e-18, -1.650168248e-18, -1.278880392e-18, -9.911323039e-19, -7.681275355e-19, -5.9529884e-19], "interest": [0, 0.6592583684, 0.3891832179, 0.2284007672, 0.1337788463, 0.07830521396, 0.045824473, 0.02681463041, 0.01569044361, 0.009181104894, 0.005372215641, 0.003143485833, 0.001839371434, 0.001076285081, 0.0006297746669, 0.0003685047144, 0.0002156258915, 0.0001261707739, 7.382723879e-05, 4.319907866e-05, 2.527739663e-05], "inflation": [0, -1.250990176, -1.456129937, -1.586940643, -1.665605993, -0.4610641659, -0.2831854895, -0.1683425027, -0.09902366146, -0.05804493478, -0.03398445496, -0.01988955416, -0.01163890591, -0.006810513602, -0.003985116661, -0.002331846803, -0.00136445196, -0.0007983921069, -0.0004671691286, -0.000273358139, -0.0001599520729], "inflationq": [0, -5.003960705, -0.8205590437, -0.5232428228, -0.3146614008, -0.1857933961, -0.1090443385, -0.0638708754, -0.03738603585, -0.02187848937, -0.01280241922, -0.0074912722, -0.004383442834, -0.002564920149, -0.001500831459, -0.0008781927677, -0.0005138634631, -0.0003006807372, -0.0001759395463, -0.0001029488092, -6.023919873e-05], "outputgap": [0, -0.8127267966, -0.4943236561, -0.292944825, -0.1721414933, -0.100869964, -0.05905106945, -0.03455856141, -0.02022260467, -0.01183321865, -0.006924101431, -0.004051559115, -0.002370720427, -0.001387197516, -0.0008117012139, -0.0004749567517, -0.000277914962, -0.0001626184392, -9.515413101e-05, -5.567824097e-05, -3.257942124e-05], "output": [0, -0.8127267966, -0.4943236561, -0.292944825, -0.1721414933, -0.100869964, -0.05905106945, -0.03455856141, -0.02022260467, -0.01183321865, -0.006924101431, -0.004051559115, -0.002370720427, -0.001387197516, -0.0008117012139, -0.0004749567517, -0.000277914962, -0.0001626184392, -9.515413101e-05, -5.567824097e-05, -3.257942124e-05], "AUX_ENDO_LEAD_80": [0, -0.8205590437, -0.5232428228, -0.3146614008, -0.1857933961, -0.1090443385, -0.0638708754, -0.03738603585, -0.02187848937, -0.01280241922, -0.0074912722, -0.004383442834, -0.002564920149, -0.001500831459, -0.0008781927677, -0.0005138634631, -0.0003006807372, -0.0001759395463, -0.0001029488092, -6.023919873e-05, -3.524820821e-05], "AUX_ENDO_LEAD_84": [0, -0.5232428228, -0.3146614008, -0.1857933961, -0.1090443385, -0.0638708754, -0.03738603585, -0.02187848937, -0.01280241922, -0.0074912722, -0.004383442834, -0.002564920149, -0.001500831459, -0.0008781927677, -0.0005138634631, -0.0003006807372, -0.0001759395463, -0.0001029488092, -6.023919873e-05, -3.524820821e-05, -2.062504496e-05], "AUX_ENDO_LEAD_88": [0, -0.3146614008, -0.1857933961, -0.1090443385, -0.0638708754, -0.03738603585, -0.02187848937, -0.01280241922, -0.0074912722, -0.004383442834, -0.002564920149, -0.001500831459, -0.0008781927677, -0.0005138634631, -0.0003006807372, -0.0001759395463, -0.0001029488092, -6.023919873e-05, -3.524820821e-05, -2.062504496e-05, -1.206848521e-05], "AUX_ENDO_LEAD_115": [0, -0.4943236561, -0.292944825, -0.1721414933, -0.100869964, -0.05905106945, -0.03455856141, -0.02022260467, -0.01183321865, -0.006924101431, -0.004051559115, -0.002370720427, -0.001387197516, -0.0008117012139, -0.0004749567517, -0.000277914962, -0.0001626184392, -9.515413101e-05, -5.567824097e-05, -3.257942124e-05, -1.906343789e-05], "AUX_ENDO_LEAD_119": [0, -0.292944825, -0.1721414933, -0.100869964, -0.05905106945, -0.03455856141, -0.02022260467, -0.01183321865, -0.006924101431, -0.004051559115, -0.002370720427, -0.001387197516, -0.0008117012139, -0.0004749567517, -0.000277914962, -0.0001626184392, -9.515413101e-05, -5.567824097e-05, -3.257942124e-05, -1.906343789e-05, -1.115473051e-05],