{"interest_": {"x": [0, -0.112173332, -0.05890001305, -0.02976475927, -0.01481734667, -0.007331413738, -0.003618353496, -0.001783938899, -0.0008791436536, -0.0004331725297, -0.0002134170506, -0.0001051437881, -5.180031641e-05, -2.551989145e-05, -1.257257513e-05, -6.193972055e-06, -3.051504896e-06, -1.503345592e-06, -7.406338475e-07, -3.648784972e-07, -1.797599672e-07], "q_dach": [0, -0.01602637732, -0.01208161237, -0.00681215503, -0.003532762083, -0.001776745573, -0.0008827854325, -0.0004364430122, -0.0002153315998, -0.000106149324, -5.230850478e-05, -2.577288471e-05, -1.269775453e-05, -6.255753617e-06, -3.081964834e-06, -1.518356583e-06, -7.480300812e-07, -3.685225017e-07, -1.815552524e-07, -8.94444845e-08, -4.406545804e-08], "r": [0, 0.04701770704, 0.02476779137, 0.01253161806, 0.006241506722, 0.003088835166, 0.001524594923, 0.00075168974, 0.000370445917, 0.0001825275855, 8.992859611e-05, 4.430500376e-05, 2.182738765e-05, 1.075346068e-05, 5.297777339e-06, 2.609989243e-06, 1.285829995e-06, 6.334732967e-07, 3.120851045e-07, 1.537509316e-07, 7.574648175e-08], "rr": [0, -1.85100538e-17, 8.486709697e-17, 5.035188369e-17, 3.184376076e-17, 9.416859212e-18, 4.684642662e-18, 2.317241884e-18, 1.143520342e-18, 5.637567678e-19, 2.778195763e-19, 1.368863807e-19, 6.744145301e-20, 3.322620859e-20, 1.636927007e-20, 8.064465968e-21, 3.973022128e-21, 1.957338628e-21, 9.642969392e-22, 4.750677423e-22, 2.340454854e-22], "pi_H": [0, -0.07049719649, -0.04921506664, -0.02722201123, -0.01402252672, -0.007033915199, -0.003491117111, -0.00172522614, -0.0008510342972, -0.0004194918888, -0.0002067116274, -0.0001018473903, -5.017777659e-05, -2.472083447e-05, -1.217897544e-05, -6.000075e-06, -2.955982734e-06, -1.456286457e-06, -7.174499424e-07, -3.534568052e-07, -1.741329947e-07], "a": [0, 0, 2.080397357e-33, 3.390839652e-33, 4.148367481e-33, 4.514831823e-33, 4.610233885e-33, 4.522929671e-33, 4.317424136e-33, 4.040313854e-33, 3.724808982e-33, 3.394166317e-33, 3.064288801e-33, 2.745687909e-33, 2.444959838e-33, 2.16589138e-33, 1.910284333e-33, 1.678566514e-33, 1.470241453e-33, 1.284216496e-33, 1.119039669e-33], "y_stern": [0, 0, 1.787002038e-34, 2.869210472e-34, 3.456484317e-34, 3.702777401e-34, 3.720188593e-34, 3.589601449e-34, 3.368722887e-34, 3.098141171e-34, 2.805878011e-34, 2.51079779e-34, 2.225151168e-34, 1.956464516e-34, 1.708936243e-34, 1.484462476e-34, 1.283385057e-34, 1.105032285e-34, 9.481056253e-35, 8.109525344e-35, 6.917555766e-35], "pi": [0, -0.1614196672, -0.006034199176, -0.003606333488, -0.001906851262, -0.000966167134, -0.0004814836682, -0.0002383352312, -0.0001176494742, -5.800849733e-05, -2.858808624e-05, -1.408613394e-05, -6.940046551e-06, -3.419147805e-06, -1.684484732e-06, -8.298768706e-07, -4.08845431e-07, -2.01420737e-07, -9.923137806e-08, -4.88870448e-08, -2.40845488e-08], "s": [0, -0.1801515172, -0.09459402275, -0.0478025075, -0.02379681014, -0.01177432537, -0.005811112683, -0.002865024098, -0.00141191369, -0.0006956795084, -0.0003427499637, -0.000168861998, -8.31918374e-05, -4.098520641e-05, -2.019168411e-05, -9.947582404e-06, -4.90074804e-06, -2.41438838e-06, -1.189465526e-06, -5.859985945e-07, -2.886963439e-07], "e": [0, -0.2506487137, -0.2143062859, -0.1947367819, -0.1847536112, -0.1797650417, -0.1772929461, -0.1760720836, -0.1754700075, -0.1751732652, -0.1750270473, -0.1749550067, -0.1749195144, -0.1749020286, -0.174893414, -0.17488917, -0.1748870791, -0.1748860491, -0.1748855416, -0.1748852916, -0.1748851684], "y": [0, -0.112173332, -0.05890001305, -0.02976475927, -0.01481734667, -0.007331413738, -0.003618353496, -0.001783938899, -0.0008791436536, -0.0004331725297, -0.0002134170506, -0.0001051437881, -5.180031641e-05, -2.551989145e-05, -1.257257513e-05, -6.193972055e-06, -3.051504896e-06, -1.503345592e-06, -7.406338475e-07, -3.648784972e-07, -1.797599672e-07], "y_n": [0, -2.465242255e-18, -1.448739332e-17, 4.529443593e-17, -1.88810233e-17, 1.140599699e-18, 5.370159155e-19, 2.594470445e-19, 1.267669641e-19, 6.223661105e-20, 3.061692105e-20, 1.507452306e-20, 7.424696549e-21, 3.657444192e-21, 1.801786594e-21, 8.876466266e-22, 4.373020338e-22, 2.154392459e-22, 1.061375234e-22, 5.228937066e-23, 2.576072137e-23], "shock_eta": [0, -1.344611233e-17, -1.042073706e-17, -8.076071221e-18, -6.258955196e-18, -4.850690277e-18, -3.759284965e-18, -2.913445848e-18, -2.257920532e-18, -1.749888412e-18, -1.35616352e-18, -1.051026728e-18, -8.145457139e-19, -6.312729283e-19, -4.892365194e-19, -3.791583026e-19, -2.938476845e-19, -2.277319555e-19, -1.764922655e-19, -1.367815058e-19, -1.06005667e-19], "interest": [0, 0.1880708282, 0.09907116548, 0.05012647224, 0.02496602689, 0.01235534067, 0.006098379694, 0.00300675896, 0.001481783668, 0.0007301103418, 0.0003597143844, 0.000177220015, 8.730955062e-05, 4.301384272e-05, 2.119110936e-05, 1.043995697e-05, 5.143319982e-06, 2.533893187e-06, 1.248340418e-06, 6.150037264e-07, 3.02985927e-07], "inflation": [0, -0.1614196672, -0.1674538664, -0.1710601999, -0.1729670512, -0.01251355106, -0.006960835552, -0.003592837295, -0.001803635508, -0.000895476871, -0.0004425812891, -0.0002183321918, -0.0001076227641, -5.303341454e-05, -2.612981303e-05, -1.287355596e-05, -6.342354838e-06, -3.124627771e-06, -1.539374417e-06, -7.583845908e-07, -3.736237087e-07], "inflationq": [0, -0.6456786689, -0.02413679671, -0.01442533395, -0.007627405048, -0.003864668536, -0.001925934673, -0.000953340925, -0.000470597897, -0.0002320339893, -0.000114352345, -5.634453578e-05, -2.77601862e-05, -1.367659122e-05, -6.737938928e-06, -3.319507482e-06, -1.635381724e-06, -8.05682948e-07, -3.969255122e-07, -1.955481792e-07, -9.633819519e-08], "outputgap": [0, -0.112173332, -0.05890001305, -0.02976475927, -0.01481734667, -0.007331413738, -0.003618353496, -0.001783938899, -0.0008791436536, -0.0004331725297, -0.0002134170506, -0.0001051437881, -5.180031641e-05, -2.551989145e-05, -1.257257513e-05, -6.193972055e-06, -3.051504896e-06, -1.503345592e-06, -7.406338475e-07, -3.648784972e-07, -1.797599672e-07], "output": [0, -0.112173332, -0.05890001305, -0.02976475927, -0.01481734667, -0.007331413738, -0.003618353496, -0.001783938899, -0.0008791436536, -0.0004331725297, -0.0002134170506, -0.0001051437881, -5.180031641e-05, -2.551989145e-05, -1.257257513e-05, -6.193972055e-06, -3.051504896e-06, -1.503345592e-06, -7.406338475e-07, -3.648784972e-07, -1.797599672e-07], "AUX_ENDO_LEAD_80": [0, -0.02413679671, -0.01442533395, -0.007627405048, -0.003864668536, -0.001925934673, -0.000953340925, -0.000470597897, -0.0002320339893, -0.000114352345, -5.634453578e-05, -2.77601862e-05, -1.367659122e-05, -6.737938928e-06, -3.319507482e-06, -1.635381724e-06, -8.05682948e-07, -3.969255122e-07, -1.955481792e-07, -9.633819519e-08, -4.746169254e-08], "AUX_ENDO_LEAD_84": [0, -0.01442533395, -0.007627405048, -0.003864668536, -0.001925934673, -0.000953340925, -0.000470597897, -0.0002320339893, -0.000114352345, -5.634453578e-05, -2.77601862e-05, -1.367659122e-05, -6.737938928e-06, -3.319507482e-06, -1.635381724e-06, -8.05682948e-07, -3.969255122e-07, -1.955481792e-07, -9.633819519e-08, -4.746169254e-08, -2.338233786e-08], "AUX_ENDO_LEAD_88": [0, -0.007627405048, -0.003864668536, -0.001925934673, -0.000953340925, -0.000470597897, -0.0002320339893, -0.000114352345, -5.634453578e-05, -2.77601862e-05, -1.367659122e-05, -6.737938928e-06, -3.319507482e-06, -1.635381724e-06, -8.05682948e-07, -3.969255122e-07, -1.955481792e-07, -9.633819519e-08, -4.746169254e-08, -2.338233786e-08, -1.151947374e-08], "AUX_ENDO_LEAD_115": [0, -0.05890001305, -0.02976475927, -0.01481734667, -0.007331413738, -0.003618353496, -0.001783938899, -0.0008791436536, -0.0004331725297, -0.0002134170506, -0.0001051437881, -5.180031641e-05, -2.551989145e-05, -1.257257513e-05, -6.193972055e-06, -3.051504896e-06, -1.503345592e-06, -7.406338475e-07, -3.648784972e-07, -1.797599672e-07, -8.856001623e-08],