{"interest_": {"x": [0, -0.2385417529, -0.08413410702, -0.01762700578, 0.0004226257594, -0.008914875615, -0.00565959076, -0.001558648575, 7.103792919e-05, -0.0002241317146, -0.0002854159453, -0.000120043676, -5.575639787e-06, -1.195315784e-06, -1.113410383e-05, -7.602731219e-06, -1.316060212e-06, 1.990004211e-07, -2.859917937e-07, -3.927034332e-07, -1.317491329e-07], "q_dach": [0, -0.1996835461, -0.08747794272, -0.009329507702, 0.02406317801, -0.002336191148, -0.005790250447, -0.001839634853, 0.0009702177496, 0.0002836082666, -0.000225264496, -0.0001566198238, 1.649526972e-05, 2.735556295e-05, -2.961515906e-06, -9.19337569e-06, -1.477728565e-06, 1.410500459e-06, 3.682364715e-07, -3.811911861e-07, -1.859509142e-07], "r": [0, 0.1935105917, 0.08556516579, 0.02151552506, -0.01920227324, 0.002176198388, 0.005207170084, 0.002181078766, -0.0006493435969, -0.0002323548589, 0.0001896726558, 0.0001571290025, -9.28495315e-07, -2.127952248e-05, 1.897914454e-06, 8.467976177e-06, 1.988641637e-06, -9.788502693e-07, -3.384909789e-07, 3.265269148e-07, 1.896709764e-07], "rr": [0, 4.431270268e-17, -4.055849978e-16, -3.887470679e-16, 4.641164589e-16, -4.018169451e-17, -5.073680729e-17, -3.006686632e-17, 1.640527823e-17, 4.309750925e-18, -1.898834408e-18, -2.132928338e-18, 2.880522585e-19, 3.960297119e-19, 1.15085714e-20, -1.152124261e-19, -1.84072787e-20, 1.955529254e-20, 7.129796309e-21, -4.310528744e-21, -2.385117547e-21], "pi_H": [0, -0.1148752426, -0.05878412542, -0.02087464934, -0.008393645971, -0.00683098151, -0.003782259352, -0.001364477706, -0.0004050162615, -0.0002751348432, -0.0001903065658, -8.259556548e-05, -2.264675197e-05, -1.041389251e-05, -8.487755987e-06, -4.680915519e-06, -1.451871065e-06, -4.266110433e-07, -3.3446171e-07, -2.397505233e-07, -9.384657247e-08], "a": [0, 0, -1.833751186e-33, -2.988831057e-33, -3.656548477e-33, -3.979565817e-33, -4.063657274e-33, -3.986703607e-33, -3.805562242e-33, -3.56130539e-33, -3.283205905e-33, -2.991763322e-33, -2.700995174e-33, -2.420166725e-33, -2.155092145e-33, -1.909109274e-33, -1.683806292e-33, -1.479560299e-33, -1.295933682e-33, -1.131963332e-33, -9.863694126e-34], "y_stern": [0, 0, -1.103945844e-32, -1.772495448e-32, -2.135292192e-32, -2.287443236e-32, -2.298199246e-32, -2.217527187e-32, -2.081076324e-32, -1.913920633e-32, -1.733370922e-32, -1.551080932e-32, -1.374618681e-32, -1.208633693e-32, -1.055719593e-32, -9.170477404e-33, -7.928293144e-33, -6.82649361e-33, -5.857056919e-33, -5.009774255e-33, -4.273418149e-33], "pi": [0, -0.3082260612, 0.06637151026, 0.0330329048, 0.006236543459, -0.01439952459, -0.001143677286, 0.001959554746, 0.0009159316046, -0.0005143855888, -0.0002399807047, 5.144748248e-05, 7.013569899e-05, -6.863406189e-06, -1.6543674e-05, -1.818549595e-06, 3.643811221e-06, 8.014264384e-07, -7.275737775e-07, -3.262460009e-07, 1.176708116e-07], "s": [0, -0.3831004924, -0.1351202355, -0.02830915138, 0.0006787412875, -0.01431738132, -0.009089360584, -0.002503205536, 0.0001140876401, -0.0003599578236, -0.0004583809242, -0.0001927913701, -8.954534465e-06, -1.919689362e-06, -1.788148451e-05, -1.221006401e-05, -2.113606147e-06, 3.195967095e-07, -4.593057426e-07, -6.30685726e-07, -2.115904535e-07], "e": [0, -0.497975735, -0.3087796035, -0.2228431688, -0.2022489221, -0.2240760262, -0.2226302648, -0.2174085875, -0.2151963106, -0.2159454909, -0.2162342205, -0.2160512265, -0.2158900365, -0.2158934155, -0.2159178651, -0.2159168745, -0.21590823, -0.2159062234, -0.2159073367, -0.2159077479, -0.2159074226], "y": [0, -0.2385417529, -0.08413410702, -0.01762700578, 0.0004226257594, -0.008914875615, -0.00565959076, -0.001558648575, 7.103792919e-05, -0.0002241317146, -0.0002854159453, -0.000120043676, -5.575639787e-06, -1.195315784e-06, -1.113410383e-05, -7.602731219e-06, -1.316060212e-06, 1.990004211e-07, -2.859917937e-07, -3.927034332e-07, -1.317491329e-07], "y_n": [0, 1.789155619e-17, -4.052540742e-17, 9.395707571e-17, -1.298316559e-16, 1.630324601e-17, 8.826988011e-18, 6.224303617e-18, -4.819799404e-18, -8.632924914e-19, 4.127715271e-19, 4.56990596e-19, -1.186599565e-19, -9.545603062e-20, -1.250099042e-21, 2.610597035e-20, 1.847336017e-21, -5.224615104e-21, -1.60123299e-21, 1.048161223e-21, 4.633186653e-22], "shock_eta": [0, -4.291467882e-17, -3.325887608e-17, -2.577562896e-17, -1.997611245e-17, -1.548148715e-17, -1.199815254e-17, -9.298568218e-18, -7.206390369e-18, -5.584952536e-18, -4.328338215e-18, -3.354462117e-18, -2.59970814e-18, -2.014773809e-18, -1.561449702e-18, -1.210123519e-18, -9.378457272e-19, -7.268304386e-19, -5.632935899e-19, -4.365525322e-19, -3.383282124e-19], "interest": [0, 0.7740423668, 0.3422606632, 0.08606210023, -0.07680909295, 0.008704793553, 0.02082868034, 0.008724315065, -0.002597374388, -0.0009294194357, 0.0007586906234, 0.00062851601, -3.71398126e-06, -8.51180899e-05, 7.591657817e-06, 3.387190471e-05, 7.954566547e-06, -3.915401077e-06, -1.353963915e-06, 1.306107659e-06, 7.586839056e-07], "inflation": [0, -0.3082260612, -0.2418545509, -0.2088216461, -0.2025851026, 0.09124143392, 0.02372624638, -0.007347103671, -0.01266771553, 0.001217423476, 0.002121120057, 0.0002130127936, -0.000632783112, -0.0001252609294, 9.817610127e-05, 4.49100692e-05, -2.158181856e-05, -1.391698593e-05, 1.899114287e-06, 3.391417881e-06, -1.347225285e-07], "inflationq": [0, -1.232904245, 0.265486041, 0.1321316192, 0.02494617383, -0.05759809836, -0.004574709145, 0.007838218985, 0.003663726418, -0.002057542355, -0.0009599228187, 0.0002057899299, 0.0002805427959, -2.745362476e-05, -6.617469599e-05, -7.27419838e-06, 1.457524488e-05, 3.205705754e-06, -2.91029511e-06, -1.304984004e-06, 4.706832463e-07], "outputgap": [0, -0.2385417529, -0.08413410702, -0.01762700578, 0.0004226257594, -0.008914875615, -0.00565959076, -0.001558648575, 7.103792919e-05, -0.0002241317146, -0.0002854159453, -0.000120043676, -5.575639787e-06, -1.195315784e-06, -1.113410383e-05, -7.602731219e-06, -1.316060212e-06, 1.990004211e-07, -2.859917937e-07, -3.927034332e-07, -1.317491329e-07], "output": [0, -0.2385417529, -0.08413410702, -0.01762700578, 0.0004226257594, -0.008914875615, -0.00565959076, -0.001558648575, 7.103792919e-05, -0.0002241317146, -0.0002854159453, -0.000120043676, -5.575639787e-06, -1.195315784e-06, -1.113410383e-05, -7.602731219e-06, -1.316060212e-06, 1.990004211e-07, -2.859917937e-07, -3.927034332e-07, -1.317491329e-07], "AUX_ENDO_LEAD_80": [0, 0.265486041, 0.1321316192, 0.02494617383, -0.05759809836, -0.004574709145, 0.007838218985, 0.003663726418, -0.002057542355, -0.0009599228187, 0.0002057899299, 0.0002805427959, -2.745362476e-05, -6.617469599e-05, -7.27419838e-06, 1.457524488e-05, 3.205705754e-06, -2.91029511e-06, -1.304984004e-06, 4.706832463e-07, 3.501860429e-07], "AUX_ENDO_LEAD_84": [0, 0.1321316192, 0.02494617383, -0.05759809836, -0.004574709145, 0.007838218985, 0.003663726418, -0.002057542355, -0.0009599228187, 0.0002057899299, 0.0002805427959, -2.745362476e-05, -6.617469599e-05, -7.27419838e-06, 1.457524488e-05, 3.205705754e-06, -2.91029511e-06, -1.304984004e-06, 4.706832463e-07, 3.501860429e-07, -6.079770538e-08], "AUX_ENDO_LEAD_88": [0, 0.02494617383, -0.05759809836, -0.004574709145, 0.007838218985, 0.003663726418, -0.002057542355, -0.0009599228187, 0.0002057899299, 0.0002805427959, -2.745362476e-05, -6.617469599e-05, -7.27419838e-06, 1.457524488e-05, 3.205705754e-06, -2.91029511e-06, -1.304984004e-06, 4.706832463e-07, 3.501860429e-07, -6.079770538e-08, -9.520719957e-08], "AUX_ENDO_LEAD_115": [0, -0.08413410702, -0.01762700578, 0.0004226257594, -0.008914875615, -0.00565959076, -0.001558648575, 7.103792919e-05, -0.0002241317146, -0.0002854159453, -0.000120043676, -5.575639787e-06, -1.195315784e-06, -1.113410383e-05, -7.602731219e-06, -1.316060212e-06, 1.990004211e-07, -2.859917937e-07, -3.927034332e-07, -1.317491329e-07, 4.201088322e-09],