{"interest_": {"x": [0, -0.3071179605, -0.1466589219, -0.05828707789, -0.02278262609, -0.02950419902, -0.02135620372, -0.01152457586, -0.005590995789, -0.003986551329, -0.002923005407, -0.001840344671, -0.001035385165, -0.0006388702708, -0.0004295194424, -0.0002804744824, -0.0001710836292, -0.0001045639418, -6.673446842e-05, -4.311285862e-05, -2.71405634e-05], "q_dach": [0, -0.09331121176, -0.04321195704, 0.02298365176, 0.06106612558, 0.015939874, 0.00127462674, 0.002037585444, 0.005040564974, 0.003000702424, 0.001105236793, 0.0005124155528, 0.0005316674251, 0.0004044589939, 0.0002197490239, 0.0001116491415, 7.586196469e-05, 5.530667273e-05, 3.497446961e-05, 2.005223127e-05, 1.229338956e-05], "r": [0, 0.1573878121, 0.08558430678, 0.02530259588, -0.03203646143, -0.002103469882, 0.006335520652, 0.00398194075, -0.0008530683285, -0.0005611035799, 0.0002762592378, 0.0003907044032, 8.069068864e-05, -1.768234317e-05, 1.252719335e-05, 3.279593213e-05, 1.775328385e-05, 4.727755133e-06, 2.379446021e-06, 3.155358527e-06, 2.403252367e-06], "rr": [0, -9.107286926e-17, 7.423228733e-16, 1.635677472e-16, 4.440745114e-16, 1.01307184e-16, 8.719567974e-17, 5.3905332e-17, 5.0705065e-17, 2.599264093e-17, 1.488383512e-17, 9.061376183e-18, 6.713371928e-18, 4.21710639e-18, 2.511948172e-18, 1.513895586e-18, 9.999501838e-19, 6.483901287e-19, 4.036263305e-19, 2.474916921e-19, 1.567260775e-19], "pi_H": [0, -0.1848440488, -0.1240501908, -0.06782758313, -0.0407414756, -0.03055134574, -0.02023492817, -0.01196689474, -0.007053267919, -0.004610253873, -0.00304497, -0.001909764168, -0.001163297782, -0.0007301074819, -0.0004697436594, -0.0002989293723, -0.0001864247195, -0.0001164965958, -7.37773377e-05, -4.684993167e-05, -2.950958512e-05], "a": [0, 0, 3.275985791e-33, 5.33952924e-33, 6.532402513e-33, 7.109471107e-33, 7.259700003e-33, 7.122222727e-33, 6.798614734e-33, 6.362251294e-33, 5.865428188e-33, 5.344767714e-33, 4.825312115e-33, 4.32361373e-33, 3.850059539e-33, 3.410612575e-33, 3.008110114e-33, 2.643225839e-33, 2.31517796e-33, 2.022245885e-33, 1.762143199e-33], "y_stern": [0, 0, -4.408170495e-33, -7.077758547e-33, -8.526443652e-33, -9.133998585e-33, -9.176948453e-33, -8.854816537e-33, -8.309954058e-33, -7.642484009e-33, -6.921530248e-33, -6.193627372e-33, -5.488995265e-33, -4.826199954e-33, -4.215598059e-33, -3.66186694e-33, -3.165849855e-33, -2.725889849e-33, -2.338783703e-33, -2.000454929e-33, -1.706420282e-33], "pi": [0, -0.4337795425, 0.006010421568, 0.003802511614, -0.01196322301, -0.03599953925, -0.01363054322, -0.003997835777, -0.002243784677, -0.003309766031, -0.002182909283, -0.001032209874, -0.0005108351524, -0.0004087110033, -0.0003000536428, -0.0001781204797, -9.775759628e-05, -6.257883986e-05, -4.311453106e-05, -2.770335656e-05, -1.656318762e-05], "s": [0, -0.4932345823, -0.2355357269, -0.09360964262, -0.03658913026, -0.04738404508, -0.03429828136, -0.01850858658, -0.00897919636, -0.006402442165, -0.004694376549, -0.002955612344, -0.001662839154, -0.001026032182, -0.000689812613, -0.0004504448844, -0.0002747620565, -0.0001679307589, -0.0001071762381, -6.923969143e-05, -4.358802212e-05], "e": [0, -0.6780786311, -0.5444299665, -0.4703314653, -0.4540524286, -0.4953986891, -0.5025478536, -0.4987250535, -0.4962489312, -0.4982824309, -0.4996193353, -0.4997903352, -0.4996608598, -0.4997541603, -0.4998876844, -0.4999472461, -0.499957988, -0.4999676533, -0.4999806761, -0.4999895895, -0.4999934474], "y": [0, -0.3071179605, -0.1466589219, -0.05828707789, -0.02278262609, -0.02950419902, -0.02135620372, -0.01152457586, -0.005590995789, -0.003986551329, -0.002923005407, -0.001840344671, -0.001035385165, -0.0006388702708, -0.0004295194424, -0.0002804744824, -0.0001710836292, -0.0001045639418, -6.673446842e-05, -4.311285862e-05, -2.71405634e-05], "y_n": [0, -4.039017251e-17, -3.397051476e-17, -4.660844687e-17, 6.666600345e-18, -3.45569838e-17, -1.440845791e-17, -5.710754768e-18, -1.244336365e-18, -2.693725238e-18, -2.030958537e-18, -1.098617777e-18, -4.683330947e-19, -3.463577148e-19, -2.673466299e-19, -1.71590414e-19, -9.289474508e-20, -5.63686055e-20, -3.856808318e-20, -2.564951569e-20, -1.553046369e-20], "shock_eta": [0, 6.927169306e-17, 5.368556212e-17, 4.160631064e-17, 3.224489075e-17, 2.498979033e-17, 1.936708751e-17, 1.500949282e-17, 1.163235693e-17, 9.015076623e-18, 6.986684383e-18, 5.414680397e-18, 4.196377308e-18, 3.252192413e-18, 2.52044912e-18, 1.953348068e-18, 1.513844753e-18, 1.173229684e-18, 9.092530047e-19, 7.046710787e-19, 5.46120086e-19], "interest": [0, 0.6295512485, 0.3423372271, 0.1012103835, -0.1281458457, -0.008413879528, 0.02534208261, 0.015927763, -0.003412273314, -0.00224441432, 0.001105036951, 0.001562817613, 0.0003227627545, -7.072937269e-05, 5.010877342e-05, 0.0001311837285, 7.101313539e-05, 1.891102053e-05, 9.517784085e-06, 1.262143411e-05, 9.613009467e-06], "inflation": [0, -0.4337795425, -0.4277691209, -0.4239666093, -0.4359298323, -0.03814982908, -0.05779079387, -0.06559114126, -0.05587170292, -0.02318192971, -0.01173429577, -0.008768669865, -0.00703572034, -0.004134665313, -0.002251809673, -0.001397720278, -0.0009846427221, -0.0006385105587, -0.0003815714469, -0.0002311543238, -0.0001499599151], "inflationq": [0, -1.73511817, 0.02404168627, 0.01521004645, -0.04785289205, -0.143998157, -0.05452217289, -0.01599134311, -0.008975138706, -0.01323906412, -0.008731637132, -0.004128839497, -0.002043340609, -0.001634844013, -0.001200214571, -0.0007124819188, -0.0003910303851, -0.0002503153595, -0.0001724581242, -0.0001108134262, -6.625275049e-05], "outputgap": [0, -0.3071179605, -0.1466589219, -0.05828707789, -0.02278262609, -0.02950419902, -0.02135620372, -0.01152457586, -0.005590995789, -0.003986551329, -0.002923005407, -0.001840344671, -0.001035385165, -0.0006388702708, -0.0004295194424, -0.0002804744824, -0.0001710836292, -0.0001045639418, -6.673446842e-05, -4.311285862e-05, -2.71405634e-05], "output": [0, -0.3071179605, -0.1466589219, -0.05828707789, -0.02278262609, -0.02950419902, -0.02135620372, -0.01152457586, -0.005590995789, -0.003986551329, -0.002923005407, -0.001840344671, -0.001035385165, -0.0006388702708, -0.0004295194424, -0.0002804744824, -0.0001710836292, -0.0001045639418, -6.673446842e-05, -4.311285862e-05, -2.71405634e-05], "AUX_ENDO_LEAD_80": [0, 0.02404168627, 0.01521004645, -0.04785289205, -0.143998157, -0.05452217289, -0.01599134311, -0.008975138706, -0.01323906412, -0.008731637132, -0.004128839497, -0.002043340609, -0.001634844013, -0.001200214571, -0.0007124819188, -0.0003910303851, -0.0002503153595, -0.0001724581242, -0.0001108134262, -6.625275049e-05, -4.066856869e-05], "AUX_ENDO_LEAD_84": [0, 0.01521004645, -0.04785289205, -0.143998157, -0.05452217289, -0.01599134311, -0.008975138706, -0.01323906412, -0.008731637132, -0.004128839497, -0.002043340609, -0.001634844013, -0.001200214571, -0.0007124819188, -0.0003910303851, -0.0002503153595, -0.0001724581242, -0.0001108134262, -6.625275049e-05, -4.066856869e-05, -2.634799133e-05], "AUX_ENDO_LEAD_88": [0, -0.04785289205, -0.143998157, -0.05452217289, -0.01599134311, -0.008975138706, -0.01323906412, -0.008731637132, -0.004128839497, -0.002043340609, -0.001634844013, -0.001200214571, -0.0007124819188, -0.0003910303851, -0.0002503153595, -0.0001724581242, -0.0001108134262, -6.625275049e-05, -4.066856869e-05, -2.634799133e-05, -1.703688457e-05], "AUX_ENDO_LEAD_115": [0, -0.1466589219, -0.05828707789, -0.02278262609, -0.02950419902, -0.02135620372, -0.01152457586, -0.005590995789, -0.003986551329, -0.002923005407, -0.001840344671, -0.001035385165, -0.0006388702708, -0.0004295194424, -0.0002804744824, -0.0001710836292, -0.0001045639418, -6.673446842e-05, -4.311285862e-05, -2.71405634e-05, -1.684206806e-05],