{"interest_": {"x": [0, -0.2464045163, -0.1528373587, -0.09229840474, -0.05526452047, -0.0329977383, -0.0196843765, -0.01173888626, -0.00699984447, -0.004173836378, -0.002488729317, -0.001483946776, -0.0008848271939, -0.0005275922718, -0.0003145852325, -0.0001875764098, -0.0001118453932, -6.668957959e-05, -3.976471353e-05, -2.371033752e-05, -1.413766265e-05], "q_dach": [0, 0.08899076479, 0.04614397916, 0.0261494327, 0.01532282917, 0.009083380971, 0.005405635391, 0.003221129348, 0.001920241641, 0.001144893973, 0.0006826452291, 0.0004070348551, 0.0002427003342, 0.0001447137798, 8.62878493e-05, 5.145048614e-05, 3.067816278e-05, 1.829233816e-05, 1.090709505e-05, 6.503527418e-06, 3.87783078e-06], "r": [0, 0.04189113385, 0.02535204671, 0.01519029104, 0.009071994855, 0.005412188924, 0.003227668905, 0.001924660112, 0.001147630962, 0.0006842974024, 0.000408023974, 0.0002432908979, 0.0001450660678, 8.649793715e-05, 5.157576036e-05, 3.07528607e-05, 1.83368782e-05, 1.09336528e-05, 6.519362906e-06, 3.887272941e-06, 2.317847792e-06], "rr": [0, 4.160477211e-17, -4.5319744e-17, -9.137415792e-18, -1.493657983e-16, -2.93875546e-17, -1.861499182e-17, -1.131492403e-17, -6.789198801e-18, -4.056549573e-18, -2.420435187e-18, -1.443548817e-18, -8.608030846e-19, -5.132801048e-19, -3.060538601e-19, -1.824899342e-19, -1.088125985e-19, -6.488124699e-20, -3.868647046e-20, -2.306741883e-20, -1.375431239e-20], "pi_H": [0, -0.1835086444, -0.1456179042, -0.09396720123, -0.05743787089, -0.03452605905, -0.02064150907, -0.01231863524, -0.007347312835, -0.004381371752, -0.002612544967, -0.001557787501, -0.0009288585914, -0.0005538472196, -0.0003302402643, -0.0001969109901, -0.000117411288, -7.000833294e-05, -4.174357271e-05, -2.489026355e-05, -1.484121216e-05], "a": [0, 0, -1.580486453e-33, -2.57603487e-33, -3.151531886e-33, -3.429936358e-33, -3.502413698e-33, -3.436088327e-33, -3.279964925e-33, -3.0694431e-33, -2.829752748e-33, -2.578562151e-33, -2.327952842e-33, -2.08591043e-33, -1.857446074e-33, -1.645436616e-33, -1.451250887e-33, -1.275213905e-33, -1.116948496e-33, -9.756245694e-34, -8.501390519e-34], "y_stern": [0, 0, 5.30451105e-34, 8.516922942e-34, 1.026017814e-33, 1.099127098e-33, 1.104295411e-33, 1.065532112e-33, 9.999668383e-34, 9.196477522e-34, 8.328927777e-34, 7.45301591e-34, 6.605106602e-34, 5.807541023e-34, 5.07278167e-34, 4.40645698e-34, 3.809581675e-34, 3.280161882e-34, 2.81434305e-34, 2.407219795e-34, 2.053397266e-34], "pi": [0, -0.3832326522, -0.06977673056, -0.0448971489, -0.02741993169, -0.01647764402, -0.009850318978, -0.005878391452, -0.003506066608, -0.002090741407, -0.001246675782, -0.0007433576395, -0.0004432402033, -0.0002642892545, -0.0001575866936, -9.396356258e-05, -5.602725821e-05, -3.340713668e-05, -1.991953215e-05, -1.187733519e-05, -7.082048409e-06], "s": [0, -0.3957281707, -0.2454583596, -0.148232181, -0.08875538451, -0.05299470485, -0.03161330977, -0.01885277126, -0.01124182174, -0.006703223867, -0.003996924711, -0.002383233684, -0.001421041514, -0.0008473185789, -0.0005052270975, -0.0003012496306, -0.0001796248441, -0.0001071041462, -6.386253621e-05, -3.807904431e-05, -2.270523066e-05], "e": [0, -0.5792368151, -0.5745849083, -0.5713259309, -0.5692870053, -0.5680523847, -0.5673124987, -0.5668705954, -0.5666069587, -0.5664497326, -0.5663559784, -0.5663000749, -0.5662667413, -0.5662468656, -0.5662350144, -0.5662279479, -0.5662237344, -0.566221222, -0.566219724, -0.5662188308, -0.5662182982], "y": [0, -0.2464045163, -0.1528373587, -0.09229840474, -0.05526452047, -0.0329977383, -0.0196843765, -0.01173888626, -0.00699984447, -0.004173836378, -0.002488729317, -0.001483946776, -0.0008848271939, -0.0005275922718, -0.0003145852325, -0.0001875764098, -0.0001118453932, -6.668957959e-05, -3.976471353e-05, -2.371033752e-05, -1.413766265e-05], "y_n": [0, 3.446620368e-17, -2.741402437e-17, -1.898318992e-17, 5.716173391e-18, -3.364757392e-18, -1.947884283e-18, -1.149935974e-18, -6.833949349e-19, -4.070367403e-19, -2.426136525e-19, -1.446447744e-19, -8.624328724e-20, -5.142324139e-20, -3.066178473e-20, -1.828254627e-20, -1.090125131e-20, -6.500041975e-21, -3.875752328e-21, -2.310978405e-21, -1.377957309e-21], "shock_eta": [0, -9.413714461e-18, -7.295628707e-18, -5.654112248e-18, -4.381936992e-18, -3.396001169e-18, -2.631900906e-18, -2.039723202e-18, -1.580785482e-18, -1.225108748e-18, -9.4945928e-19, -7.35830942e-19, -5.7026898e-19, -4.419584595e-19, -3.425178061e-19, -2.654512997e-19, -2.057247573e-19, -1.594366869e-19, -1.235634324e-19, -9.576166008e-20, -7.421528656e-20], "interest": [0, 0.1675645354, 0.1014081868, 0.06076116418, 0.03628797942, 0.0216487557, 0.01291067562, 0.007698640449, 0.004590523849, 0.00273718961, 0.001632095896, 0.0009731635916, 0.0005802642713, 0.0003459917486, 0.0002063030414, 0.0001230114428, 7.334751282e-05, 4.373461122e-05, 2.607745163e-05, 1.554909176e-05, 9.271391168e-06], "inflation": [0, -0.3832326522, -0.4530093828, -0.4979065316, -0.5253264633, -0.1585714552, -0.09864504358, -0.05962628614, -0.03571242106, -0.02132551845, -0.01272187525, -0.007586841437, -0.004524015032, -0.00269756288, -0.001608473791, -0.0009590797139, -0.0005718667689, -0.0003409846511, -0.0002033174896, -0.0001212312622, -7.228605243e-05], "inflationq": [0, -1.532930609, -0.2791069222, -0.1795885956, -0.1096797268, -0.06591057608, -0.03940127591, -0.02351356581, -0.01402426643, -0.008362965629, -0.00498670313, -0.002973430558, -0.001772960813, -0.001057157018, -0.0006303467745, -0.0003758542503, -0.0002241090328, -0.0001336285467, -7.967812861e-05, -4.750934074e-05, -2.832819364e-05], "outputgap": [0, -0.2464045163, -0.1528373587, -0.09229840474, -0.05526452047, -0.0329977383, -0.0196843765, -0.01173888626, -0.00699984447, -0.004173836378, -0.002488729317, -0.001483946776, -0.0008848271939, -0.0005275922718, -0.0003145852325, -0.0001875764098, -0.0001118453932, -6.668957959e-05, -3.976471353e-05, -2.371033752e-05, -1.413766265e-05], "output": [0, -0.2464045163, -0.1528373587, -0.09229840474, -0.05526452047, -0.0329977383, -0.0196843765, -0.01173888626, -0.00699984447, -0.004173836378, -0.002488729317, -0.001483946776, -0.0008848271939, -0.0005275922718, -0.0003145852325, -0.0001875764098, -0.0001118453932, -6.668957959e-05, -3.976471353e-05, -2.371033752e-05, -1.413766265e-05], "AUX_ENDO_LEAD_80": [0, -0.2791069222, -0.1795885956, -0.1096797268, -0.06591057608, -0.03940127591, -0.02351356581, -0.01402426643, -0.008362965629, -0.00498670313, -0.002973430558, -0.001772960813, -0.001057157018, -0.0006303467745, -0.0003758542503, -0.0002241090328, -0.0001336285467, -7.967812861e-05, -4.750934074e-05, -2.832819364e-05, -1.689113218e-05], "AUX_ENDO_LEAD_84": [0, -0.1795885956, -0.1096797268, -0.06591057608, -0.03940127591, -0.02351356581, -0.01402426643, -0.008362965629, -0.00498670313, -0.002973430558, -0.001772960813, -0.001057157018, -0.0006303467745, -0.0003758542503, -0.0002241090328, -0.0001336285467, -7.967812861e-05, -4.750934074e-05, -2.832819364e-05, -1.689113218e-05, -1.007160393e-05], "AUX_ENDO_LEAD_88": [0, -0.1096797268, -0.06591057608, -0.03940127591, -0.02351356581, -0.01402426643, -0.008362965629, -0.00498670313, -0.002973430558, -0.001772960813, -0.001057157018, -0.0006303467745, -0.0003758542503, -0.0002241090328, -0.0001336285467, -7.967812861e-05, -4.750934074e-05, -2.832819364e-05, -1.689113218e-05, -1.007160393e-05, -6.00535267e-06], "AUX_ENDO_LEAD_115": [0, -0.1528373587, -0.09229840474, -0.05526452047, -0.0329977383, -0.0196843765, -0.01173888626, -0.00699984447, -0.004173836378, -0.002488729317, -0.001483946776, -0.0008848271939, -0.0005275922718, -0.0003145852325, -0.0001875764098, -0.0001118453932, -6.668957959e-05, -3.976471353e-05, -2.371033752e-05, -1.413766265e-05, -8.429804302e-06],