{"interest_": {"x": [0, -0.113443403, 0.0111680686, 0.005291685306, -0.001993403457, -0.01174648993, 0.004176384861, 0.001164208927, -0.0008137829196, -0.001184111582, 0.0007940727799, 9.80607084e-05, -0.0001893889746, -9.789967937e-05, 0.0001262227238, -4.36291693e-06, -3.28982305e-05, -3.315374724e-06, 1.779687401e-05, -3.723973087e-06, -4.68449408e-06], "q_dach": [0, -0.1912867904, 0.01975079766, 0.02202103575, 0.01031736171, -0.02504833593, 0.006222220536, 0.003862317019, -0.0003062640393, -0.003027689767, 0.001325620315, 0.000473877758, -0.000269985992, -0.0003207803274, 0.0002370344224, 3.727098506e-05, -6.198046251e-05, -2.585634448e-05, 3.740442154e-05, -8.231527187e-07, -1.050690196e-05], "r": [0, 0.18780455, -0.01012232169, -0.01325719213, -0.01766271291, 0.02490639034, -0.004455940028, -0.003289777581, -0.0007981207531, 0.003172414797, -0.001047986114, -0.0004848582988, 0.0001234649514, 0.0003672242843, -0.0002009569169, -5.079079977e-05, 4.509863493e-05, 3.573068736e-05, -3.372465553e-05, -2.438861989e-06, 8.960303112e-06], "rr": [0, -2.480940088e-17, -2.098059856e-16, -6.608668624e-17, 1.669680851e-16, -2.715467729e-17, -3.543436206e-17, 2.739412569e-18, 2.1062703e-17, -7.558945108e-18, -4.558772965e-18, 2.020707021e-18, 2.337380969e-18, -1.507237481e-18, -4.352839577e-19, 4.670487213e-19, 2.028122935e-19, -2.534941425e-19, -1.702807862e-20, 8.085633261e-20, 7.178748641e-21], "pi_H": [0, -0.03608813461, -0.003679728249, -0.001637737884, -0.003414739336, -0.003366031248, 0.0008110061596, 0.0001544943989, -0.0004126757314, -0.0002597193956, 0.0002001245746, 1.079820341e-05, -6.493846184e-05, -1.451903526e-05, 3.202804538e-05, -3.538562063e-06, -9.585442636e-06, 8.172915809e-07, 4.326943482e-06, -1.338998113e-06, -1.218336045e-06], "a": [0, 0, -7.19137514e-34, -1.172122234e-33, -1.433979267e-33, -1.560656152e-33, -1.593634083e-33, -1.563455361e-33, -1.492417614e-33, -1.396628029e-33, -1.287566465e-33, -1.173272173e-33, -1.059242372e-33, -9.491105968e-34, -8.451569764e-34, -7.486905027e-34, -6.603340085e-34, -5.802353797e-34, -5.082229988e-34, -4.439191655e-34, -3.868219706e-34], "y_stern": [0, 0, -1.786214289e-33, -2.867945663e-33, -3.454960625e-33, -3.701145137e-33, -3.718548654e-33, -3.588019076e-33, -3.367237882e-33, -3.096775444e-33, -2.80464112e-33, -2.509690977e-33, -2.224170274e-33, -1.955602065e-33, -1.708182907e-33, -1.483808093e-33, -1.282819314e-33, -1.104545163e-33, -9.4768768e-34, -8.105950491e-34, -6.914506359e-34], "pi": [0, -0.1280400657, 0.09732451834, -0.006400860085, -0.009319692486, -0.01127142822, 0.01371734577, -0.002287034914, -0.002015943662, -0.0005598905362, 0.001803548549, -0.0005533567173, -0.0002979317672, 5.963792007e-05, 0.0002136912115, -0.0001093851914, -3.271483683e-05, 2.479577462e-05, 2.143954756e-05, -1.878279296e-05, -1.99688956e-06], "s": [0, -0.1821912643, 0.01793603227, 0.008498500667, -0.003201426319, -0.01886498284, 0.006707316757, 0.001869731432, -0.001306943683, -0.001901695299, 0.001275288998, 0.0001574864996, -0.0003041606282, -0.0001572278853, 0.000202714984, -7.006889165e-06, -5.28348943e-05, -5.32452568e-06, 2.858196149e-05, -5.980738825e-06, -7.523345354e-06], "e": [0, -0.2182793989, -0.02183183058, -0.03290710007, -0.04802176639, -0.06705135416, -0.04066804841, -0.04535113933, -0.04894049018, -0.04979496119, -0.04641785232, -0.04752485661, -0.0480514422, -0.0479190285, -0.04752705758, -0.04774031802, -0.04779573146, -0.0477474038, -0.04770917037, -0.04774507207, -0.04774783301], "y": [0, -0.113443403, 0.0111680686, 0.005291685306, -0.001993403457, -0.01174648993, 0.004176384861, 0.001164208927, -0.0008137829196, -0.001184111582, 0.0007940727799, 9.80607084e-05, -0.0001893889746, -9.789967937e-05, 0.0001262227238, -4.36291693e-06, -3.28982305e-05, -3.315374724e-06, 1.779687401e-05, -3.723973087e-06, -4.68449408e-06], "y_n": [0, -1.625257974e-17, 8.675614961e-17, -8.079349938e-17, 7.283779717e-19, 1.772567532e-17, 5.55199261e-18, -1.174919526e-17, 1.860843807e-18, 2.782839852e-18, -1.707212258e-19, -1.527902811e-18, 5.288211953e-19, 3.55373014e-19, -1.474372701e-19, -1.72438754e-19, 1.077373123e-19, 3.478539133e-20, -3.448728185e-20, -1.525777493e-20, 1.838640433e-20], "shock_eta": [0, 1.661876499e-17, 1.287954287e-17, 9.981645724e-18, 7.735775436e-18, 5.995225963e-18, 4.646300121e-18, 3.600882594e-18, 2.79068401e-18, 2.162780108e-18, 1.676154584e-18, 1.299019802e-18, 1.006740347e-18, 7.802237688e-19, 6.046734208e-19, 4.686219011e-19, 3.631819734e-19, 2.814660294e-19, 2.181361728e-19, 1.690555339e-19, 1.310180388e-19], "interest": [0, 0.7512181999, -0.04048928675, -0.05302876852, -0.07065085163, 0.09962556135, -0.01782376011, -0.01315911032, -0.003192483012, 0.01268965919, -0.004191944455, -0.001939433195, 0.0004938598054, 0.001468897137, -0.0008038276675, -0.0002031631991, 0.0001803945397, 0.0001429227494, -0.0001348986221, -9.755447958e-06, 3.584121245e-05], "inflation": [0, -0.1280400657, -0.03071554737, -0.03711640745, -0.04643609994, 0.07033253754, -0.01327463503, -0.009160809859, -0.001857061035, 0.008854476654, -0.003059320563, -0.001325642366, 0.0003923695285, 0.001011897985, -0.0005779593529, -0.0001339878271, 0.0001312291033, 9.638695787e-05, -9.58647061e-05, -5.26230761e-06, 2.545563966e-05], "inflationq": [0, -0.5121602628, 0.3892980733, -0.02560344034, -0.03727876994, -0.0450857129, 0.05486938307, -0.009148139657, -0.008063774648, -0.002239562145, 0.007214194197, -0.002213426869, -0.001191727069, 0.0002385516803, 0.0008547648461, -0.0004375407658, -0.0001308593473, 9.91830985e-05, 8.575819022e-05, -7.513117185e-05, -7.987558241e-06], "outputgap": [0, -0.113443403, 0.0111680686, 0.005291685306, -0.001993403457, -0.01174648993, 0.004176384861, 0.001164208927, -0.0008137829196, -0.001184111582, 0.0007940727799, 9.80607084e-05, -0.0001893889746, -9.789967937e-05, 0.0001262227238, -4.36291693e-06, -3.28982305e-05, -3.315374724e-06, 1.779687401e-05, -3.723973087e-06, -4.68449408e-06], "output": [0, -0.113443403, 0.0111680686, 0.005291685306, -0.001993403457, -0.01174648993, 0.004176384861, 0.001164208927, -0.0008137829196, -0.001184111582, 0.0007940727799, 9.80607084e-05, -0.0001893889746, -9.789967937e-05, 0.0001262227238, -4.36291693e-06, -3.28982305e-05, -3.315374724e-06, 1.779687401e-05, -3.723973087e-06, -4.68449408e-06], "AUX_ENDO_LEAD_80": [0, 0.3892980733, -0.02560344034, -0.03727876994, -0.0450857129, 0.05486938307, -0.009148139657, -0.008063774648, -0.002239562145, 0.007214194197, -0.002213426869, -0.001191727069, 0.0002385516803, 0.0008547648461, -0.0004375407658, -0.0001308593473, 9.91830985e-05, 8.575819022e-05, -7.513117185e-05, -7.987558241e-06, 2.034729318e-05], "AUX_ENDO_LEAD_84": [0, -0.02560344034, -0.03727876994, -0.0450857129, 0.05486938307, -0.009148139657, -0.008063774648, -0.002239562145, 0.007214194197, -0.002213426869, -0.001191727069, 0.0002385516803, 0.0008547648461, -0.0004375407658, -0.0001308593473, 9.91830985e-05, 8.575819022e-05, -7.513117185e-05, -7.987558241e-06, 2.034729318e-05, 5.938312564e-06], "AUX_ENDO_LEAD_88": [0, -0.03727876994, -0.0450857129, 0.05486938307, -0.009148139657, -0.008063774648, -0.002239562145, 0.007214194197, -0.002213426869, -0.001191727069, 0.0002385516803, 0.0008547648461, -0.0004375407658, -0.0001308593473, 9.91830985e-05, 8.575819022e-05, -7.513117185e-05, -7.987558241e-06, 2.034729318e-05, 5.938312564e-06, -1.146873422e-05], "AUX_ENDO_LEAD_115": [0, 0.0111680686, 0.005291685306, -0.001993403457, -0.01174648993, 0.004176384861, 0.001164208927, -0.0008137829196, -0.001184111582, 0.0007940727799, 9.80607084e-05, -0.0001893889746, -9.789967937e-05, 0.0001262227238, -4.36291693e-06, -3.28982305e-05, -3.315374724e-06, 1.779687401e-05, -3.723973087e-06, -4.68449408e-06, 9.977081927e-07],