{"interest_": {"Yhat": [0, -2.379941242, -1.725873462, -1.266629564, -0.941901496, -0.7107820156, -0.5452866441, -0.4261119242, -0.3398362608, -0.2770575491, -0.2311435486, -0.1973861643, -0.172424149, -0.1538457007, -0.139912666, -0.1293676578, -0.1212981879, -0.1150403259, -0.1101099762, -0.1061535933, -0.1029126702], "chat": [0, -7.087767158, -5.459964082, -4.175060543, -3.174108282, -2.402080263, -1.811175446, -1.361619311, -1.021238557, -0.7645163637, -0.5715029629, -0.4267674159, -0.318471669, -0.2375919527, -0.1772844744, -0.132379772, -0.09898587937, -0.07418047843, -0.05577418218, -0.04212975204, -0.03202477326], "c1hat": [0, -0.6138643599, -0.2082573417, 0.01341145995, 0.1254240818, 0.1731252545, 0.1840643675, 0.1748630401, 0.1554464537, 0.1316488719, 0.1068166083, 0.0827928959, 0.06052180836, 0.04041751567, 0.02258910081, 0.006976579725, -0.006567569268, -0.01823022483, -0.02820977073, -0.03670056306, -0.0438847973], "c2hat": [0, -2.87975438, -2.280454978, -1.846604066, -1.523743512, -1.277006247, -1.083796266, -0.9292452424, -0.8033862108, -0.6993900946, -0.61246095, -0.5391401456, -0.476864986, -0.4236861328, -0.3780845309, -0.3388510218, -0.3050057288, -0.2757429082, -0.250392299, -0.2283913218, -0.2092645377], "Ihat": [0, -3.360911949, -2.626166211, -2.050014959, -1.603108399, -1.259251612, -0.9962792929, -0.7960588114, -0.6440937498, -0.5289835914, -0.441870823, -0.3759368146, -0.3259697675, -0.2880082898, -0.2590547698, -0.2368489915, -0.219691675, -0.2063082924, -0.1957447652, -0.187288056, -0.1804059963], "Khat": [0, -0.1008273585, -0.176587524, -0.2327903471, -0.2738998887, -0.3034604403, -0.3242450059, -0.3383994201, -0.34757025, -0.3530126502, -0.3556783954, -0.356286148, -0.3553766566, -0.3533556056, -0.3505265805, -0.3471162528, -0.3432935155, -0.3391839588, -0.334880783, -0.3304530012, -0.325951591], "Xhat": [0, 2.637316144, 1.297153682, 0.8098849731, 0.5070675354, 0.3185573168, 0.2009607879, 0.1274146854, 0.08127512419, 0.05221952352, 0.03383799214, 0.02214439703, 0.0146554674, 0.009820864505, 0.006670190444, 0.004594159557, 0.003208791387, 0.002271016124, 0.001626146197, 0.001175119795, 0.0008540277844], "qhat": [0, -0.9210999563, -0.4613480298, -0.192791702, -0.0414174866, 0.03868008706, 0.07594371314, 0.08795947642, 0.08556048941, 0.07537867951, 0.0614333107, 0.04612092256, 0.0308328438, 0.01634067596, 0.003037007479, -0.008914333839, -0.01948463841, -0.02872214627, -0.03671613072, -0.04357494752, -0.04941284505], "bhat": [0, -11.64252631, -9.463145873, -7.53695729, -5.917226183, -4.598034219, -3.546953357, -2.722623119, -2.083680331, -1.5928479, -1.218403398, -0.934302929, -0.7196770314, -0.5580887946, -0.4367563321, -0.3458356892, -0.2778022187, -0.2269381243, -0.1889192207, -0.160487933, -0.1391980833], "b2hat": [0, -3.903275292, -3.845466636, -3.660028966, -3.405583818, -3.119730642, -2.826190527, -2.539521216, -2.268244568, -2.016929639, -1.787584403, -1.580586998, -1.395308558, -1.230528482, -1.084709464, -0.9561775225, -0.8432376355, -0.7442457594, -0.6576514403, -0.5820207365, -0.5160461244], "hhat": [0, -10.77557127, -9.048685369, -7.383527181, -5.908205097, -4.663038819, -3.64411416, -2.827600195, -2.182856593, -1.679113474, -1.288548033, -0.9874068603, -0.7561220001, -0.5789542169, -0.4434545194, -0.3398951998, -0.260742728, -0.2002015395, -0.1538350655, -0.1182593222, -0.09089978716], "h2hat": [0, -3.036320244, -3.431006132, -3.506598858, -3.396562732, -3.184735242, -2.92335133, -2.644498292, -2.367420829, -2.103195213, -1.857729038, -1.63369093, -1.431753527, -1.251393904, -1.091407651, -0.9502370331, -0.8261781448, -0.7175091746, -0.6225672852, -0.5397921257, -0.4677478282], "pihat": [0, -0.5179838008, -0.2945597627, -0.1850714529, -0.1167235617, -0.07393966149, -0.04706750013, -0.03011956145, -0.01937690332, -0.01252604898, -0.008125124456, -0.005273431108, -0.003406771411, -0.002170549285, -0.001341001766, -0.0007762394814, -0.0003857651038, -0.0001114584274, 8.431359252e-05, 0.0002261526678, 0.0003303203201], "Rhat": [0, 0.1110472555, 0.03659734875, -0.004710939781, -0.02623848883, -0.03612838714, -0.03932088882, -0.03879348972, -0.0363236308, -0.03295738806, -0.02929714348, -0.02567785895, -0.02227484198, -0.01916941663, -0.01638876057, -0.0139299141, -0.01177411399, -0.009895232306, -0.00826463966, -0.006853913926, -0.005636262731], "rrhat": [0, 0.4056070182, 0.2216688017, 0.1120126219, 0.04770117265, 0.01093911299, -0.009201327376, -0.0194165864, -0.02379758182, -0.0248322636, -0.02402371238, -0.02227108754, -0.02010429269, -0.01782841486, -0.01561252109, -0.01354414899, -0.01166265556, -0.009979545899, -0.008490792328, -0.007184234246, -0.006043964116], "Yhatf": [0, -3.092302808e-15, -2.936594392e-15, -6.343903782e-16, 6.896487545e-16, 1.548700083e-15, 2.059358212e-15, 2.318587179e-15, 2.402971295e-15, 2.37076159e-15, 2.26493065e-15, 2.116317364e-15, 1.946448579e-15, 1.769893332e-15, 1.596139382e-15, 1.431041797e-15, 1.277914153e-15, 1.138334096e-15, 1.012727516e-15, 9.00785032e-16, 8.017537742e-16], "chatf": [0, -2.169660525e-14, -2.675599175e-14, -1.409289147e-14, -5.229718277e-15, 9.082283231e-16, 4.946005382e-15, 7.422078462e-15, 8.773047291e-15, 9.338683842e-15, 9.375329164e-15, 9.071440351e-15, 8.562318373e-15, 7.942802811e-15, 7.277627034e-15, 6.60956104e-15, 5.965646228e-15, 5.361870678e-15, 4.806614332e-15, 4.303148411e-15, 3.851421836e-15], "c1hatf": [0, 6.578747017e-15, 9.024459952e-15, 6.490899144e-15, 4.123952561e-15, 2.297189095e-15, 9.320784927e-16, -5.618754194e-17, -7.466359125e-16, -1.207597591e-15, -1.495525328e-15, -1.655637708e-15, -1.723336749e-15, -1.725840198e-15, -1.683751051e-15, -1.612443187e-15, -1.523225583e-15, -1.424289652e-15, -1.321463086e-15, -1.218799949e-15, -1.119036772e-15], "c2hatf": [0, -7.335799234e-15, -6.820096963e-15, -2.499227389e-15, 4.264126723e-16, 2.520615299e-15, 3.94100964e-15, 4.835428853e-15, 5.331757615e-15, 5.535300258e-15, 5.529874745e-15, 5.380501219e-15, 5.136550975e-15, 4.8347911e-15, 4.502076517e-15, 4.157610693e-15, 3.814781668e-15, 3.482618562e-15, 3.166926894e-15, 2.871161357e-15, 2.597089024e-15], "Ihatf": [0, -1.160789724e-14, -1.470912603e-14, -8.763399421e-15, -4.522733977e-15, -1.509002463e-15, 5.474981198e-16, 1.882997818e-15, 2.691324441e-15, 3.124832327e-15, 3.29956517e-15, 3.301697021e-15, 3.193808557e-15, 3.02038198e-15, 2.812330097e-15, 2.590586122e-15, 2.368870793e-15, 2.155780302e-15, 1.956334494e-15, 1.773107546e-15, 1.607042214e-15], "Khatf": [0, -3.482369173e-16, -7.906774537e-16, -1.044641549e-15, -1.164277122e-15, -1.189204395e-15, -1.15053506e-15, -1.071750316e-15, -9.699897836e-16, -8.573722123e-16, -7.421778096e-16, -6.298331476e-16, -5.236950641e-16, -4.256547657e-16, -3.365918822e-16, -2.567086566e-16, -1.857712704e-16, -1.232808697e-16, -6.859236867e-17, -2.099508786e-17, 2.02340776e-17], "qhatf": [0, 4.9656256e-15, 7.15301299e-15, 5.786865037e-15, 4.28490811e-15, 3.071413414e-15, 2.119966661e-15, 1.392710054e-15, 8.500234864e-16, 4.551930935e-16, 1.763281434e-16, -1.31874583e-17, -1.349721799e-16, -2.062400266e-16, -2.404874664e-16, -2.481612177e-16, -2.372556982e-16, -2.138225586e-16, -1.823921086e-16, -1.463146109e-16, -1.080325177e-16], "bhatf": [0, 5.174155501e-14, 8.521665103e-14, 8.957024739e-14, 8.868483667e-14, 8.469299865e-14, 7.885321692e-14, 7.206084216e-14, 6.493166957e-14, 5.787278722e-14, 5.113952932e-14, 4.487960444e-14, 3.916634815e-14, 3.402321369e-14, 2.944144507e-14, 2.539258155e-14, 2.183712364e-14, 1.87303991e-14, 1.602641934e-14, 1.368031658e-14, 1.164979575e-14], "b2hatf": [0, 1.290555077e-14, 9.129884702e-15, 1.493521828e-14, 1.859766604e-14, 2.084961856e-14, 2.199195653e-14, 2.229124842e-14, 2.197174392e-14, 2.121547408e-14, 2.016621953e-14, 1.893495996e-14, 1.760553654e-14, 1.623990437e-14, 1.48827144e-14, 1.356516007e-14, 1.230812326e-14, 1.112469796e-14, 1.002218486e-14, 9.003648296e-15, 8.069118488e-15],