{"interest_": {"Yhat": [0, -0.8330103144, -0.5003906289, -0.3045399953, -0.1968954139, -0.146522547, -0.1166140196, -0.09544919629, -0.07934999324, -0.06704613229, -0.05771442016, -0.05066049296, -0.04531409255, -0.04123458776, -0.03809287966, -0.03564613144, -0.03371544982, -0.03216885135, -0.03090880453, -0.02986315567, -0.02897848143], "chat": [0, -2.371735023, -1.671700885, -1.171106115, -0.8279175172, -0.60428057, -0.4474112371, -0.3329398628, -0.248015298, -0.184850383, -0.1379117687, -0.1030526858, -0.07715518796, -0.0578950658, -0.0435504514, -0.0328487314, -0.02484949573, -0.01885739007, -0.01435786039, -0.01096984734, -0.008410925141], "c1hat": [0, -0.2827424662, -0.03498621476, 0.0759194559, 0.109084584, 0.09811793105, 0.07969812503, 0.06309413666, 0.04954823311, 0.03839947532, 0.02903415997, 0.02107784562, 0.01429527962, 0.008512986541, 0.00358824955, -0.0006006839594, -0.00415816468, -0.007173493808, -0.009723053497, -0.01187222977, -0.0136770715], "c2hat": [0, -0.9660673784, -0.6411616503, -0.4505582399, -0.3445634373, -0.2924833933, -0.2569143648, -0.227240129, -0.2010065883, -0.1778972861, -0.15772811, -0.1402055568, -0.1249972474, -0.1117913685, -0.1003148178, -0.09033261508, -0.08164273492, -0.07407107157, -0.06746732042, -0.06170161259, -0.05666168951], "Ihat": [0, -1.117213736, -0.796548828, -0.5708008351, -0.4181789119, -0.3199815553, -0.2512695064, -0.2009568214, -0.1633969671, -0.1352395651, -0.1141079798, -0.09821443282, -0.08621086284, -0.07709119412, -0.07010988679, -0.06471594216, -0.0605022186, -0.0571676689, -0.05448950713, -0.05230272584, -0.05048500488], "Khat": [0, -0.03351641207, -0.05640738455, -0.07183918806, -0.08222937978, -0.08936194505, -0.09421917189, -0.09742130137, -0.09940057135, -0.1004757412, -0.1008847083, -0.1008046001, -0.1003667879, -0.09966852012, -0.09878176112, -0.09775978655, -0.09664205951, -0.0954578278, -0.09422877818, -0.09297099661, -0.09169641685], "Xhat": [0, 0.9514610867, 0.3195589445, 0.1012378119, 0.01203779085, -0.002587973562, -0.001013250328, 0.001562590398, 0.00265490085, 0.002840042089, 0.002684103605, 0.002433413481, 0.002164111846, 0.001896719938, 0.001638784422, 0.00139511346, 0.001169024856, 0.0009623589868, 0.0007756951157, 0.0006087031552, 0.0004604690678], "qhat": [0, -0.3772539156, -0.1101635521, 0.01706176248, 0.06320377886, 0.06223107248, 0.05147166834, 0.04076724819, 0.03179695651, 0.02422124399, 0.01766389617, 0.01192795621, 0.006911960577, 0.002543842293, -0.001241928889, -0.004508114746, -0.007313778715, -0.00971328183, -0.01175590335, -0.01348588464, -0.01494267862], "bhat": [0, -4.170564262, -3.220682576, -2.393891328, -1.745618506, -1.28470139, -0.9529566644, -0.7110289733, -0.5328680856, -0.4011746236, -0.3037300543, -0.2316045783, -0.1781930127, -0.1386051316, -0.1092262799, -0.08738796926, -0.07112110496, -0.05897264775, -0.04987014433, -0.04302183713, -0.03784303366], "b2hat": [0, -1.453470565, -1.275130929, -1.09905101, -0.950224737, -0.8431914252, -0.7527848152, -0.6711722913, -0.5964449944, -0.5285411277, -0.4674367348, -0.4128673022, -0.3643997014, -0.3215265354, -0.2837224282, -0.250472973, -0.2212896375, -0.1957175792, -0.1733393907, -0.1537762274, -0.1366872022], "hhat": [0, -3.812644459, -3.126838668, -2.423929979, -1.818816232, -1.354592865, -1.010327901, -0.7563718334, -0.5682380874, -0.4282038351, -0.3236143249, -0.2452991049, -0.1865191481, -0.1422879397, -0.1089070986, -0.08363167126, -0.06442315225, -0.04976630409, -0.03853343597, -0.02988400024, -0.02319036282], "h2hat": [0, -1.095550762, -1.181287021, -1.12908966, -1.023422462, -0.9130828995, -0.8101560517, -0.7165151514, -0.6318149962, -0.5555703392, -0.4873210054, -0.4265618288, -0.3727258368, -0.3252093435, -0.2834032469, -0.246716675, -0.2145916848, -0.1865112356, -0.1620026823, -0.1406383905, -0.1220345314], "pihat": [0, -0.1184878542, -0.03719270462, -0.009862520422, -0.001184789459, -0.0001530765092, -0.0003790009157, -0.0004706783524, -0.0003399555656, -0.0001132086626, 0.0001318804209, 0.0003659252326, 0.0005805992152, 0.0007740930795, 0.0009463584587, 0.001098000796, 0.00123004852, 0.001343828101, 0.001440838971, 0.001522645927, 0.001590800958], "Rhat": [0, 0.2105635468, 0.1010431502, 0.0319803386, -0.01111972942, -0.01879880693, -0.01707466672, -0.01388585912, -0.01126196645, -0.009233434929, -0.007590389123, -0.006201966784, -0.005008199998, -0.003978378532, -0.003090932714, -0.002327432201, -0.001671501027, -0.001108720718, -0.000626530349, -0.0002140407721, 0.0001381748136], "rrhat": [0, 0.2477562514, 0.1109056707, 0.03316512806, -0.01096665292, -0.01841980602, -0.01660398837, -0.01354590355, -0.01114875779, -0.00936531535, -0.007956314356, -0.006782565999, -0.005782293078, -0.004924736991, -0.00418893351, -0.003557480721, -0.003015329128, -0.002549559689, -0.002149176276, -0.00180484173, -0.001508617664], "Yhatf": [0, -1.962026508e-15, -3.200882104e-15, -1.046954692e-15, 4.066888109e-16, 1.084578107e-15, 1.331254848e-15, 1.327789451e-15, 1.191749241e-15, 9.955056693e-16, 7.827137225e-16, 5.781761441e-16, 3.946637826e-16, 2.37504122e-16, 1.076179024e-16, 3.480077547e-18, -7.76454157e-17, -1.389520596e-16, -1.836506739e-16, -2.147299964e-16, -2.34842792e-16], "chatf": [0, -1.740805621e-14, -2.199992097e-14, -7.031025963e-15, 2.125356869e-15, 6.614026622e-15, 8.55605886e-15, 8.965060862e-15, 8.51343377e-15, 7.623377097e-15, 6.557758497e-15, 5.472550613e-15, 4.454077554e-15, 3.544541179e-15, 2.75918941e-15, 2.097567899e-15, 1.550729011e-15, 1.105736388e-15, 7.483887903e-16, 4.647884517e-16, 2.421729291e-16], "c1hatf": [0, 5.615009198e-15, 8.9594806e-15, 5.705248179e-15, 3.952722672e-15, 2.603112072e-15, 1.639198269e-15, 9.539740267e-16, 4.739275356e-16, 1.418574859e-16, -8.391248848e-17, -2.336404764e-16, -3.292284587e-16, -3.865236083e-16, -4.169726501e-16, -4.288193117e-16, -4.279762845e-16, -4.186625175e-16, -4.038692265e-16, -3.857003018e-16, -3.656205625e-16], "c2hatf": [0, -7.341142266e-15, -6.101267549e-15, -4.847252888e-15, -3.57150705e-15, -2.697629933e-15, -2.038248172e-15, -1.5565134e-15, -1.208999133e-15, -9.602531443e-16, -7.822847024e-16, -6.544695314e-16, -5.619879359e-16, -4.94289744e-16, -4.438855363e-16, -4.054723562e-16, -3.753107121e-16, -3.507789903e-16, -3.300530879e-16, -3.118756713e-16, -2.953901725e-16], "Ihatf": [0, -5.288679887e-15, -7.821379681e-15, -2.135086037e-15, 9.316865611e-16, 2.523931983e-15, 3.184245923e-15, 3.272792975e-15, 3.038401171e-15, 2.647014691e-15, 2.202028682e-15, 1.76344327e-15, 1.363018633e-15, 1.014976345e-15, 7.230944532e-16, 4.852643104e-16, 2.963554235e-16, 1.499733404e-16, 3.949938492e-17, -4.133044901e-17, -9.8136937e-17], "Khatf": [0, -1.586603966e-16, -1.695848829e-15, -2.746372976e-15, -3.173809622e-15, -3.302726526e-15, -3.267666737e-15, -3.144472407e-15, -2.97423423e-15, -2.781959784e-15, -2.583332292e-15, -2.388003424e-15, -2.201554578e-15, -2.026865133e-15, -1.865080103e-15, -1.716276708e-15, -1.579910003e-15, -1.455103356e-15, -1.340833182e-15, -1.236042915e-15, -1.139710229e-15], "qhatf": [0, 5.895439397e-15, 8.984371833e-15, 6.094699092e-15, 4.404150727e-15, 3.082654954e-15, 2.032878584e-15, 1.20484222e-15, 5.57615613e-16, 5.482144932e-17, -3.339830946e-16, -6.332729166e-16, -8.623671366e-16, -1.036426615e-15, -1.167333567e-15, -1.264398223e-15, -1.334914284e-15, -1.384595072e-15, -1.417916492e-15, -1.438386577e-15, -1.44875698e-15], "bhatf": [0, 5.54454279e-14, 5.813994958e-14, 6.483180762e-14, 6.346575712e-14, 5.828548567e-14, 5.126661275e-14, 4.378429172e-14, 3.656838845e-14, 2.999198986e-14, 2.421244135e-14, 1.926161827e-14, 1.510097397e-14, 1.165602078e-14, 8.837599832e-15, 6.554550155e-15, 4.720791282e-15, 3.25885503e-15, 2.101231099e-15, 1.190425752e-15, 4.783135823e-16],