{"interest_": {"Yhat": [0, -0.5793001723, -0.4051878645, -0.2762528425, -0.1879193634, -0.1360835775, -0.1035593809, -0.08186051373, -0.06658969892, -0.05547646586, -0.04723081324, -0.04104291493, -0.03636256717, -0.03279769254, -0.03006193292, -0.02794374448, -0.02628608448, -0.02497214259, -0.02391497423, -0.02304985364, -0.02232859761], "chat": [0, -1.691539196, -1.277604703, -0.9421288134, -0.6856246384, -0.5037685057, -0.3726257812, -0.2768507094, -0.2061824505, -0.1537285365, -0.1146686778, -0.08553369961, -0.06378168251, -0.0475323306, -0.0353882213, -0.02630850346, -0.0195171086, -0.0144350913, -0.01063042468, -0.007780638961, -0.005644982872], "c1hat": [0, -0.169456026, -0.05565959501, 0.01516508089, 0.05148236437, 0.05879768425, 0.0547786604, 0.04701075744, 0.03866536846, 0.03084790363, 0.02387089284, 0.01776311614, 0.01246260075, 0.007884481952, 0.003943526886, 0.0005609548973, -0.002333958048, -0.004803944304, -0.006904314046, -0.008683652616, -0.01018452298], "c2hat": [0, -0.6896497899, -0.5264341567, -0.4015383546, -0.3126636743, -0.2575210591, -0.2192286188, -0.1900266162, -0.1662404447, -0.1461962305, -0.129040305, -0.1142571402, -0.1014800327, -0.0904194435, -0.08083475683, -0.07252164964, -0.06530512889, -0.05903481057, -0.05358126699, -0.04883301936, -0.04469399934], "Ihat": [0, -0.8002966667, -0.6122412898, -0.4608735477, -0.3459986171, -0.265245819, -0.2072271508, -0.1648489685, -0.1334751813, -0.1100469708, -0.09244907624, -0.07916857105, -0.06910029385, -0.06142787185, -0.05554493126, -0.050999914, -0.04745614395, -0.04466244635, -0.04243136418, -0.0406229522, -0.03913270325], "Khat": [0, -0.0240089, -0.0416558717, -0.05423240198, -0.06298538843, -0.06905320135, -0.07319841983, -0.07594793629, -0.07767375364, -0.07864495015, -0.07905907394, -0.07906235885, -0.0787634969, -0.07824342815, -0.07756247324, -0.07676559646, -0.07588631289, -0.07494959689, -0.07397404991, -0.07297351698, -0.07195829257], "Xhat": [0, 0.6506990028, 0.3014800777, 0.1565415946, 0.07014695373, 0.03309318123, 0.0172589151, 0.01032073454, 0.006917713622, 0.004971993661, 0.003691230838, 0.002766354342, 0.00206466029, 0.001519310271, 0.001090290929, 0.0007503986766, 0.000479787041, 0.0002634837262, 9.001597362e-05, -4.948065299e-05, -0.0001618944565], "qhat": [0, -0.2401299348, -0.1131240009, -0.03083066052, 0.01498864308, 0.02991247238, 0.03189533499, 0.02883798113, 0.02419054506, 0.01928447277, 0.01460912948, 0.01032964246, 0.006488677092, 0.003081664302, 8.511613374e-05, -0.002532116432, -0.004803872529, -0.006764200264, -0.008446000887, -0.009880268444, -0.01109568651], "bhat": [0, -2.845411459, -2.305273601, -1.796924256, -1.360671649, -1.023902462, -0.7691620487, -0.5783845304, -0.4359530133, -0.3297212746, -0.2505009403, -0.1914146487, -0.1473316998, -0.1144281386, -0.08985452958, -0.0714876387, -0.05774534299, -0.04744873797, -0.03971940057, -0.03390283335, -0.02951141222], "b2hat": [0, -0.9724071497, -0.9423892262, -0.8646193195, -0.7711515072, -0.6891733609, -0.615445959, -0.5485369458, -0.4876502741, -0.4324520432, -0.3827041554, -0.3381369188, -0.2984243769, -0.2631981917, -0.2320691649, -0.204645973, -0.1805487605, -0.159417983, -0.1409195558, -0.1247473353, -0.1106237647], "hhat": [0, -2.618491027, -2.203618264, -1.775595615, -1.383268802, -1.059816821, -0.8057679328, -0.6109204645, -0.4630549509, -0.3513074148, -0.2669383595, -0.2032038412, -0.1549914829, -0.1184542098, -0.09070498513, -0.06957867912, -0.05345112898, -0.04110310682, -0.0316184707, -0.0243080172, -0.0186525674], "h2hat": [0, -0.7454867178, -0.8407338898, -0.8432906791, -0.7937486597, -0.7250877198, -0.6520518431, -0.5810728798, -0.5147522117, -0.4540381835, -0.3991415746, -0.3499261113, -0.30608416, -0.2672242629, -0.2329196204, -0.2027370134, -0.1762545465, -0.1530723519, -0.1328186259, -0.1151525192, -0.09976491984], "pihat": [0, -0.1053603663, -0.05000878979, -0.02437550484, -0.0110495131, -0.005079359838, -0.002261476548, -0.0007879659955, 9.888591159e-05, 0.0006996528594, 0.001137793585, 0.001469317405, 0.001724002848, 0.001920423761, 0.002071546693, 0.002186999997, 0.002274150724, 0.002338719642, 0.0023851872, 0.002417084415, 0.00243720942], "Rhat": [0, 0.0637876412, 0.04644917106, 0.02526777038, 0.002235960047, -0.006280500405, -0.008555868953, -0.008246503073, -0.007117811962, -0.005839217206, -0.004638459301, -0.003576512535, -0.002657695041, -0.001869408374, -0.001195571991, -0.0006207622215, -0.0001312666137, 0.0002848174585, 0.0006377458446, 0.0009363390611, 0.001188182394], "rrhat": [0, 0.113796431, 0.0708246759, 0.03631728348, 0.007315319885, -0.004019023857, -0.007767902957, -0.008345388985, -0.007817464822, -0.00697701079, -0.006107776707, -0.005300515383, -0.004578118802, -0.003940955066, -0.003382571988, -0.002894912946, -0.002469986255, -0.002100369742, -0.001779338571, -0.001500870359, -0.001259609], "Yhatf": [0, -4.902656194e-16, -4.688982716e-16, -2.417241301e-16, -1.539416074e-16, -8.887840996e-17, -5.91112592e-17, -5.422925864e-17, -6.541125467e-17, -8.499948498e-17, -1.076205995e-16, -1.299267668e-16, -1.500790419e-16, -1.672473471e-16, -1.812258984e-16, -1.921653732e-16, -2.003974762e-16, -2.063255475e-16, -2.103599008e-16, -2.1288237e-16, -2.142293178e-16], "chatf": [0, 1.03047185e-15, 9.989914993e-16, 1.789180344e-15, 1.965910377e-15, 2.056762479e-15, 2.028739012e-15, 1.907531704e-15, 1.727601032e-15, 1.522096548e-15, 1.31517281e-15, 1.121755867e-15, 9.495880794e-16, 8.015427694e-16, 6.774953193e-16, 5.756505015e-16, 4.934163697e-16, 4.279474036e-16, 3.764618631e-16, 3.364114333e-16, 3.055576934e-16], "c1hatf": [0, 6.785914877e-17, 4.270419882e-16, 3.233234147e-16, 2.785373732e-16, 2.226096641e-16, 1.620205216e-16, 1.059919399e-16, 5.734438943e-17, 1.610909631e-17, -1.867932924e-17, -4.813668393e-17, -7.324840152e-17, -9.481141234e-17, -1.134507205e-16, -1.296531939e-16, -1.437998004e-16, -1.561916691e-16, -1.670699345e-16, -1.766304878e-16, -1.850348442e-16], "c2hatf": [0, 4.755989464e-16, 8.668220236e-16, 7.557456149e-16, 5.485567621e-16, 3.931935099e-16, 2.724007276e-16, 1.779848615e-16, 1.025892551e-16, 4.177964238e-17, -7.389235272e-18, -4.706040582e-17, -7.89185621e-17, -1.043427978e-16, -1.244807499e-16, -1.402914232e-16, -1.525753355e-16, -1.619986669e-16, -1.691137431e-16, -1.74376702e-16, -1.781627452e-16], "Ihatf": [0, -4.44415599e-15, -4.675783684e-15, -3.253936115e-15, -2.450474275e-15, -1.839633215e-15, -1.414034449e-15, -1.126516555e-15, -9.385002705e-16, -8.180322236e-16, -7.415795139e-16, -6.928256452e-16, -6.609366512e-16, -6.389557986e-16, -6.225554836e-16, -6.091383708e-16, -5.972167777e-16, -5.859954759e-16, -5.750970253e-16, -5.64384551e-16, -5.538499898e-16], "Khatf": [0, -1.333246797e-16, -1.722894603e-16, -2.382008224e-16, -3.003693964e-16, -3.544784433e-16, -3.989154719e-16, -4.350867338e-16, -4.649196309e-16, -4.900775066e-16, -5.117779363e-16, -5.308485103e-16, -5.478321638e-16, -5.630814374e-16, -5.768281542e-16, -5.892306626e-16, -6.004042336e-16, -6.104398195e-16, -6.194151394e-16, -6.27400877e-16, -6.344638682e-16], "qhatf": [0, 1.113317987e-16, 4.603047999e-16, 4.151097011e-16, 3.754863642e-16, 3.161494683e-16, 2.483783724e-16, 1.828986652e-16, 1.237098639e-16, 7.184508006e-17, 2.704505845e-17, -1.139632624e-17, -4.428602817e-17, -7.239808635e-17, -9.642780215e-17, -1.169809291e-16, -1.345766506e-16, -1.496557362e-16, -1.625902643e-16, -1.736933305e-16, -1.832280421e-16], "bhatf": [0, 2.437863574e-15, 3.541766384e-15, 3.764021729e-15, 3.745676643e-15, 3.349758095e-15, 2.76432286e-15, 2.112847709e-15, 1.478618158e-15, 9.08131955e-16, 4.223653669e-16, 2.609714925e-17, -2.852413479e-16, -5.209836639e-16, -6.923386392e-16, -8.106722694e-16, -8.865622444e-16, -9.293435695e-16, -9.469543155e-16, -9.459555666e-16, -9.316445336e-16],