{"interest_": {"Yhat": [0, -0.7668166845, -0.5756865091, -0.4373863796, -0.336370354, -0.2619702153, -0.2067693905, -0.1655472544, -0.1345858702, -0.1112091092, -0.09347228556, -0.07995037604, -0.06959160197, -0.06161490257, -0.05543727208, -0.05062168588, -0.0468394047, -0.0438424434, -0.04144330746, -0.03949997976, -0.03790473513], "chat": [0, -2.320910743, -1.81926557, -1.41841172, -1.101393464, -0.8525865598, -0.6584306049, -0.5075778349, -0.3907573523, -0.3005198792, -0.2309507024, -0.1773944323, -0.1362107268, -0.1045669971, -0.08026746438, -0.06161490763, -0.04730037973, -0.03631610856, -0.02788721869, -0.02141850533, -0.01645311884], "c1hat": [0, -0.175760492, -0.06529172751, -0.002940289716, 0.03014906792, 0.04560039027, 0.05058332698, 0.04951717577, 0.04511893132, 0.03904952981, 0.03231349396, 0.02550687412, 0.01897160314, 0.01289193053, 0.007354876376, 0.00238824111, -0.002015448876, -0.005883851358, -0.009255321978, -0.01217299034, -0.01468111006], "c2hat": [0, -0.9402167267, -0.769710452, -0.6412652981, -0.5416993323, -0.4625595867, -0.3983242552, -0.3453033059, -0.300964122, -0.2635160737, -0.2316530729, -0.2043927247, -0.1809747225, -0.1607957335, -0.1433668905, -0.1282854065, -0.1152151053, -0.103872666, -0.0940175941, -0.0854446815, -0.07797817267], "Ihat": [0, -1.102390041, -0.8772875269, -0.6983128012, -0.5571952619, -0.4465958584, -0.3602870451, -0.2931333901, -0.2409814792, -0.2005179227, -0.1691257098, -0.1447530931, -0.1258004284, -0.1110258212, -0.0994682352, -0.09038582138, -0.08320701933, -0.07749211076, -0.0729031821, -0.06918076904, -0.06612576328], "Khat": [0, -0.03307170123, -0.058398176, -0.07759561475, -0.09198360417, -0.1026219718, -0.110351924, -0.115835368, -0.1195897513, -0.1220175965, -0.1234308399, -0.1240705075, -0.1241224051, -0.1237295076, -0.1230016694, -0.122023194, -0.1208587087, -0.1195577108, -0.1181580749, -0.1166887557, -0.115171866], "Xhat": [0, 0.8400955913, 0.4385975605, 0.296014539, 0.2026764009, 0.1407901432, 0.09919286547, 0.07083104632, 0.05121046156, 0.03744002114, 0.02763972233, 0.02057237199, 0.0154132348, 0.01160500397, 0.008765785903, 0.006630198802, 0.005011285797, 0.003775608707, 0.002826760256, 0.002094305997, 0.00152626677], "qhat": [0, -0.2793601411, -0.1514529005, -0.07399927421, -0.02814586084, -0.00207279613, 0.01166167548, 0.01776149191, 0.01920976248, 0.01790204166, 0.01504263514, 0.01139401269, 0.007434758505, 0.003460277442, -0.0003525399552, -0.003903496756, -0.007141856242, -0.01004849801, -0.01262416875, -0.01488172285, -0.01684099657], "bhat": [0, -3.743887864, -3.061135093, -2.463585683, -1.960935676, -1.548885459, -1.217041167, -0.9531450815, -0.7452109628, -0.5824895264, -0.4558017341, -0.3575478994, -0.2815655477, -0.2229302766, -0.1777486247, -0.1429664246, -0.1162020986, -0.09560697404, -0.07975107872, -0.0675313409, -0.05809869162], "b2hat": [0, -1.234058138, -1.239455993, -1.200361521, -1.134737139, -1.054661868, -0.9681909634, -0.8806152926, -0.7953223041, -0.7143896032, -0.6389970539, -0.5697144194, -0.5067028051, -0.4498558861, -0.398898767, -0.3534568601, -0.3131034676, -0.2773922042, -0.2458786332, -0.2181342425, -0.1937550136], "hhat": [0, -3.481966199, -2.924784381, -2.402350465, -1.943411557, -1.555564198, -1.23586881, -0.9767530884, -0.769182406, -0.6042681974, -0.4740023666, -0.3715179289, -0.2911054977, -0.2281147908, -0.1788117632, -0.1402282584, -0.1100220031, -0.08635427591, -0.06778702423, -0.05319846405, -0.04171501203], "h2hat": [0, -0.9721364731, -1.103105281, -1.139126303, -1.117213021, -1.061340606, -0.9870186066, -0.9042232995, -0.8192937473, -0.7361682742, -0.6571976864, -0.5836844489, -0.5162427551, -0.4550404003, -0.3999619055, -0.3507186939, -0.3069233721, -0.2681395061, -0.2339145787, -0.2038013656, -0.177371334], "pihat": [0, -0.1903255375, -0.1194114471, -0.08259106714, -0.05776076015, -0.04077208997, -0.02897737644, -0.02067002238, -0.01473773492, -0.01044663667, -0.007306095816, -0.004983521532, -0.003250228554, -0.001946726499, -0.000960232651, -0.0002099353814, 0.0003627845277, 0.0008009291838, 0.001136365924, 0.001392925433, 0.001588572422], "Rhat": [0, -0.008942682597, -0.02023962935, -0.02467140251, -0.02532076762, -0.02399443973, -0.0217361736, -0.01913597937, -0.01651603818, -0.01404213167, -0.01179014137, -0.009785499538, -0.008026399106, -0.006497286804, -0.005176570647, -0.004040905458, -0.003067473298, -0.002235104696, -0.001524742926, -0.000919547299, -0.0004048080218], "rrhat": [0, 0.1104687645, 0.06235143779, 0.03308935764, 0.01545132235, 0.00498293671, -0.001066151212, -0.004398244449, -0.006069401511, -0.006736035851, -0.00680661984, -0.006535270984, -0.006079672607, -0.005537054153, -0.004966635266, -0.004403689986, -0.003868402482, -0.00337147062, -0.002917668359, -0.002508119721, -0.002141754473], "Yhatf": [0, 2.716053958e-16, 5.128299287e-17, 2.027706963e-16, 2.341634702e-16, 2.382554143e-16, 2.288761442e-16, 2.138258197e-16, 1.973418721e-16, 1.815863071e-16, 1.675367112e-16, 1.555156411e-16, 1.455014462e-16, 1.373076142e-16, 1.306835726e-16, 1.253690368e-16, 1.211212822e-16, 1.177269756e-16, 1.150054948e-16, 1.128078106e-16, 1.110132866e-16], "chatf": [0, 1.077980236e-15, 1.406280201e-15, 1.391687228e-15, 1.174336237e-15, 9.187945512e-16, 6.7052861e-16, 4.502986437e-16, 2.653071771e-16, 1.156841125e-16, -1.809554025e-18, -9.172324931e-17, -1.58820801e-16, -2.075385806e-16, -2.417553225e-16, -2.647309845e-16, -2.791319027e-16, -2.870951937e-16, -2.903064625e-16, -2.900772075e-16, -2.874153898e-16], "c1hatf": [0, -5.239791084e-16, -1.103520844e-15, -8.824675692e-16, -7.368853759e-16, -6.013879062e-16, -4.803876181e-16, -3.751407778e-16, -2.852249399e-16, -2.093957629e-16, -1.460746662e-16, -9.361776323e-17, -5.04564678e-17, -1.516391504e-17, 1.352055246e-17, 3.668976377e-17, 5.527881334e-17, 7.008045485e-17, 8.176219677e-17, 9.08831624e-17, 9.790974507e-17], "c2hatf": [0, 4.185120661e-16, 3.079327855e-17, 2.630238072e-16, 3.594443242e-16, 4.134141298e-16, 4.382689218e-16, 4.437896509e-16, 4.370324461e-16, 4.229965467e-16, 4.051493353e-16, 3.858322665e-16, 3.665704694e-16, 3.483060831e-16, 3.31572176e-16, 3.166209682e-16, 3.035172944e-16, 2.922058784e-16, 2.825590613e-16, 2.744100697e-16, 2.675756898e-16], "Ihatf": [0, 1.758661739e-15, 2.014850646e-15, 1.716482048e-15, 1.396789676e-15, 1.115441123e-15, 8.796327021e-16, 6.884512664e-16, 5.372559281e-16, 4.20077591e-16, 3.308695995e-16, 2.641048185e-16, 2.150108509e-16, 1.796132289e-16, 1.546838716e-16, 1.376492349e-16, 1.264875041e-16, 1.196297218e-16, 1.158715829e-16, 1.142981584e-16, 1.142214902e-16], "Khatf": [0, 5.275985216e-17, 1.088594927e-16, 1.571946036e-16, 1.96348576e-16, 2.270709132e-16, 2.505261957e-16, 2.679653165e-16, 2.805629138e-16, 2.893477384e-16, 2.951831158e-16, 2.987728211e-16, 3.006784453e-16, 3.013406449e-16, 3.011003262e-16, 3.002178975e-16, 2.988898734e-16, 2.972627245e-16, 2.954441661e-16, 2.935122045e-16, 2.915222913e-16], "qhatf": [0, -6.6740301e-16, -1.218368701e-15, -1.024298763e-15, -9.190295906e-16, -8.280152996e-16, -7.506472669e-16, -6.856090155e-16, -6.313321364e-16, -5.862382664e-16, -5.48859106e-16, -5.178877009e-16, -4.921921599e-16, -4.708098741e-16, -4.529325391e-16, -4.37887712e-16, -4.251199742e-16, -4.141732358e-16, -4.046748591e-16, -3.963218026e-16, -3.88868741e-16], "bhatf": [0, -6.523006713e-15, -2.572060755e-15, -1.15298594e-15, -2.892030772e-16, 2.707898109e-16, 6.379762233e-16, 8.823714063e-16, 1.048151773e-15, 1.163183568e-15, 1.245036072e-15, 1.304782533e-15, 1.349405117e-15, 1.383316818e-15, 1.409323713e-15, 1.429232029e-15, 1.44422969e-15, 1.455124763e-15, 1.462493285e-15, 1.466769908e-15, 1.468302695e-15],