{"interest_": {"i": [0, 0.2416549145, 0.1946526974, 0.1531874176, 0.1172613181, 0.08671721554, 0.06126577027, 0.0405170366, 0.024012351, 0.01125397945, 0.001730986712, -0.00505943492, -0.009595382924, -0.01231823044, -0.01362475787, -0.01386286739, -0.01333025631, -0.01227542141, -0.01090040054, -0.009364718055, -0.007790073114], "pi": [0, -0.01318988964, -0.02312167824, -0.02999447649, -0.034149025, -0.03600073343, -0.03599039229, -0.03454936344, -0.0320764085, -0.02892366632, -0.02538963499, -0.02171734247, -0.01809619701, -0.01466629008, -0.01152417632, -0.008729376899, -0.0063110428, -0.00427437562, -0.002606535305, -0.001281870691, -0.0002663916187], "pi_tilde": [0, -0.01318988964, -0.01144862591, -0.009531791248, -0.007603913306, -0.005778846308, -0.004129743201, -0.002697866266, -0.001500221856, -0.0005360447931, 0.0002078096987, 0.0007524844958, 0.001123651074, 0.001348844281, 0.001455490396, 0.001469519146, 0.001414455756, 0.001310897258, 0.001176287119, 0.001024913054, 0.0008680639428], "x": [0, -0.8257054442, -1.328219345, -1.586084709, -1.664611958, -1.61719547, -1.486649596, -1.306538332, -1.102470319, -0.8933326193, -0.6924410653, -0.5085905208, -0.3469942256, -0.2101069629, -0.0983316748, -0.01061319429, 0.05507411731, 0.1013358103, 0.131053444, 0.1471562278, 0.1524569852], "x_tilde": [0, -0.3063727052, -0.2369244851, -0.1780018053, -0.1288653527, -0.0886662679, -0.05648130444, -0.03134996473, -0.01230943888, 0.001575142634, 0.01118639179, 0.01733665118, 0.02075606192, 0.02208610954, 0.02187783718, 0.0205938283, 0.01861306116, 0.01623779531, 0.01370174436, 0.01117890134, 0.008792502414], "r_n": [0, 1.752294465e-16, 1.524496185e-16, 1.326311681e-16, 1.153891162e-16, 1.003885311e-16, 8.733802206e-17, 7.598407919e-17, 6.61061489e-17, 5.751234954e-17, 5.00357441e-17, 4.353109737e-17, 3.787205471e-17, 3.29486876e-17, 2.866535821e-17, 2.493886164e-17, 2.169680963e-17, 1.887622438e-17, 1.642231521e-17, 1.428741423e-17, 1.243005038e-17], "u": [0, 4.658402714e-17, 9.316805427e-19, 1.863361085e-20, 3.726722171e-22, 7.453444342e-24, 1.490688868e-25, 2.981377737e-27, 5.962755473e-29, 1.192551095e-30, 2.385102189e-32, 4.770204379e-34, 9.540408757e-36, 1.908081751e-37, 3.816163503e-39, 7.632327006e-41, 1.526465401e-42, 3.052930802e-44, 6.105861605e-46, 1.221172321e-47, 2.442344642e-49], "interest": [0, 0.966619658, 0.7786107894, 0.6127496705, 0.4690452724, 0.3468688622, 0.2450630811, 0.1620681464, 0.09604940402, 0.0450159178, 0.006923946846, -0.02023773968, -0.0383815317, -0.04927292175, -0.05449903149, -0.05545146954, -0.05332102525, -0.04910168562, -0.04360160215, -0.03745887222, -0.03116029246], "inflation": [0, -0.01318988964, -0.03631156787, -0.06630604436, -0.1004550694, -0.1232659132, -0.1361346272, -0.1406895142, -0.1386168977, -0.1315398305, -0.1209390733, -0.1081070523, -0.09412684079, -0.07986946455, -0.06600400588, -0.05301604031, -0.0412308861, -0.03083897164, -0.02192133062, -0.01447382442, -0.008429173234], "inflationq": [0, -0.05275955854, -0.09248671296, -0.119977906, -0.1365961, -0.1440029337, -0.1439615692, -0.1381974538, -0.128305634, -0.1156946653, -0.10155854, -0.08686936989, -0.07238478806, -0.05866516031, -0.04609670529, -0.03491750759, -0.0252441712, -0.01709750248, -0.01042614122, -0.005127482764, -0.001065566475], "outputgap": [0, -0.8257054442, -1.328219345, -1.586084709, -1.664611958, -1.61719547, -1.486649596, -1.306538332, -1.102470319, -0.8933326193, -0.6924410653, -0.5085905208, -0.3469942256, -0.2101069629, -0.0983316748, -0.01061319429, 0.05507411731, 0.1013358103, 0.131053444, 0.1471562278, 0.1524569852], "AUX_ENDO_LEAD_70": [0, -0.09248671296, -0.119977906, -0.1365961, -0.1440029337, -0.1439615692, -0.1381974538, -0.128305634, -0.1156946653, -0.10155854, -0.08686936989, -0.07238478806, -0.05866516031, -0.04609670529, -0.03491750759, -0.0252441712, -0.01709750248, -0.01042614122, -0.005127482764, -0.001065566475, 0.001914143987], "AUX_ENDO_LEAD_74": [0, -0.119977906, -0.1365961, -0.1440029337, -0.1439615692, -0.1381974538, -0.128305634, -0.1156946653, -0.10155854, -0.08686936989, -0.07238478806, -0.05866516031, -0.04609670529, -0.03491750759, -0.0252441712, -0.01709750248, -0.01042614122, -0.005127482764, -0.001065566475, 0.001914143987, 0.003972981998], "AUX_ENDO_LEAD_78": [0, -0.1365961, -0.1440029337, -0.1439615692, -0.1381974538, -0.128305634, -0.1156946653, -0.10155854, -0.08686936989, -0.07238478806, -0.05866516031, -0.04609670529, -0.03491750759, -0.0252441712, -0.01709750248, -0.01042614122, -0.005127482764, -0.001065566475, 0.001914143987, 0.003972981998, 0.005270071332], "AUX_ENDO_LEAD_105": [0, -1.328219345, -1.586084709, -1.664611958, -1.61719547, -1.486649596, -1.306538332, -1.102470319, -0.8933326193, -0.6924410653, -0.5085905208, -0.3469942256, -0.2101069629, -0.0983316748, -0.01061319429, 0.05507411731, 0.1013358103, 0.131053444, 0.1471562278, 0.1524569852, 0.1495415759], "AUX_ENDO_LEAD_109": [0, -1.586084709, -1.664611958, -1.61719547, -1.486649596, -1.306538332, -1.102470319, -0.8933326193, -0.6924410653, -0.5085905208, -0.3469942256, -0.2101069629, -0.0983316748, -0.01061319429, 0.05507411731, 0.1013358103, 0.131053444, 0.1471562278, 0.1524569852, 0.1495415759, 0.1407016056], "AUX_ENDO_LEAD_113": [0, -1.664611958, -1.61719547, -1.486649596, -1.306538332, -1.102470319, -0.8933326193, -0.6924410653, -0.5085905208, -0.3469942256, -0.2101069629, -0.0983316748, -0.01061319429, 0.05507411731, 0.1013358103, 0.131053444, 0.1471562278, 0.1524569852, 0.1495415759, 0.1407016056, 0.1279011803], "AUX_ENDO_LAG_9_1": [0, 0, -0.05275955854, -0.09248671296, -0.119977906, -0.1365961, -0.1440029337, -0.1439615692, -0.1381974538, -0.128305634, -0.1156946653, -0.10155854, -0.08686936989, -0.07238478806, -0.05866516031, -0.04609670529, -0.03491750759, -0.0252441712, -0.01709750248, -0.01042614122, -0.005127482764], "AUX_ENDO_LAG_9_2": [0, 0, 0, -0.05275955854, -0.09248671296, -0.119977906, -0.1365961, -0.1440029337, -0.1439615692, -0.1381974538, -0.128305634, -0.1156946653, -0.10155854, -0.08686936989, -0.07238478806, -0.05866516031, -0.04609670529, -0.03491750759, -0.0252441712, -0.01709750248, -0.01042614122], "AUX_ENDO_LAG_10_1": [0, 0, -0.8257054442, -1.328219345, -1.586084709, -1.664611958, -1.61719547, -1.486649596, -1.306538332, -1.102470319, -0.8933326193, -0.6924410653, -0.5085905208, -0.3469942256, -0.2101069629, -0.0983316748, -0.01061319429, 0.05507411731, 0.1013358103, 0.131053444, 0.1471562278], "AUX_ENDO_LAG_10_2": [0, 0, 0, -0.8257054442, -1.328219345, -1.586084709, -1.664611958, -1.61719547, -1.486649596, -1.306538332, -1.102470319, -0.8933326193, -0.6924410653, -0.5085905208, -0.3469942256, -0.2101069629, -0.0983316748, -0.01061319429, 0.05507411731, 0.1013358103, 0.131053444], "AUX_ENDO_LAG_10_3": [0, 0, 0, 0, -0.8257054442, -1.328219345, -1.586084709, -1.664611958, -1.61719547, -1.486649596, -1.306538332, -1.102470319, -0.8933326193, -0.6924410653, -0.5085905208, -0.3469942256, -0.2101069629, -0.0983316748, -0.01061319429, 0.05507411731, 0.1013358103], "AUX_ENDO_LAG_7_1": [0, 0, 0.966619658, 0.7786107894, 0.6127496705, 0.4690452724, 0.3468688622, 0.2450630811, 0.1620681464, 0.09604940402, 0.0450159178, 0.006923946846, -0.02023773968, -0.0383815317, -0.04927292175, -0.05449903149, -0.05545146954, -0.05332102525, -0.04910168562, -0.04360160215, -0.03745887222], "AUX_ENDO_LAG_7_2": [0, 0, 0, 0.966619658, 0.7786107894, 0.6127496705, 0.4690452724, 0.3468688622, 0.2450630811, 0.1620681464, 0.09604940402, 0.0450159178, 0.006923946846, -0.02023773968, -0.0383815317, -0.04927292175, -0.05449903149, -0.05545146954, -0.05332102525, -0.04910168562, -0.04360160215], "AUX_ENDO_LAG_7_3": [0, 0, 0, 0, 0.966619658, 0.7786107894, 0.6127496705, 0.4690452724, 0.3468688622, 0.2450630811, 0.1620681464, 0.09604940402, 0.0450159178, 0.006923946846, -0.02023773968, -0.0383815317, -0.04927292175, -0.05449903149, -0.05545146954, -0.05332102525, -0.04910168562],