{"interest_": {"i": [0, 0.2405555183, 0.1576059975, 0.09940459389, 0.05931417707, 0.03236230336, 0.01482465391, 0.003922645512, -0.002401264944, -0.005653948465, -0.006922773578, -0.006977576775, -0.006350252366, -0.005396802991, -0.004345444633, -0.003333547709, -0.002435639588, -0.001684287922, -0.001085367748, -0.0006289554598, -0.0002968719013], "pi": [0, -0.002698413261, -0.004273073641, -0.005000357382, -0.005126686567, -0.004857172135, -0.004353218615, -0.003735326085, -0.003088544357, -0.002468924331, -0.00190994814, -0.001428363695, -0.001029149085, -0.0007095260721, -0.0004620595815, -0.000276944522, -0.000143609814, -5.177499514e-05, 7.913549563e-06, 4.355534955e-05, 6.18848604e-05], "pi_tilde": [0, -0.002698413261, -0.001884977905, -0.00121868721, -0.0007013702835, -0.0003200545239, -5.462127498e-05, 0.0001172723892, 0.0002172192284, 0.0002644374244, 0.0002750498932, 0.0002619404091, 0.0002349527849, 0.0002012708681, 0.0001658709923, 0.0001319782077, 0.000101486088, 7.531969022e-05, 5.373442026e-05, 3.655185818e-05, 2.333837605e-05], "x": [0, -0.2776115736, -0.3861195028, -0.3960409143, -0.3537500679, -0.28870213, -0.218696673, -0.1536831755, -0.09848150206, -0.05469730095, -0.02204386551, 0.0007692498142, 0.01545956828, 0.02381568123, 0.02749376556, 0.02791642537, 0.02623745543, 0.02334666507, 0.01989686006, 0.01634099899, 0.01297186085], "x_tilde": [0, -0.1575023809, -0.09328631949, -0.05063631855, -0.02321882178, -0.006387326437, 0.003242783335, 0.00811087822, 0.009949842354, 0.009967588727, 0.008985575339, 0.007544447242, 0.00598423487, 0.00450472946, 0.003210396214, 0.002143269817, 0.001306581397, 0.0006813178438, 0.0002374705265, -5.863457471e-05, -0.0002398349979], "r_n": [0, 1.121514695e-17, 9.757177849e-18, 8.488744729e-18, 7.385207914e-18, 6.425130885e-18, 5.58986387e-18, 4.863181567e-18, 4.230967963e-18, 3.680942128e-18, 3.202419651e-18, 2.786105097e-18, 2.423911434e-18, 2.108802948e-18, 1.834658565e-18, 1.596152951e-18, 1.388653067e-18, 1.208128169e-18, 1.051071507e-18, 9.144322109e-19, 7.955560235e-19], "u": [0, 4.798694016e-19, 9.597388033e-21, 1.919477607e-22, 3.838955213e-24, 7.677910426e-26, 1.535582085e-27, 3.07116417e-29, 6.142328341e-31, 1.228465668e-32, 2.456931336e-34, 4.913862673e-36, 9.827725346e-38, 1.965545069e-39, 3.931090138e-41, 7.862180276e-43, 1.572436055e-44, 3.144872111e-46, 6.289744221e-48, 1.257948844e-49, 2.515897688e-51], "interest": [0, 0.962222073, 0.6304239898, 0.3976183755, 0.2372567083, 0.1294492135, 0.05929861564, 0.01569058205, -0.009605059775, -0.02261579386, -0.02769109431, -0.0279103071, -0.02540100947, -0.02158721196, -0.01738177853, -0.01333419084, -0.009742558353, -0.006737151689, -0.004341470991, -0.002515821839, -0.001187487605], "inflation": [0, -0.002698413261, -0.006971486902, -0.01197184428, -0.01709853085, -0.01925728973, -0.0193374347, -0.0180724034, -0.01603426119, -0.01364601339, -0.01120274291, -0.008895780523, -0.006836385251, -0.005076986992, -0.003629098434, -0.002477679261, -0.00159213999, -0.0009343889127, -0.0004644157816, -0.00014391591, 6.157876437e-05], "inflationq": [0, -0.01079365305, -0.01709229456, -0.02000142953, -0.02050674627, -0.01942868854, -0.01741287446, -0.01494130434, -0.01235417743, -0.009875697326, -0.00763979256, -0.005713454779, -0.00411659634, -0.002838104289, -0.001848238326, -0.001107778088, -0.0005744392559, -0.0002070999806, 3.165419825e-05, 0.0001742213982, 0.0002475394416], "outputgap": [0, -0.2776115736, -0.3861195028, -0.3960409143, -0.3537500679, -0.28870213, -0.218696673, -0.1536831755, -0.09848150206, -0.05469730095, -0.02204386551, 0.0007692498142, 0.01545956828, 0.02381568123, 0.02749376556, 0.02791642537, 0.02623745543, 0.02334666507, 0.01989686006, 0.01634099899, 0.01297186085], "AUX_ENDO_LEAD_70": [0, -0.01709229456, -0.02000142953, -0.02050674627, -0.01942868854, -0.01741287446, -0.01494130434, -0.01235417743, -0.009875697326, -0.00763979256, -0.005713454779, -0.00411659634, -0.002838104289, -0.001848238326, -0.001107778088, -0.0005744392559, -0.0002070999806, 3.165419825e-05, 0.0001742213982, 0.0002475394416, 0.0002732113068], "AUX_ENDO_LEAD_74": [0, -0.02000142953, -0.02050674627, -0.01942868854, -0.01741287446, -0.01494130434, -0.01235417743, -0.009875697326, -0.00763979256, -0.005713454779, -0.00411659634, -0.002838104289, -0.001848238326, -0.001107778088, -0.0005744392559, -0.0002070999806, 3.165419825e-05, 0.0001742213982, 0.0002475394416, 0.0002732113068, 0.0002679739552], "AUX_ENDO_LEAD_78": [0, -0.02050674627, -0.01942868854, -0.01741287446, -0.01494130434, -0.01235417743, -0.009875697326, -0.00763979256, -0.005713454779, -0.00411659634, -0.002838104289, -0.001848238326, -0.001107778088, -0.0005744392559, -0.0002070999806, 3.165419825e-05, 0.0001742213982, 0.0002475394416, 0.0002732113068, 0.0002679739552, 0.0002443448852], "AUX_ENDO_LEAD_105": [0, -0.3861195028, -0.3960409143, -0.3537500679, -0.28870213, -0.218696673, -0.1536831755, -0.09848150206, -0.05469730095, -0.02204386551, 0.0007692498142, 0.01545956828, 0.02381568123, 0.02749376556, 0.02791642537, 0.02623745543, 0.02334666507, 0.01989686006, 0.01634099899, 0.01297186085, 0.009959642069], "AUX_ENDO_LEAD_109": [0, -0.3960409143, -0.3537500679, -0.28870213, -0.218696673, -0.1536831755, -0.09848150206, -0.05469730095, -0.02204386551, 0.0007692498142, 0.01545956828, 0.02381568123, 0.02749376556, 0.02791642537, 0.02623745543, 0.02334666507, 0.01989686006, 0.01634099899, 0.01297186085, 0.009959642069, 0.007385037004], "AUX_ENDO_LEAD_113": [0, -0.3537500679, -0.28870213, -0.218696673, -0.1536831755, -0.09848150206, -0.05469730095, -0.02204386551, 0.0007692498142, 0.01545956828, 0.02381568123, 0.02749376556, 0.02791642537, 0.02623745543, 0.02334666507, 0.01989686006, 0.01634099899, 0.01297186085, 0.009959642069, 0.007385037004, 0.005266782131], "AUX_ENDO_LAG_9_1": [0, 0, -0.01079365305, -0.01709229456, -0.02000142953, -0.02050674627, -0.01942868854, -0.01741287446, -0.01494130434, -0.01235417743, -0.009875697326, -0.00763979256, -0.005713454779, -0.00411659634, -0.002838104289, -0.001848238326, -0.001107778088, -0.0005744392559, -0.0002070999806, 3.165419825e-05, 0.0001742213982], "AUX_ENDO_LAG_9_2": [0, 0, 0, -0.01079365305, -0.01709229456, -0.02000142953, -0.02050674627, -0.01942868854, -0.01741287446, -0.01494130434, -0.01235417743, -0.009875697326, -0.00763979256, -0.005713454779, -0.00411659634, -0.002838104289, -0.001848238326, -0.001107778088, -0.0005744392559, -0.0002070999806, 3.165419825e-05], "AUX_ENDO_LAG_10_1": [0, 0, -0.2776115736, -0.3861195028, -0.3960409143, -0.3537500679, -0.28870213, -0.218696673, -0.1536831755, -0.09848150206, -0.05469730095, -0.02204386551, 0.0007692498142, 0.01545956828, 0.02381568123, 0.02749376556, 0.02791642537, 0.02623745543, 0.02334666507, 0.01989686006, 0.01634099899], "AUX_ENDO_LAG_10_2": [0, 0, 0, -0.2776115736, -0.3861195028, -0.3960409143, -0.3537500679, -0.28870213, -0.218696673, -0.1536831755, -0.09848150206, -0.05469730095, -0.02204386551, 0.0007692498142, 0.01545956828, 0.02381568123, 0.02749376556, 0.02791642537, 0.02623745543, 0.02334666507, 0.01989686006], "AUX_ENDO_LAG_10_3": [0, 0, 0, 0, -0.2776115736, -0.3861195028, -0.3960409143, -0.3537500679, -0.28870213, -0.218696673, -0.1536831755, -0.09848150206, -0.05469730095, -0.02204386551, 0.0007692498142, 0.01545956828, 0.02381568123, 0.02749376556, 0.02791642537, 0.02623745543, 0.02334666507], "AUX_ENDO_LAG_7_1": [0, 0, 0.962222073, 0.6304239898, 0.3976183755, 0.2372567083, 0.1294492135, 0.05929861564, 0.01569058205, -0.009605059775, -0.02261579386, -0.02769109431, -0.0279103071, -0.02540100947, -0.02158721196, -0.01738177853, -0.01333419084, -0.009742558353, -0.006737151689, -0.004341470991, -0.002515821839],