{"interest_": {"i": [0, 0.2436745203, 0.1513730766, 0.08981465468, 0.04950659221, 0.02401350172, 0.008601629783, -0.0001347568165, -0.004591766155, -0.00641585858, -0.006709232738, -0.006187650121, -0.005298766571, -0.004308843061, -0.003364880847, -0.002538142891, -0.001853905626, -0.001311251782, -0.0008958213882, -0.0005877000517, -0.0003660354157], "pi": [0, -0.002415544692, -0.003800474488, -0.004439970718, -0.004569462985, -0.004373141245, -0.0039882336, -0.003512276962, -0.003011133356, -0.002526537469, -0.002082607894, -0.001691140601, -0.001355718084, -0.001074773733, -0.0008437910113, -0.0006568192329, -0.0005074704059, -0.0003895359881, -0.0002973350925, -0.0002258802398, -0.0001709248259], "pi_tilde": [0, -0.002415544692, -0.001662717436, -0.001076550796, -0.0006400889001, -0.0003291665034, -0.0001180035976, 1.730977352e-05, 9.723175564e-05, 0.0001383155508, 0.000153377766, 0.0001519673849, 0.000140941348, 0.0001250367716, 0.0001073837425, 8.993581209e-05, 7.381461521e-05, 5.957532112e-05, 4.740425697e-05, 3.726131707e-05, 2.897918631e-05], "x": [0, -0.2479613844, -0.3373005265, -0.3392273428, -0.2981784995, -0.2407654345, -0.1819344583, -0.1292454754, -0.08577477832, -0.05203290322, -0.02719261632, -0.009844731324, 0.001561068403, 0.00847937102, 0.01215946625, 0.0136114134, 0.01361392829, 0.01274269501, 0.01140615995, 0.009881459901, 0.008346722362], "x_tilde": [0, -0.1475143367, -0.08260415056, -0.04173596542, -0.01697996673, -0.002847858028, 0.004496713707, 0.007674068827, 0.008428513278, 0.007886824698, 0.006750256905, 0.005434062132, 0.004166695269, 0.003058784703, 0.002149936625, 0.001439639475, 0.000907014637, 0.0005229253035, 0.0002569852189, 8.126643691e-05, -2.804948612e-05], "r_n": [0, -2.186825708e-18, -1.902538366e-18, -1.655208379e-18, -1.440031289e-18, -1.252827222e-18, -1.089959683e-18, -9.482649241e-19, -8.24990484e-19, -7.177417211e-19, -6.244352973e-19, -5.432587087e-19, -4.726350765e-19, -4.111925166e-19, -3.577374894e-19, -3.112316158e-19, -2.707715058e-19, -2.3557121e-19, -2.049469527e-19, -1.783038489e-19, -1.551243485e-19], "u": [0, 4.656681688e-18, 9.313363377e-20, 1.862672675e-21, 3.725345351e-23, 7.450690701e-25, 1.49013814e-26, 2.980276281e-28, 5.960552561e-30, 1.192110512e-31, 2.384221024e-33, 4.768442049e-35, 9.536884098e-37, 1.90737682e-38, 3.814753639e-40, 7.629507278e-42, 1.525901456e-43, 3.051802911e-45, 6.103605822e-47, 1.220721164e-48, 2.441442329e-50], "interest": [0, 0.9746980813, 0.6054923064, 0.3592586187, 0.1980263688, 0.09605400688, 0.03440651913, -0.0005390272662, -0.01836706462, -0.02566343432, -0.02683693095, -0.02475060049, -0.02119506628, -0.01723537224, -0.01345952339, -0.01015257156, -0.007415622506, -0.00524500713, -0.003583285553, -0.002350800207, -0.001464141663], "inflation": [0, -0.002415544692, -0.006216019181, -0.0106559899, -0.01522545288, -0.01718304944, -0.01737080855, -0.01644311479, -0.01488478516, -0.01303818139, -0.01113255568, -0.009311419321, -0.007656004049, -0.006204240313, -0.00496542343, -0.003931102062, -0.003082854383, -0.002397616638, -0.001851160719, -0.001420221726, -0.001083676146], "inflationq": [0, -0.009662178769, -0.01520189795, -0.01775988287, -0.01827785194, -0.01749256498, -0.0159529344, -0.01404910785, -0.01204453342, -0.01010614988, -0.008330431577, -0.006764562406, -0.005422872337, -0.004299094932, -0.003375164045, -0.002627276932, -0.002029881624, -0.001558143952, -0.00118934037, -0.0009035209592, -0.0006836993037], "outputgap": [0, -0.2479613844, -0.3373005265, -0.3392273428, -0.2981784995, -0.2407654345, -0.1819344583, -0.1292454754, -0.08577477832, -0.05203290322, -0.02719261632, -0.009844731324, 0.001561068403, 0.00847937102, 0.01215946625, 0.0136114134, 0.01361392829, 0.01274269501, 0.01140615995, 0.009881459901, 0.008346722362], "AUX_ENDO_LEAD_70": [0, -0.01520189795, -0.01775988287, -0.01827785194, -0.01749256498, -0.0159529344, -0.01404910785, -0.01204453342, -0.01010614988, -0.008330431577, -0.006764562406, -0.005422872337, -0.004299094932, -0.003375164045, -0.002627276932, -0.002029881624, -0.001558143952, -0.00118934037, -0.0009035209592, -0.0006836993037, -0.0005157542092], "AUX_ENDO_LEAD_74": [0, -0.01775988287, -0.01827785194, -0.01749256498, -0.0159529344, -0.01404910785, -0.01204453342, -0.01010614988, -0.008330431577, -0.006764562406, -0.005422872337, -0.004299094932, -0.003375164045, -0.002627276932, -0.002029881624, -0.001558143952, -0.00118934037, -0.0009035209592, -0.0006836993037, -0.0005157542092, -0.0003881720597], "AUX_ENDO_LEAD_78": [0, -0.01827785194, -0.01749256498, -0.0159529344, -0.01404910785, -0.01204453342, -0.01010614988, -0.008330431577, -0.006764562406, -0.005422872337, -0.004299094932, -0.003375164045, -0.002627276932, -0.002029881624, -0.001558143952, -0.00118934037, -0.0009035209592, -0.0006836993037, -0.0005157542092, -0.0003881720597, -0.0002917160392], "AUX_ENDO_LEAD_105": [0, -0.3373005265, -0.3392273428, -0.2981784995, -0.2407654345, -0.1819344583, -0.1292454754, -0.08577477832, -0.05203290322, -0.02719261632, -0.009844731324, 0.001561068403, 0.00847937102, 0.01215946625, 0.0136114134, 0.01361392829, 0.01274269501, 0.01140615995, 0.009881459901, 0.008346722362, 0.006908182502], "AUX_ENDO_LEAD_109": [0, -0.3392273428, -0.2981784995, -0.2407654345, -0.1819344583, -0.1292454754, -0.08577477832, -0.05203290322, -0.02719261632, -0.009844731324, 0.001561068403, 0.00847937102, 0.01215946625, 0.0136114134, 0.01361392829, 0.01274269501, 0.01140615995, 0.009881459901, 0.008346722362, 0.006908182502, 0.005621844984], "AUX_ENDO_LEAD_113": [0, -0.2981784995, -0.2407654345, -0.1819344583, -0.1292454754, -0.08577477832, -0.05203290322, -0.02719261632, -0.009844731324, 0.001561068403, 0.00847937102, 0.01215946625, 0.0136114134, 0.01361392829, 0.01274269501, 0.01140615995, 0.009881459901, 0.008346722362, 0.006908182502, 0.005621844984, 0.004510103248], "AUX_ENDO_LAG_9_1": [0, 0, -0.009662178769, -0.01520189795, -0.01775988287, -0.01827785194, -0.01749256498, -0.0159529344, -0.01404910785, -0.01204453342, -0.01010614988, -0.008330431577, -0.006764562406, -0.005422872337, -0.004299094932, -0.003375164045, -0.002627276932, -0.002029881624, -0.001558143952, -0.00118934037, -0.0009035209592], "AUX_ENDO_LAG_9_2": [0, 0, 1.036650385e-19, -0.009662178769, -0.01520189795, -0.01775988287, -0.01827785194, -0.01749256498, -0.0159529344, -0.01404910785, -0.01204453342, -0.01010614988, -0.008330431577, -0.006764562406, -0.005422872337, -0.004299094932, -0.003375164045, -0.002627276932, -0.002029881624, -0.001558143952, -0.00118934037], "AUX_ENDO_LAG_10_1": [0, 0, -0.2479613844, -0.3373005265, -0.3392273428, -0.2981784995, -0.2407654345, -0.1819344583, -0.1292454754, -0.08577477832, -0.05203290322, -0.02719261632, -0.009844731324, 0.001561068403, 0.00847937102, 0.01215946625, 0.0136114134, 0.01361392829, 0.01274269501, 0.01140615995, 0.009881459901], "AUX_ENDO_LAG_10_2": [0, 0, 0, -0.2479613844, -0.3373005265, -0.3392273428, -0.2981784995, -0.2407654345, -0.1819344583, -0.1292454754, -0.08577477832, -0.05203290322, -0.02719261632, -0.009844731324, 0.001561068403, 0.00847937102, 0.01215946625, 0.0136114134, 0.01361392829, 0.01274269501, 0.01140615995], "AUX_ENDO_LAG_10_3": [0, 0, 0, 0, -0.2479613844, -0.3373005265, -0.3392273428, -0.2981784995, -0.2407654345, -0.1819344583, -0.1292454754, -0.08577477832, -0.05203290322, -0.02719261632, -0.009844731324, 0.001561068403, 0.00847937102, 0.01215946625, 0.0136114134, 0.01361392829, 0.01274269501], "AUX_ENDO_LAG_7_1": [0, 0, 0.9746980813, 0.6054923064, 0.3592586187, 0.1980263688, 0.09605400688, 0.03440651913, -0.0005390272662, -0.01836706462, -0.02566343432, -0.02683693095, -0.02475060049, -0.02119506628, -0.01723537224, -0.01345952339, -0.01015257156, -0.007415622506, -0.00524500713, -0.003583285553, -0.002350800207],