{"interest_": {"i": [0, 0.1890691053, 0.1065562917, 0.05857640219, 0.03053206107, 0.01426890933, 0.004974784931, -0.0001964084732, -0.002932437282, -0.004237180229, -0.004709626548, -0.004708207122, -0.00444780086, -0.004057170421, -0.00361310466, -0.003160820111, -0.002726232337, -0.002323397246, -0.001959067108, -0.001635510469, -0.001352277683], "pi": [0, -0.002610272861, -0.004335692994, -0.005396312913, -0.005961688956, -0.006163709141, -0.006105065331, -0.005865477312, -0.005506420628, -0.00507481629, -0.004605968314, -0.004125933683, -0.00365344907, -0.003201502139, -0.002778612592, -0.002389873475, -0.002037793301, -0.001722972434, -0.001444641731, -0.00120108711, -0.0009899801526], "pi_tilde": [0, -0.002610272861, -0.002025601512, -0.001559224613, -0.001185952028, -0.0008876144148, -0.0006501827417, -0.0004624944938, -0.0003154732066, -0.0002016340349, -0.0001147558971, -4.965172512e-05, -1.997760344e-06, 3.180028831e-05, 5.471680064e-05, 6.919866921e-05, 7.72447246e-05, 8.047463672e-05, 8.018887307e-05, 7.742082177e-05, 7.298194008e-05], "x": [0, -0.2058821851, -0.2898805917, -0.3078060189, -0.2917131185, -0.2598663845, -0.2224677711, -0.1850233054, -0.1503224132, -0.119601386, -0.09322653459, -0.07109423358, -0.05286389418, -0.03809223932, -0.02630924668, -0.01705964246, -0.009924112973, -0.004528662196, -0.0005471421959, 0.0023000381, 0.004249228424], "x_tilde": [0, -0.1136270322, -0.06289891133, -0.03353487635, -0.01660718831, -0.00698225923, -0.001638371907, 0.001204919152, 0.002597681591, 0.00315960592, 0.003256335301, 0.003103238571, 0.002826586211, 0.002499694671, 0.002164341895, 0.001843500737, 0.001548942172, 0.001285797254, 0.001055308578, 0.0008564980969, 0.0006871820292], "r_n": [0, -1.678394238e-17, -1.460202987e-17, -1.270376598e-17, -1.105227641e-17, -9.615480473e-18, -8.365468012e-18, -7.27795717e-18, -6.331822738e-18, -5.508685782e-18, -4.792556631e-18, -4.169524269e-18, -3.627486114e-18, -3.155912919e-18, -2.745644239e-18, -2.388710488e-18, -2.078178125e-18, -1.808014969e-18, -1.572973023e-18, -1.36848653e-18, -1.190583281e-18], "u": [0, 1.242940235e-17, 2.485880469e-19, 4.971760938e-21, 9.943521876e-23, 1.988704375e-24, 3.977408751e-26, 7.954817501e-28, 1.5909635e-29, 3.181927e-31, 6.363854001e-33, 1.2727708e-34, 2.5455416e-36, 5.091083201e-38, 1.01821664e-39, 2.03643328e-41, 4.072866561e-43, 8.145733121e-45, 1.629146624e-46, 3.258293248e-48, 6.516586497e-50], "interest": [0, 0.7562764213, 0.4262251667, 0.2343056088, 0.1221282443, 0.05707563731, 0.01989913972, -0.0007856338927, -0.01172974913, -0.01694872092, -0.01883850619, -0.01883282849, -0.01779120344, -0.01622868168, -0.01445241864, -0.01264328044, -0.01090492935, -0.009293588983, -0.007836268432, -0.006542041874, -0.00540911073], "inflation": [0, -0.002610272861, -0.006945965855, -0.01234227877, -0.01830396772, -0.021857404, -0.02362677634, -0.02409594074, -0.02364067241, -0.02255177956, -0.02105268254, -0.01931313892, -0.01746016736, -0.01558685321, -0.01375949748, -0.01202343728, -0.01040778151, -0.008929251802, -0.007595280941, -0.006406494576, -0.005358681429], "inflationq": [0, -0.01044109144, -0.01734277198, -0.02158525165, -0.02384675582, -0.02465483656, -0.02442026133, -0.02346190925, -0.02202568251, -0.02029926516, -0.01842387326, -0.01650373473, -0.01461379628, -0.01280600855, -0.01111445037, -0.009559493899, -0.008151173202, -0.006891889737, -0.005778566925, -0.004804348442, -0.00395992061], "outputgap": [0, -0.2058821851, -0.2898805917, -0.3078060189, -0.2917131185, -0.2598663845, -0.2224677711, -0.1850233054, -0.1503224132, -0.119601386, -0.09322653459, -0.07109423358, -0.05286389418, -0.03809223932, -0.02630924668, -0.01705964246, -0.009924112973, -0.004528662196, -0.0005471421959, 0.0023000381, 0.004249228424], "AUX_ENDO_LEAD_70": [0, -0.01734277198, -0.02158525165, -0.02384675582, -0.02465483656, -0.02442026133, -0.02346190925, -0.02202568251, -0.02029926516, -0.01842387326, -0.01650373473, -0.01461379628, -0.01280600855, -0.01111445037, -0.009559493899, -0.008151173202, -0.006891889737, -0.005778566925, -0.004804348442, -0.00395992061, -0.003234527103], "AUX_ENDO_LEAD_74": [0, -0.02158525165, -0.02384675582, -0.02465483656, -0.02442026133, -0.02346190925, -0.02202568251, -0.02029926516, -0.01842387326, -0.01650373473, -0.01461379628, -0.01280600855, -0.01111445037, -0.009559493899, -0.008151173202, -0.006891889737, -0.005778566925, -0.004804348442, -0.00395992061, -0.003234527103, -0.002616733675], "AUX_ENDO_LEAD_78": [0, -0.02384675582, -0.02465483656, -0.02442026133, -0.02346190925, -0.02202568251, -0.02029926516, -0.01842387326, -0.01650373473, -0.01461379628, -0.01280600855, -0.01111445037, -0.009559493899, -0.008151173202, -0.006891889737, -0.005778566925, -0.004804348442, -0.00395992061, -0.003234527103, -0.002616733675, -0.002094991582], "AUX_ENDO_LEAD_105": [0, -0.2898805917, -0.3078060189, -0.2917131185, -0.2598663845, -0.2224677711, -0.1850233054, -0.1503224132, -0.119601386, -0.09322653459, -0.07109423358, -0.05286389418, -0.03809223932, -0.02630924668, -0.01705964246, -0.009924112973, -0.004528662196, -0.0005471421959, 0.0023000381, 0.004249228424, 0.005497804546], "AUX_ENDO_LEAD_109": [0, -0.3078060189, -0.2917131185, -0.2598663845, -0.2224677711, -0.1850233054, -0.1503224132, -0.119601386, -0.09322653459, -0.07109423358, -0.05286389418, -0.03809223932, -0.02630924668, -0.01705964246, -0.009924112973, -0.004528662196, -0.0005471421959, 0.0023000381, 0.004249228424, 0.005497804546, 0.006208753044], "AUX_ENDO_LEAD_113": [0, -0.2917131185, -0.2598663845, -0.2224677711, -0.1850233054, -0.1503224132, -0.119601386, -0.09322653459, -0.07109423358, -0.05286389418, -0.03809223932, -0.02630924668, -0.01705964246, -0.009924112973, -0.004528662196, -0.0005471421959, 0.0023000381, 0.004249228424, 0.005497804546, 0.006208753044, 0.006515205008], "AUX_ENDO_LAG_9_1": [0, 0, -0.01044109144, -0.01734277198, -0.02158525165, -0.02384675582, -0.02465483656, -0.02442026133, -0.02346190925, -0.02202568251, -0.02029926516, -0.01842387326, -0.01650373473, -0.01461379628, -0.01280600855, -0.01111445037, -0.009559493899, -0.008151173202, -0.006891889737, -0.005778566925, -0.004804348442], "AUX_ENDO_LAG_9_2": [0, 0, -1.932621108e-16, -0.01044109144, -0.01734277198, -0.02158525165, -0.02384675582, -0.02465483656, -0.02442026133, -0.02346190925, -0.02202568251, -0.02029926516, -0.01842387326, -0.01650373473, -0.01461379628, -0.01280600855, -0.01111445037, -0.009559493899, -0.008151173202, -0.006891889737, -0.005778566925], "AUX_ENDO_LAG_10_1": [0, 0, -0.2058821851, -0.2898805917, -0.3078060189, -0.2917131185, -0.2598663845, -0.2224677711, -0.1850233054, -0.1503224132, -0.119601386, -0.09322653459, -0.07109423358, -0.05286389418, -0.03809223932, -0.02630924668, -0.01705964246, -0.009924112973, -0.004528662196, -0.0005471421959, 0.0023000381], "AUX_ENDO_LAG_10_2": [0, 0, 0, -0.2058821851, -0.2898805917, -0.3078060189, -0.2917131185, -0.2598663845, -0.2224677711, -0.1850233054, -0.1503224132, -0.119601386, -0.09322653459, -0.07109423358, -0.05286389418, -0.03809223932, -0.02630924668, -0.01705964246, -0.009924112973, -0.004528662196, -0.0005471421959], "AUX_ENDO_LAG_10_3": [0, 0, 0, 0, -0.2058821851, -0.2898805917, -0.3078060189, -0.2917131185, -0.2598663845, -0.2224677711, -0.1850233054, -0.1503224132, -0.119601386, -0.09322653459, -0.07109423358, -0.05286389418, -0.03809223932, -0.02630924668, -0.01705964246, -0.009924112973, -0.004528662196], "AUX_ENDO_LAG_7_1": [0, 0, 0.7562764213, 0.4262251667, 0.2343056088, 0.1221282443, 0.05707563731, 0.01989913972, -0.0007856338927, -0.01172974913, -0.01694872092, -0.01883850619, -0.01883282849, -0.01779120344, -0.01622868168, -0.01445241864, -0.01264328044, -0.01090492935, -0.009293588983, -0.007836268432, -0.006542041874],