{"interest_": {"i": [0, 0.2113710234, 0.1535245563, 0.08794715696, 0.02015967173, -0.009409097716, -0.01974249217, -0.02227245908, -0.02251202, -0.02223672203, -0.0218387757, -0.02133656637, -0.02070729723, -0.01995179978, -0.01908939296, -0.01814562084, -0.01714542875, -0.01611076466, -0.01506020545, -0.01400922816, -0.01297059168], "pi": [0, -0.006724291799, -0.01191109812, -0.0158349364, -0.01876632046, -0.02092249225, -0.02244447015, -0.02343344039, -0.02397101106, -0.02412811112, -0.02396792442, -0.02354679486, -0.02291465893, -0.02211545913, -0.02118760036, -0.02016442429, -0.01907467581, -0.01794294852, -0.01679010416, -0.01563366458, -0.01448817624], "pi_tilde": [0, -0.006724291799, -0.00596009988, -0.005293614557, -0.004752401755, -0.004314298642, -0.003928064502, -0.003570084314, -0.003232416313, -0.002913766328, -0.002614546083, -0.002335181749, -0.002075745481, -0.001835985969, -0.001615419031, -0.001413397972, -0.001229160315, -0.001061860432, -0.0009105947179, -0.000774422392, -0.000652383093], "x": [0, -0.3023075208, -0.4441363472, -0.4901488683, -0.4890632351, -0.4714228291, -0.4488352835, -0.4248218803, -0.4002083086, -0.3752434126, -0.3501512259, -0.3251903642, -0.3006166662, -0.2766545957, -0.2534874581, -0.2312580446, -0.2100729698, -0.190007634, -0.1711108316, -0.1534088332, -0.1369089845], "x_tilde": [0, -0.1501739521, -0.09160931168, -0.04718803104, -0.01919816609, -0.008422730319, -0.005003684077, -0.004035585718, -0.003590072726, -0.003166188384, -0.00271211152, -0.002264115383, -0.001850197676, -0.001480851064, -0.00115671308, -0.0008747432445, -0.0006310615312, -0.0004218801667, -0.000243696292, -9.328376806e-05, 3.233946581e-05], "r_n": [0, 4.104918094e-17, 3.571278741e-17, 3.107012505e-17, 2.703100879e-17, 2.351697765e-17, 2.045977056e-17, 1.780000038e-17, 1.548600033e-17, 1.347282029e-17, 1.172135365e-17, 1.019757768e-17, 8.87189258e-18, 7.718546544e-18, 6.715135494e-18, 5.842167879e-18, 5.082686055e-18, 4.421936868e-18, 3.847085075e-18, 3.346964015e-18, 2.911858693e-18], "u": [0, 2.280027142e-17, 4.560054284e-19, 9.120108568e-21, 1.824021714e-22, 3.648043427e-24, 7.296086854e-26, 1.459217371e-27, 2.918434742e-29, 5.836869484e-31, 1.167373897e-32, 2.334747793e-34, 4.669495587e-36, 9.338991174e-38, 1.867798235e-39, 3.735596469e-41, 7.471192939e-43, 1.494238588e-44, 2.988477176e-46, 5.976954351e-48, 1.19539087e-49], "interest": [0, 0.8454840937, 0.6140982252, 0.3517886279, 0.08063868691, -0.03763639086, -0.07896996867, -0.08908983631, -0.09004807999, -0.08894688812, -0.0873551028, -0.08534626547, -0.08282918891, -0.0798071991, -0.07635757184, -0.07258248338, -0.06858171499, -0.06444305864, -0.0602408218, -0.05603691264, -0.05188236674], "inflation": [0, -0.006724291799, -0.01863538992, -0.03447032632, -0.05323664678, -0.06743484723, -0.07796821926, -0.08556672326, -0.09077141385, -0.09397703272, -0.09550048699, -0.09561384146, -0.09455748934, -0.09254483734, -0.08976451328, -0.08638214271, -0.08254215958, -0.07836964898, -0.07397215279, -0.06944139307, -0.0648548935], "inflationq": [0, -0.02689716719, -0.04764439249, -0.06333974558, -0.07506528186, -0.08368996901, -0.08977788059, -0.09373376158, -0.09588404425, -0.09651244447, -0.09587169769, -0.09418717945, -0.09165863574, -0.0884618365, -0.08475040143, -0.08065769715, -0.07629870324, -0.0717717941, -0.06716041665, -0.0625346583, -0.05795270497], "outputgap": [0, -0.3023075208, -0.4441363472, -0.4901488683, -0.4890632351, -0.4714228291, -0.4488352835, -0.4248218803, -0.4002083086, -0.3752434126, -0.3501512259, -0.3251903642, -0.3006166662, -0.2766545957, -0.2534874581, -0.2312580446, -0.2100729698, -0.190007634, -0.1711108316, -0.1534088332, -0.1369089845], "AUX_ENDO_LEAD_70": [0, -0.04764439249, -0.06333974558, -0.07506528186, -0.08368996901, -0.08977788059, -0.09373376158, -0.09588404425, -0.09651244447, -0.09587169769, -0.09418717945, -0.09165863574, -0.0884618365, -0.08475040143, -0.08065769715, -0.07629870324, -0.0717717941, -0.06716041665, -0.0625346583, -0.05795270497, -0.05346219086], "AUX_ENDO_LEAD_74": [0, -0.06333974558, -0.07506528186, -0.08368996901, -0.08977788059, -0.09373376158, -0.09588404425, -0.09651244447, -0.09587169769, -0.09418717945, -0.09165863574, -0.0884618365, -0.08475040143, -0.08065769715, -0.07629870324, -0.0717717941, -0.06716041665, -0.0625346583, -0.05795270497, -0.05346219086, -0.04910144267], "AUX_ENDO_LEAD_78": [0, -0.07506528186, -0.08368996901, -0.08977788059, -0.09373376158, -0.09588404425, -0.09651244447, -0.09587169769, -0.09418717945, -0.09165863574, -0.0884618365, -0.08475040143, -0.08065769715, -0.07629870324, -0.0717717941, -0.06716041665, -0.0625346583, -0.05795270497, -0.05346219086, -0.04910144267, -0.0449006215], "AUX_ENDO_LEAD_105": [0, -0.4441363472, -0.4901488683, -0.4890632351, -0.4714228291, -0.4488352835, -0.4248218803, -0.4002083086, -0.3752434126, -0.3501512259, -0.3251903642, -0.3006166662, -0.2766545957, -0.2534874581, -0.2312580446, -0.2100729698, -0.190007634, -0.1711108316, -0.1534088332, -0.1369089845, -0.1216028882], "AUX_ENDO_LEAD_109": [0, -0.4901488683, -0.4890632351, -0.4714228291, -0.4488352835, -0.4248218803, -0.4002083086, -0.3752434126, -0.3501512259, -0.3251903642, -0.3006166662, -0.2766545957, -0.2534874581, -0.2312580446, -0.2100729698, -0.190007634, -0.1711108316, -0.1534088332, -0.1369089845, -0.1216028882, -0.1074692185], "AUX_ENDO_LEAD_113": [0, -0.4890632351, -0.4714228291, -0.4488352835, -0.4248218803, -0.4002083086, -0.3752434126, -0.3501512259, -0.3251903642, -0.3006166662, -0.2766545957, -0.2534874581, -0.2312580446, -0.2100729698, -0.190007634, -0.1711108316, -0.1534088332, -0.1369089845, -0.1216028882, -0.1074692185, -0.09447620498], "AUX_ENDO_LAG_9_1": [0, 0, -0.02689716719, -0.04764439249, -0.06333974558, -0.07506528186, -0.08368996901, -0.08977788059, -0.09373376158, -0.09588404425, -0.09651244447, -0.09587169769, -0.09418717945, -0.09165863574, -0.0884618365, -0.08475040143, -0.08065769715, -0.07629870324, -0.0717717941, -0.06716041665, -0.0625346583], "AUX_ENDO_LAG_9_2": [0, 0, 3.488022546e-16, -0.02689716719, -0.04764439249, -0.06333974558, -0.07506528186, -0.08368996901, -0.08977788059, -0.09373376158, -0.09588404425, -0.09651244447, -0.09587169769, -0.09418717945, -0.09165863574, -0.0884618365, -0.08475040143, -0.08065769715, -0.07629870324, -0.0717717941, -0.06716041665], "AUX_ENDO_LAG_10_1": [0, 0, -0.3023075208, -0.4441363472, -0.4901488683, -0.4890632351, -0.4714228291, -0.4488352835, -0.4248218803, -0.4002083086, -0.3752434126, -0.3501512259, -0.3251903642, -0.3006166662, -0.2766545957, -0.2534874581, -0.2312580446, -0.2100729698, -0.190007634, -0.1711108316, -0.1534088332], "AUX_ENDO_LAG_10_2": [0, 0, -2.056436141e-16, -0.3023075208, -0.4441363472, -0.4901488683, -0.4890632351, -0.4714228291, -0.4488352835, -0.4248218803, -0.4002083086, -0.3752434126, -0.3501512259, -0.3251903642, -0.3006166662, -0.2766545957, -0.2534874581, -0.2312580446, -0.2100729698, -0.190007634, -0.1711108316], "AUX_ENDO_LAG_10_3": [0, 0, -3.008544492e-16, -4.876302491e-16, -0.3023075208, -0.4441363472, -0.4901488683, -0.4890632351, -0.4714228291, -0.4488352835, -0.4248218803, -0.4002083086, -0.3752434126, -0.3501512259, -0.3251903642, -0.3006166662, -0.2766545957, -0.2534874581, -0.2312580446, -0.2100729698, -0.190007634], "AUX_ENDO_LAG_7_1": [0, 0, 0.8454840937, 0.6140982252, 0.3517886279, 0.08063868691, -0.03763639086, -0.07896996867, -0.08908983631, -0.09004807999, -0.08894688812, -0.0873551028, -0.08534626547, -0.08282918891, -0.0798071991, -0.07635757184, -0.07258248338, -0.06858171499, -0.06444305864, -0.0602408218, -0.05603691264], "AUX_ENDO_LAG_7_2": [0, 0, 0, 0.8454840937, 0.6140982252, 0.3517886279, 0.08063868691, -0.03763639086, -0.07896996867, -0.08908983631, -0.09004807999, -0.08894688812, -0.0873551028, -0.08534626547, -0.08282918891, -0.0798071991, -0.07635757184, -0.07258248338, -0.06858171499, -0.06444305864, -0.0602408218],