{"interest_": {"i": [0, 0.1798039985, 0.1020546303, 0.05499730584, 0.02649036501, 0.00925090794, -0.001101971858, -0.007214079509, -0.01069217027, -0.01251932494, -0.01330299795, -0.01342329949, -0.01312178187, -0.01255473261, -0.01182528126, -0.01100284829, -0.01013501997, -0.0092548807, -0.008385611179, -0.007543431601, -0.006739534977], "pi": [0, -0.005631553838, -0.009942278332, -0.0131459315, -0.01542572397, -0.01693969484, -0.01782449761, -0.01819823162, -0.01816268858, -0.01780522778, -0.01720040249, -0.016411407, -0.0154913837, -0.01448461256, -0.01342759607, -0.01235004795, -0.01127579151, -0.01022357238, -0.009207790395, -0.008239154908, -0.00732526842], "pi_tilde": [0, -0.005631553838, -0.004958353185, -0.004347015173, -0.003791574599, -0.003287929124, -0.002832867675, -0.00242355124, -0.002057253595, -0.001731248386, -0.001442775903, -0.001189050796, -0.000967288509, -0.0007747379849, -0.0006087139515, -0.0004666254328, -0.0003459990685, -0.0002444968963, -0.0001599288369, -9.026040916e-05, -3.361632587e-05], "x": [0, -0.2817033104, -0.4269683701, -0.4909851995, -0.5070430038, -0.4952854182, -0.467943044, -0.4324646728, -0.3933945648, -0.3535009746, -0.3144571668, -0.2772545837, -0.242455361, -0.2103481835, -0.1810457187, -0.1545465082, -0.1307750371, -0.1096082374, -0.09089341443, -0.07446063693, -0.06013146087], "x_tilde": [0, -0.1281249383, -0.07835641052, -0.04814046926, -0.02966922137, -0.01827795628, -0.01117635147, -0.006692175583, -0.003820466247, -0.00195478326, -0.0007269840024, 8.832022849e-05, 0.0006307577857, 0.0009882144808, 0.001217157731, 0.001354798724, 0.001426388967, 0.001449615368, 0.001437264058, 0.00139885006, 0.001341628066], "r_n": [0, 2.455656966e-17, 2.136421561e-17, 1.858686758e-17, 1.617057479e-17, 1.406840007e-17, 1.223950806e-17, 1.064837201e-17, 9.264083651e-18, 8.059752776e-18, 7.011984915e-18, 6.100426876e-18, 5.307371382e-18, 4.617413103e-18, 4.017149399e-18, 3.494919977e-18, 3.04058038e-18, 2.645304931e-18, 2.30141529e-18, 2.002231302e-18, 1.741941233e-18], "u": [0, 5.166868761e-18, 1.033373752e-19, 2.066747504e-21, 4.133495009e-23, 8.266990017e-25, 1.653398003e-26, 3.306796007e-28, 6.613592014e-30, 1.322718403e-31, 2.645436805e-33, 5.290873611e-35, 1.058174722e-36, 2.116349444e-38, 4.232698889e-40, 8.465397778e-42, 1.693079556e-43, 3.386159111e-45, 6.772318222e-47, 1.354463644e-48, 2.708927289e-50], "interest": [0, 0.7192159939, 0.4082185211, 0.2199892234, 0.10596146, 0.03700363176, -0.004407887434, -0.02885631803, -0.04276868106, -0.05007729978, -0.05321199179, -0.05369319794, -0.05248712749, -0.05021893044, -0.04730112504, -0.04401139317, -0.04054007987, -0.0370195228, -0.03354244472, -0.0301737264, -0.02695813991], "inflation": [0, -0.005631553838, -0.01557383217, -0.02871976367, -0.04414548764, -0.05545362864, -0.06333584792, -0.06838814805, -0.07112511266, -0.0719906456, -0.07136655048, -0.06957972586, -0.06690842098, -0.06358780576, -0.05981499934, -0.05575364029, -0.0515380481, -0.04727700792, -0.04305720224, -0.03894630919, -0.0349957861], "inflationq": [0, -0.02252621535, -0.03976911333, -0.05258372599, -0.0617028959, -0.06775877937, -0.07129799044, -0.0727929265, -0.07265075433, -0.07122091113, -0.06880160996, -0.065645628, -0.06196553482, -0.05793845025, -0.05371038428, -0.04940019182, -0.04510316603, -0.04089428953, -0.03683116158, -0.03295661963, -0.02930107368], "outputgap": [0, -0.2817033104, -0.4269683701, -0.4909851995, -0.5070430038, -0.4952854182, -0.467943044, -0.4324646728, -0.3933945648, -0.3535009746, -0.3144571668, -0.2772545837, -0.242455361, -0.2103481835, -0.1810457187, -0.1545465082, -0.1307750371, -0.1096082374, -0.09089341443, -0.07446063693, -0.06013146087], "AUX_ENDO_LEAD_70": [0, -0.03976911333, -0.05258372599, -0.0617028959, -0.06775877937, -0.07129799044, -0.0727929265, -0.07265075433, -0.07122091113, -0.06880160996, -0.065645628, -0.06196553482, -0.05793845025, -0.05371038428, -0.04940019182, -0.04510316603, -0.04089428953, -0.03683116158, -0.03295661963, -0.02930107368, -0.02588457277], "AUX_ENDO_LEAD_74": [0, -0.05258372599, -0.0617028959, -0.06775877937, -0.07129799044, -0.0727929265, -0.07265075433, -0.07122091113, -0.06880160996, -0.065645628, -0.06196553482, -0.05793845025, -0.05371038428, -0.04940019182, -0.04510316603, -0.04089428953, -0.03683116158, -0.03295661963, -0.02930107368, -0.02588457277, -0.02271862332], "AUX_ENDO_LEAD_78": [0, -0.0617028959, -0.06775877937, -0.07129799044, -0.0727929265, -0.07265075433, -0.07122091113, -0.06880160996, -0.065645628, -0.06196553482, -0.05793845025, -0.05371038428, -0.04940019182, -0.04510316603, -0.04089428953, -0.03683116158, -0.03295661963, -0.02930107368, -0.02588457277, -0.02271862332, -0.01980777879], "AUX_ENDO_LEAD_105": [0, -0.4269683701, -0.4909851995, -0.5070430038, -0.4952854182, -0.467943044, -0.4324646728, -0.3933945648, -0.3535009746, -0.3144571668, -0.2772545837, -0.242455361, -0.2103481835, -0.1810457187, -0.1545465082, -0.1307750371, -0.1096082374, -0.09089341443, -0.07446063693, -0.06013146087, -0.04772515404], "AUX_ENDO_LEAD_109": [0, -0.4909851995, -0.5070430038, -0.4952854182, -0.467943044, -0.4324646728, -0.3933945648, -0.3535009746, -0.3144571668, -0.2772545837, -0.242455361, -0.2103481835, -0.1810457187, -0.1545465082, -0.1307750371, -0.1096082374, -0.09089341443, -0.07446063693, -0.06013146087, -0.04772515404, -0.03706316539], "AUX_ENDO_LEAD_113": [0, -0.5070430038, -0.4952854182, -0.467943044, -0.4324646728, -0.3933945648, -0.3535009746, -0.3144571668, -0.2772545837, -0.242455361, -0.2103481835, -0.1810457187, -0.1545465082, -0.1307750371, -0.1096082374, -0.09089341443, -0.07446063693, -0.06013146087, -0.04772515404, -0.03706316539, -0.02797232409], "AUX_ENDO_LAG_9_1": [0, 0, -0.02252621535, -0.03976911333, -0.05258372599, -0.0617028959, -0.06775877937, -0.07129799044, -0.0727929265, -0.07265075433, -0.07122091113, -0.06880160996, -0.065645628, -0.06196553482, -0.05793845025, -0.05371038428, -0.04940019182, -0.04510316603, -0.04089428953, -0.03683116158, -0.03295661963], "AUX_ENDO_LAG_9_2": [0, 0, 0, -0.02252621535, -0.03976911333, -0.05258372599, -0.0617028959, -0.06775877937, -0.07129799044, -0.0727929265, -0.07265075433, -0.07122091113, -0.06880160996, -0.065645628, -0.06196553482, -0.05793845025, -0.05371038428, -0.04940019182, -0.04510316603, -0.04089428953, -0.03683116158], "AUX_ENDO_LAG_10_1": [0, 0, -0.2817033104, -0.4269683701, -0.4909851995, -0.5070430038, -0.4952854182, -0.467943044, -0.4324646728, -0.3933945648, -0.3535009746, -0.3144571668, -0.2772545837, -0.242455361, -0.2103481835, -0.1810457187, -0.1545465082, -0.1307750371, -0.1096082374, -0.09089341443, -0.07446063693], "AUX_ENDO_LAG_10_2": [0, 0, 0, -0.2817033104, -0.4269683701, -0.4909851995, -0.5070430038, -0.4952854182, -0.467943044, -0.4324646728, -0.3933945648, -0.3535009746, -0.3144571668, -0.2772545837, -0.242455361, -0.2103481835, -0.1810457187, -0.1545465082, -0.1307750371, -0.1096082374, -0.09089341443], "AUX_ENDO_LAG_10_3": [0, 0, 0, 0, -0.2817033104, -0.4269683701, -0.4909851995, -0.5070430038, -0.4952854182, -0.467943044, -0.4324646728, -0.3933945648, -0.3535009746, -0.3144571668, -0.2772545837, -0.242455361, -0.2103481835, -0.1810457187, -0.1545465082, -0.1307750371, -0.1096082374], "AUX_ENDO_LAG_7_1": [0, 0, 0.7192159939, 0.4082185211, 0.2199892234, 0.10596146, 0.03700363176, -0.004407887434, -0.02885631803, -0.04276868106, -0.05007729978, -0.05321199179, -0.05369319794, -0.05248712749, -0.05021893044, -0.04730112504, -0.04401139317, -0.04054007987, -0.0370195228, -0.03354244472, -0.0301737264], "AUX_ENDO_LAG_7_2": [0, 0, 0, 0.7192159939, 0.4082185211, 0.2199892234, 0.10596146, 0.03700363176, -0.004407887434, -0.02885631803, -0.04276868106, -0.05007729978, -0.05321199179, -0.05369319794, -0.05248712749, -0.05021893044, -0.04730112504, -0.04401139317, -0.04054007987, -0.0370195228, -0.03354244472],