{"interest_": {"RR_USh": [0, 1.411340404, 1.115215187, 0.8252676933, 0.5465019561, 0.2631933622, 0.009761907852, -0.2107263986, -0.3939461832, -0.5372759582, -0.6385817143, -0.6991512844, -0.7216180703, -0.7098696859, -0.6687504992, -0.6038234009, -0.520954956, -0.4260380294, -0.3247363779, -0.2222697117, -0.1232398711], "RR_US_BARh": [0, 0, 0, 0, 0, 0, 0, 0, 0, 0, 0, 0, 0, 0, 0, 0, 0, 0, 0, 0, 0], "UNR_US_GAP": [0, -0.008898970533, -0.05979232229, -0.1336153289, -0.2161344016, -0.2968015969, -0.367591978, -0.4232814364, -0.460862568, -0.4791358613, -0.4783582975, -0.4599519687, -0.4261907056, -0.3799228377, -0.32432392, -0.2626801747, -0.1982026846, -0.1338764742, -0.07234413405, -0.01582313789, 0.03394489523], "PIE_USh": [0, -0.5627132438, -0.648109606, -0.7517590233, -0.825765828, -0.8695979066, -0.8513269581, -0.803140318, -0.7273267405, -0.6296850613, -0.5163558529, -0.3954151754, -0.2727937282, -0.1539668272, -0.04360973588, 0.05451549516, 0.1377293794, 0.2043242075, 0.2535285735, 0.285425291, 0.3008416877], "PIE_US4h": [0, -0.1406783109, -0.3027057124, -0.4906454683, -0.6970869253, -0.773808091, -0.824612429, -0.8374577527, -0.8128479808, -0.7528697695, -0.6691269932, -0.5671957075, -0.4535624545, -0.3346328959, -0.2164463667, -0.103963699, -0.001332922115, 0.08823983656, 0.1625244139, 0.2202518629, 0.2610299399], "Y_US": [0, -0.05201034795, -0.3106950295, -0.5204682118, -0.681185839, -0.7932006272, -0.8555566796, -0.8726775872, -0.8497423349, -0.7928403818, -0.7086986562, -0.6045092321, -0.487367056, -0.3640146394, -0.2406044951, -0.1225105615, -0.01418556626, 0.08091166918, 0.1603389958, 0.2226472544, 0.2673166563], "RS_USh": [0, 0.7632307982, 0.3634561634, -0.0004981346949, -0.3230959505, -0.588133596, -0.7933784101, -0.938053139, -1.023631244, -1.053631811, -1.03399689, -0.9719450127, -0.8755848975, -0.7534794218, -0.6142350041, -0.4660940214, -0.3166307485, -0.1725094559, -0.03931108689, 0.07857197597, 0.1779743284], "E4_PIE_US4h": [0, -0.773808091, -0.824612429, -0.8374577527, -0.8128479808, -0.7528697695, -0.6691269932, -0.5671957075, -0.4535624545, -0.3346328959, -0.2164463667, -0.103963699, -0.001332922115, 0.08823983656, 0.1625244139, 0.2202518629, 0.2610299399, 0.2852524379, 0.2939826124, 0.2888214624, 0.2717687105], "E1_Y_USh": [0, -0.3106950295, -0.5204682118, -0.681185839, -0.7932006272, -0.8555566796, -0.8726775872, -0.8497423349, -0.7928403818, -0.7086986562, -0.6045092321, -0.487367056, -0.3640146394, -0.2406044951, -0.1225105615, -0.01418556626, 0.08091166918, 0.1603389958, 0.2226472544, 0.2673166563, 0.2946603827], "E1_PIE_USh": [0, -0.648109606, -0.7517590233, -0.825765828, -0.8695979066, -0.8513269581, -0.803140318, -0.7273267405, -0.6296850613, -0.5163558529, -0.3954151754, -0.2727937282, -0.1539668272, -0.04360973588, 0.05451549516, 0.1377293794, 0.2043242075, 0.2535285735, 0.285425291, 0.3008416877, 0.3012141995], "interest": [0, 0.7632307982, 0.3634561634, -0.0004981346949, -0.3230959505, -0.588133596, -0.7933784101, -0.938053139, -1.023631244, -1.053631811, -1.03399689, -0.9719450127, -0.8755848975, -0.7534794218, -0.6142350041, -0.4660940214, -0.3166307485, -0.1725094559, -0.03931108689, 0.07857197597, 0.1779743284], "inflation": [0, -0.1406783109, -0.3027057124, -0.4906454683, -0.6970869253, -0.773808091, -0.824612429, -0.8374577527, -0.8128479808, -0.7528697695, -0.6691269932, -0.5671957075, -0.4535624545, -0.3346328959, -0.2164463667, -0.103963699, -0.001332922115, 0.08823983656, 0.1625244139, 0.2202518629, 0.2610299399], "inflationq": [0, -0.5627132438, -0.648109606, -0.7517590233, -0.825765828, -0.8695979066, -0.8513269581, -0.803140318, -0.7273267405, -0.6296850613, -0.5163558529, -0.3954151754, -0.2727937282, -0.1539668272, -0.04360973588, 0.05451549516, 0.1377293794, 0.2043242075, 0.2535285735, 0.285425291, 0.3008416877], "outputgap": [0, -0.05201034795, -0.3106950295, -0.5204682118, -0.681185839, -0.7932006272, -0.8555566796, -0.8726775872, -0.8497423349, -0.7928403818, -0.7086986562, -0.6045092321, -0.487367056, -0.3640146394, -0.2406044951, -0.1225105615, -0.01418556626, 0.08091166918, 0.1603389958, 0.2226472544, 0.2673166563], "output": [0, -0.05201034795, -0.3106950295, -0.5204682118, -0.681185839, -0.7932006272, -0.8555566796, -0.8726775872, -0.8497423349, -0.7928403818, -0.7086986562, -0.6045092321, -0.487367056, -0.3640146394, -0.2406044951, -0.1225105615, -0.01418556626, 0.08091166918, 0.1603389958, 0.2226472544, 0.2673166563], "AUX_ENDO_LEAD_66": [0, -0.648109606, -0.7517590233, -0.825765828, -0.8695979066, -0.8513269581, -0.803140318, -0.7273267405, -0.6296850613, -0.5163558529, -0.3954151754, -0.2727937282, -0.1539668272, -0.04360973588, 0.05451549516, 0.1377293794, 0.2043242075, 0.2535285735, 0.285425291, 0.3008416877, 0.3012141995], "AUX_ENDO_LEAD_70": [0, -0.7517590233, -0.825765828, -0.8695979066, -0.8513269581, -0.803140318, -0.7273267405, -0.6296850613, -0.5163558529, -0.3954151754, -0.2727937282, -0.1539668272, -0.04360973588, 0.05451549516, 0.1377293794, 0.2043242075, 0.2535285735, 0.285425291, 0.3008416877, 0.3012141995, 0.2884492713], "AUX_ENDO_LEAD_74": [0, -0.825765828, -0.8695979066, -0.8513269581, -0.803140318, -0.7273267405, -0.6296850613, -0.5163558529, -0.3954151754, -0.2727937282, -0.1539668272, -0.04360973588, 0.05451549516, 0.1377293794, 0.2043242075, 0.2535285735, 0.285425291, 0.3008416877, 0.3012141995, 0.2884492713, 0.2647806912], "AUX_ENDO_LEAD_101": [0, -0.3106950295, -0.5204682118, -0.681185839, -0.7932006272, -0.8555566796, -0.8726775872, -0.8497423349, -0.7928403818, -0.7086986562, -0.6045092321, -0.487367056, -0.3640146394, -0.2406044951, -0.1225105615, -0.01418556626, 0.08091166918, 0.1603389958, 0.2226472544, 0.2673166563, 0.2946603827], "AUX_ENDO_LEAD_105": [0, -0.5204682118, -0.681185839, -0.7932006272, -0.8555566796, -0.8726775872, -0.8497423349, -0.7928403818, -0.7086986562, -0.6045092321, -0.487367056, -0.3640146394, -0.2406044951, -0.1225105615, -0.01418556626, 0.08091166918, 0.1603389958, 0.2226472544, 0.2673166563, 0.2946603827, 0.3057044976], "AUX_ENDO_LEAD_109": [0, -0.681185839, -0.7932006272, -0.8555566796, -0.8726775872, -0.8497423349, -0.7928403818, -0.7086986562, -0.6045092321, -0.487367056, -0.3640146394, -0.2406044951, -0.1225105615, -0.01418556626, 0.08091166918, 0.1603389958, 0.2226472544, 0.2673166563, 0.2946603827, 0.3057044976, 0.3020522609], "AUX_ENDO_LEAD_136": [0, -0.3106950295, -0.5204682118, -0.681185839, -0.7932006272, -0.8555566796, -0.8726775872, -0.8497423349, -0.7928403818, -0.7086986562, -0.6045092321, -0.487367056, -0.3640146394, -0.2406044951, -0.1225105615, -0.01418556626, 0.08091166918, 0.1603389958, 0.2226472544, 0.2673166563, 0.2946603827], "AUX_ENDO_LEAD_140": [0, -0.5204682118, -0.681185839, -0.7932006272, -0.8555566796, -0.8726775872, -0.8497423349, -0.7928403818, -0.7086986562, -0.6045092321, -0.487367056, -0.3640146394, -0.2406044951, -0.1225105615, -0.01418556626, 0.08091166918, 0.1603389958, 0.2226472544, 0.2673166563, 0.2946603827, 0.3057044976], "AUX_ENDO_LEAD_144": [0, -0.681185839, -0.7932006272, -0.8555566796, -0.8726775872, -0.8497423349, -0.7928403818, -0.7086986562, -0.6045092321, -0.487367056, -0.3640146394, -0.2406044951, -0.1225105615, -0.01418556626, 0.08091166918, 0.1603389958, 0.2226472544, 0.2673166563, 0.2946603827, 0.3057044976, 0.3020522609], "AUX_ENDO_LEAD_276": [0, -0.3027057124, -0.4906454683, -0.6970869253, -0.773808091, -0.824612429, -0.8374577527, -0.8128479808, -0.7528697695, -0.6691269932, -0.5671957075, -0.4535624545, -0.3346328959, -0.2164463667, -0.103963699, -0.001332922115, 0.08823983656, 0.1625244139, 0.2202518629, 0.2610299399, 0.2852524379], "AUX_ENDO_LEAD_280": [0, -0.4906454683, -0.6970869253, -0.773808091, -0.824612429, -0.8374577527, -0.8128479808, -0.7528697695, -0.6691269932, -0.5671957075, -0.4535624545, -0.3346328959, -0.2164463667, -0.103963699, -0.001332922115, 0.08823983656, 0.1625244139, 0.2202518629, 0.2610299399, 0.2852524379, 0.2939826124],