{"interest_": {"RR_USh": [0, 1.272005093, 0.8820966278, 0.540916865, 0.2250942244, -0.0460556977, -0.2655568764, -0.4327739542, -0.5458926599, -0.6051919676, -0.6149748653, -0.5821102301, -0.5150035199, -0.4230727071, -0.3160619183, -0.2033020768, -0.09314914058, 0.00741639784, 0.09305554747, 0.1601937472, 0.2070052884], "RR_US_BARh": [0, 0, 0, 0, 0, 0, 0, 0, 0, 0, 0, 0, 0, 0, 0, 0, 0, 0, 0, 0, 0], "UNR_US_GAP": [0, -0.007829313541, -0.05260528022, -0.1136205733, -0.1765811311, -0.2315033213, -0.2721812701, -0.2954496728, -0.300477609, -0.2882591389, -0.2611567184, -0.2224399916, -0.1758620305, -0.1252918335, -0.07440555204, -0.02644309832, 0.01596402541, 0.05089435402, 0.07717266511, 0.09434866611, 0.1026284301], "PIE_USh": [0, -0.2812443493, -0.3227217809, -0.3826450544, -0.416178854, -0.4254529316, -0.3966112574, -0.3487029067, -0.2849482357, -0.2114549883, -0.1340657546, -0.0590533056, 0.009110527076, 0.06688825243, 0.1119183905, 0.143002927, 0.1600816638, 0.1640260159, 0.1564572802, 0.1395323509, 0.1157244226], "PIE_US4h": [0, -0.07031108732, -0.1509915325, -0.2466527961, -0.3506975096, -0.3867496552, -0.4052220243, -0.3967364874, -0.3639288328, -0.310429347, -0.2447929713, -0.172380571, -0.09886588034, -0.02928007016, 0.03221596611, 0.08273002426, 0.1204728084, 0.1447572493, 0.1558919717, 0.1550243277, 0.1439350174], "Y_US": [0, -0.04575869983, -0.2733494613, -0.4349144242, -0.5371111504, -0.5838539117, -0.5823602848, -0.5411629002, -0.4691932662, -0.3758806363, -0.2707024093, -0.1624774365, -0.05889833302, 0.03377053093, 0.1108968526, 0.1695579171, 0.2084866545, 0.2279156393, 0.2293460143, 0.2152652181, 0.1888390953], "RS_USh": [0, 0.9492833126, 0.4994515734, 0.124738011, -0.2003587072, -0.4426669551, -0.6142597831, -0.7177221899, -0.7573476482, -0.7392577221, -0.6740281709, -0.572999703, -0.4481152675, -0.3111543165, -0.1730589913, -0.04322041303, 0.07087687528, 0.1638736781, 0.2325878984, 0.2759181698, 0.2946155952], "E4_PIE_US4h": [0, -0.3867496552, -0.4052220243, -0.3967364874, -0.3639288328, -0.310429347, -0.2447929713, -0.172380571, -0.09886588034, -0.02928007016, 0.03221596611, 0.08273002426, 0.1204728084, 0.1447572493, 0.1558919717, 0.1550243277, 0.1439350174, 0.1248310901, 0.1001378483, 0.07230569035, 0.04364262001], "E1_Y_USh": [0, -0.2733494613, -0.4349144242, -0.5371111504, -0.5838539117, -0.5823602848, -0.5411629002, -0.4691932662, -0.3758806363, -0.2707024093, -0.1624774365, -0.05889833302, 0.03377053093, 0.1108968526, 0.1695579171, 0.2084866545, 0.2279156393, 0.2293460143, 0.2152652181, 0.1888390953, 0.1536030815], "E1_PIE_USh": [0, -0.3227217809, -0.3826450544, -0.416178854, -0.4254529316, -0.3966112574, -0.3487029067, -0.2849482357, -0.2114549883, -0.1340657546, -0.0590533056, 0.009110527076, 0.06688825243, 0.1119183905, 0.143002927, 0.1600816638, 0.1640260159, 0.1564572802, 0.1395323509, 0.1157244226, 0.08761030677], "interest": [0, 0.9492833126, 0.4994515734, 0.124738011, -0.2003587072, -0.4426669551, -0.6142597831, -0.7177221899, -0.7573476482, -0.7392577221, -0.6740281709, -0.572999703, -0.4481152675, -0.3111543165, -0.1730589913, -0.04322041303, 0.07087687528, 0.1638736781, 0.2325878984, 0.2759181698, 0.2946155952], "inflation": [0, -0.07031108732, -0.1509915325, -0.2466527961, -0.3506975096, -0.3867496552, -0.4052220243, -0.3967364874, -0.3639288328, -0.310429347, -0.2447929713, -0.172380571, -0.09886588034, -0.02928007016, 0.03221596611, 0.08273002426, 0.1204728084, 0.1447572493, 0.1558919717, 0.1550243277, 0.1439350174], "inflationq": [0, -0.2812443493, -0.3227217809, -0.3826450544, -0.416178854, -0.4254529316, -0.3966112574, -0.3487029067, -0.2849482357, -0.2114549883, -0.1340657546, -0.0590533056, 0.009110527076, 0.06688825243, 0.1119183905, 0.143002927, 0.1600816638, 0.1640260159, 0.1564572802, 0.1395323509, 0.1157244226], "outputgap": [0, -0.04575869983, -0.2733494613, -0.4349144242, -0.5371111504, -0.5838539117, -0.5823602848, -0.5411629002, -0.4691932662, -0.3758806363, -0.2707024093, -0.1624774365, -0.05889833302, 0.03377053093, 0.1108968526, 0.1695579171, 0.2084866545, 0.2279156393, 0.2293460143, 0.2152652181, 0.1888390953], "output": [0, -0.04575869983, -0.2733494613, -0.4349144242, -0.5371111504, -0.5838539117, -0.5823602848, -0.5411629002, -0.4691932662, -0.3758806363, -0.2707024093, -0.1624774365, -0.05889833302, 0.03377053093, 0.1108968526, 0.1695579171, 0.2084866545, 0.2279156393, 0.2293460143, 0.2152652181, 0.1888390953], "AUX_ENDO_LEAD_66": [0, -0.3227217809, -0.3826450544, -0.416178854, -0.4254529316, -0.3966112574, -0.3487029067, -0.2849482357, -0.2114549883, -0.1340657546, -0.0590533056, 0.009110527076, 0.06688825243, 0.1119183905, 0.143002927, 0.1600816638, 0.1640260159, 0.1564572802, 0.1395323509, 0.1157244226, 0.08761030677], "AUX_ENDO_LEAD_70": [0, -0.3826450544, -0.416178854, -0.4254529316, -0.3966112574, -0.3487029067, -0.2849482357, -0.2114549883, -0.1340657546, -0.0590533056, 0.009110527076, 0.06688825243, 0.1119183905, 0.143002927, 0.1600816638, 0.1640260159, 0.1564572802, 0.1395323509, 0.1157244226, 0.08761030677, 0.05768431295], "AUX_ENDO_LEAD_74": [0, -0.416178854, -0.4254529316, -0.3966112574, -0.3487029067, -0.2849482357, -0.2114549883, -0.1340657546, -0.0590533056, 0.009110527076, 0.06688825243, 0.1119183905, 0.143002927, 0.1600816638, 0.1640260159, 0.1564572802, 0.1395323509, 0.1157244226, 0.08761030677, 0.05768431295, 0.02820371909], "AUX_ENDO_LEAD_101": [0, -0.2733494613, -0.4349144242, -0.5371111504, -0.5838539117, -0.5823602848, -0.5411629002, -0.4691932662, -0.3758806363, -0.2707024093, -0.1624774365, -0.05889833302, 0.03377053093, 0.1108968526, 0.1695579171, 0.2084866545, 0.2279156393, 0.2293460143, 0.2152652181, 0.1888390953, 0.1536030815], "AUX_ENDO_LEAD_105": [0, -0.4349144242, -0.5371111504, -0.5838539117, -0.5823602848, -0.5411629002, -0.4691932662, -0.3758806363, -0.2707024093, -0.1624774365, -0.05889833302, 0.03377053093, 0.1108968526, 0.1695579171, 0.2084866545, 0.2279156393, 0.2293460143, 0.2152652181, 0.1888390953, 0.1536030815, 0.1131731914], "AUX_ENDO_LEAD_109": [0, -0.5371111504, -0.5838539117, -0.5823602848, -0.5411629002, -0.4691932662, -0.3758806363, -0.2707024093, -0.1624774365, -0.05889833302, 0.03377053093, 0.1108968526, 0.1695579171, 0.2084866545, 0.2279156393, 0.2293460143, 0.2152652181, 0.1888390953, 0.1536030815, 0.1131731914, 0.07099311044], "AUX_ENDO_LEAD_136": [0, -0.2733494613, -0.4349144242, -0.5371111504, -0.5838539117, -0.5823602848, -0.5411629002, -0.4691932662, -0.3758806363, -0.2707024093, -0.1624774365, -0.05889833302, 0.03377053093, 0.1108968526, 0.1695579171, 0.2084866545, 0.2279156393, 0.2293460143, 0.2152652181, 0.1888390953, 0.1536030815], "AUX_ENDO_LEAD_140": [0, -0.4349144242, -0.5371111504, -0.5838539117, -0.5823602848, -0.5411629002, -0.4691932662, -0.3758806363, -0.2707024093, -0.1624774365, -0.05889833302, 0.03377053093, 0.1108968526, 0.1695579171, 0.2084866545, 0.2279156393, 0.2293460143, 0.2152652181, 0.1888390953, 0.1536030815, 0.1131731914], "AUX_ENDO_LEAD_144": [0, -0.5371111504, -0.5838539117, -0.5823602848, -0.5411629002, -0.4691932662, -0.3758806363, -0.2707024093, -0.1624774365, -0.05889833302, 0.03377053093, 0.1108968526, 0.1695579171, 0.2084866545, 0.2279156393, 0.2293460143, 0.2152652181, 0.1888390953, 0.1536030815, 0.1131731914, 0.07099311044], "AUX_ENDO_LEAD_276": [0, -0.1509915325, -0.2466527961, -0.3506975096, -0.3867496552, -0.4052220243, -0.3967364874, -0.3639288328, -0.310429347, -0.2447929713, -0.172380571, -0.09886588034, -0.02928007016, 0.03221596611, 0.08273002426, 0.1204728084, 0.1447572493, 0.1558919717, 0.1550243277, 0.1439350174, 0.1248310901], "AUX_ENDO_LEAD_280": [0, -0.2466527961, -0.3506975096, -0.3867496552, -0.4052220243, -0.3967364874, -0.3639288328, -0.310429347, -0.2447929713, -0.172380571, -0.09886588034, -0.02928007016, 0.03221596611, 0.08273002426, 0.1204728084, 0.1447572493, 0.1558919717, 0.1550243277, 0.1439350174, 0.1248310901, 0.1001378483],