{"interest_": {"RR_USh": [0, 1.142268085, 0.6577194254, 0.2938462359, 0.01109861687, -0.1963648562, -0.3353812956, -0.4160320246, -0.4460685417, -0.4340717117, -0.3900417531, -0.3242623823, -0.246342563, -0.1648356677, -0.08684606924, -0.01775663276, 0.03884072254, 0.08105033763, 0.1084774571, 0.1219579509, 0.1232453256], "RR_US_BARh": [0, 0, 0, 0, 0, 0, 0, 0, 0, 0, 0, 0, 0, 0, 0, 0, 0, 0, 0, 0, 0], "UNR_US_GAP": [0, -0.006834735019, -0.04592269156, -0.09505280143, -0.1409516846, -0.1760256839, -0.1967801529, -0.2025962376, -0.1947398537, -0.1756705868, -0.1484909083, -0.1164905788, -0.08279606717, -0.05012557422, -0.02063564196, 0.004151289967, 0.02335038338, 0.03666397534, 0.04429327823, 0.04682732606, 0.04512279609], "PIE_USh": [0, -0.1902804947, -0.217920882, -0.2629516221, -0.2829238773, -0.2828510039, -0.2560162968, -0.2172110016, -0.1696106314, -0.1185135505, -0.06829403888, -0.02300980316, 0.01495323339, 0.04412519866, 0.06400747289, 0.07490775182, 0.07779188268, 0.07404651909, 0.0652947769, 0.05322291288, 0.0394374164], "PIE_US4h": [0, -0.04757012367, -0.1020503442, -0.1677882497, -0.238519219, -0.2616618463, -0.2711857, -0.2597505449, -0.2314222334, -0.1903378701, -0.1434073056, -0.09485700598, -0.04871603978, -0.008056352497, 0.02501902544, 0.04949841419, 0.06520807651, 0.07268840662, 0.07301023262, 0.06758902289, 0.05800040632], "Y_US": [0, -0.03994585049, -0.2386251523, -0.3555033279, -0.409753546, -0.4148123516, -0.3833326166, -0.3269198691, -0.2556684855, -0.1784393559, -0.1026511977, -0.03401697787, 0.02352052152, 0.0676933644, 0.09773786386, 0.1141498183, 0.1183894036, 0.1125712134, 0.09916783992, 0.08074544594, 0.05974511964], "RS_USh": [0, 0.9243472031, 0.3947678033, 0.01092235865, -0.271752387, -0.452381153, -0.5525922972, -0.585642656, -0.5645820922, -0.5023657506, -0.4130515562, -0.3093091489, -0.2022173643, -0.1008281948, -0.01193831742, 0.06003524992, 0.1128872416, 0.1463451145, 0.16170037, 0.1613953673, 0.1486000563], "E4_PIE_US4h": [0, -0.2616618463, -0.2711857, -0.2597505449, -0.2314222334, -0.1903378701, -0.1434073056, -0.09485700598, -0.04871603978, -0.008056352497, 0.02501902544, 0.04949841419, 0.06520807651, 0.07268840662, 0.07301023262, 0.06758902289, 0.05800040632, 0.04582745921, 0.03253621499, 0.01938519091, 0.007369001756], "E1_Y_USh": [0, -0.2386251523, -0.3555033279, -0.409753546, -0.4148123516, -0.3833326166, -0.3269198691, -0.2556684855, -0.1784393559, -0.1026511977, -0.03401697787, 0.02352052152, 0.0676933644, 0.09773786386, 0.1141498183, 0.1183894036, 0.1125712134, 0.09916783992, 0.08074544594, 0.05974511964, 0.03831801567], "E1_PIE_USh": [0, -0.217920882, -0.2629516221, -0.2829238773, -0.2828510039, -0.2560162968, -0.2172110016, -0.1696106314, -0.1185135505, -0.06829403888, -0.02300980316, 0.01495323339, 0.04412519866, 0.06400747289, 0.07490775182, 0.07779188268, 0.07404651909, 0.0652947769, 0.05322291288, 0.0394374164, 0.02535473065], "interest": [0, 0.9243472031, 0.3947678033, 0.01092235865, -0.271752387, -0.452381153, -0.5525922972, -0.585642656, -0.5645820922, -0.5023657506, -0.4130515562, -0.3093091489, -0.2022173643, -0.1008281948, -0.01193831742, 0.06003524992, 0.1128872416, 0.1463451145, 0.16170037, 0.1613953673, 0.1486000563], "inflation": [0, -0.04757012367, -0.1020503442, -0.1677882497, -0.238519219, -0.2616618463, -0.2711857, -0.2597505449, -0.2314222334, -0.1903378701, -0.1434073056, -0.09485700598, -0.04871603978, -0.008056352497, 0.02501902544, 0.04949841419, 0.06520807651, 0.07268840662, 0.07301023262, 0.06758902289, 0.05800040632], "inflationq": [0, -0.1902804947, -0.217920882, -0.2629516221, -0.2829238773, -0.2828510039, -0.2560162968, -0.2172110016, -0.1696106314, -0.1185135505, -0.06829403888, -0.02300980316, 0.01495323339, 0.04412519866, 0.06400747289, 0.07490775182, 0.07779188268, 0.07404651909, 0.0652947769, 0.05322291288, 0.0394374164], "outputgap": [0, -0.03994585049, -0.2386251523, -0.3555033279, -0.409753546, -0.4148123516, -0.3833326166, -0.3269198691, -0.2556684855, -0.1784393559, -0.1026511977, -0.03401697787, 0.02352052152, 0.0676933644, 0.09773786386, 0.1141498183, 0.1183894036, 0.1125712134, 0.09916783992, 0.08074544594, 0.05974511964], "output": [0, -0.03994585049, -0.2386251523, -0.3555033279, -0.409753546, -0.4148123516, -0.3833326166, -0.3269198691, -0.2556684855, -0.1784393559, -0.1026511977, -0.03401697787, 0.02352052152, 0.0676933644, 0.09773786386, 0.1141498183, 0.1183894036, 0.1125712134, 0.09916783992, 0.08074544594, 0.05974511964], "AUX_ENDO_LEAD_66": [0, -0.217920882, -0.2629516221, -0.2829238773, -0.2828510039, -0.2560162968, -0.2172110016, -0.1696106314, -0.1185135505, -0.06829403888, -0.02300980316, 0.01495323339, 0.04412519866, 0.06400747289, 0.07490775182, 0.07779188268, 0.07404651909, 0.0652947769, 0.05322291288, 0.0394374164, 0.02535473065], "AUX_ENDO_LEAD_70": [0, -0.2629516221, -0.2829238773, -0.2828510039, -0.2560162968, -0.2172110016, -0.1696106314, -0.1185135505, -0.06829403888, -0.02300980316, 0.01495323339, 0.04412519866, 0.06400747289, 0.07490775182, 0.07779188268, 0.07404651909, 0.0652947769, 0.05322291288, 0.0394374164, 0.02535473065, 0.01212980005], "AUX_ENDO_LEAD_74": [0, -0.2829238773, -0.2828510039, -0.2560162968, -0.2172110016, -0.1696106314, -0.1185135505, -0.06829403888, -0.02300980316, 0.01495323339, 0.04412519866, 0.06400747289, 0.07490775182, 0.07779188268, 0.07404651909, 0.0652947769, 0.05322291288, 0.0394374164, 0.02535473065, 0.01212980005, 0.0006188165386], "AUX_ENDO_LEAD_101": [0, -0.2386251523, -0.3555033279, -0.409753546, -0.4148123516, -0.3833326166, -0.3269198691, -0.2556684855, -0.1784393559, -0.1026511977, -0.03401697787, 0.02352052152, 0.0676933644, 0.09773786386, 0.1141498183, 0.1183894036, 0.1125712134, 0.09916783992, 0.08074544594, 0.05974511964, 0.03831801567], "AUX_ENDO_LEAD_105": [0, -0.3555033279, -0.409753546, -0.4148123516, -0.3833326166, -0.3269198691, -0.2556684855, -0.1784393559, -0.1026511977, -0.03401697787, 0.02352052152, 0.0676933644, 0.09773786386, 0.1141498183, 0.1183894036, 0.1125712134, 0.09916783992, 0.08074544594, 0.05974511964, 0.03831801567, 0.01821628765], "AUX_ENDO_LEAD_109": [0, -0.409753546, -0.4148123516, -0.3833326166, -0.3269198691, -0.2556684855, -0.1784393559, -0.1026511977, -0.03401697787, 0.02352052152, 0.0676933644, 0.09773786386, 0.1141498183, 0.1183894036, 0.1125712134, 0.09916783992, 0.08074544594, 0.05974511964, 0.03831801567, 0.01821628765, 0.0007369726898], "AUX_ENDO_LEAD_136": [0, -0.2386251523, -0.3555033279, -0.409753546, -0.4148123516, -0.3833326166, -0.3269198691, -0.2556684855, -0.1784393559, -0.1026511977, -0.03401697787, 0.02352052152, 0.0676933644, 0.09773786386, 0.1141498183, 0.1183894036, 0.1125712134, 0.09916783992, 0.08074544594, 0.05974511964, 0.03831801567], "AUX_ENDO_LEAD_140": [0, -0.3555033279, -0.409753546, -0.4148123516, -0.3833326166, -0.3269198691, -0.2556684855, -0.1784393559, -0.1026511977, -0.03401697787, 0.02352052152, 0.0676933644, 0.09773786386, 0.1141498183, 0.1183894036, 0.1125712134, 0.09916783992, 0.08074544594, 0.05974511964, 0.03831801567, 0.01821628765], "AUX_ENDO_LEAD_144": [0, -0.409753546, -0.4148123516, -0.3833326166, -0.3269198691, -0.2556684855, -0.1784393559, -0.1026511977, -0.03401697787, 0.02352052152, 0.0676933644, 0.09773786386, 0.1141498183, 0.1183894036, 0.1125712134, 0.09916783992, 0.08074544594, 0.05974511964, 0.03831801567, 0.01821628765, 0.0007369726898], "AUX_ENDO_LEAD_276": [0, -0.1020503442, -0.1677882497, -0.238519219, -0.2616618463, -0.2711857, -0.2597505449, -0.2314222334, -0.1903378701, -0.1434073056, -0.09485700598, -0.04871603978, -0.008056352497, 0.02501902544, 0.04949841419, 0.06520807651, 0.07268840662, 0.07301023262, 0.06758902289, 0.05800040632, 0.04582745921],