{"interest_": {"RR_USh": [0, 1.057548426, -0.03277698073, -0.08567869837, -0.1374406719, -0.1559303074, -0.1638821304, -0.1550717682, -0.1393779075, -0.1185364748, -0.09606495406, -0.07361768932, -0.0529369574, -0.03483272213, -0.0197913493, -0.00790775526, 0.0009433200029, 0.007071429445, 0.01087432368, 0.012790807, 0.01325602783], "RR_US_BARh": [0, 0, 0, 0, 0, 0, 0, 0, 0, 0, 0, 0, 0, 0, 0, 0, 0, 0, 0, 0, 0], "UNR_US_GAP": [0, -0.005554851817, -0.0373231363, -0.06048416771, -0.0755299111, -0.08299823475, -0.08419369407, -0.08044419571, -0.07321390635, -0.06380988739, -0.05336209424, -0.04276992336, -0.03270897595, -0.02363763524, -0.01582713875, -0.009394093732, -0.004335924978, -0.0005640394319, 0.002066023814, 0.003729356525, 0.004611532427], "PIE_USh": [0, -0.09506385053, -0.1094301334, -0.1408781792, -0.1392982656, -0.13329689, -0.1181999661, -0.1007645266, -0.08097156142, -0.06183034749, -0.04413809112, -0.02878679506, -0.01604419116, -0.006045766922, 0.001365698868, 0.006455536191, 0.00957589932, 0.01110272707, 0.01141124202, 0.01084613642, 0.009708643021], "PIE_US4h": [0, -0.02376596263, -0.05112349599, -0.08634304079, -0.1211676072, -0.1307258671, -0.1329183252, -0.1228899121, -0.108308236, -0.0904416004, -0.07192613167, -0.05393169877, -0.03769985621, -0.02375371107, -0.01237776357, -0.003567180757, 0.002837841864, 0.007124965363, 0.009636351151, 0.01073400121, 0.01076718713], "Y_US": [0, -0.03246552786, -0.1939398319, -0.1909248056, -0.1779723022, -0.1560829457, -0.1305383385, -0.1034169229, -0.07749180183, -0.05402433074, -0.03392510324, -0.01752866465, -0.004865880022, 0.004327086684, 0.0104616645, 0.01403783039, 0.01557856856, 0.01559044684, 0.01453186676, 0.01279689641, 0.01070744014], "RS_USh": [0, 0.9481182921, -0.1736551599, -0.224976964, -0.2707375619, -0.2741302734, -0.2646466571, -0.2360433296, -0.201208255, -0.162674566, -0.1248517491, -0.08966188048, -0.05898272433, -0.03346702326, -0.01333581311, 0.00166814406, 0.01204604708, 0.01848267146, 0.02172046011, 0.02249945002, 0.02150450077], "E4_PIE_US4h": [0, -0.1307258671, -0.1329183252, -0.1228899121, -0.108308236, -0.0904416004, -0.07192613167, -0.05393169877, -0.03769985621, -0.02375371107, -0.01237776357, -0.003567180757, 0.002837841864, 0.007124965363, 0.009636351151, 0.01073400121, 0.01076718713, 0.0100536236, 0.008866449278, 0.007429204124, 0.005915358437], "E1_Y_USh": [0, -0.1939398319, -0.1909248056, -0.1779723022, -0.1560829457, -0.1305383385, -0.1034169229, -0.07749180183, -0.05402433074, -0.03392510324, -0.01752866465, -0.004865880022, 0.004327086684, 0.0104616645, 0.01403783039, 0.01557856856, 0.01559044684, 0.01453186676, 0.01279689641, 0.01070744014, 0.008513009684], "E1_PIE_USh": [0, -0.1094301334, -0.1408781792, -0.1392982656, -0.13329689, -0.1181999661, -0.1007645266, -0.08097156142, -0.06183034749, -0.04413809112, -0.02878679506, -0.01604419116, -0.006045766922, 0.001365698868, 0.006455536191, 0.00957589932, 0.01110272707, 0.01141124202, 0.01084613642, 0.009708643021, 0.00824847294], "interest": [0, 0.9481182921, -0.1736551599, -0.224976964, -0.2707375619, -0.2741302734, -0.2646466571, -0.2360433296, -0.201208255, -0.162674566, -0.1248517491, -0.08966188048, -0.05898272433, -0.03346702326, -0.01333581311, 0.00166814406, 0.01204604708, 0.01848267146, 0.02172046011, 0.02249945002, 0.02150450077], "inflation": [0, -0.02376596263, -0.05112349599, -0.08634304079, -0.1211676072, -0.1307258671, -0.1329183252, -0.1228899121, -0.108308236, -0.0904416004, -0.07192613167, -0.05393169877, -0.03769985621, -0.02375371107, -0.01237776357, -0.003567180757, 0.002837841864, 0.007124965363, 0.009636351151, 0.01073400121, 0.01076718713], "inflationq": [0, -0.09506385053, -0.1094301334, -0.1408781792, -0.1392982656, -0.13329689, -0.1181999661, -0.1007645266, -0.08097156142, -0.06183034749, -0.04413809112, -0.02878679506, -0.01604419116, -0.006045766922, 0.001365698868, 0.006455536191, 0.00957589932, 0.01110272707, 0.01141124202, 0.01084613642, 0.009708643021], "outputgap": [0, -0.03246552786, -0.1939398319, -0.1909248056, -0.1779723022, -0.1560829457, -0.1305383385, -0.1034169229, -0.07749180183, -0.05402433074, -0.03392510324, -0.01752866465, -0.004865880022, 0.004327086684, 0.0104616645, 0.01403783039, 0.01557856856, 0.01559044684, 0.01453186676, 0.01279689641, 0.01070744014], "output": [0, -0.03246552786, -0.1939398319, -0.1909248056, -0.1779723022, -0.1560829457, -0.1305383385, -0.1034169229, -0.07749180183, -0.05402433074, -0.03392510324, -0.01752866465, -0.004865880022, 0.004327086684, 0.0104616645, 0.01403783039, 0.01557856856, 0.01559044684, 0.01453186676, 0.01279689641, 0.01070744014], "AUX_ENDO_LEAD_66": [0, -0.1094301334, -0.1408781792, -0.1392982656, -0.13329689, -0.1181999661, -0.1007645266, -0.08097156142, -0.06183034749, -0.04413809112, -0.02878679506, -0.01604419116, -0.006045766922, 0.001365698868, 0.006455536191, 0.00957589932, 0.01110272707, 0.01141124202, 0.01084613642, 0.009708643021, 0.00824847294], "AUX_ENDO_LEAD_70": [0, -0.1408781792, -0.1392982656, -0.13329689, -0.1181999661, -0.1007645266, -0.08097156142, -0.06183034749, -0.04413809112, -0.02878679506, -0.01604419116, -0.006045766922, 0.001365698868, 0.006455536191, 0.00957589932, 0.01110272707, 0.01141124202, 0.01084613642, 0.009708643021, 0.00824847294, 0.006662544728], "AUX_ENDO_LEAD_74": [0, -0.1392982656, -0.13329689, -0.1181999661, -0.1007645266, -0.08097156142, -0.06183034749, -0.04413809112, -0.02878679506, -0.01604419116, -0.006045766922, 0.001365698868, 0.006455536191, 0.00957589932, 0.01110272707, 0.01141124202, 0.01084613642, 0.009708643021, 0.00824847294, 0.006662544728, 0.005097155805], "AUX_ENDO_LEAD_101": [0, -0.1939398319, -0.1909248056, -0.1779723022, -0.1560829457, -0.1305383385, -0.1034169229, -0.07749180183, -0.05402433074, -0.03392510324, -0.01752866465, -0.004865880022, 0.004327086684, 0.0104616645, 0.01403783039, 0.01557856856, 0.01559044684, 0.01453186676, 0.01279689641, 0.01070744014, 0.008513009684], "AUX_ENDO_LEAD_105": [0, -0.1909248056, -0.1779723022, -0.1560829457, -0.1305383385, -0.1034169229, -0.07749180183, -0.05402433074, -0.03392510324, -0.01752866465, -0.004865880022, 0.004327086684, 0.0104616645, 0.01403783039, 0.01557856856, 0.01559044684, 0.01453186676, 0.01279689641, 0.01070744014, 0.008513009684, 0.006395304559], "AUX_ENDO_LEAD_109": [0, -0.1779723022, -0.1560829457, -0.1305383385, -0.1034169229, -0.07749180183, -0.05402433074, -0.03392510324, -0.01752866465, -0.004865880022, 0.004327086684, 0.0104616645, 0.01403783039, 0.01557856856, 0.01559044684, 0.01453186676, 0.01279689641, 0.01070744014, 0.008513009684, 0.006395304559, 0.004476192567], "AUX_ENDO_LEAD_136": [0, -0.1939398319, -0.1909248056, -0.1779723022, -0.1560829457, -0.1305383385, -0.1034169229, -0.07749180183, -0.05402433074, -0.03392510324, -0.01752866465, -0.004865880022, 0.004327086684, 0.0104616645, 0.01403783039, 0.01557856856, 0.01559044684, 0.01453186676, 0.01279689641, 0.01070744014, 0.008513009684], "AUX_ENDO_LEAD_140": [0, -0.1909248056, -0.1779723022, -0.1560829457, -0.1305383385, -0.1034169229, -0.07749180183, -0.05402433074, -0.03392510324, -0.01752866465, -0.004865880022, 0.004327086684, 0.0104616645, 0.01403783039, 0.01557856856, 0.01559044684, 0.01453186676, 0.01279689641, 0.01070744014, 0.008513009684, 0.006395304559], "AUX_ENDO_LEAD_144": [0, -0.1779723022, -0.1560829457, -0.1305383385, -0.1034169229, -0.07749180183, -0.05402433074, -0.03392510324, -0.01752866465, -0.004865880022, 0.004327086684, 0.0104616645, 0.01403783039, 0.01557856856, 0.01559044684, 0.01453186676, 0.01279689641, 0.01070744014, 0.008513009684, 0.006395304559, 0.004476192567], "AUX_ENDO_LEAD_276": [0, -0.05112349599, -0.08634304079, -0.1211676072, -0.1307258671, -0.1329183252, -0.1228899121, -0.108308236, -0.0904416004, -0.07192613167, -0.05393169877, -0.03769985621, -0.02375371107, -0.01237776357, -0.003567180757, 0.002837841864, 0.007124965363, 0.009636351151, 0.01073400121, 0.01076718713, 0.0100536236],