{"interest_": {"y": [0, -0.8604037114, -0.5298147635, -0.3262464816, -0.2008943014, -0.1237056109, -0.07617477485, -0.0469064926, -0.02888382739, -0.01778592767, -0.01095212275, -0.00674403916, -0.004152808113, -0.002557193814, -0.001574655034, -0.0009696325962, -0.0005970751379, -0.0003676637127, -0.0002263979809, -0.0001394101293, -8.584521862e-05], "m": [0, -0.03766731747, -0.02319457788, -0.01428263225, -0.008794882363, -0.005415665295, -0.003334829208, -0.002053503169, -0.001264495122, -0.0007786439958, -0.0004794692062, -0.0002952449655, -0.0001818043547, -0.0001119505064, -6.893627989e-05, -4.244921116e-05, -2.613914663e-05, -1.609582293e-05, -9.911399156e-06, -6.103187992e-06, -3.758188232e-06], "pi": [0, -0.2184909753, -0.1345411961, -0.08284705311, -0.05101511217, -0.03141381102, -0.01934382736, -0.01191143783, -0.007334761036, -0.004516559647, -0.002781182775, -0.00171258175, -0.001054564367, -0.000649373966, -0.0003998680034, -0.0002462285656, -0.0001516213, -9.336454751e-05, -5.749151823e-05, -3.540181746e-05, -2.179954049e-05], "r": [0, 0.192429567, 0.1184932424, 0.07296513061, 0.04493007515, 0.0276667997, 0.01703651291, 0.01049065217, 0.00645987729, 0.003977828447, 0.002449445777, 0.001508306529, 0.0009287768708, 0.0005719172194, 0.0003521721051, 0.0002168586422, 0.0001335360467, 8.222810767e-05, 5.063398128e-05, 3.117912029e-05, 1.919931077e-05], "a": [0, 0, 7.197716163e-18, 1.132398412e-17, 1.357193312e-17, 1.467570932e-17, 1.508685224e-17, 1.508290189e-17, 1.483427531e-17, 1.444544657e-17, 1.398030345e-17, 1.347776065e-17, 1.296137315e-17, 1.244525515e-17, 1.193772404e-17, 1.144354356e-17, 1.096530443e-17, 1.050427383e-17, 1.006091789e-17, 9.635222812e-18, 9.226892079e-18], "e": [0, 0, -1.507345237e-17, -2.415482478e-17, -2.954909279e-17, -3.267556641e-17, -3.440818569e-17, -3.528506622e-17, -3.563753185e-17, -3.566956978e-17, -3.550675699e-17, -3.522638787e-17, -3.487602604e-17, -3.448492813e-17, -3.407107819e-17, -3.36455193e-17, -3.321502093e-17, -3.278372134e-17, -3.235413897e-17, -3.192779519e-17, -3.150559785e-17], "z": [0, -1.105837644e-16, -1.095221602e-16, -1.084707475e-16, -1.074294283e-16, -1.063981058e-16, -1.05376684e-16, -1.043650678e-16, -1.033631632e-16, -1.023708768e-16, -1.013881164e-16, -1.004147905e-16, -9.945080848e-17, -9.849608072e-17, -9.755051834e-17, -9.661403337e-17, -9.568653865e-17, -9.476794788e-17, -9.385817558e-17, -9.295713709e-17, -9.206474858e-17], "interest": [0, 0.7697182678, 0.4739729694, 0.2918605224, 0.1797203006, 0.1106671988, 0.06814605164, 0.04196260866, 0.02583950916, 0.01591131379, 0.009797783109, 0.006033226115, 0.003715107483, 0.002287668877, 0.001408688421, 0.0008674345688, 0.000534144187, 0.0003289124307, 0.0002025359251, 0.0001247164812, 7.679724308e-05], "inflation": [0, -0.2184909753, -0.3530321714, -0.4358792245, -0.4868943367, -0.2998171724, -0.1846198037, -0.1136841884, -0.07000383724, -0.04310658587, -0.02654394129, -0.01634508521, -0.01006488854, -0.006197702857, -0.003816388086, -0.002350034902, -0.001447091835, -0.0008910824165, -0.0005487059313, -0.0003378791832, -0.0002080574237], "inflationq": [0, -0.8739639014, -0.5381647842, -0.3313882124, -0.2040604487, -0.1256552441, -0.07737530944, -0.04764575132, -0.02933904414, -0.01806623859, -0.0111247311, -0.006850327001, -0.004218257466, -0.002597495864, -0.001599472014, -0.0009849142623, -0.0006064851999, -0.00037345819, -0.0002299660729, -0.0001416072698, -8.719816196e-05], "outputgap": [0, -0.8604037114, -0.5298147635, -0.3262464816, -0.2008943014, -0.1237056109, -0.07617477485, -0.0469064926, -0.02888382739, -0.01778592767, -0.01095212275, -0.00674403916, -0.004152808113, -0.002557193814, -0.001574655034, -0.0009696325962, -0.0005970751379, -0.0003676637127, -0.0002263979809, -0.0001394101293, -8.584521862e-05], "output": [0, -0.8604037114, -0.5298147635, -0.3262464816, -0.2008943014, -0.1237056109, -0.07617477485, -0.0469064926, -0.02888382739, -0.01778592767, -0.01095212275, -0.00674403916, -0.004152808113, -0.002557193814, -0.001574655034, -0.0009696325962, -0.0005970751379, -0.0003676637127, -0.0002263979809, -0.0001394101293, -8.584521862e-05], "AUX_ENDO_LEAD_90": [0, -0.5381647842, -0.3313882124, -0.2040604487, -0.1256552441, -0.07737530944, -0.04764575132, -0.02933904414, -0.01806623859, -0.0111247311, -0.006850327001, -0.004218257466, -0.002597495864, -0.001599472014, -0.0009849142623, -0.0006064851999, -0.00037345819, -0.0002299660729, -0.0001416072698, -8.719816196e-05, -5.369441454e-05], "AUX_ENDO_LEAD_94": [0, -0.3313882124, -0.2040604487, -0.1256552441, -0.07737530944, -0.04764575132, -0.02933904414, -0.01806623859, -0.0111247311, -0.006850327001, -0.004218257466, -0.002597495864, -0.001599472014, -0.0009849142623, -0.0006064851999, -0.00037345819, -0.0002299660729, -0.0001416072698, -8.719816196e-05, -5.369441454e-05, -3.30636574e-05], "AUX_ENDO_LEAD_98": [0, -0.2040604487, -0.1256552441, -0.07737530944, -0.04764575132, -0.02933904414, -0.01806623859, -0.0111247311, -0.006850327001, -0.004218257466, -0.002597495864, -0.001599472014, -0.0009849142623, -0.0006064851999, -0.00037345819, -0.0002299660729, -0.0001416072698, -8.719816196e-05, -5.369441454e-05, -3.30636574e-05, -2.035976088e-05], "AUX_ENDO_LEAD_125": [0, -0.5298147635, -0.3262464816, -0.2008943014, -0.1237056109, -0.07617477485, -0.0469064926, -0.02888382739, -0.01778592767, -0.01095212275, -0.00674403916, -0.004152808113, -0.002557193814, -0.001574655034, -0.0009696325962, -0.0005970751379, -0.0003676637127, -0.0002263979809, -0.0001394101293, -8.584521862e-05, -5.286130638e-05], "AUX_ENDO_LEAD_129": [0, -0.3262464816, -0.2008943014, -0.1237056109, -0.07617477485, -0.0469064926, -0.02888382739, -0.01778592767, -0.01095212275, -0.00674403916, -0.004152808113, -0.002557193814, -0.001574655034, -0.0009696325962, -0.0005970751379, -0.0003676637127, -0.0002263979809, -0.0001394101293, -8.584521862e-05, -5.286130638e-05, -3.255065054e-05], "AUX_ENDO_LEAD_133": [0, -0.2008943014, -0.1237056109, -0.07617477485, -0.0469064926, -0.02888382739, -0.01778592767, -0.01095212275, -0.00674403916, -0.004152808113, -0.002557193814, -0.001574655034, -0.0009696325962, -0.0005970751379, -0.0003676637127, -0.0002263979809, -0.0001394101293, -8.584521862e-05, -5.286130638e-05, -3.255065054e-05, -2.004386428e-05], "AUX_ENDO_LEAD_160": [0, -0.5298147635, -0.3262464816, -0.2008943014, -0.1237056109, -0.07617477485, -0.0469064926, -0.02888382739, -0.01778592767, -0.01095212275, -0.00674403916, -0.004152808113, -0.002557193814, -0.001574655034, -0.0009696325962, -0.0005970751379, -0.0003676637127, -0.0002263979809, -0.0001394101293, -8.584521862e-05, -5.286130638e-05], "AUX_ENDO_LEAD_164": [0, -0.3262464816, -0.2008943014, -0.1237056109, -0.07617477485, -0.0469064926, -0.02888382739, -0.01778592767, -0.01095212275, -0.00674403916, -0.004152808113, -0.002557193814, -0.001574655034, -0.0009696325962, -0.0005970751379, -0.0003676637127, -0.0002263979809, -0.0001394101293, -8.584521862e-05, -5.286130638e-05, -3.255065054e-05], "AUX_ENDO_LEAD_168": [0, -0.2008943014, -0.1237056109, -0.07617477485, -0.0469064926, -0.02888382739, -0.01778592767, -0.01095212275, -0.00674403916, -0.004152808113, -0.002557193814, -0.001574655034, -0.0009696325962, -0.0005970751379, -0.0003676637127, -0.0002263979809, -0.0001394101293, -8.584521862e-05, -5.286130638e-05, -3.255065054e-05, -2.004386428e-05], "AUX_ENDO_LAG_2_1": [0, 0, -0.2184909753, -0.1345411961, -0.08284705311, -0.05101511217, -0.03141381102, -0.01934382736, -0.01191143783, -0.007334761036, -0.004516559647, -0.002781182775, -0.00171258175, -0.001054564367, -0.000649373966, -0.0003998680034, -0.0002462285656, -0.0001516213, -9.336454751e-05, -5.749151823e-05, -3.540181746e-05],