{"interest_": {"y": [0, -0.9874204697, -0.6361614826, -0.4098572435, -0.264057106, -0.1701230278, -0.1096044906, -0.07061445189, -0.04549449377, -0.02931055765, -0.01888379711, -0.01216618931, -0.007838262693, -0.005049926519, -0.003253496195, -0.002096117132, -0.001350457098, -0.0008700536561, -0.0005605460295, -0.0003611407745, -0.0002326707391], "m": [0, -0.03730578872, -0.02403485302, -0.01548483974, -0.009976356486, -0.006427427755, -0.004140973471, -0.002667888608, -0.001718830047, -0.001107383839, -0.0007134498086, -0.0004596514878, -0.0002961378469, -0.00019079156, -0.0001229205241, -7.919352014e-05, -5.102169615e-05, -3.287154648e-05, -2.11780213e-05, -1.364428007e-05, -8.790546379e-06], "pi": [0, -0.2707634366, -0.1744436889, -0.1123881458, -0.07240786643, -0.04664992986, -0.0300549659, -0.01936339407, -0.01247517735, -0.008037333193, -0.005178180884, -0.003336126128, -0.002149352792, -0.001384755026, -0.0008921506467, -0.0005747823703, -0.0003703127655, -0.0002385799415, -0.0001537089558, -9.90294613e-05, -6.380131955e-05], "r": [0, 0.1734975643, 0.1117785899, 0.07201515023, 0.04639691615, 0.02989195775, 0.01925837345, 0.01240751613, 0.00799374137, 0.005150096152, 0.003318032088, 0.002137695417, 0.001377244576, 0.0008873119182, 0.0005716649418, 0.0003683043122, 0.0002372859632, 0.0001528752895, 9.849235842e-05, 6.34552824e-05, 4.088208394e-05], "a": [0, 0, 2.865213416e-18, 4.589401567e-18, 5.583641172e-18, 6.112555056e-18, 6.346420116e-18, 6.394738325e-18, 6.327865005e-18, 6.190942826e-18, 6.01287866e-18, 5.812126726e-18, 5.600414162e-18, 5.385140969e-18, 5.170925929e-18, 4.960602298e-18, 4.755859036e-18, 4.557653669e-18, 4.366478037e-18, 4.182529265e-18, 4.005819699e-18], "e": [0, 0, -8.015476844e-18, -1.307297058e-17, -1.62261541e-17, -1.815385419e-17, -1.929339732e-17, -1.99265197e-17, -2.023471633e-17, -2.033490035e-17, -2.030237734e-17, -2.018564669e-17, -2.001593775e-17, -1.98133536e-17, -1.959082924e-17, -1.935668177e-17, -1.911625332e-17, -1.887296962e-17, -1.862902186e-17, -1.838580615e-17, -1.814420653e-17], "z": [0, 0, 0, 0, 0, 0, 0, 0, 0, 0, 0, 0, 0, 0, 0, 0, 0, 0, 0, 0, 0], "interest": [0, 0.6939902573, 0.4471143596, 0.2880606009, 0.1855876646, 0.119567831, 0.07703349382, 0.04963006453, 0.03197496548, 0.02060038461, 0.01327212835, 0.008550781667, 0.005508978302, 0.003549247673, 0.002286659767, 0.001473217249, 0.0009491438529, 0.000611501158, 0.0003939694337, 0.0002538211296, 0.0001635283358], "inflation": [0, -0.2707634366, -0.4452071255, -0.5575952713, -0.6300031377, -0.405889631, -0.261500908, -0.1684761563, -0.1085434672, -0.06993087051, -0.04505408549, -0.02902681755, -0.018700993, -0.01204841483, -0.007762384593, -0.005001040835, -0.003222000809, -0.002075825724, -0.001337384033, -0.0008616311241, -0.0005551196781], "inflationq": [0, -1.083053746, -0.6977747556, -0.4495525834, -0.2896314657, -0.1865997195, -0.1202198636, -0.07745357627, -0.04990070939, -0.03214933277, -0.02071272353, -0.01334450451, -0.008597411168, -0.005539020106, -0.003568602587, -0.002299129481, -0.001481251062, -0.0009543197661, -0.0006148358231, -0.0003961178452, -0.0002552052782], "outputgap": [0, -0.9874204697, -0.6361614826, -0.4098572435, -0.264057106, -0.1701230278, -0.1096044906, -0.07061445189, -0.04549449377, -0.02931055765, -0.01888379711, -0.01216618931, -0.007838262693, -0.005049926519, -0.003253496195, -0.002096117132, -0.001350457098, -0.0008700536561, -0.0005605460295, -0.0003611407745, -0.0002326707391], "output": [0, -0.9874204697, -0.6361614826, -0.4098572435, -0.264057106, -0.1701230278, -0.1096044906, -0.07061445189, -0.04549449377, -0.02931055765, -0.01888379711, -0.01216618931, -0.007838262693, -0.005049926519, -0.003253496195, -0.002096117132, -0.001350457098, -0.0008700536561, -0.0005605460295, -0.0003611407745, -0.0002326707391], "AUX_ENDO_LEAD_90": [0, -0.6977747556, -0.4495525834, -0.2896314657, -0.1865997195, -0.1202198636, -0.07745357627, -0.04990070939, -0.03214933277, -0.02071272353, -0.01334450451, -0.008597411168, -0.005539020106, -0.003568602587, -0.002299129481, -0.001481251062, -0.0009543197661, -0.0006148358231, -0.0003961178452, -0.0002552052782, -0.0001644200957], "AUX_ENDO_LEAD_94": [0, -0.4495525834, -0.2896314657, -0.1865997195, -0.1202198636, -0.07745357627, -0.04990070939, -0.03214933277, -0.02071272353, -0.01334450451, -0.008597411168, -0.005539020106, -0.003568602587, -0.002299129481, -0.001481251062, -0.0009543197661, -0.0006148358231, -0.0003961178452, -0.0002552052782, -0.0001644200957, -0.0001059302851], "AUX_ENDO_LEAD_98": [0, -0.2896314657, -0.1865997195, -0.1202198636, -0.07745357627, -0.04990070939, -0.03214933277, -0.02071272353, -0.01334450451, -0.008597411168, -0.005539020106, -0.003568602587, -0.002299129481, -0.001481251062, -0.0009543197661, -0.0006148358231, -0.0003961178452, -0.0002552052782, -0.0001644200957, -0.0001059302851, -6.824728601e-05], "AUX_ENDO_LEAD_125": [0, -0.6361614826, -0.4098572435, -0.264057106, -0.1701230278, -0.1096044906, -0.07061445189, -0.04549449377, -0.02931055765, -0.01888379711, -0.01216618931, -0.007838262693, -0.005049926519, -0.003253496195, -0.002096117132, -0.001350457098, -0.0008700536561, -0.0005605460295, -0.0003611407745, -0.0002326707391, -0.0001499018573], "AUX_ENDO_LEAD_129": [0, -0.4098572435, -0.264057106, -0.1701230278, -0.1096044906, -0.07061445189, -0.04549449377, -0.02931055765, -0.01888379711, -0.01216618931, -0.007838262693, -0.005049926519, -0.003253496195, -0.002096117132, -0.001350457098, -0.0008700536561, -0.0005605460295, -0.0003611407745, -0.0002326707391, -0.0001499018573, -9.657667702e-05], "AUX_ENDO_LEAD_133": [0, -0.264057106, -0.1701230278, -0.1096044906, -0.07061445189, -0.04549449377, -0.02931055765, -0.01888379711, -0.01216618931, -0.007838262693, -0.005049926519, -0.003253496195, -0.002096117132, -0.001350457098, -0.0008700536561, -0.0005605460295, -0.0003611407745, -0.0002326707391, -0.0001499018573, -9.657667702e-05, -6.222107392e-05], "AUX_ENDO_LEAD_160": [0, -0.6361614826, -0.4098572435, -0.264057106, -0.1701230278, -0.1096044906, -0.07061445189, -0.04549449377, -0.02931055765, -0.01888379711, -0.01216618931, -0.007838262693, -0.005049926519, -0.003253496195, -0.002096117132, -0.001350457098, -0.0008700536561, -0.0005605460295, -0.0003611407745, -0.0002326707391, -0.0001499018573], "AUX_ENDO_LEAD_164": [0, -0.4098572435, -0.264057106, -0.1701230278, -0.1096044906, -0.07061445189, -0.04549449377, -0.02931055765, -0.01888379711, -0.01216618931, -0.007838262693, -0.005049926519, -0.003253496195, -0.002096117132, -0.001350457098, -0.0008700536561, -0.0005605460295, -0.0003611407745, -0.0002326707391, -0.0001499018573, -9.657667702e-05], "AUX_ENDO_LEAD_168": [0, -0.264057106, -0.1701230278, -0.1096044906, -0.07061445189, -0.04549449377, -0.02931055765, -0.01888379711, -0.01216618931, -0.007838262693, -0.005049926519, -0.003253496195, -0.002096117132, -0.001350457098, -0.0008700536561, -0.0005605460295, -0.0003611407745, -0.0002326707391, -0.0001499018573, -9.657667702e-05, -6.222107392e-05], "AUX_ENDO_LAG_2_1": [0, 0, -0.2707634366, -0.1744436889, -0.1123881458, -0.07240786643, -0.04664992986, -0.0300549659, -0.01936339407, -0.01247517735, -0.008037333193, -0.005178180884, -0.003336126128, -0.002149352792, -0.001384755026, -0.0008921506467, -0.0005747823703, -0.0003703127655, -0.0002385799415, -0.0001537089558, -9.90294613e-05], "AUX_ENDO_LAG_2_2": [0, 0, 0, -0.2707634366, -0.1744436889, -0.1123881458, -0.07240786643, -0.04664992986, -0.0300549659, -0.01936339407, -0.01247517735, -0.008037333193, -0.005178180884, -0.003336126128, -0.002149352792, -0.001384755026, -0.0008921506467, -0.0005747823703, -0.0003703127655, -0.0002385799415, -0.0001537089558],