{"interest_": {"y": [0, -0.3656304926, -0.1678582779, -0.07706250441, -0.03537883065, -0.01624216171, -0.00745665733, -0.003423296698, -0.00157161041, -0.000721514814, -0.00033124216, -0.0001520708465, -6.981461046e-05, -3.205137569e-05, -1.471455153e-05, -6.755342703e-06, -3.101328296e-06, -1.423797077e-06, -6.536547971e-07, -3.000881239e-07, -1.37768257e-07], "m": [0, -0.02628856628, -0.012068888, -0.005540737974, -0.002543712172, -0.001167799604, -0.0005361282344, -0.0002461325408, -0.0001129976445, -5.187638995e-05, -2.38160702e-05, -1.093378318e-05, -5.019619675e-06, -2.304470582e-06, -1.057965545e-06, -4.857042232e-07, -2.22983247e-07, -1.023699735e-07, -4.699730412e-08, -2.157611768e-08, -9.9054374e-09], "pi": [0, -0.06590309695, -0.03025562852, -0.01389013718, -0.006376860118, -0.002927569716, -0.001344025788, -0.000617032383, -0.0002832750421, -0.0001300494945, -5.970476923e-05, -2.741002172e-05, -1.258373996e-05, -5.777102736e-06, -2.652225501e-06, -1.217617278e-06, -5.58999163e-07, -2.566324164e-07, -1.178180604e-07, -5.408940753e-08, -2.483205034e-08], "r": [0, 0.1639616667, 0.07527359878, 0.03455755719, 0.01586512108, 0.007283560746, 0.003343829326, 0.001535127522, 0.0007047657877, 0.0003235528048, 0.00014854072, 6.819395524e-05, 3.130734476e-05, 1.437297239e-05, 6.598526224e-06, 3.029335e-06, 1.390745483e-06, 6.384810526e-07, 2.931219691e-07, 1.345701464e-07, 6.178016738e-08], "a": [0, 0, 1.449415237e-18, 2.053230995e-18, 2.271456241e-18, 2.31516645e-18, 2.281158291e-18, 2.213768395e-18, 2.13325371e-18, 2.048820531e-18, 1.964605854e-18, 1.8824232e-18, 1.803023046e-18, 1.726671322e-18, 1.653414848e-18, 1.583203047e-18, 1.515943697e-18, 1.451528384e-18, 1.389844072e-18, 1.33077829e-18, 1.274221402e-18], "e": [0, 0, -5.255561984e-20, -7.598452976e-20, -8.605087731e-20, -8.999174339e-20, -9.112949677e-20, -9.09892922e-20, -9.027119828e-20, -8.929649416e-20, -8.821256112e-20, -8.70869467e-20, -8.595054893e-20, -8.481744176e-20, -8.369397684e-20, -8.258296202e-20, -8.148557963e-20, -8.040226721e-20, -7.933312171e-20, -7.827808515e-20, -7.723702975e-20], "z": [0, 0, 0, 0, 0, 0, 0, 0, 0, 0, 0, 0, 0, 0, 0, 0, 0, 0, 0, 0, 0], "interest": [0, 0.6558466667, 0.3010943951, 0.1382302288, 0.06346048434, 0.02913424298, 0.0133753173, 0.006140510088, 0.002819063151, 0.001294211219, 0.0005941628799, 0.000272775821, 0.0001252293791, 5.749188957e-05, 2.63941049e-05, 1.211734e-05, 5.562981934e-06, 2.55392421e-06, 1.172487876e-06, 5.382805857e-07, 2.471206695e-07], "inflation": [0, -0.06590309695, -0.09615872547, -0.1100488627, -0.1164257228, -0.05345019553, -0.0245385928, -0.01126548801, -0.00517190293, -0.002374382708, -0.001090061689, -0.0005004393276, -0.0002297480254, -0.0001054756336, -4.842308992e-05, -2.223068548e-05, -1.020594468e-05, -4.685474358e-06, -2.151066918e-06, -9.875390473e-07, -4.533719347e-07], "inflationq": [0, -0.2636123878, -0.1210225141, -0.05556054872, -0.02550744047, -0.01171027887, -0.005376103152, -0.002468129532, -0.001133100169, -0.000520197978, -0.0002388190769, -0.0001096400869, -5.033495985e-05, -2.310841094e-05, -1.0608902e-05, -4.870469111e-06, -2.235996652e-06, -1.026529666e-06, -4.712722416e-07, -2.163576301e-07, -9.932820136e-08], "outputgap": [0, -0.3656304926, -0.1678582779, -0.07706250441, -0.03537883065, -0.01624216171, -0.00745665733, -0.003423296698, -0.00157161041, -0.000721514814, -0.00033124216, -0.0001520708465, -6.981461046e-05, -3.205137569e-05, -1.471455153e-05, -6.755342703e-06, -3.101328296e-06, -1.423797077e-06, -6.536547971e-07, -3.000881239e-07, -1.37768257e-07], "output": [0, -0.3656304926, -0.1678582779, -0.07706250441, -0.03537883065, -0.01624216171, -0.00745665733, -0.003423296698, -0.00157161041, -0.000721514814, -0.00033124216, -0.0001520708465, -6.981461046e-05, -3.205137569e-05, -1.471455153e-05, -6.755342703e-06, -3.101328296e-06, -1.423797077e-06, -6.536547971e-07, -3.000881239e-07, -1.37768257e-07], "AUX_ENDO_LEAD_90": [0, -0.1210225141, -0.05556054872, -0.02550744047, -0.01171027887, -0.005376103152, -0.002468129532, -0.001133100169, -0.000520197978, -0.0002388190769, -0.0001096400869, -5.033495985e-05, -2.310841094e-05, -1.0608902e-05, -4.870469111e-06, -2.235996652e-06, -1.026529666e-06, -4.712722416e-07, -2.163576301e-07, -9.932820136e-08, -4.560084884e-08], "AUX_ENDO_LEAD_94": [0, -0.05556054872, -0.02550744047, -0.01171027887, -0.005376103152, -0.002468129532, -0.001133100169, -0.000520197978, -0.0002388190769, -0.0001096400869, -5.033495985e-05, -2.310841094e-05, -1.0608902e-05, -4.870469111e-06, -2.235996652e-06, -1.026529666e-06, -4.712722416e-07, -2.163576301e-07, -9.932820136e-08, -4.560084884e-08, -2.093501529e-08], "AUX_ENDO_LEAD_98": [0, -0.02550744047, -0.01171027887, -0.005376103152, -0.002468129532, -0.001133100169, -0.000520197978, -0.0002388190769, -0.0001096400869, -5.033495985e-05, -2.310841094e-05, -1.0608902e-05, -4.870469111e-06, -2.235996652e-06, -1.026529666e-06, -4.712722416e-07, -2.163576301e-07, -9.932820136e-08, -4.560084884e-08, -2.093501529e-08, -9.611111998e-09], "AUX_ENDO_LEAD_125": [0, -0.1678582779, -0.07706250441, -0.03537883065, -0.01624216171, -0.00745665733, -0.003423296698, -0.00157161041, -0.000721514814, -0.00033124216, -0.0001520708465, -6.981461046e-05, -3.205137569e-05, -1.471455153e-05, -6.755342703e-06, -3.101328296e-06, -1.423797077e-06, -6.536547971e-07, -3.000881239e-07, -1.37768257e-07, -6.324839649e-08], "AUX_ENDO_LEAD_129": [0, -0.07706250441, -0.03537883065, -0.01624216171, -0.00745665733, -0.003423296698, -0.00157161041, -0.000721514814, -0.00033124216, -0.0001520708465, -6.981461046e-05, -3.205137569e-05, -1.471455153e-05, -6.755342703e-06, -3.101328296e-06, -1.423797077e-06, -6.536547971e-07, -3.000881239e-07, -1.37768257e-07, -6.324839649e-08, -2.903687501e-08], "AUX_ENDO_LEAD_133": [0, -0.03537883065, -0.01624216171, -0.00745665733, -0.003423296698, -0.00157161041, -0.000721514814, -0.00033124216, -0.0001520708465, -6.981461046e-05, -3.205137569e-05, -1.471455153e-05, -6.755342703e-06, -3.101328296e-06, -1.423797077e-06, -6.536547971e-07, -3.000881239e-07, -1.37768257e-07, -6.324839649e-08, -2.903687501e-08, -1.333061638e-08], "AUX_ENDO_LEAD_160": [0, -0.1678582779, -0.07706250441, -0.03537883065, -0.01624216171, -0.00745665733, -0.003423296698, -0.00157161041, -0.000721514814, -0.00033124216, -0.0001520708465, -6.981461046e-05, -3.205137569e-05, -1.471455153e-05, -6.755342703e-06, -3.101328296e-06, -1.423797077e-06, -6.536547971e-07, -3.000881239e-07, -1.37768257e-07, -6.324839649e-08], "AUX_ENDO_LEAD_164": [0, -0.07706250441, -0.03537883065, -0.01624216171, -0.00745665733, -0.003423296698, -0.00157161041, -0.000721514814, -0.00033124216, -0.0001520708465, -6.981461046e-05, -3.205137569e-05, -1.471455153e-05, -6.755342703e-06, -3.101328296e-06, -1.423797077e-06, -6.536547971e-07, -3.000881239e-07, -1.37768257e-07, -6.324839649e-08, -2.903687501e-08], "AUX_ENDO_LEAD_168": [0, -0.03537883065, -0.01624216171, -0.00745665733, -0.003423296698, -0.00157161041, -0.000721514814, -0.00033124216, -0.0001520708465, -6.981461046e-05, -3.205137569e-05, -1.471455153e-05, -6.755342703e-06, -3.101328296e-06, -1.423797077e-06, -6.536547971e-07, -3.000881239e-07, -1.37768257e-07, -6.324839649e-08, -2.903687501e-08, -1.333061638e-08], "AUX_ENDO_LAG_2_1": [0, 0, -0.06590309695, -0.03025562852, -0.01389013718, -0.006376860118, -0.002927569716, -0.001344025788, -0.000617032383, -0.0002832750421, -0.0001300494945, -5.970476923e-05, -2.741002172e-05, -1.258373996e-05, -5.777102736e-06, -2.652225501e-06, -1.217617278e-06, -5.58999163e-07, -2.566324164e-07, -1.178180604e-07, -5.408940753e-08], "AUX_ENDO_LAG_2_2": [0, 0, 0, -0.06590309695, -0.03025562852, -0.01389013718, -0.006376860118, -0.002927569716, -0.001344025788, -0.000617032383, -0.0002832750421, -0.0001300494945, -5.970476923e-05, -2.741002172e-05, -1.258373996e-05, -5.777102736e-06, -2.652225501e-06, -1.217617278e-06, -5.58999163e-07, -2.566324164e-07, -1.178180604e-07],