{"interest_": {"y": [0, -0.2092463407, 0.01339129705, 0.008221724793, 0.003590052854, -0.001412901235, -0.0002968611505, 4.358391859e-05, 5.3639546e-05, -2.08017774e-06, -4.760032456e-06, -6.760834035e-07, 4.852897046e-07, 1.138191782e-07, -3.143517744e-08, -1.715647416e-08, 1.417891258e-09, 1.894808652e-09, 1.141631464e-10, -1.890444191e-10, -3.469147159e-11], "m": [0, -0.03047019381, 0.0007329801524, 0.0006857011544, 0.0006762008323, -0.0001560568798, -4.694421673e-05, -8.64431011e-07, 7.674076016e-06, 3.331418741e-07, -5.717991655e-07, -1.56164238e-07, 5.230900952e-08, 1.983537693e-08, -2.128818472e-09, -2.555840628e-09, -4.97527729e-11, 2.473742553e-10, 4.027625176e-11, -2.164814559e-11, -6.74481503e-12], "pi": [0, -0.0178802818, 0.002302257461, 0.0009899055163, 0.0001864679007, -0.0001569728268, -1.975280355e-05, 8.835153511e-06, 4.493523129e-06, -6.844241821e-07, -4.721094199e-07, -1.049073863e-08, 5.367182406e-08, 6.50613772e-09, -4.417619757e-09, -1.33875472e-09, 3.156925186e-10, 1.741466867e-10, -9.22863477e-12, -1.980719083e-11, -1.456394358e-12], "r": [0, 0.2171391017, -0.004167846994, -0.004442828958, -0.004951862488, 0.001069009115, 0.0003377602762, 1.241452378e-05, -5.456891439e-05, -2.925728876e-06, 3.969549582e-06, 1.16292662e-06, -3.568459806e-07, -1.441809265e-07, 1.30467041e-08, 1.826353597e-08, 5.76782324e-10, -1.738099639e-09, -3.075336568e-10, 1.491707208e-10, 4.953399685e-11], "a": [0, 0, 1.627122393e-17, 1.546378754e-17, 1.476285376e-17, 1.371299986e-17, 1.319084385e-17, 1.265398748e-17, 1.212010119e-17, 1.160115816e-17, 1.110768495e-17, 1.063583428e-17, 1.018391569e-17, 9.751080948e-18, 9.336648798e-18, 8.939841187e-18, 8.559899239e-18, 8.196103657e-18, 7.847769141e-18, 7.514238922e-18, 7.194883776e-18], "e": [0, 0, 1.710397169e-17, 1.674170295e-17, 1.685420632e-17, 1.61378503e-17, 1.596609408e-17, 1.577464433e-17, 1.557226678e-17, 1.536154604e-17, 1.515660754e-17, 1.49551663e-17, 1.475638648e-17, 1.456011729e-17, 1.436645621e-17, 1.417538117e-17, 1.398684983e-17, 1.380082496e-17, 1.36172739e-17, 1.343616412e-17, 1.325746314e-17], "z": [0, -5.529188218e-17, -5.476108011e-17, -5.423537375e-17, -5.371471416e-17, -5.31990529e-17, -5.268834199e-17, -5.218253391e-17, -5.168158159e-17, -5.11854384e-17, -5.069405819e-17, -5.020739523e-17, -4.972540424e-17, -4.924804036e-17, -4.877525917e-17, -4.830701668e-17, -4.784326932e-17, -4.738397394e-17, -4.692908779e-17, -4.647856855e-17, -4.603237429e-17], "interest": [0, 0.8685564069, -0.01667138798, -0.01777131583, -0.01980744995, 0.00427603646, 0.001351041105, 4.965809512e-05, -0.0002182756575, -1.17029155e-05, 1.587819833e-05, 4.651706481e-06, -1.427383922e-06, -5.76723706e-07, 5.218681639e-08, 7.30541439e-08, 2.307129296e-09, -6.952398557e-09, -1.230134627e-09, 5.966828833e-10, 1.981359874e-10], "inflation": [0, -0.0178802818, -0.01557802434, -0.01458811882, -0.01440165092, 0.003321658051, 0.0009996477867, 1.857742388e-05, -0.0001633969537, -7.10855109e-06, 1.217214304e-05, 3.326498789e-06, -1.113352517e-06, -4.224221967e-07, 4.526960339e-08, 5.44215873e-08, 1.065455762e-09, -5.266535271e-09, -8.581441492e-10, 4.608033797e-10, 1.436544667e-10], "inflationq": [0, -0.07152112719, 0.009209029844, 0.003959622065, 0.0007458716028, -0.0006278913071, -7.901121419e-05, 3.534061404e-05, 1.797409252e-05, -2.737696728e-06, -1.88843768e-06, -4.196295452e-08, 2.146872962e-07, 2.602455088e-08, -1.767047903e-08, -5.355018879e-09, 1.262770074e-09, 6.965867467e-10, -3.691453908e-11, -7.922876332e-11, -5.825577432e-12], "outputgap": [0, -0.2092463407, 0.01339129705, 0.008221724793, 0.003590052854, -0.001412901235, -0.0002968611505, 4.358391859e-05, 5.3639546e-05, -2.08017774e-06, -4.760032456e-06, -6.760834034e-07, 4.852897047e-07, 1.138191782e-07, -3.143517739e-08, -1.715647411e-08, 1.417891306e-09, 1.8948087e-09, 1.141631935e-10, -1.890443725e-10, -3.469142537e-11], "output": [0, -0.2092463407, 0.01339129705, 0.008221724793, 0.003590052854, -0.001412901235, -0.0002968611505, 4.358391859e-05, 5.3639546e-05, -2.08017774e-06, -4.760032456e-06, -6.760834035e-07, 4.852897046e-07, 1.138191782e-07, -3.143517744e-08, -1.715647416e-08, 1.417891258e-09, 1.894808652e-09, 1.141631464e-10, -1.890444191e-10, -3.469147159e-11], "AUX_ENDO_LEAD_90": [0, 0.009209029844, 0.003959622065, 0.0007458716028, -0.0006278913071, -7.901121419e-05, 3.534061404e-05, 1.797409252e-05, -2.737696728e-06, -1.88843768e-06, -4.196295452e-08, 2.146872962e-07, 2.602455088e-08, -1.767047903e-08, -5.355018879e-09, 1.262770074e-09, 6.965867467e-10, -3.691453908e-11, -7.922876332e-11, -5.825577432e-12, 7.440043907e-12], "AUX_ENDO_LEAD_94": [0, 0.003959622065, 0.0007458716028, -0.0006278913071, -7.901121419e-05, 3.534061404e-05, 1.797409252e-05, -2.737696728e-06, -1.88843768e-06, -4.196295452e-08, 2.146872962e-07, 2.602455088e-08, -1.767047903e-08, -5.355018879e-09, 1.262770074e-09, 6.965867467e-10, -3.691453908e-11, -7.922876332e-11, -5.825577432e-12, 7.440043907e-12, 1.58608153e-12], "AUX_ENDO_LEAD_98": [0, 0.0007458716028, -0.0006278913071, -7.901121419e-05, 3.534061404e-05, 1.797409252e-05, -2.737696728e-06, -1.88843768e-06, -4.196295452e-08, 2.146872962e-07, 2.602455088e-08, -1.767047903e-08, -5.355018879e-09, 1.262770074e-09, 6.965867467e-10, -3.691453908e-11, -7.922876332e-11, -5.825577432e-12, 7.440043907e-12, 1.58608153e-12, -5.832246716e-13], "AUX_ENDO_LEAD_125": [0, 0.01339129705, 0.008221724793, 0.003590052854, -0.001412901235, -0.0002968611505, 4.358391859e-05, 5.3639546e-05, -2.08017774e-06, -4.760032456e-06, -6.760834034e-07, 4.852897047e-07, 1.138191782e-07, -3.143517739e-08, -1.715647411e-08, 1.417891306e-09, 1.8948087e-09, 1.141631935e-10, -1.890443725e-10, -3.469142537e-11, 1.500517835e-11], "AUX_ENDO_LEAD_129": [0, 0.008221724793, 0.003590052854, -0.001412901235, -0.0002968611505, 4.358391859e-05, 5.3639546e-05, -2.08017774e-06, -4.760032456e-06, -6.760834034e-07, 4.852897047e-07, 1.138191782e-07, -3.143517739e-08, -1.715647411e-08, 1.417891306e-09, 1.8948087e-09, 1.141631935e-10, -1.890443725e-10, -3.469142537e-11, 1.500517835e-11, 5.63396043e-12], "AUX_ENDO_LEAD_133": [0, 0.003590052854, -0.001412901235, -0.0002968611505, 4.358391859e-05, 5.3639546e-05, -2.08017774e-06, -4.760032456e-06, -6.760834034e-07, 4.852897047e-07, 1.138191782e-07, -3.143517739e-08, -1.715647411e-08, 1.417891306e-09, 1.8948087e-09, 1.141631935e-10, -1.890443725e-10, -3.469142537e-11, 1.500517835e-11, 5.63396043e-12, -8.744898299e-13], "AUX_ENDO_LEAD_160": [0, 0.01339129705, 0.008221724793, 0.003590052854, -0.001412901235, -0.0002968611505, 4.358391859e-05, 5.3639546e-05, -2.08017774e-06, -4.760032456e-06, -6.760834035e-07, 4.852897046e-07, 1.138191782e-07, -3.143517744e-08, -1.715647416e-08, 1.417891258e-09, 1.894808652e-09, 1.141631464e-10, -1.890444191e-10, -3.469147159e-11, 1.500513257e-11], "AUX_ENDO_LEAD_164": [0, 0.008221724793, 0.003590052854, -0.001412901235, -0.0002968611505, 4.358391859e-05, 5.3639546e-05, -2.08017774e-06, -4.760032456e-06, -6.760834035e-07, 4.852897046e-07, 1.138191782e-07, -3.143517744e-08, -1.715647416e-08, 1.417891258e-09, 1.894808652e-09, 1.141631464e-10, -1.890444191e-10, -3.469147159e-11, 1.500513257e-11, 5.633915091e-12], "AUX_ENDO_LEAD_168": [0, 0.003590052854, -0.001412901235, -0.0002968611505, 4.358391859e-05, 5.3639546e-05, -2.08017774e-06, -4.760032456e-06, -6.760834035e-07, 4.852897046e-07, 1.138191782e-07, -3.143517744e-08, -1.715647416e-08, 1.417891258e-09, 1.894808652e-09, 1.141631464e-10, -1.890444191e-10, -3.469147159e-11, 1.500513257e-11, 5.633915091e-12, -8.745347339e-13], "AUX_ENDO_LAG_2_1": [0, 0, -0.0178802818, 0.002302257461, 0.0009899055163, 0.0001864679007, -0.0001569728268, -1.975280355e-05, 8.835153511e-06, 4.493523129e-06, -6.844241821e-07, -4.721094199e-07, -1.049073863e-08, 5.367182406e-08, 6.50613772e-09, -4.417619757e-09, -1.33875472e-09, 3.156925186e-10, 1.741466867e-10, -9.22863477e-12, -1.980719083e-11],