{"interest_": {"y": [0, -5.195041854, -3.03795072, -1.830971434, -1.145152593, -0.7470999491, -0.5094874358, -0.3625779715, -0.2679504071, -0.2042525287, -0.1594684155, -0.1267157525, -0.1019569376, -0.08274859277, -0.0675551881, -0.05536968093, -0.04550171018, -0.0374576152, -0.03087108862, -0.02546200411, -0.02101112845], "yeff": [0, 3.996070907e-16, 2.511080768e-15, 1.76752701e-15, 1.225783904e-15, 8.183689418e-16, 5.98590524e-16, 4.788665299e-16, 4.121196513e-16, 3.731375768e-16, 3.484935578e-16, 3.310990729e-16, 3.172624235e-16, 3.051025687e-16, 2.936955248e-16, 2.826164401e-16, 2.716951305e-16, 2.608865674e-16, 2.502030937e-16, 2.396796458e-16, 2.293565036e-16], "yg": [0, -5.195041854, -3.03795072, -1.830971434, -1.145152593, -0.7470999491, -0.5094874358, -0.3625779715, -0.2679504071, -0.2042525287, -0.1594684155, -0.1267157525, -0.1019569376, -0.08274859277, -0.0675551881, -0.05536968093, -0.04550171018, -0.0374576152, -0.03087108862, -0.02546200411, -0.02101112845], "R": [0, 0.08478691568, 0.05003767944, 0.03050641105, 0.01933847148, 0.01280141428, 0.008856729699, 0.006386024615, 0.004771583872, 0.003668864336, 0.002882966522, 0.00230145732, 0.001857750844, 0.001511075546, 0.001235456494, 0.001013608007, 0.0008335093175, 0.0006864532244, 0.000565909104, 0.0004668408023, 0.0003852823599], "pi": [0, -0.4761431198, -0.2603476658, -0.1430790062, -0.07922460356, -0.04434995156, -0.02521658786, -0.01464878459, -0.00875438569, -0.00542007666, -0.003496593786, -0.002357459551, -0.001659953067, -0.001215584329, -0.0009198692013, -0.0007142246537, -0.0005652673133, -0.0004535458778, -0.0003673910298, -0.0002995444175, -0.0002452993029], "z": [0, -4.200054102, -2.282722306, -1.243226883, -0.679207296, -0.3728052734, -0.2060477228, -0.1150394059, -0.06516480839, -0.03766314671, -0.02236018272, -0.01373305211, -0.008779474944, -0.005863831543, -0.004092126481, -0.002973322349, -0.00223574925, -0.001727506832, -0.001362371459, -0.001090367608, -0.0008817162478], "phi": [0, -9.27177734, -3.688133523, -0.8971487964, 0.422388377, 0.9786769451, 1.149293618, 1.133847161, 1.036439481, 0.910159464, 0.7810491903, 0.6609787197, 0.5545339575, 0.462677819, 0.3846764202, 0.3190957663, 0.2643032816, 0.2187079075, 0.1808641437, 0.1495069498, 0.1235529467], "e": [0, -1.523761895, -2.083455998, -2.167414403, -2.031956455, -1.809203155, -1.565197283, -1.331164781, -1.120271604, -0.9365576979, -0.7796600485, -0.6472759289, -0.5364191093, -0.4440361008, -0.3672870634, -0.3036543553, -0.2509653513, -0.2073751069, -0.1713324524, -0.1415413839, -0.1169234337], "q": [0, -0.4539121885, -0.2867102095, -0.1890648778, -0.1303141352, -0.09364362353, -0.06977276978, -0.05353032556, -0.0419951959, -0.03348554877, -0.02700790196, -0.02195585157, -0.01794446924, -0.01471857877, -0.0121013874, -0.009965261064, -0.008214733409, -0.006776341087, -0.005592322604, -0.004616547602, -0.003811768358], "d": [0, 32.60544506, 17.50655003, 9.358070516, 4.967713071, 2.608147512, 1.344942069, 0.6727766816, 0.3185328685, 0.1347157916, 0.04177322898, -0.003118283491, -0.02294166311, -0.02997410888, -0.03072604977, -0.02860977978, -0.02537996692, -0.02191005372, -0.01860974548, -0.01564869564, -0.01307568222], "L": [0, -4.564308702, -2.787057283, -1.769940904, -1.173886496, -0.8136766121, -0.5876706751, -0.4397104314, -0.3384564942, -0.2661681385, -0.2126010135, -0.1716802913, -0.1396803361, -0.1142232743, -0.09372365206, -0.07707687592, -0.06348152525, -0.05233570415, -0.04317477186, -0.03563254491, -0.02941609081], "u": [0, -5.825775006, -3.288844157, -1.892001965, -1.11641869, -0.6805232862, -0.4313041965, -0.2854455115, -0.19744432, -0.1423369189, -0.1063358175, -0.08175121376, -0.06423353914, -0.05127391121, -0.04138672414, -0.03366248594, -0.0275218951, -0.02257952626, -0.01856740537, -0.0152914633, -0.01260616608], "r": [0, -3.56932095, -2.031828869, -1.182196353, -0.7079411992, -0.4393819364, -0.2842309621, -0.1921718659, -0.1356708955, -0.0995787565, -0.0754927807, -0.05869759087, -0.04650287341, -0.03733851311, -0.03026059044, -0.02468051734, -0.02021556433, -0.01660559578, -0.0136660547, -0.01126090841, -0.009286678611], "w": [0, -2.976431786, -1.795989038, -1.124827654, -0.7349510682, -0.5019639995, -0.357723207, -0.2646763782, -0.2019466174, -0.1577794297, -0.1254374228, -0.1009642573, -0.08196286797, -0.06692471378, -0.05485894657, -0.04508528063, -0.0371165905, -0.03059099938, -0.02523151695, -0.02082121676, -0.01718734323], "yf": [0, -3.616869843e-16, 4.078531439e-15, 3.027463181e-15, 2.159435941e-15, 1.57596345e-15, 1.232947679e-15, 1.021732478e-15, 8.834826237e-16, 7.863066491e-16, 7.128808811e-16, 6.53756159e-16, 6.037392376e-16, 5.599374212e-16, 5.207026292e-16, 4.85061635e-16, 4.524089339e-16, 4.223413588e-16, 3.945691085e-16, 3.688679012e-16, 3.450532124e-16], "ygf": [0, -8.227993675e-16, 7.778494381e-16, 6.913023125e-16, 5.49168295e-16, 5.381049909e-16, 5.061604141e-16, 4.65721184e-16, 4.232025231e-16, 3.818123944e-16, 3.430469098e-16, 3.074985734e-16, 2.752923239e-16, 2.463199818e-16, 2.203655344e-16, 1.971713462e-16, 1.764724486e-16, 1.580136294e-16, 1.415573075e-16, 1.268865214e-16, 1.138053763e-16], "Rf": [0, 7.104349477e-16, -1.681709213e-16, -1.388843584e-16, -9.335559846e-17, -5.488252347e-17, -3.379443214e-17, -2.211997665e-17, -1.554815593e-17, -1.174812288e-17, -9.459955541e-18, -8.002707423e-18, -7.008290618e-18, -6.277566715e-18, -5.702559071e-18, -5.224432175e-18, -4.810812022e-18, -4.443560053e-18, -4.112193168e-18, -3.810350197e-18, -3.533899801e-18], "zf": [0, 0, 0, 0, 0, 0, 0, 0, 0, 0, 0, 0, 0, 0, 0, 0, 0, 0, 0, 0, 0], "phif": [0, 4.246848499e-15, 8.037849765e-15, 2.857688391e-15, -8.015699685e-17, -1.4529938e-15, -2.051354115e-15, -2.244905106e-15, -2.232498827e-15, -2.120580161e-15, -1.965642952e-15, -1.797219021e-15, -1.630325197e-15, -1.472200906e-15, -1.325953166e-15, -1.192526191e-15, -1.071763277e-15, -9.62976857e-16, -8.652521407e-16, -7.776065238e-16, -6.990710494e-16], "ef": [0, 1.639558671e-15, 5.275004953e-15, 6.682847864e-15, 6.940603672e-15, 6.626403622e-15, 6.069254824e-15, 5.437036937e-15, 4.81201166e-15, 4.23144308e-15, 3.709372256e-15, 3.24822428e-15, 2.844940145e-15, 2.494168907e-15, 2.189888803e-15, 1.926194978e-15, 1.697650398e-15, 1.49941233e-15, 1.327247436e-15, 1.17749505e-15, 1.047009534e-15], "qf": [0, -5.398724455e-15, -7.626753326e-15, -5.941535397e-15, -4.717042134e-15, -3.888045132e-15, -3.195223853e-15, -2.619380375e-15, -2.142529975e-15, -1.748672302e-15, -1.423977013e-15, -1.156692904e-15, -9.3694075e-16, -7.564707608e-16, -6.084236406e-16, -4.871123894e-16, -3.87830842e-16, -3.066894856e-16, -2.404766152e-16, -1.865419299e-16, -1.426994818e-16], "df": [0, -3.616869843e-16, 4.078531439e-15, 3.027463181e-15, 2.159435941e-15, 1.57596345e-15, 1.232947679e-15, 1.021732478e-15, 8.834826237e-16, 7.863066491e-16, 7.128808811e-16, 6.53756159e-16, 6.037392376e-16, 5.599374212e-16, 5.207026292e-16, 4.85061635e-16, 4.524089339e-16, 4.223413588e-16, 3.945691085e-16, 3.688679012e-16, 3.450532124e-16], "Lf": [0, -7.844807937e-16, 1.237004392e-15, 1.341177819e-15, 1.244869109e-15, 1.098236774e-15, 9.836373286e-16, 8.892763963e-16, 8.085885505e-16, 7.378323929e-16, 6.747949188e-16, 6.180945427e-16, 5.66806802e-16, 5.202636837e-16, 4.779461509e-16, 4.394265386e-16, 4.043375238e-16, 3.723551788e-16, 3.431894417e-16, 3.165784638e-16, 2.922849717e-16], "uf": [0, -2.529122337e-17, 6.99018106e-15, 4.820556266e-15, 3.162372051e-15, 2.101761206e-15, 1.484723323e-15, 1.113502565e-15, 8.802092725e-16, 7.257306254e-16, 6.17467268e-16, 5.372642621e-16, 4.74863287e-16, 4.243459609e-16, 3.821982815e-16, 3.462542529e-16, 3.151168075e-16, 2.878382489e-16, 2.637421446e-16, 2.423225999e-16, 2.231861003e-16],