{"interest_": {"y": [0, -1.587456824, -0.6027122281, -0.256689612, -0.1298585359, -0.07919219654, -0.05576182399, -0.04269127047, -0.03404694743, -0.02765109433, -0.02263155476, -0.01858347239, -0.01528007198, -0.01257090843, -0.01034447186, -0.00851317349, -0.007006349507, -0.005766326114, -0.004745801088, -0.003905899579, -0.003214645706], "yeff": [0, 1.135546611e-16, 1.970675222e-16, 3.861179383e-17, -7.852408053e-17, -1.57287831e-16, -2.269287286e-16, -2.825846756e-16, -3.246929436e-16, -3.551147999e-16, -3.758848848e-16, -3.888413029e-16, -3.955454097e-16, -3.972920334e-16, -3.951438e-16, -3.899681779e-16, -3.824709421e-16, -3.732247125e-16, -3.626927669e-16, -3.512487354e-16, -3.391928299e-16], "yg": [0, -1.587456824, -0.6027122281, -0.256689612, -0.1298585359, -0.07919219654, -0.05576182399, -0.04269127047, -0.03404694743, -0.02765109433, -0.02263155476, -0.01858347239, -0.01528007198, -0.01257090843, -0.01034447186, -0.00851317349, -0.007006349507, -0.005766326114, -0.004745801088, -0.003905899579, -0.003214645706], "R": [0, 0.1237792161, 0.04400408722, 0.0165356333, 0.00691596454, 0.003415687619, 0.002037037709, 0.001413247546, 0.0010735962, 0.00085314342, 0.0006918009552, 0.0005658465379, 0.0004645073289, 0.0003818932126, 0.0003141686587, 0.0002585211655, 0.0002127530477, 0.000175095372, 0.000144105805, 0.0001186018769, 9.7611953e-05], "pi": [0, -0.09978597735, -0.03377991926, -0.01135953135, -0.003757338877, -0.001190649751, -0.0003331719887, -5.425085512e-05, 3.015586032e-05, 5.025970315e-05, 5.001708895e-05, 4.410777528e-05, 3.730247358e-05, 3.104116103e-05, 2.566336001e-05, 2.116092014e-05, 1.742932827e-05, 1.43493049e-05, 1.181136785e-05, 9.72156345e-06, 8.001257182e-06], "z": [0, -1.275866091, -0.4333535352, -0.1469211861, -0.04958925895, -0.01655432279, -0.005374396353, -0.001617435616, -0.0003769537358, 1.428458261e-05, 0.0001221250831, 0.0001380471932, 0.0001263815576, 0.0001083564382, 9.06564014e-05, 7.511451142e-05, 6.199180236e-05, 5.107880667e-05, 4.205882533e-05, 3.462213164e-05, 2.849712287e-05], "phi": [0, -2.757682915, -0.5364483156, 0.1479326941, 0.3222161864, 0.3333676103, 0.2975555276, 0.2527806478, 0.2107262315, 0.1743447401, 0.1438000458, 0.118456348, 0.09752826907, 0.08028028752, 0.0660767367, 0.0543841381, 0.04475991992, 0.03683864259, 0.03031913511, 0.02495338866, 0.02053723917], "e": [0, -0.4505166033, -0.5240025247, -0.4833741471, -0.415549752, -0.3480341987, -0.2884901105, -0.2381313052, -0.1962248017, -0.1615783073, -0.1330102124, -0.1094798957, -0.09010773121, -0.07416188591, -0.06103736396, -0.05023532796, -0.04134491293, -0.03402786177, -0.028005745, -0.02304939633, -0.01897020232], "q": [0, -0.2066599798, -0.08290458614, -0.03858280626, -0.02167099195, -0.01440640883, -0.01069053198, -0.008401919105, -0.006780084627, -0.00553429452, -0.004539253923, -0.003730607851, -0.003068574471, -0.0025248961, -0.002077840862, -0.001710041497, -0.00140738071, -0.001158299609, -0.0009533053536, -0.0007845920448, -0.0006457376031], "d": [0, 9.895337993, 3.297469589, 1.065601063, 0.3164447947, 0.06979670857, -0.007392256815, -0.02813434992, -0.03065436381, -0.02777965557, -0.02373068051, -0.01982589712, -0.016417506, -0.01354611638, -0.01116037947, -0.009189204093, -0.007564275728, -0.006226035374, -0.005124330516, -0.004217498764, -0.003471119812], "L": [0, -1.399859347, -0.5662191454, -0.2667530606, -0.1517780043, -0.1018702653, -0.07600369662, -0.05988723291, -0.04838206522, -0.03951128073, -0.0324138708, -0.02664172735, -0.02191464811, -0.01803215248, -0.01483948796, -0.01221277472, -0.01005124202, -0.008272356222, -0.006808327286, -0.005603409012, -0.004611736806], "u": [0, -1.775054301, -0.6392053108, -0.2466261634, -0.1079390674, -0.05651412781, -0.03551995137, -0.02549530803, -0.01971182965, -0.01579090793, -0.01284923872, -0.01052521742, -0.008645495856, -0.007109664386, -0.005849455753, -0.004813572259, -0.003961456996, -0.003260296006, -0.00268327489, -0.002208390146, -0.001817554605], "r": [0, -1.088268614, -0.3968604525, -0.1569846347, -0.07150872741, -0.03923239152, -0.02561626898, -0.01881339805, -0.01471207152, -0.01184590182, -0.009660190959, -0.00792020777, -0.00650819457, -0.005352887611, -0.004404359701, -0.00362448672, -0.002982900709, -0.002454951301, -0.002020467373, -0.001662887301, -0.001368593977], "w": [0, -0.911926985, -0.3625569548, -0.1664442764, -0.09211302777, -0.06054977612, -0.04464362925, -0.03497760274, -0.02818708224, -0.02299447704, -0.01885556804, -0.01549496744, -0.01274469613, -0.01048645702, -0.008629674837, -0.007102111877, -0.00584509967, -0.004810619603, -0.003959241999, -0.003258546168, -0.002681859612], "yf": [0, 1.996858027e-16, 4.676236129e-16, 4.663528296e-16, 3.136491279e-16, 1.549443664e-16, 3.156584961e-18, -1.221856642e-16, -2.194411199e-16, -2.920612015e-16, -3.444313167e-16, -3.806120958e-16, -4.040368756e-16, -4.175101425e-16, -4.232887201e-16, -4.231752536e-16, -4.186030737e-16, -4.10707792e-16, -4.003860391e-16, -3.883430978e-16, -3.75131329e-16], "ygf": [0, 1.385621791e-16, 2.245124934e-16, 3.723610758e-16, 3.440112144e-16, 2.6500324e-16, 1.886333003e-16, 1.254050876e-16, 7.615241539e-17, 3.900254961e-17, 1.162444861e-17, -8.102374719e-18, -2.193674079e-17, -3.128524864e-17, -3.725390127e-17, -4.070414112e-17, -4.23024484e-17, -4.25614152e-17, -4.187286953e-17, -4.053427256e-17, -3.876962772e-17], "Rf": [0, 4.287004963e-17, -2.033253215e-19, -2.443259227e-17, -2.539276185e-17, -2.428604503e-17, -2.005475987e-17, -1.556087291e-17, -1.161921306e-17, -8.379218431e-18, -5.788924646e-18, -3.747964777e-18, -2.155722694e-18, -9.245724156e-19, 1.815463764e-20, 7.315487809e-19, 1.263245077e-18, 1.651480462e-18, 1.926870608e-18, 2.113883006e-18, 2.232038303e-18], "zf": [0, 0, 0, 0, 0, 0, 0, 0, 0, 0, 0, 0, 0, 0, 0, 0, 0, 0, 0, 0, 0], "phif": [0, -8.600827486e-16, -4.678109165e-17, 1.578316956e-16, 4.174699627e-16, 6.453402797e-16, 7.80582318e-16, 8.521521267e-16, 8.791905919e-16, 8.752418804e-16, 8.501943563e-16, 8.113387025e-16, 7.640400075e-16, 7.122106458e-16, 6.586617288e-16, 6.053709117e-16, 5.536884088e-16, 5.044957954e-16, 4.58328214e-16, 4.154680777e-16, 3.760165609e-16], "ef": [0, -1.797767166e-16, -3.333120332e-16, -6.192698277e-16, -8.897868631e-16, -1.070730122e-15, -1.178661087e-15, -1.230890597e-15, -1.242222389e-15, -1.224454457e-15, -1.186689592e-15, -1.135818848e-15, -1.0769827e-15, -1.013960334e-15, -9.494836616e-16, -8.854856011e-16, -8.232943591e-16, -7.637844677e-16, -7.074935862e-16, -6.547123706e-16, -6.055532488e-16], "qf": [0, 1.067528718e-15, 8.383605194e-16, 9.593573008e-16, 8.694600209e-16, 7.094022647e-16, 5.573518174e-16, 4.26983231e-16, 3.194287953e-16, 2.321997513e-16, 1.621027899e-16, 1.061357903e-16, 6.171381885e-17, 2.668167489e-17, -7.344415704e-19, -2.198638183e-17, -3.825944169e-17, -5.05199606e-17, -5.955502407e-17, -6.600518933e-17, -7.039132887e-17], "df": [0, 1.996858027e-16, 4.676236129e-16, 4.663528296e-16, 3.136491279e-16, 1.549443664e-16, 3.156584961e-18, -1.221856642e-16, -2.194411199e-16, -2.920612015e-16, -3.444313167e-16, -3.806120958e-16, -4.040368756e-16, -4.175101425e-16, -4.232887201e-16, -4.231752536e-16, -4.186030737e-16, -4.10707792e-16, -4.003860391e-16, -3.883430978e-16, -3.75131329e-16], "Lf": [0, 2.31124234e-16, 2.735782675e-16, 2.450136311e-16, 1.224294387e-16, 7.38239333e-19, -1.043979131e-16, -1.857594444e-16, -2.450126933e-16, -2.859726431e-16, -3.124905968e-16, -3.278788442e-16, -3.348292361e-16, -3.354766319e-16, -3.314931093e-16, -3.2417782e-16, -3.145335127e-16, -3.033290506e-16, -2.911496025e-16, -2.784366107e-16, -2.655194752e-16], "uf": [0, 1.56125586e-16, 6.686732546e-16, 7.488137465e-16, 6.201382167e-16, 4.85630322e-16, 3.402537478e-16, 2.126889382e-16, 1.084626811e-16, 2.603592634e-17, -3.78778776e-17, -8.662827443e-17, -1.231557361e-16, -1.499129382e-16, -1.689043687e-16, -1.817536431e-16, -1.89770058e-16, -1.940066207e-16, -1.953084677e-16, -1.943525698e-16, -1.916800541e-16],