{"interest_": {"y": [0, -0.83768281, -0.5814384893, -0.3760467884, -0.2238955995, -0.1375310408, -0.08891921575, -0.06100662225, -0.0441673033, -0.03336856836, -0.02599528852, -0.02067373108, -0.0166616204, -0.01354032986, -0.01106019553, -0.009062483387, -0.007439566054, -0.00611418921, -0.005028341372, -0.00413701589, -0.00340451568], "yeff": [0, -1.97568874e-17, -7.776467044e-17, -4.047617309e-16, -4.632944885e-16, -6.707630226e-16, -7.66272954e-16, -7.962598203e-16, -7.899135078e-16, -7.661761695e-16, -7.348823209e-16, -7.009515458e-16, -6.667556852e-16, -6.333969041e-16, -6.013539876e-16, -5.708039556e-16, -5.417804195e-16, -5.142510268e-16, -4.88155037e-16, -4.634213313e-16, -4.399768601e-16], "yg": [0, -0.83768281, -0.5814384893, -0.3760467884, -0.2238955995, -0.1375310408, -0.08891921575, -0.06100662225, -0.0441673033, -0.03336856836, -0.02599528852, -0.02067373108, -0.0166616204, -0.01354032986, -0.01106019553, -0.009062483387, -0.007439566054, -0.00611418921, -0.005028341372, -0.00413701589, -0.00340451568], "R": [0, -0.009102275007, 0.005459216552, 0.01042850156, 0.006893046267, 0.004376609843, 0.002811374453, 0.001898918623, 0.001352634032, 0.001008653915, 0.0007784697472, 0.0006152667541, 0.0004938976874, 0.0004003837059, 0.0003265527311, 0.0002673249707, 0.0002193308779, 0.000180196657, 0.0001481651451, 0.0001218867877, 0.0001002983388], "pi": [0, -0.0848860963, -0.05010136632, -0.0274034556, -0.01391568866, -0.006925283129, -0.003401282164, -0.001654640507, -0.0007953724095, -0.0003751635571, -0.0001710708599, -7.297944321e-05, -2.667095488e-05, -5.508799171e-06, 3.562213767e-06, 6.918787636e-06, 7.658197459e-06, 7.270582765e-06, 6.461003002e-06, 5.553067978e-06, 4.686754187e-06], "z": [0, -0.6785840568, -0.441776032, -0.2620608862, -0.1357650743, -0.06842455846, -0.03390806553, -0.01667763922, -0.00815323125, -0.003957828165, -0.001900441691, -0.0008956928055, -0.000408031171, -0.0001737606044, -6.322008529e-05, -1.2746916e-05, 8.852475099e-06, 1.681164104e-05, 1.852851601e-05, 1.756149167e-05, 1.559354646e-05], "phi": [0, -1.508438865, -0.7546978377, -0.2515140956, 0.05289153408, 0.1821999724, 0.2211104039, 0.217565328, 0.1967216983, 0.170643699, 0.1447659008, 0.1212875778, 0.1008878968, 0.08356647207, 0.06904703101, 0.05696617618, 0.04695779089, 0.03868750843, 0.0318638358, 0.02623881502, 0.02160438425], "e": [0, -0.248380685, -0.3648285173, -0.3948862228, -0.3740487639, -0.3326350644, -0.2861144382, -0.2416091779, -0.2018946884, -0.1676818345, -0.1387681646, -0.1145967466, -0.09451642524, -0.07789618484, -0.06416977816, -0.05284801901, -0.04351685228, -0.03582982999, -0.02949899494, -0.02428593693, -0.01999372158], "q": [0, -0.06113508985, -0.05462773387, -0.04201017535, -0.0279251372, -0.01908051278, -0.01360116618, -0.01012734598, -0.007803204778, -0.006159521252, -0.004940286206, -0.004002739452, -0.003263543782, -0.002671083285, -0.002191262267, -0.001800152235, -0.001480094019, -0.001217554327, -0.001001886558, -0.0008245694828, -0.0006787079528], "d": [0, 5.269573701, 3.394545799, 1.982501188, 0.9979900691, 0.4782899853, 0.216253374, 0.08909213072, 0.02921177795, 0.00225188512, -0.008891313305, -0.01261249583, -0.01298933986, -0.01197648442, -0.01049121477, -0.008947761143, -0.00751923833, -0.006265493979, -0.005195098016, -0.004295069315, -0.003544857598], "L": [0, -0.7350679212, -0.5300985003, -0.3589369859, -0.2274936631, -0.1499255967, -0.1039607398, -0.0758069847, -0.05754973175, -0.04497698326, -0.03584330898, -0.02892458671, -0.02352474263, -0.01922512388, -0.01575727247, -0.01293773347, -0.0106339736, -0.008745992504, -0.00719594925, -0.005921969293, -0.004874201684], "u": [0, -0.9402976987, -0.6327784782, -0.3931565908, -0.220297536, -0.1251364848, -0.07387769167, -0.0462062598, -0.03078487484, -0.02176015346, -0.01614726806, -0.01242287545, -0.009798498168, -0.007855535841, -0.006363118594, -0.005187233307, -0.004245158511, -0.003482385915, -0.002860733494, -0.002352062487, -0.001934829677], "r": [0, -0.575969168, -0.3904360431, -0.2449510838, -0.1393631378, -0.0808191144, -0.04894958961, -0.03147800167, -0.0215356597, -0.01556624307, -0.01174846215, -0.009146548435, -0.007271153403, -0.005858554623, -0.004760297025, -0.003887996996, -0.003185555069, -0.002614991654, -0.002149079362, -0.001767391911, -0.001454092457], "w": [0, -0.4795111726, -0.3421764534, -0.2288678695, -0.1427453176, -0.09246999699, -0.06308862224, -0.04539034237, -0.03411514245, -0.02647815307, -0.02100560139, -0.01690235273, -0.0137224883, -0.011202261, -0.009175549348, -0.007530732072, -0.00618829816, -0.005088886751, -0.004186630767, -0.00344524811, -0.0028355973], "yf": [0, -1.703691397e-16, 4.048398288e-16, 6.09993182e-17, -4.818472847e-17, -3.992652947e-16, -5.905377414e-16, -6.827290367e-16, -7.168517199e-16, -7.204664788e-16, -7.083569616e-16, -6.882745579e-16, -6.642534143e-16, -6.384231282e-16, -6.119363252e-16, -5.854379573e-16, -5.593024947e-16, -5.337549419e-16, -5.089337078e-16, -4.849242105e-16, -4.617775736e-16], "ygf": [0, -1.822256744e-16, 5.56194283e-16, 5.462986403e-16, 4.545895269e-16, 3.706938557e-16, 2.972582713e-16, 2.357384679e-16, 1.849927857e-16, 1.435302929e-16, 1.098680037e-16, 8.267685653e-17, 6.081350277e-17, 4.331504834e-17, 2.938010391e-17, 1.834636608e-17, 9.668876007e-18, 2.900532494e-18, -2.324716278e-18, -6.306074278e-18, -9.287757065e-18], "Rf": [0, 9.203343496e-17, -5.50144817e-17, -1.746944747e-17, -5.61728906e-17, -3.060359146e-17, -1.475060724e-17, -5.459629318e-18, -5.783614289e-19, 1.93752276e-18, 3.213184583e-18, 3.843382987e-18, 4.132845766e-18, 4.237888483e-18, 4.239738864e-18, 4.181674009e-18, 4.087608458e-18, 3.971397446e-18, 3.841519579e-18, 3.703461908e-18, 3.560958573e-18], "zf": [0, 0, 0, 0, 0, 0, 0, 0, 0, 0, 0, 0, 0, 0, 0, 0, 0, 0, 0, 0, 0], "phif": [0, 1.129415437e-15, 1.733427774e-15, 1.00624566e-15, 7.653800196e-16, 3.806633399e-16, 2.019257034e-16, 1.347467812e-16, 1.232822284e-16, 1.342827489e-16, 1.516813158e-16, 1.683447569e-16, 1.81557137e-16, 1.906529105e-16, 1.958523281e-16, 1.977055614e-16, 1.968377354e-16, 1.938395302e-16, 1.89226695e-16, 1.834310847e-16, 1.768052133e-16], "ef": [0, 3.020933792e-16, 7.219931781e-16, 8.394565186e-16, 7.687042446e-16, 6.004089202e-16, 4.077786494e-16, 2.257539889e-16, 6.823069428e-17, -6.145815154e-17, -1.646744048e-16, -2.445734452e-16, -3.047431253e-16, -3.486098655e-16, -3.792126811e-16, -3.991473507e-16, -4.105846146e-16, -4.153166849e-16, -4.148109745e-16, -4.10261853e-16, -4.026368866e-16], "qf": [0, -1.375994868e-15, -1.703895568e-15, -1.583453728e-15, -1.429192989e-15, -1.304204887e-15, -1.159856954e-15, -1.016280451e-15, -8.837081969e-16, -7.664345264e-16, -6.650276094e-16, -5.783769182e-16, -5.047559985e-16, -4.423355911e-16, -3.894055066e-16, -3.444550558e-16, -3.061880684e-16, -2.735098811e-16, -2.455040894e-16, -2.214072253e-16, -2.005848576e-16], "df": [0, -1.703691397e-16, 4.048398288e-16, 6.09993182e-17, -4.818472847e-17, -3.992652947e-16, -5.905377414e-16, -6.827290367e-16, -7.168517199e-16, -7.204664788e-16, -7.083569616e-16, -6.882745579e-16, -6.642534143e-16, -6.384231282e-16, -6.119363252e-16, -5.854379573e-16, -5.593024947e-16, -5.337549419e-16, -5.089337078e-16, -4.849242105e-16, -4.617775736e-16], "Lf": [0, -2.510157583e-16, -4.503468388e-18, -1.020474181e-16, -1.316674666e-16, -2.799425276e-16, -3.649230227e-16, -4.084637735e-16, -4.264026465e-16, -4.299648925e-16, -4.254123203e-16, -4.162037959e-16, -4.042750309e-16, -3.907523876e-16, -3.763244754e-16, -3.614346914e-16, -3.463820698e-16, -3.313755491e-16, -3.165643902e-16, -3.02056159e-16, -2.879280302e-16], "uf": [0, -1.462198639e-16, 9.130146286e-16, 4.626432077e-16, 4.188783431e-16, -5.250106798e-17, -3.070791581e-16, -4.288278046e-16, -4.74038613e-16, -4.810346832e-16, -4.699465935e-16, -4.509451632e-16, -4.289980035e-16, -4.064711638e-16, -3.84449803e-16, -3.633966217e-16, -3.43476349e-16, -3.247145513e-16, -3.070747597e-16, -2.90495506e-16, -2.749077622e-16],