{"interest_": {"g_r": [0, 0.25, 0.1229145905, 0.05695581929, 0.0263481901, 0.01526230996, 0.009344700535, 0.004046846458, -0.001493507896, -0.00709832784, -0.01253236355, -0.01766109216, -0.02241807263, -0.02676479459, -0.03067267707, -0.03411824871, -0.03708282752, -0.03955295876, -0.04152065583, -0.04298339917, -0.04394399552], "g_pi": [0, 4.994686711e-17, 0.03299744878, 0.04458229671, 0.04586421249, 0.04297078948, 0.03906964397, 0.03498188911, 0.03081082381, 0.02653100668, 0.02214409143, 0.01768260557, 0.0131923059, 0.008721345742, 0.00431628311, 2.103232093e-05, -0.004123400897, -0.008079107103, -0.01181149517, -0.01528951802, -0.01848586976], "g_y": [0, -6.758853864e-17, -0.241000292, -0.3609991747, -0.4183919295, -0.4469484695, -0.4653208078, -0.4784090654, -0.4867510068, -0.4900549046, -0.4881982854, -0.4812840338, -0.4695446904, -0.4532778253, -0.4328198125, -0.4085368156, -0.3808203571, -0.3500831514, -0.3167544721, -0.2812752381, -0.2440930478], "tau": [0, 0, 0, 0, 0, 0, 0, 0, 0, 0, 0, 0, 0, 0, 0, 0, 0, 0, 0, 0, 0], "v": [0, 0.00598832, 0.005390086832, 0.004851617157, 0.004366940603, 0.003930683237, 0.003538007982, 0.003184560984, 0.002866423342, 0.00258006765, 0.002322318892, 0.002090319235, 0.001881496343, 0.001693534858, 0.001524350726, 0.001372068089, 0.001234998486, 0.001111622138, 0.001000571086, 0.0009006140346, 0.0008106426926], "r": [0, 0.25, 0.1229145905, 0.05695581929, 0.0263481901, 0.01526230996, 0.009344700535, 0.004046846458, -0.001493507896, -0.00709832784, -0.01253236355, -0.01766109216, -0.02241807263, -0.02676479459, -0.03067267707, -0.03411824871, -0.03708282752, -0.03955295876, -0.04152065583, -0.04298339917, -0.04394399552], "pi": [0, 4.994686711e-17, 0.03299744878, 0.04458229671, 0.04586421249, 0.04297078948, 0.03906964397, 0.03498188911, 0.03081082381, 0.02653100668, 0.02214409143, 0.01768260557, 0.0131923059, 0.008721345742, 0.00431628311, 2.103232093e-05, -0.004123400897, -0.008079107103, -0.01181149517, -0.01528951802, -0.01848586976], "g_y_obs": [0, -6.758853864e-17, -0.241000292, -0.3609991747, -0.4183919295, -0.4469484695, -0.4653208078, -0.4784090654, -0.4867510068, -0.4900549046, -0.4881982854, -0.4812840338, -0.4695446904, -0.4532778253, -0.4328198125, -0.4085368156, -0.3808203571, -0.3500831514, -0.3167544721, -0.2812752381, -0.2440930478], "y_4": [0, 0.1212627378, 0.04579982433, 0.006595666648, -0.01199410403, -0.01948306325, -0.02385435309, -0.02758234997, -0.03111356168, -0.03434420621, -0.03715234372, -0.03947778994, -0.04130108521, -0.04262046214, -0.043441647, -0.04377499526, -0.04363505864, -0.04304053148, -0.04201407276, -0.04058199236, -0.03877386435], "y_8": [0, 0.04362825453, 0.002381056243, -0.01898634393, -0.02936694726, -0.03408465114, -0.03706506388, -0.03947487273, -0.04150414571, -0.04309803747, -0.04420502667, -0.04480896809, -0.04491613877, -0.04454328488, -0.04371244783, -0.04244939999, -0.04078321239, -0.0387459714, -0.03637242184, -0.0336995433, -0.03076609545], "y_12": [0, 0.01316670381, -0.01200730439, -0.02495724174, -0.03134887155, -0.03452202086, -0.03661951297, -0.0382447874, -0.03948211818, -0.04029930416, -0.04067408493, -0.04060675509, -0.04011134097, -0.03920866042, -0.03792339831, -0.03628315471, -0.03431806854, -0.03206049816, -0.02954465397, -0.02680619499, -0.02388181232], "y_16": [0, 0.0004406304614, -0.01536904596, -0.02341407224, -0.02741339394, -0.0295279017, -0.03096074121, -0.03202886399, -0.03276697067, -0.0331556748, -0.03318645839, -0.03286552992, -0.03220771749, -0.03123230215, -0.02996131379, -0.02841893627, -0.02663120816, -0.02462573966, -0.02243139795, -0.02007797274, -0.01759583738], "y_20": [0, -0.001877831142, -0.01470326221, -0.02119321347, -0.02441784403, -0.02615180161, -0.02733192779, -0.02819801776, -0.02877309346, -0.02904169809, -0.02899852033, -0.02865035612, -0.02801098256, -0.02709782768, -0.02593062476, -0.02453093104, -0.02292186779, -0.021127868, -0.01917439813, -0.01708766478, -0.01489431873], "P_y_4": [0, 0.235050951, 0.06028470681, -0.03057315269, -0.0743246062, -0.09319456296, -0.1047621129, -0.1143762463, -0.1229607388, -0.130278497, -0.1360770113, -0.1402500676, -0.1427862682, -0.143717054, -0.1430939109, -0.1409817323, -0.137457407, -0.1326091672, -0.1265356352, -0.1193445703, -0.1111514619], "P_y_8": [0, -0.07548698189, -0.1133903655, -0.132901195, -0.1438159791, -0.1516009145, -0.1576049561, -0.1619463374, -0.1645230749, -0.165293822, -0.1642877431, -0.1615747802, -0.1572464825, -0.1514083449, -0.1441771142, -0.1356793512, -0.126050022, -0.1154309268, -0.1039690315, -0.09181477405, -0.07912038629], "P_y_12": [0, -0.1973331848, -0.170943808, -0.1567847862, -0.1517436763, -0.1533503934, -0.1558227524, -0.157025996, -0.1564349648, -0.1540988888, -0.1501639762, -0.1447659282, -0.1380272913, -0.1300698471, -0.1210209162, -0.1110143701, -0.1001894467, -0.08868903389, -0.07665796005, -0.0642413808, -0.05158325376], "P_y_16": [0, -0.2482374782, -0.1843907743, -0.1506121082, -0.1360017659, -0.1333739168, -0.1331876654, -0.1321623024, -0.1295743748, -0.1255243713, -0.12021347, -0.1138010275, -0.1064127973, -0.09816441399, -0.08917257808, -0.07955749635, -0.0694420051, -0.05894999989, -0.04820493595, -0.03732849179, -0.02643935402], "P_y_20": [0, -0.2575113246, -0.1817276393, -0.1417286732, -0.1240195662, -0.1198695164, -0.1186724117, -0.1168389175, -0.1135988659, -0.1090684645, -0.1034617178, -0.09694033231, -0.08962585763, -0.08162651611, -0.07304982195, -0.06400547545, -0.05460464364, -0.04495851325, -0.03517693669, -0.02536725993, -0.01563327942], "y_4_a": [0, 0.485050951, 0.1831992973, 0.02638266659, -0.0479764161, -0.077932253, -0.09541741238, -0.1103293999, -0.1244542467, -0.1373768249, -0.1486093749, -0.1579111598, -0.1652043408, -0.1704818485, -0.173766588, -0.1750999811, -0.1745402345, -0.1721621259, -0.1680562911, -0.1623279694, -0.1550954574], "P_y_4_a": [0, 0.0005622178859, 0.0005060523191, 0.0004554976924, 0.0004099934729, 0.000369035125, 0.000332168516, 0.0002989848812, 0.0002691162916, 0.0002422315741, 0.0002180326398, 0.0001962511791, 0.0001766456863, 0.0001589987823, 0.0001431148039, 0.000128817635, 0.0001159487533, 0.0001043654728, 9.393936208e-05, 8.45548198e-05, 7.610779331e-05], "g_pi_a": [0, 1.997874685e-16, 0.1319897951, 0.1783291868, 0.1834568499, 0.1718831579, 0.1562785759, 0.1399275565, 0.1232432952, 0.1061240267, 0.08857636571, 0.07073042229, 0.0527692236, 0.03488538297, 0.01726513244, 8.412928373e-05, -0.01649360359, -0.03231642841, -0.04724598068, -0.06115807207, -0.07394347905], "y_8_a": [0, 0.1745130181, 0.009524224974, -0.07594537572, -0.117467789, -0.1363386046, -0.1482602555, -0.1578994909, -0.1660165828, -0.1723921499, -0.1768201067, -0.1792358724, -0.1796645551, -0.1781731395, -0.1748497913, -0.1697976, -0.1631328496, -0.1549838856, -0.1454896874, -0.1347981732, -0.1230643818], "P_y_8_a": [0, 0.000931668292, 0.0008385946296, 0.0007548190261, 0.0006794126054, 0.0006115392861, 0.0005504465115, 0.000495456905, 0.0004459607602, 0.0004014092802, 0.0003613084931, 0.0003252137747, 0.0002927249186, 0.0002634816992, 0.0002371598775, 0.0002134676057, 0.0001921421919, 0.0001729471869, 0.0001556697629, 0.0001401183536, 0.0001261205301], "r_a": [0, 1, 0.491658362, 0.2278232771, 0.1053927604, 0.06104923986, 0.03737880214, 0.01618738583, -0.005974031583, -0.02839331136, -0.0501294542, -0.07064436864, -0.08967229053, -0.1070591784, -0.1226907083, -0.1364729949, -0.1483313101, -0.1582118351, -0.1660826233, -0.1719335967, -0.1757759821], "y_12_a": [0, 0.05266681523, -0.04802921755, -0.09982896696, -0.1253954862, -0.1380880834, -0.1464780519, -0.1529791496, -0.1579284727, -0.1611972167, -0.1626963397, -0.1624270204, -0.1604453639, -0.1568346417, -0.1516935932, -0.1451326188, -0.1372722742, -0.1282419926, -0.1181786159, -0.10722478, -0.09552724927],