{"interest_": {"g_r": [0, 0.251944749, 0.01519246964, 0.007818929796, 0.0006558195659, -0.006148867066, -0.01246222377, -0.01816869357, -0.02317182784, -0.0273955282, -0.030784769, -0.03330581007, -0.03494591998, -0.03571264047, -0.03563263113, -0.03475014103, -0.03312516005, -0.03083130723, -0.02795351647, -0.02458558167, -0.02082762315], "g_pi": [0, -1.925632847e-17, 0.03325512802, 0.03053097237, 0.02725593837, 0.02353058775, 0.01946063402, 0.01515431827, 0.01071985739, 0.006263018285, 0.001884866387, -0.002320269667, -0.006266582167, -0.009878289597, -0.01309084301, -0.01585182113, -0.01812150949, -0.01987316601, -0.02109298268, -0.02177975897, -0.02194430859], "g_y": [0, -5.559859232e-17, -0.2428761968, -0.2589785058, -0.2683129083, -0.271019696, -0.2673792299, -0.2577989297, -0.2427980369, -0.2229906046, -0.1990671836, -0.1717756821, -0.1419018688, -0.110249977, -0.07762383884, -0.04480894891, -0.01255581431, 0.01843509833, 0.04752655878, 0.07415570709, 0.09784297663], "tau": [0, 0, 0, 0, 0, 0, 0, 0, 0, 0, 0, 0, 0, 0, 0, 0, 0, 0, 0, 0, 0], "v": [0, 0.00598832, 0.005390086832, 0.004851617157, 0.004366940603, 0.003930683237, 0.003538007982, 0.003184560984, 0.002866423342, 0.00258006765, 0.002322318892, 0.002090319235, 0.001881496343, 0.001693534858, 0.001524350726, 0.001372068089, 0.001234998486, 0.001111622138, 0.001000571086, 0.0009006140346, 0.0008106426926], "r": [0, 0.251944749, 0.01519246964, 0.007818929796, 0.0006558195659, -0.006148867066, -0.01246222377, -0.01816869357, -0.02317182784, -0.0273955282, -0.030784769, -0.03330581007, -0.03494591998, -0.03571264047, -0.03563263113, -0.03475014103, -0.03312516005, -0.03083130723, -0.02795351647, -0.02458558167, -0.02082762315], "pi": [0, -1.925632847e-17, 0.03325512802, 0.03053097237, 0.02725593837, 0.02353058775, 0.01946063402, 0.01515431827, 0.01071985739, 0.006263018285, 0.001884866387, -0.002320269667, -0.006266582167, -0.009878289597, -0.01309084301, -0.01585182113, -0.01812150949, -0.01987316601, -0.02109298268, -0.02177975897, -0.02194430859], "g_y_obs": [0, -5.559859232e-17, -0.2428761968, -0.2589785058, -0.2683129083, -0.271019696, -0.2673792299, -0.2577989297, -0.2427980369, -0.2229906046, -0.1990671836, -0.1717756821, -0.1419018688, -0.110249977, -0.07762383884, -0.04480894891, -0.01255581431, 0.01843509833, 0.04752655878, 0.07415570709, 0.09784297663], "y_4": [0, 0.1222035272, -0.006420244901, -0.01127403747, -0.01560650544, -0.0193490939, -0.02244955305, -0.02487233765, -0.02659860922, -0.02762586078, -0.02796719139, -0.02765026416, -0.02671598694, -0.0252169592, -0.02321573136, -0.02078292527, -0.01799526477, -0.01493356517, -0.0116807288, -0.008319791412, -0.004932060875], "y_8": [0, 0.04396424973, -0.01637990175, -0.01933400636, -0.02168026795, -0.02339885286, -0.02448469177, -0.024946896, -0.02480788158, -0.02410223541, -0.02287536199, -0.02118195184, -0.01908431526, -0.01665062531, -0.01395311435, -0.0110662667, -0.008065048593, -0.005023213203, -0.00201171524, 0.000902734582, 0.003658949628], "y_12": [0, 0.01326594128, -0.01764930287, -0.01957494151, -0.02094215156, -0.0217502041, -0.02201070033, -0.02174672943, -0.02099180789, -0.01978863477, -0.0181877004, -0.01624578686, -0.01402439958, -0.01158816869, -0.009003257551, -0.00633581407, -0.003650497472, -0.001009109943, 0.001530641182, 0.003916229281, 0.006101225403], "y_16": [0, 0.0004414727597, -0.01553804761, -0.01678283891, -0.01757075846, -0.01790853, -0.01781245028, -0.01730757192, -0.01642672806, -0.01520942884, -0.01370066087, -0.01194962146, -0.01000841945, -0.007930773554, -0.00577073753, -0.003581479683, -0.00141414141, 0.0006832033886, 0.002666469587, 0.004496347932, 0.006138946864], "y_20": [0, -0.001894678687, -0.01387821201, -0.01488634599, -0.015494473, -0.01571028332, -0.0155497225, -0.01503624425, -0.01419992992, -0.01307650123, -0.0117062537, -0.01013293879, -0.008402622379, -0.006562546567, -0.004660020184, -0.002741361583, -0.0008509149463, 0.0009698413848, 0.002683079027, 0.004255283756, 0.005657790748], "P_y_4": [0, 0.2368693598, -0.04087344925, -0.05291507969, -0.06308184133, -0.07124750853, -0.07733598842, -0.08132065702, -0.08322260903, -0.08310791494, -0.08108399657, -0.07729524655, -0.07191802779, -0.06515519633, -0.05723029431, -0.04838156003, -0.03885589901, -0.02890295345, -0.01876939872, -0.008693583976, 0.001099379654], "P_y_8": [0, -0.07608775003, -0.08071207662, -0.08515495523, -0.08737689136, -0.08744654437, -0.08547654332, -0.08161889044, -0.07605969846, -0.06901341346, -0.06071667896, -0.0514219973, -0.04139134105, -0.03088986079, -0.02017982626, -0.009514925759, 0.0008649656781, 0.01073845441, 0.01990665551, 0.02819652, 0.03546342167], "P_y_12": [0, -0.1988809838, -0.08578968112, -0.08611869584, -0.08442442579, -0.08085194934, -0.07558057753, -0.06881822416, -0.06079540372, -0.0517590109, -0.04196603259, -0.03167733735, -0.02115167835, -0.0106400343, -0.0003803990705, 0.00940688475, 0.01852317016, 0.02679486746, 0.0340760812, 0.0402504988, 0.04523252477], "P_y_16": [0, -0.2501788579, -0.07734466009, -0.07495028544, -0.07093885341, -0.06548525293, -0.05878757736, -0.05106159411, -0.04253508438, -0.03344218717, -0.02401787449, -0.01449267576, -0.005087757824, 0.003989546256, 0.01254968101, 0.0204242223, 0.02746859441, 0.03356412078, 0.03861939482, 0.0425709734, 0.04538341061], "P_y_20": [0, -0.2595234637, -0.07070531767, -0.06736431374, -0.06263371157, -0.0566922662, -0.04973666622, -0.04197628342, -0.03362789182, -0.02491047671, -0.0160402458, -0.007225945086, 0.001335430468, 0.009462454203, 0.0169925504, 0.0237846947, 0.02972150027, 0.03471067276, 0.03868583258, 0.0416067167, 0.04345878614], "y_4_a": [0, 0.4888141088, -0.02568097961, -0.0450961499, -0.06242602176, -0.0773963756, -0.0897982122, -0.09948935059, -0.1063944369, -0.1105034431, -0.1118687656, -0.1106010566, -0.1068639478, -0.1008678368, -0.09286292544, -0.08313170107, -0.07198105906, -0.05973426067, -0.04672291519, -0.03327916565, -0.0197282435], "P_y_4_a": [0, 0.0005622178859, 0.0005060523191, 0.0004554976924, 0.0004099934729, 0.000369035125, 0.000332168516, 0.0002989848812, 0.0002691162916, 0.0002422315741, 0.0002180326398, 0.0001962511791, 0.0001766456863, 0.0001589987823, 0.0001431148039, 0.000128817635, 0.0001159487533, 0.0001043654728, 9.393936208e-05, 8.45548198e-05, 7.610779331e-05], "g_pi_a": [0, -7.702531386e-17, 0.1330205121, 0.1221238895, 0.1090237535, 0.094122351, 0.07784253608, 0.06061727309, 0.04287942956, 0.02505207314, 0.007539465549, -0.009281078668, -0.02506632867, -0.03951315839, -0.05236337203, -0.06340728453, -0.07248603795, -0.07949266404, -0.08437193072, -0.08711903588, -0.08777723436], "y_8_a": [0, 0.1758569989, -0.06551960698, -0.07733602544, -0.08672107179, -0.09359541143, -0.09793876709, -0.09978758401, -0.0992315263, -0.09640894165, -0.09150144796, -0.08472780738, -0.07633726103, -0.06660250126, -0.0558124574, -0.04426506679, -0.03226019437, -0.02009285281, -0.008046860962, 0.003610938328, 0.01463579851], "P_y_8_a": [0, 0.000931668292, 0.0008385946296, 0.0007548190261, 0.0006794126054, 0.0006115392861, 0.0005504465115, 0.000495456905, 0.0004459607602, 0.0004014092802, 0.0003613084931, 0.0003252137747, 0.0002927249186, 0.0002634816992, 0.0002371598775, 0.0002134676057, 0.0001921421919, 0.0001729471869, 0.0001556697629, 0.0001401183536, 0.0001261205301], "r_a": [0, 1.007778996, 0.06076987856, 0.03127571918, 0.002623278264, -0.02459546826, -0.0498488951, -0.0726747743, -0.09268731137, -0.1095821128, -0.123139076, -0.1332232403, -0.1397836799, -0.1428505619, -0.1425305245, -0.1390005641, -0.1325006402, -0.1233252289, -0.1118140659, -0.09834232669, -0.08331049262], "y_12_a": [0, 0.05306376511, -0.07059721148, -0.07829976604, -0.08376860623, -0.08700081641, -0.0880428013, -0.08698691773, -0.08396723156, -0.0791545391, -0.0727508016, -0.06498314742, -0.05609759833, -0.04635267477, -0.0360130302, -0.02534325628, -0.01460198989, -0.00403643977, 0.00612256473, 0.01566491712, 0.02440490161],