{"interest_": {"q": [0, -8.894456054e-18, -0.05458806577, -0.1080310276, -0.1503615562, -0.1811506922, -0.2021299931, -0.2150392123, -0.2214408769, -0.2226811818, -0.2198912121, -0.2140186305, -0.2058515161, -0.196040347, -0.1851179697, -0.173516857, -0.1615842511, -0.149595368, -0.1377648558, -0.1262567148, -0.115192855], "lagq1": [0, 0, 5.879059503e-16, -0.05458806577, -0.1080310276, -0.1503615562, -0.1811506922, -0.2021299931, -0.2150392123, -0.2214408769, -0.2226811818, -0.2198912121, -0.2140186305, -0.2058515161, -0.196040347, -0.1851179697, -0.173516857, -0.1615842511, -0.149595368, -0.1377648558, -0.1262567148], "cwp": [0, -0.04128378352, -0.04836791615, -0.05050839196, -0.04671180357, -0.04522120246, -0.04289366178, -0.0402814821, -0.0376548415, -0.03495636499, -0.03227290699, -0.0296476212, -0.02710835578, -0.02467995349, -0.02237841773, -0.02021410035, -0.0181928602, -0.01631677211, -0.01458501179, -0.01299450908, -0.0115404969], "lagcwp1": [0, 0, -0.04128378352, -0.04836791615, -0.05050839196, -0.04671180357, -0.04522120246, -0.04289366178, -0.0402814821, -0.0376548415, -0.03495636499, -0.03227290699, -0.0296476212, -0.02710835578, -0.02467995349, -0.02237841773, -0.02021410035, -0.0181928602, -0.01631677211, -0.01458501179, -0.01299450908], "lagcwp2": [0, 0, 1.954907569e-16, -0.04128378352, -0.04836791615, -0.05050839196, -0.04671180357, -0.04522120246, -0.04289366178, -0.0402814821, -0.0376548415, -0.03495636499, -0.03227290699, -0.0296476212, -0.02710835578, -0.02467995349, -0.02237841773, -0.02021410035, -0.0181928602, -0.01631677211, -0.01458501179], "pi1": [0, -0.0192851477, -0.02755104499, -0.03505173874, -0.04079464884, -0.0357369174, -0.0348611673, -0.03307374732, -0.03093363305, -0.02889073853, -0.02678111123, -0.02469099262, -0.02265628567, -0.02069275565, -0.01881958036, -0.01704799864, -0.01538499367, -0.01383441138, -0.01239724094, -0.01107235291, -0.009856983513], "lagpi11": [0, 0, -0.0192851477, -0.02755104499, -0.03505173874, -0.04079464884, -0.0357369174, -0.0348611673, -0.03307374732, -0.03093363305, -0.02889073853, -0.02678111123, -0.02469099262, -0.02265628567, -0.02069275565, -0.01881958036, -0.01704799864, -0.01538499367, -0.01383441138, -0.01239724094, -0.01107235291], "lagpi12": [0, 0, -1.10363782e-16, -0.0192851477, -0.02755104499, -0.03505173874, -0.04079464884, -0.0357369174, -0.0348611673, -0.03307374732, -0.03093363305, -0.02889073853, -0.02678111123, -0.02469099262, -0.02265628567, -0.02069275565, -0.01881958036, -0.01704799864, -0.01538499367, -0.01383441138, -0.01239724094], "infl": [0, -0.0192851477, -0.04683619269, -0.08188793143, -0.1226825803, -0.13913435, -0.1464444723, -0.1444664809, -0.1346054651, -0.1277592862, -0.1196792301, -0.1112964754, -0.103019128, -0.09482114517, -0.0868596143, -0.07921662033, -0.07194532833, -0.06508698405, -0.05866464463, -0.05268899889, -0.04716098873], "is": [0, 0.9602250626, 0.7628777813, 0.5868459736, 0.4450781198, 0.326430867, 0.2286641493, 0.149065814, 0.08468991719, 0.03328009628, -0.007194930513, -0.03850412504, -0.06216563474, -0.079490473, -0.09160316208, -0.09946445436, -0.1038921508, -0.1055791016, -0.1051094813, -0.1029732433, -0.09957891514], "lagis1": [0, 0, 0.9602250626, 0.7628777813, 0.5868459736, 0.4450781198, 0.326430867, 0.2286641493, 0.149065814, 0.08468991719, 0.03328009628, -0.007194930513, -0.03850412504, -0.06216563474, -0.079490473, -0.09160316208, -0.09946445436, -0.1038921508, -0.1055791016, -0.1051094813, -0.1029732433], "dis": [0, 0.9602250626, -0.1973472814, -0.1760318077, -0.1417678537, -0.1186472528, -0.09776671777, -0.07959833533, -0.06437589676, -0.05140982091, -0.04047502679, -0.03130919452, -0.0236615097, -0.01732483826, -0.01211268908, -0.007861292274, -0.004427696463, -0.001686950745, 0.0004696202622, 0.002136238034, 0.003394328125], "il": [0, 0.4429847106, 0.3271165898, 0.2308575008, 0.1526887385, 0.08928326918, 0.03854310168, -0.001490312244, -0.03255659578, -0.05612935428, -0.07348675401, -0.08572607286, -0.09378471264, -0.09846137269, -0.100433178, -0.1002714727, -0.09845586786, -0.0953866441, -0.09139574072, -0.08675643706, -0.08169185745], "rl": [0, 0.5764315287, 0.460178441, 0.358738979, 0.2715010351, 0.2005734849, 0.1418125239, 0.09376623563, 0.0549256324, 0.02382471033, -0.0007246245499, -0.01977326325, -0.03423155411, -0.04488102355, -0.05239365264, -0.05734400399, -0.06022133026, -0.06144050576, -0.06135161135, -0.06024852405, -0.05837652872], "interest": [0, 0.9602250626, 0.7628777813, 0.5868459736, 0.4450781198, 0.326430867, 0.2286641493, 0.149065814, 0.08468991719, 0.03328009628, -0.007194930513, -0.03850412504, -0.06216563474, -0.079490473, -0.09160316208, -0.09946445436, -0.1038921508, -0.1055791016, -0.1051094813, -0.1029732433, -0.09957891514], "inflation": [0, -0.0192851477, -0.04683619269, -0.08188793143, -0.1226825803, -0.13913435, -0.1464444723, -0.1444664809, -0.1346054651, -0.1277592862, -0.1196792301, -0.1112964754, -0.103019128, -0.09482114517, -0.0868596143, -0.07921662033, -0.07194532833, -0.06508698405, -0.05866464463, -0.05268899889, -0.04716098873], "inflationq": [0, -0.0771405908, -0.11020418, -0.140206955, -0.1631785954, -0.1429476696, -0.1394446692, -0.1322949893, -0.1237345322, -0.1155629541, -0.1071244449, -0.09876397046, -0.09062514267, -0.08277102262, -0.07527832144, -0.06819199457, -0.06153997469, -0.0553376455, -0.04958896376, -0.04428941162, -0.03942793405], "outputgap": [0, -7.59674833e-18, -0.05458806577, -0.1080310276, -0.1503615562, -0.1811506922, -0.2021299931, -0.2150392123, -0.2214408769, -0.2226811818, -0.2198912121, -0.2140186305, -0.2058515161, -0.196040347, -0.1851179697, -0.173516857, -0.1615842511, -0.149595368, -0.1377648558, -0.1262567148, -0.115192855], "output": [0, 3.198152771e-18, -0.05458806577, -0.1080310276, -0.1503615562, -0.1811506922, -0.2021299931, -0.2150392123, -0.2214408769, -0.2226811818, -0.2198912121, -0.2140186305, -0.2058515161, -0.196040347, -0.1851179697, -0.173516857, -0.1615842511, -0.149595368, -0.1377648558, -0.1262567148, -0.115192855], "AUX_ENDO_LEAD_67": [0, -0.11020418, -0.140206955, -0.1631785954, -0.1429476696, -0.1394446692, -0.1322949893, -0.1237345322, -0.1155629541, -0.1071244449, -0.09876397046, -0.09062514267, -0.08277102262, -0.07527832144, -0.06819199457, -0.06153997469, -0.0553376455, -0.04958896376, -0.04428941162, -0.03942793405, -0.03498854753], "AUX_ENDO_LEAD_71": [0, -0.140206955, -0.1631785954, -0.1429476696, -0.1394446692, -0.1322949893, -0.1237345322, -0.1155629541, -0.1071244449, -0.09876397046, -0.09062514267, -0.08277102262, -0.07527832144, -0.06819199457, -0.06153997469, -0.0553376455, -0.04958896376, -0.04428941162, -0.03942793405, -0.03498854753, -0.03095173102], "AUX_ENDO_LEAD_75": [0, -0.1631785954, -0.1429476696, -0.1394446692, -0.1322949893, -0.1237345322, -0.1155629541, -0.1071244449, -0.09876397046, -0.09062514267, -0.08277102262, -0.07527832144, -0.06819199457, -0.06153997469, -0.0553376455, -0.04958896376, -0.04428941162, -0.03942793405, -0.03498854753, -0.03095173102, -0.02729554171], "AUX_ENDO_LEAD_102": [0, -0.05458806577, -0.1080310276, -0.1503615562, -0.1811506922, -0.2021299931, -0.2150392123, -0.2214408769, -0.2226811818, -0.2198912121, -0.2140186305, -0.2058515161, -0.196040347, -0.1851179697, -0.173516857, -0.1615842511, -0.149595368, -0.1377648558, -0.1262567148, -0.115192855, -0.1046604484], "AUX_ENDO_LEAD_106": [0, -0.1080310276, -0.1503615562, -0.1811506922, -0.2021299931, -0.2150392123, -0.2214408769, -0.2226811818, -0.2198912121, -0.2140186305, -0.2058515161, -0.196040347, -0.1851179697, -0.173516857, -0.1615842511, -0.149595368, -0.1377648558, -0.1262567148, -0.115192855, -0.1046604484, -0.09471822519],