{"interest_": {"q": [0, 6.608018362e-18, -0.02884978797, -0.05093769385, -0.06296464682, -0.06724184155, -0.06646953797, -0.06265748748, -0.05720360028, -0.05103992972, -0.04476149814, -0.03873166619, -0.03315593204, -0.02813455517, -0.0236996582, -0.01984084752, -0.01652275171, -0.01369680785, -0.0113089955, -0.009304752809, -0.007631952736], "lagq1": [0, 0, -2.295279459e-16, -0.02884978797, -0.05093769385, -0.06296464682, -0.06724184155, -0.06646953797, -0.06265748748, -0.05720360028, -0.05103992972, -0.04476149814, -0.03873166619, -0.03315593204, -0.02813455517, -0.0236996582, -0.01984084752, -0.01652275171, -0.01369680785, -0.0113089955, -0.009304752809], "cwp": [0, -0.007177158961, -0.00826662282, -0.008338206018, -0.007275346762, -0.006592314028, -0.005795941864, -0.005011712661, -0.004299622939, -0.003651670478, -0.003078401986, -0.002579195004, -0.002149156926, -0.001782536878, -0.001472481068, -0.001212022675, -0.0009944945221, -0.0008137172407, -0.0006641270262, -0.0005408096375, -0.0004394882651], "lagcwp1": [0, -6.334441876e-17, -0.007177158961, -0.00826662282, -0.008338206018, -0.007275346762, -0.006592314028, -0.005795941864, -0.005011712661, -0.004299622939, -0.003651670478, -0.003078401986, -0.002579195004, -0.002149156926, -0.001782536878, -0.001472481068, -0.001212022675, -0.0009944945221, -0.0008137172407, -0.0006641270262, -0.0005408096375], "lagcwp2": [0, 0, 2.89432709e-16, -0.007177158961, -0.00826662282, -0.008338206018, -0.007275346762, -0.006592314028, -0.005795941864, -0.005011712661, -0.004299622939, -0.003651670478, -0.003078401986, -0.002579195004, -0.002149156926, -0.001782536878, -0.001472481068, -0.001212022675, -0.0009944945221, -0.0008137172407, -0.0006641270262], "pi1": [0, -0.003352710407, -0.0047233475, -0.005869884609, -0.006624579003, -0.005436131974, -0.004967244507, -0.004369172315, -0.00375884409, -0.003222969514, -0.002733544932, -0.002301511704, -0.001926617529, -0.001604056463, -0.0013294781, -0.001097554035, -0.0009029194904, -0.0007405083454, -0.0006056376034, -0.0004941071535, -0.000402218091], "lagpi11": [0, 0, -0.003352710407, -0.0047233475, -0.005869884609, -0.006624579003, -0.005436131974, -0.004967244507, -0.004369172315, -0.00375884409, -0.003222969514, -0.002733544932, -0.002301511704, -0.001926617529, -0.001604056463, -0.0013294781, -0.001097554035, -0.0009029194904, -0.0007405083454, -0.0006056376034, -0.0004941071535], "lagpi12": [0, 0, -3.438366073e-16, -0.003352710407, -0.0047233475, -0.005869884609, -0.006624579003, -0.005436131974, -0.004967244507, -0.004369172315, -0.00375884409, -0.003222969514, -0.002733544932, -0.002301511704, -0.001926617529, -0.001604056463, -0.0013294781, -0.001097554035, -0.0009029194904, -0.0007405083454, -0.0006056376034], "infl": [0, -0.003352710407, -0.008076057907, -0.01394594252, -0.02057052152, -0.02265394309, -0.02289784009, -0.0213971278, -0.01853139289, -0.01631823043, -0.01408453085, -0.01201687024, -0.01018464368, -0.008565730629, -0.007161663797, -0.005957706128, -0.004934008089, -0.004070459971, -0.003346619474, -0.002743172593, -0.002242471193], "is": [0, 0.9560557881, 0.6207860916, 0.3833549795, 0.2164313702, 0.1082064517, 0.037240569, -0.007285021797, -0.03352682335, -0.04760390623, -0.05363784953, -0.05454182336, -0.05232696145, -0.04835169706, -0.04352176646, -0.03842354247, -0.03342216763, -0.02873184782, -0.0244653231, -0.02066878284, -0.01734616615], "lagis1": [0, 0, 0.9560557881, 0.6207860916, 0.3833549795, 0.2164313702, 0.1082064517, 0.037240569, -0.007285021797, -0.03352682335, -0.04760390623, -0.05363784953, -0.05454182336, -0.05232696145, -0.04835169706, -0.04352176646, -0.03842354247, -0.03342216763, -0.02873184782, -0.0244653231, -0.02066878284], "dis": [0, 0.9560557881, -0.3352696965, -0.2374311121, -0.1669236093, -0.1082249185, -0.07096588271, -0.0445255908, -0.02624180156, -0.01407708288, -0.006033943292, -0.0009039738382, 0.00221486191, 0.003975264392, 0.004829930601, 0.005098223996, 0.005001374832, 0.00469031981, 0.004266524719, 0.003796540266, 0.003322616684], "il": [0, 0.2851579256, 0.1597004638, 0.07539747119, 0.02066037083, -0.01293442063, -0.03250418922, -0.04259948116, -0.04649179624, -0.04647871428, -0.04411970697, -0.04047314117, -0.03623901111, -0.03186641169, -0.02763193284, -0.02369446785, -0.02013429353, -0.01698048888, -0.01422994221, -0.01186039212, -0.009839216786], "rl": [0, 0.3046440124, 0.1781916493, 0.09210447021, 0.03501838911, -0.0004924401014, -0.0218810919, -0.03361219297, -0.03893247036, -0.04016061898, -0.03886556534, -0.03612270181, -0.03265077146, -0.02891682141, -0.02521459744, -0.02171865738, -0.01852325003, -0.01566972344, -0.01316558571, -0.01099766976, -0.00914107355], "interest": [0, 0.9560557881, 0.6207860916, 0.3833549795, 0.2164313702, 0.1082064517, 0.037240569, -0.007285021797, -0.03352682335, -0.04760390623, -0.05363784953, -0.05454182336, -0.05232696145, -0.04835169706, -0.04352176646, -0.03842354247, -0.03342216763, -0.02873184782, -0.0244653231, -0.02066878284, -0.01734616615], "inflation": [0, -0.003352710407, -0.008076057907, -0.01394594252, -0.02057052152, -0.02265394309, -0.02289784009, -0.0213971278, -0.01853139289, -0.01631823043, -0.01408453085, -0.01201687024, -0.01018464368, -0.008565730629, -0.007161663797, -0.005957706128, -0.004934008089, -0.004070459971, -0.003346619474, -0.002743172593, -0.002242471193], "inflationq": [0, -0.01341084163, -0.01889339, -0.02347953844, -0.02649831601, -0.02174452789, -0.01986897803, -0.01747668926, -0.01503537636, -0.01289187805, -0.01093417973, -0.009206046817, -0.007706470118, -0.006416225854, -0.005317912401, -0.00439021614, -0.003611677962, -0.002962033382, -0.002422550414, -0.001976428614, -0.001608872364], "outputgap": [0, 2.920749163e-17, -0.02884978797, -0.05093769385, -0.06296464682, -0.06724184155, -0.06646953797, -0.06265748748, -0.05720360028, -0.05103992972, -0.04476149814, -0.03873166619, -0.03315593204, -0.02813455517, -0.0236996582, -0.01984084752, -0.01652275171, -0.01369680785, -0.0113089955, -0.009304752809, -0.007631952736], "output": [0, 3.078506732e-17, -0.02884978797, -0.05093769385, -0.06296464682, -0.06724184155, -0.06646953797, -0.06265748748, -0.05720360028, -0.05103992972, -0.04476149814, -0.03873166619, -0.03315593204, -0.02813455517, -0.0236996582, -0.01984084752, -0.01652275171, -0.01369680785, -0.0113089955, -0.009304752809, -0.007631952736], "AUX_ENDO_LEAD_67": [0, -0.01889339, -0.02347953844, -0.02649831601, -0.02174452789, -0.01986897803, -0.01747668926, -0.01503537636, -0.01289187805, -0.01093417973, -0.009206046817, -0.007706470118, -0.006416225854, -0.005317912401, -0.00439021614, -0.003611677962, -0.002962033382, -0.002422550414, -0.001976428614, -0.001608872364, -0.001307031002], "AUX_ENDO_LEAD_71": [0, -0.02347953844, -0.02649831601, -0.02174452789, -0.01986897803, -0.01747668926, -0.01503537636, -0.01289187805, -0.01093417973, -0.009206046817, -0.007706470118, -0.006416225854, -0.005317912401, -0.00439021614, -0.003611677962, -0.002962033382, -0.002422550414, -0.001976428614, -0.001608872364, -0.001307031002, -0.001059873289], "AUX_ENDO_LEAD_75": [0, -0.02649831601, -0.02174452789, -0.01986897803, -0.01747668926, -0.01503537636, -0.01289187805, -0.01093417973, -0.009206046817, -0.007706470118, -0.006416225854, -0.005317912401, -0.00439021614, -0.003611677962, -0.002962033382, -0.002422550414, -0.001976428614, -0.001608872364, -0.001307031002, -0.001059873289, -0.0008580167186], "AUX_ENDO_LEAD_102": [0, -0.02884978797, -0.05093769385, -0.06296464682, -0.06724184155, -0.06646953797, -0.06265748748, -0.05720360028, -0.05103992972, -0.04476149814, -0.03873166619, -0.03315593204, -0.02813455517, -0.0236996582, -0.01984084752, -0.01652275171, -0.01369680785, -0.0113089955, -0.009304752809, -0.007631952736, -0.006242564981],