{"interest_": {"q": [0, 2.450471637e-18, -0.01089570532, -0.01201150869, -0.01118696171, -0.01006312746, -0.008982759917, -0.00800340599, -0.007127581164, -0.006347001747, -0.005651754907, -0.005032633849, -0.004481330307, -0.003990417673, -0.003553282421, -0.003164033692, -0.002817425655, -0.002508787233, -0.002233958994, -0.001989237157, -0.001771323681], "lagq1": [0, 0, 2.281490448e-16, -0.01089570532, -0.01201150869, -0.01118696171, -0.01006312746, -0.008982759917, -0.00800340599, -0.007127581164, -0.006347001747, -0.005651754907, -0.005032633849, -0.004481330307, -0.003990417673, -0.003553282421, -0.003164033692, -0.002817425655, -0.002508787233, -0.002233958994, -0.001989237157], "cwp": [0, -0.001225711709, -0.001390639493, -0.00136263652, -0.001160663903, -0.001048415677, -0.0009347796453, -0.0008304991556, -0.0007402333294, -0.0006590726865, -0.0005868257424, -0.0005225698306, -0.0004653178699, -0.000414343498, -0.0003689546754, -0.0003285367376, -0.0002925468015, -0.0002604994202, -0.000231962671, -0.0002065520327, -0.0001839250318], "lagcwp1": [0, 0, -0.001225711709, -0.001390639493, -0.00136263652, -0.001160663903, -0.001048415677, -0.0009347796453, -0.0008304991556, -0.0007402333294, -0.0006590726865, -0.0005868257424, -0.0005225698306, -0.0004653178699, -0.000414343498, -0.0003689546754, -0.0003285367376, -0.0002925468015, -0.0002604994202, -0.000231962671, -0.0002065520327], "lagcwp2": [0, 0, -2.867371257e-16, -0.001225711709, -0.001390639493, -0.00136263652, -0.001160663903, -0.001048415677, -0.0009347796453, -0.0008304991556, -0.0007402333294, -0.0006590726865, -0.0005868257424, -0.0005225698306, -0.0004653178699, -0.000414343498, -0.0003689546754, -0.0003285367376, -0.0002925468015, -0.0002604994202, -0.000231962671], "pi1": [0, -0.000572574249, -0.0007967802462, -0.000971256417, -0.001082864221, -0.0008707757558, -0.0007954489368, -0.0007117121809, -0.0006303157536, -0.000562367628, -0.0005007024313, -0.0004457553821, -0.0003969722805, -0.0003534766129, -0.0003147528913, -0.0002802745977, -0.0002495710454, -0.0002222314971, -0.000197886918, -0.0001762091246, -0.0001569060795], "lagpi11": [0, 0, -0.000572574249, -0.0007967802462, -0.000971256417, -0.001082864221, -0.0008707757558, -0.0007954489368, -0.0007117121809, -0.0006303157536, -0.000562367628, -0.0005007024313, -0.0004457553821, -0.0003969722805, -0.0003534766129, -0.0003147528913, -0.0002802745977, -0.0002495710454, -0.0002222314971, -0.000197886918, -0.0001762091246], "lagpi12": [0, 0, -1.847781455e-16, -0.000572574249, -0.0007967802462, -0.000971256417, -0.001082864221, -0.0008707757558, -0.0007954489368, -0.0007117121809, -0.0006303157536, -0.000562367628, -0.0005007024313, -0.0004457553821, -0.0003969722805, -0.0003534766129, -0.0003147528913, -0.0002802745977, -0.0002495710454, -0.0002222314971, -0.000197886918], "infl": [0, -0.000572574249, -0.001369354495, -0.002340610912, -0.003423475133, -0.003721676639, -0.00372034533, -0.003460801094, -0.003008252627, -0.002699844499, -0.002405097994, -0.002139141195, -0.001905797722, -0.001696906707, -0.001510957167, -0.001345476382, -0.001198075147, -0.001066830031, -0.0009499640581, -0.000845898585, -0.0007532336191], "is": [0, 0.9834310425, -0.01640701584, -0.01557741941, -0.01422088014, -0.01249191074, -0.01117309247, -0.009951521809, -0.008855555291, -0.007887784354, -0.007023431213, -0.006253900822, -0.005568900509, -0.00495882647, -0.004415604506, -0.003931894526, -0.003501169114, -0.003117629285, -0.002776104751, -0.002471992835, -0.002201195293], "lagis1": [0, 0, 0.9834310425, -0.01640701584, -0.01557741941, -0.01422088014, -0.01249191074, -0.01117309247, -0.009951521809, -0.008855555291, -0.007887784354, -0.007023431213, -0.006253900822, -0.005568900509, -0.00495882647, -0.004415604506, -0.003931894526, -0.003501169114, -0.003117629285, -0.002776104751, -0.002471992835], "dis": [0, 0.9834310425, -0.9998380583, 0.0008295964344, 0.001356539267, 0.001728969404, 0.001318818273, 0.001221570656, 0.001095966518, 0.0009677709369, 0.000864353141, 0.0007695303913, 0.0006850003131, 0.0006100740387, 0.0005432219637, 0.0004837099803, 0.0004307254119, 0.0003835398295, 0.0003415245336, 0.0003041119166, 0.0002707975412], "il": [0, 0.1118442058, -0.01207064751, -0.01089769943, -0.009732259604, -0.00865076215, -0.007709126617, -0.006864440622, -0.006111987211, -0.005442688939, -0.004846419556, -0.004315503748, -0.00384276525, -0.003421802098, -0.003046956614, -0.002713174186, -0.002415956004, -0.002151297098, -0.001915630567, -0.001705780413, -0.001518918562], "rl": [0, 0.1150549664, -0.009007925845, -0.008097728283, -0.00727523443, -0.006452386547, -0.005751099037, -0.005122131833, -0.004560050777, -0.00406082057, -0.003615958943, -0.003219816264, -0.002867110866, -0.002553027217, -0.002273352146, -0.002024315421, -0.001802559109, -0.001605095519, -0.001429263333, -0.001272692885, -0.00113327415], "interest": [0, 0.9834310425, -0.01640701584, -0.01557741941, -0.01422088014, -0.01249191074, -0.01117309247, -0.009951521809, -0.008855555291, -0.007887784354, -0.007023431213, -0.006253900822, -0.005568900509, -0.00495882647, -0.004415604506, -0.003931894526, -0.003501169114, -0.003117629285, -0.002776104751, -0.002471992835, -0.002201195293], "inflation": [0, -0.000572574249, -0.001369354495, -0.002340610912, -0.003423475133, -0.003721676639, -0.00372034533, -0.003460801094, -0.003008252627, -0.002699844499, -0.002405097994, -0.002139141195, -0.001905797722, -0.001696906707, -0.001510957167, -0.001345476382, -0.001198075147, -0.001066830031, -0.0009499640581, -0.000845898585, -0.0007532336191], "inflationq": [0, -0.002290296996, -0.003187120985, -0.003885025668, -0.004331456882, -0.003483103023, -0.003181795747, -0.002846848724, -0.002521263015, -0.002249470512, -0.002002809725, -0.001783021528, -0.001587889122, -0.001413906451, -0.001259011565, -0.001121098391, -0.0009982841815, -0.0008889259882, -0.0007915476719, -0.0007048364985, -0.0006276243178], "outputgap": [0, -7.222249371e-18, -0.01089570532, -0.01201150869, -0.01118696171, -0.01006312746, -0.008982759917, -0.00800340599, -0.007127581164, -0.006347001747, -0.005651754907, -0.005032633849, -0.004481330307, -0.003990417673, -0.003553282421, -0.003164033692, -0.002817425655, -0.002508787233, -0.002233958994, -0.001989237157, -0.001771323681], "output": [0, -5.2890747e-17, -0.01089570532, -0.01201150869, -0.01118696171, -0.01006312746, -0.008982759917, -0.00800340599, -0.007127581164, -0.006347001747, -0.005651754907, -0.005032633849, -0.004481330307, -0.003990417673, -0.003553282421, -0.003164033692, -0.002817425655, -0.002508787233, -0.002233958994, -0.001989237157, -0.001771323681], "AUX_ENDO_LEAD_67": [0, -0.003187120985, -0.003885025668, -0.004331456882, -0.003483103023, -0.003181795747, -0.002846848724, -0.002521263015, -0.002249470512, -0.002002809725, -0.001783021528, -0.001587889122, -0.001413906451, -0.001259011565, -0.001121098391, -0.0009982841815, -0.0008889259882, -0.0007915476719, -0.0007048364985, -0.0006276243178, -0.0005588704293], "AUX_ENDO_LEAD_71": [0, -0.003885025668, -0.004331456882, -0.003483103023, -0.003181795747, -0.002846848724, -0.002521263015, -0.002249470512, -0.002002809725, -0.001783021528, -0.001587889122, -0.001413906451, -0.001259011565, -0.001121098391, -0.0009982841815, -0.0008889259882, -0.0007915476719, -0.0007048364985, -0.0006276243178, -0.0005588704293, -0.0004976482647], "AUX_ENDO_LEAD_75": [0, -0.004331456882, -0.003483103023, -0.003181795747, -0.002846848724, -0.002521263015, -0.002249470512, -0.002002809725, -0.001783021528, -0.001587889122, -0.001413906451, -0.001259011565, -0.001121098391, -0.0009982841815, -0.0008889259882, -0.0007915476719, -0.0007048364985, -0.0006276243178, -0.0005588704293, -0.0004976482647, -0.0004431327632],