{"interest_": {"q": [0, -6.195003731e-18, -0.06606480196, -0.1323881408, -0.1850416847, -0.2219293649, -0.244660175, -0.2558037054, -0.2579895772, -0.2535438484, -0.2443608993, -0.2319521444, -0.2174978971, -0.2019035214, -0.1858524044, -0.1698501476, -0.1542614501, -0.1393403744, -0.1252549027, -0.1121067732, -0.0999474042], "lagq1": [0, 0, 9.03399495e-16, -0.06606480196, -0.1323881408, -0.1850416847, -0.2219293649, -0.244660175, -0.2558037054, -0.2579895772, -0.2535438484, -0.2443608993, -0.2319521444, -0.2174978971, -0.2019035214, -0.1858524044, -0.1698501476, -0.1542614501, -0.1393403744, -0.1252549027, -0.1121067732], "cwp": [0, -0.0417945616, -0.04886886418, -0.05081380096, -0.04662546709, -0.04468835313, -0.04186546795, -0.03875937485, -0.03567703104, -0.03258228293, -0.02957505995, -0.02670337191, -0.0239942162, -0.02146783795, -0.01913322927, -0.01699242172, -0.01504243558, -0.01327654496, -0.01168554382, -0.01025864184, -0.008984153324], "lagcwp1": [0, 0, -0.0417945616, -0.04886886418, -0.05081380096, -0.04662546709, -0.04468835313, -0.04186546795, -0.03875937485, -0.03567703104, -0.03258228293, -0.02957505995, -0.02670337191, -0.0239942162, -0.02146783795, -0.01913322927, -0.01699242172, -0.01504243558, -0.01327654496, -0.01168554382, -0.01025864184], "lagcwp2": [0, 0, -9.682259956e-18, -0.0417945616, -0.04886886418, -0.05081380096, -0.04662546709, -0.04468835313, -0.04186546795, -0.03875937485, -0.03567703104, -0.03258228293, -0.02957505995, -0.02670337191, -0.0239942162, -0.02146783795, -0.01913322927, -0.01699242172, -0.01504243558, -0.01327654496, -0.01168554382], "pi1": [0, -0.01952375061, -0.02784638133, -0.03532445859, -0.04093736859, -0.03553046129, -0.03430598797, -0.03213856164, -0.02962463612, -0.02724307198, -0.02484282285, -0.0225190517, -0.02031043065, -0.01823130124, -0.01629685226, -0.01451264225, -0.0128791031, -0.01139323329, -0.01004927358, -0.008839716883, -0.007755961986], "lagpi11": [0, 0, -0.01952375061, -0.02784638133, -0.03532445859, -0.04093736859, -0.03553046129, -0.03430598797, -0.03213856164, -0.02962463612, -0.02724307198, -0.02484282285, -0.0225190517, -0.02031043065, -0.01823130124, -0.01629685226, -0.01451264225, -0.0128791031, -0.01139323329, -0.01004927358, -0.008839716883], "lagpi12": [0, 0, 1.241402965e-16, -0.01952375061, -0.02784638133, -0.03532445859, -0.04093736859, -0.03553046129, -0.03430598797, -0.03213856164, -0.02962463612, -0.02724307198, -0.02484282285, -0.0225190517, -0.02031043065, -0.01823130124, -0.01629685226, -0.01451264225, -0.0128791031, -0.01139323329, -0.01004927358], "infl": [0, -0.01952375061, -0.04737013193, -0.08269459052, -0.1236319591, -0.1396386698, -0.1460982764, -0.1429123795, -0.131599647, -0.1233122577, -0.1138490926, -0.1042295826, -0.09491537718, -0.08590360644, -0.07735763585, -0.0693512264, -0.06191989885, -0.0550818309, -0.04883425223, -0.04316132686, -0.03803818574], "is": [0, 0.9902381247, 0.9335206578, 0.8259792921, 0.6716424702, 0.4908584528, 0.3285116281, 0.1953476561, 0.09307388633, 0.01561051573, -0.04116439271, -0.08135340355, -0.1085652521, -0.1256968918, -0.1351214623, -0.1387460771, -0.138087803, -0.134347145, -0.1284655203, -0.1211744965, -0.1130365664], "lagis1": [0, 0, 0.9902381247, 0.9335206578, 0.8259792921, 0.6716424702, 0.4908584528, 0.3285116281, 0.1953476561, 0.09307388633, 0.01561051573, -0.04116439271, -0.08135340355, -0.1085652521, -0.1256968918, -0.1351214623, -0.1387460771, -0.138087803, -0.134347145, -0.1284655203, -0.1211744965], "dis": [0, 0.9902381247, -0.05671746695, -0.1075413657, -0.1543368219, -0.1807840173, -0.1623468247, -0.133163972, -0.1022737697, -0.07746337061, -0.05677490844, -0.04018901083, -0.02721184857, -0.01713163971, -0.009424570467, -0.003624614766, 0.0006582740635, 0.003740658014, 0.00588162471, 0.007291023754, 0.008137930094], "il": [0, 0.566146521, 0.4443180699, 0.3224824386, 0.2090658516, 0.1115398863, 0.03447046825, -0.02348366805, -0.06524538469, -0.09414059586, -0.1128853034, -0.1237979444, -0.128775581, -0.1293344953, -0.1266822041, -0.12176941, -0.1153375298, -0.107959007, -0.1000702856, -0.09199909441, -0.08398677607], "rl": [0, 0.6976219848, 0.5742917544, 0.4460534196, 0.3223233637, 0.2161478184, 0.1300738325, 0.06330673647, 0.01317225332, -0.02364787719, -0.04978935941, -0.06754166776, -0.07879653871, -0.08507669851, -0.08760840689, -0.08736855782, -0.0851295096, -0.08149747437, -0.0769438633, -0.07183141845, -0.06643570429], "interest": [0, 0.9902381247, 0.9335206578, 0.8259792921, 0.6716424702, 0.4908584528, 0.3285116281, 0.1953476561, 0.09307388633, 0.01561051573, -0.04116439271, -0.08135340355, -0.1085652521, -0.1256968918, -0.1351214623, -0.1387460771, -0.138087803, -0.134347145, -0.1284655203, -0.1211744965, -0.1130365664], "inflation": [0, -0.01952375061, -0.04737013193, -0.08269459052, -0.1236319591, -0.1396386698, -0.1460982764, -0.1429123795, -0.131599647, -0.1233122577, -0.1138490926, -0.1042295826, -0.09491537718, -0.08590360644, -0.07735763585, -0.0693512264, -0.06191989885, -0.0550818309, -0.04883425223, -0.04316132686, -0.03803818574], "inflationq": [0, -0.07809500244, -0.1113855253, -0.1412978344, -0.1637494744, -0.1421218451, -0.1372239519, -0.1285542466, -0.1184985445, -0.1089722879, -0.09937129139, -0.09007620679, -0.0812417226, -0.07292520497, -0.06518740902, -0.058050569, -0.05151641242, -0.04557293317, -0.04019709433, -0.03535886753, -0.03102384794], "outputgap": [0, -1.290763595e-17, -0.06606480196, -0.1323881408, -0.1850416847, -0.2219293649, -0.244660175, -0.2558037054, -0.2579895772, -0.2535438484, -0.2443608993, -0.2319521444, -0.2174978971, -0.2019035214, -0.1858524044, -0.1698501476, -0.1542614501, -0.1393403744, -0.1252549027, -0.1121067732, -0.0999474042], "output": [0, 8.607773078e-17, -0.06606480196, -0.1323881408, -0.1850416847, -0.2219293649, -0.244660175, -0.2558037054, -0.2579895772, -0.2535438484, -0.2443608993, -0.2319521444, -0.2174978971, -0.2019035214, -0.1858524044, -0.1698501476, -0.1542614501, -0.1393403744, -0.1252549027, -0.1121067732, -0.0999474042], "AUX_ENDO_LEAD_67": [0, -0.1113855253, -0.1412978344, -0.1637494744, -0.1421218451, -0.1372239519, -0.1285542466, -0.1184985445, -0.1089722879, -0.09937129139, -0.09007620679, -0.0812417226, -0.07292520497, -0.06518740902, -0.058050569, -0.05151641242, -0.04557293317, -0.04019709433, -0.03535886753, -0.03102384794, -0.02715524093], "AUX_ENDO_LEAD_71": [0, -0.1412978344, -0.1637494744, -0.1421218451, -0.1372239519, -0.1285542466, -0.1184985445, -0.1089722879, -0.09937129139, -0.09007620679, -0.0812417226, -0.07292520497, -0.06518740902, -0.058050569, -0.05151641242, -0.04557293317, -0.04019709433, -0.03535886753, -0.03102384794, -0.02715524093, -0.02371541259], "AUX_ENDO_LEAD_75": [0, -0.1637494744, -0.1421218451, -0.1372239519, -0.1285542466, -0.1184985445, -0.1089722879, -0.09937129139, -0.09007620679, -0.0812417226, -0.07292520497, -0.06518740902, -0.058050569, -0.05151641242, -0.04557293317, -0.04019709433, -0.03535886753, -0.03102384794, -0.02715524093, -0.02371541259, -0.02066700814], "AUX_ENDO_LEAD_102": [0, -0.06606480196, -0.1323881408, -0.1850416847, -0.2219293649, -0.244660175, -0.2558037054, -0.2579895772, -0.2535438484, -0.2443608993, -0.2319521444, -0.2174978971, -0.2019035214, -0.1858524044, -0.1698501476, -0.1542614501, -0.1393403744, -0.1252549027, -0.1121067732, -0.0999474042, -0.08879060382], "AUX_ENDO_LEAD_106": [0, -0.1323881408, -0.1850416847, -0.2219293649, -0.244660175, -0.2558037054, -0.2579895772, -0.2535438484, -0.2443608993, -0.2319521444, -0.2174978971, -0.2019035214, -0.1858524044, -0.1698501476, -0.1542614501, -0.1393403744, -0.1252549027, -0.1121067732, -0.0999474042, -0.08879060382, -0.07862265327],