{"interest_": {"q": [0, -4.23614001e-18, -0.04314971673, -0.08218676881, -0.1099924006, -0.1274773273, -0.1370474972, -0.1407609965, -0.1402569649, -0.1368004927, -0.1313448528, -0.1246052549, -0.1171128365, -0.1092573023, -0.1013205163, -0.09350229746, -0.08594039895, -0.07872592727, -0.07191519928, -0.06553884456, -0.05960876867], "lagq1": [0, 0, 6.946716892e-17, -0.04314971673, -0.08218676881, -0.1099924006, -0.1274773273, -0.1370474972, -0.1407609965, -0.1402569649, -0.1368004927, -0.1313448528, -0.1246052549, -0.1171128365, -0.1092573023, -0.1013205163, -0.09350229746, -0.08594039895, -0.07872592727, -0.07191519928, -0.06553884456], "cwp": [0, -0.02497472723, -0.02918587365, -0.03032433233, -0.02782012614, -0.02670535134, -0.02510950018, -0.02338406078, -0.02169997197, -0.02002312691, -0.0184024225, -0.01685787769, -0.01539908746, -0.01403353686, -0.01276363411, -0.011588984, -0.01050727741, -0.009514799898, -0.008606973263, -0.0077787092, -0.00702467089], "lagcwp1": [0, 0, -0.02497472723, -0.02918587365, -0.03032433233, -0.02782012614, -0.02670535134, -0.02510950018, -0.02338406078, -0.02169997197, -0.02002312691, -0.0184024225, -0.01685787769, -0.01539908746, -0.01403353686, -0.01276363411, -0.011588984, -0.01050727741, -0.009514799898, -0.008606973263, -0.0077787092], "lagcwp2": [0, 0, 3.66206471e-16, -0.02497472723, -0.02918587365, -0.03032433233, -0.02782012614, -0.02670535134, -0.02510950018, -0.02338406078, -0.02169997197, -0.02002312691, -0.0184024225, -0.01685787769, -0.01539908746, -0.01403353686, -0.01276363411, -0.011588984, -0.01050727741, -0.009514799898, -0.008606973263], "pi1": [0, -0.01166659793, -0.01663231004, -0.02108786567, -0.02443617957, -0.0212193231, -0.0205335191, -0.0193183915, -0.01792366136, -0.01662624287, -0.0153266937, -0.01407397354, -0.01288491895, -0.01176342498, -0.01071532248, -0.009741907193, -0.008842408604, -0.008014794163, -0.007255987919, -0.006562313599, -0.005929750385], "lagpi11": [0, 0, -0.01166659793, -0.01663231004, -0.02108786567, -0.02443617957, -0.0212193231, -0.0205335191, -0.0193183915, -0.01792366136, -0.01662624287, -0.0153266937, -0.01407397354, -0.01288491895, -0.01176342498, -0.01071532248, -0.009741907193, -0.008842408604, -0.008014794163, -0.007255987919, -0.006562313599], "lagpi12": [0, 0, 1.67509541e-16, -0.01166659793, -0.01663231004, -0.02108786567, -0.02443617957, -0.0212193231, -0.0205335191, -0.0193183915, -0.01792366136, -0.01662624287, -0.0153266937, -0.01407397354, -0.01288491895, -0.01176342498, -0.01071532248, -0.009741907193, -0.008842408604, -0.008014794163, -0.007255987919], "infl": [0, -0.01166659793, -0.02829890798, -0.04938677365, -0.07382295322, -0.08337567839, -0.08727688744, -0.08550741327, -0.07899489507, -0.07440181484, -0.06919498943, -0.06395057148, -0.05891182906, -0.05404901117, -0.04943763995, -0.0451055736, -0.04106306325, -0.03731443244, -0.03385509788, -0.03067550429, -0.02776284607], "is": [0, 0.9819026002, 0.7281645805, 0.5167330022, 0.3484499164, 0.2251862182, 0.1328427617, 0.06491722806, 0.01586514396, -0.01898420303, -0.04304477187, -0.05899273587, -0.06889281821, -0.07432306751, -0.07649315873, -0.07632493212, -0.07451759445, -0.07159873129, -0.06796357391, -0.06390563776, -0.05964048885], "lagis1": [0, 0, 0.9819026002, 0.7281645805, 0.5167330022, 0.3484499164, 0.2251862182, 0.1328427617, 0.06491722806, 0.01586514396, -0.01898420303, -0.04304477187, -0.05899273587, -0.06889281821, -0.07432306751, -0.07649315873, -0.07632493212, -0.07451759445, -0.07159873129, -0.06796357391, -0.06390563776], "dis": [0, 0.9819026002, -0.2537380197, -0.2114315783, -0.1682830858, -0.1232636982, -0.09234345656, -0.0679255336, -0.0490520841, -0.03484934699, -0.02406056885, -0.015947964, -0.009900082338, -0.005430249298, -0.002170091223, 0.0001682266156, 0.001807337671, 0.002918863158, 0.003635157377, 0.004057936154, 0.004265148904], "il": [0, 0.3767576814, 0.251646831, 0.1552456619, 0.08327994469, 0.03111210286, -0.006326557851, -0.0324935479, -0.05014881792, -0.06144666022, -0.06802347626, -0.07113832651, -0.07175243925, -0.07059589808, -0.06822103412, -0.06504281276, -0.06137053032, -0.05743242287, -0.05339471609, -0.04937639439, -0.0454606204], "rl": [0, 0.455646428, 0.3298827694, 0.2299746543, 0.1522333068, 0.09533751587, 0.05298975684, 0.02203452464, -0.0001613717632, -0.01576493842, -0.02637710734, -0.03324778757, -0.03733948459, -0.0393875965, -0.03995478215, -0.03946903987, -0.03825429708, -0.03655429218, -0.03455099365, -0.03237895297, -0.03013643352], "interest": [0, 0.9819026002, 0.7281645805, 0.5167330022, 0.3484499164, 0.2251862182, 0.1328427617, 0.06491722806, 0.01586514396, -0.01898420303, -0.04304477187, -0.05899273587, -0.06889281821, -0.07432306751, -0.07649315873, -0.07632493212, -0.07451759445, -0.07159873129, -0.06796357391, -0.06390563776, -0.05964048885], "inflation": [0, -0.01166659793, -0.02829890798, -0.04938677365, -0.07382295322, -0.08337567839, -0.08727688744, -0.08550741327, -0.07899489507, -0.07440181484, -0.06919498943, -0.06395057148, -0.05891182906, -0.05404901117, -0.04943763995, -0.0451055736, -0.04106306325, -0.03731443244, -0.03385509788, -0.03067550429, -0.02776284607], "inflationq": [0, -0.04666639173, -0.06652924017, -0.0843514627, -0.09774471826, -0.08487729241, -0.08213407641, -0.07727356601, -0.07169464545, -0.06650497148, -0.06130677479, -0.05629589418, -0.0515396758, -0.04705369993, -0.04286128991, -0.03896762877, -0.03536963442, -0.03205917665, -0.02902395167, -0.0262492544, -0.02371900154], "outputgap": [0, -7.071692319e-17, -0.04314971673, -0.08218676881, -0.1099924006, -0.1274773273, -0.1370474972, -0.1407609965, -0.1402569649, -0.1368004927, -0.1313448528, -0.1246052549, -0.1171128365, -0.1092573023, -0.1013205163, -0.09350229746, -0.08594039895, -0.07872592727, -0.07191519928, -0.06553884456, -0.05960876867], "output": [0, -6.122442082e-17, -0.04314971673, -0.08218676881, -0.1099924006, -0.1274773273, -0.1370474972, -0.1407609965, -0.1402569649, -0.1368004927, -0.1313448528, -0.1246052549, -0.1171128365, -0.1092573023, -0.1013205163, -0.09350229746, -0.08594039895, -0.07872592727, -0.07191519928, -0.06553884456, -0.05960876867], "AUX_ENDO_LEAD_67": [0, -0.06652924017, -0.0843514627, -0.09774471826, -0.08487729241, -0.08213407641, -0.07727356601, -0.07169464545, -0.06650497148, -0.06130677479, -0.05629589418, -0.0515396758, -0.04705369993, -0.04286128991, -0.03896762877, -0.03536963442, -0.03205917665, -0.02902395167, -0.0262492544, -0.02371900154, -0.02141647525], "AUX_ENDO_LEAD_71": [0, -0.0843514627, -0.09774471826, -0.08487729241, -0.08213407641, -0.07727356601, -0.07169464545, -0.06650497148, -0.06130677479, -0.05629589418, -0.0515396758, -0.04705369993, -0.04286128991, -0.03896762877, -0.03536963442, -0.03205917665, -0.02902395167, -0.0262492544, -0.02371900154, -0.02141647525, -0.01932489301], "AUX_ENDO_LEAD_75": [0, -0.09774471826, -0.08487729241, -0.08213407641, -0.07727356601, -0.07169464545, -0.06650497148, -0.06130677479, -0.05629589418, -0.0515396758, -0.04705369993, -0.04286128991, -0.03896762877, -0.03536963442, -0.03205917665, -0.02902395167, -0.0262492544, -0.02371900154, -0.02141647525, -0.01932489301, -0.01742779613], "AUX_ENDO_LEAD_102": [0, -0.04314971673, -0.08218676881, -0.1099924006, -0.1274773273, -0.1370474972, -0.1407609965, -0.1402569649, -0.1368004927, -0.1313448528, -0.1246052549, -0.1171128365, -0.1092573023, -0.1013205163, -0.09350229746, -0.08594039895, -0.07872592727, -0.07191519928, -0.06553884456, -0.05960876867, -0.05412345921], "AUX_ENDO_LEAD_106": [0, -0.08218676881, -0.1099924006, -0.1274773273, -0.1370474972, -0.1407609965, -0.1402569649, -0.1368004927, -0.1313448528, -0.1246052549, -0.1171128365, -0.1092573023, -0.1013205163, -0.09350229746, -0.08594039895, -0.07872592727, -0.07191519928, -0.06553884456, -0.05960876867, -0.05412345921, -0.04907201058],